{
    "duration": 0.08163265138864517,
    "lossless": 1.0,
    "codec": "pcm_f32le",
    "bitrate": 1411200.0,
    "samplerate": 44100.0,
    "channels": 1.0,
    "audio_md5": "0187945dd9b4a26f0b5bfb03bb7bbf3b",
    "loudness": -16.19724464416504,
    "dynamic_range": 0.0,
    "temporal_centroid": 0.6229785680770874,
    "log_attack_time": -1.2579395771026611,
    "filesize": 14458,
    "single_event": false,
    "tonality": "D major",
    "tonality_confidence": 0.7015959024429321,
    "loop": false,
    "tempo": 0,
    "tempo_confidence": 0.0,
    "note_midi": 38,
    "note_name": "D2",
    "note_frequency": 73.42839813232422,
    "note_confidence": 0.9950199127197266,
    "hardness": 72.895514835027,
    "depth": 50.625115234654004,
    "brightness": 61.298191858738726,
    "roughness": 74.80375708086669,
    "warmth": 47.08511120886737,
    "sharpness": 52.299638151506386,
    "boominess": 28.630097618385797,
    "reverb": false,
    "name": "AKWF_1549.wav",
    "SpectralCentroid": 0.7816490348888621,
    "SpectralSpread": 0.7961163570627429,
    "SpectralKurtosis": 0.44946223908061705,
    "ZeroCrossingRate": 0.568873868296057,
    "SpectralComplexity": 1.0,
    "OddToEvenHarmonicEnergyRatio": 0.3482772762572974,
    "Dissonance": 0.9860003611812436,
    "PitchSalience": 0.7886651748979943,
    "HNR": 0.32865402077615874,
    "NormalizeMethod": "ess_yeojohnson",
    "dco_brightness": 0.3798461845610964,
    "dco_richness": 0.628577285008801,
    "dco_flatness": 0.628577285008801,
    "dco_oddenergy": 0.5142270215236051,
    "dco_zcr": 0.2016028048315253
}