{
    "duration": 0.08163265138864517,
    "lossless": 1.0,
    "codec": "pcm_f32le",
    "bitrate": 1411200.0,
    "samplerate": 44100.0,
    "channels": 1.0,
    "audio_md5": "5fbcaaec864af13943c7cce8b1298a95",
    "loudness": -16.713193893432617,
    "dynamic_range": 0.0,
    "temporal_centroid": 0.5939400792121887,
    "log_attack_time": -1.2662224769592285,
    "filesize": 14458,
    "single_event": false,
    "tonality": "D minor",
    "tonality_confidence": 0.7538068294525146,
    "loop": false,
    "tempo": 0,
    "tempo_confidence": 0.0,
    "note_midi": 38,
    "note_name": "D2",
    "note_frequency": 73.46804809570312,
    "note_confidence": 0.8676515817642212,
    "hardness": 38.87131687949204,
    "depth": 59.29355600093157,
    "brightness": 29.978239756625456,
    "roughness": 40.75639145189703,
    "warmth": 66.9216352567087,
    "sharpness": 8.131735778685314,
    "boominess": 46.277306521852324,
    "reverb": false,
    "name": "AKWF_eorgan_0148.wav",
    "SpectralCentroid": 0.0704806445174896,
    "SpectralSpread": 0.004780989500054095,
    "SpectralKurtosis": 0.8889935696993575,
    "ZeroCrossingRate": 0.4252420127794052,
    "SpectralComplexity": 0.19402985074626866,
    "OddToEvenHarmonicEnergyRatio": 0.3225221292629653,
    "Dissonance": 0.592706589544649,
    "PitchSalience": 0.41865384905137554,
    "HNR": 0.5903187934350604,
    "NormalizeMethod": "ess_yeojohnson",
    "dco_brightness": 0.17617226380614304,
    "dco_richness": 0.31950016102524803,
    "dco_flatness": 0.31950016102524803,
    "dco_oddenergy": 0.4376490323189838,
    "dco_zcr": 0.14487511069267625
}