{
    "duration": 0.08163265138864517,
    "lossless": 1.0,
    "codec": "pcm_f32le",
    "bitrate": 1411200.0,
    "samplerate": 44100.0,
    "channels": 1.0,
    "audio_md5": "7c079789d3f78313243f8b5a3ea40615",
    "loudness": -15.073691368103027,
    "dynamic_range": 0.0,
    "temporal_centroid": 0.6061360239982605,
    "log_attack_time": -1.2389215230941772,
    "filesize": 14458,
    "single_event": false,
    "tonality": "D major",
    "tonality_confidence": 0.5585961937904358,
    "loop": false,
    "tempo": 0,
    "tempo_confidence": 0.0,
    "note_midi": 38,
    "note_name": "D2",
    "note_frequency": 73.42839813232422,
    "note_confidence": 0.9881533980369568,
    "hardness": 61.534932271087655,
    "depth": 59.27264205482057,
    "brightness": 52.63691039598487,
    "roughness": 58.87885575690291,
    "warmth": 58.03230222819281,
    "sharpness": 38.18112420716012,
    "boominess": 37.257235734515675,
    "reverb": false,
    "name": "AKWF_vgame_0066.wav",
    "SpectralCentroid": 0.38164757563402635,
    "SpectralSpread": 0.22419433343228534,
    "SpectralKurtosis": 0.6060548903229428,
    "ZeroCrossingRate": 0.23302718649526455,
    "SpectralComplexity": 1.0,
    "OddToEvenHarmonicEnergyRatio": 0.4072992484891335,
    "Dissonance": 0.9710063798961501,
    "PitchSalience": 0.38421977500353754,
    "HNR": 0.0,
    "NormalizeMethod": "ess_yeojohnson",
    "dco_brightness": 0.2124688266895327,
    "dco_richness": 0.45682090146305826,
    "dco_flatness": 0.45682090146305826,
    "dco_oddenergy": 0.37159257744198715,
    "dco_zcr": 0.06197413883311543
}