{
    "duration": 0.08163265138864517,
    "lossless": 1.0,
    "codec": "pcm_f32le",
    "bitrate": 1411200.0,
    "samplerate": 44100.0,
    "channels": 1.0,
    "audio_md5": "15d37aee1c4b600b42da9239636b4719",
    "loudness": -13.826534271240234,
    "dynamic_range": 0.0,
    "temporal_centroid": 0.5886558890342712,
    "log_attack_time": -1.2770826816558838,
    "filesize": 14458,
    "single_event": false,
    "tonality": "D minor",
    "tonality_confidence": 0.7871336936950684,
    "loop": false,
    "tempo": 0,
    "tempo_confidence": 0.0,
    "note_midi": 38,
    "note_name": "D2",
    "note_frequency": 73.4354476928711,
    "note_confidence": 0.9287922978401184,
    "hardness": 54.282652184256506,
    "depth": 57.09111108519752,
    "brightness": 44.21874097795514,
    "roughness": 46.22614854782002,
    "warmth": 63.60863111650906,
    "sharpness": 41.53974006935006,
    "boominess": 44.34845517434759,
    "reverb": false,
    "name": "AKWF_overtone_0012.wav",
    "SpectralCentroid": 0.5197434478457332,
    "SpectralSpread": 0.5407699986613596,
    "SpectralKurtosis": 0.49684670351293697,
    "ZeroCrossingRate": 0.8170126148854899,
    "SpectralComplexity": 0.9701492537313433,
    "OddToEvenHarmonicEnergyRatio": 0.06648996741887991,
    "Dissonance": 0.811537640161954,
    "PitchSalience": 0.37630830810419225,
    "HNR": 0.7035050546927912,
    "NormalizeMethod": "ess_yeojohnson",
    "dco_brightness": 0.20050940972115816,
    "dco_richness": 0.42610533163031294,
    "dco_flatness": 0.42610533163031294,
    "dco_oddenergy": 0.8647391022731281,
    "dco_zcr": 0.30888279763685245
}