{
    "duration": 0.08163265138864517,
    "lossless": 1.0,
    "codec": "pcm_f32le",
    "bitrate": 1411200.0,
    "samplerate": 44100.0,
    "channels": 1.0,
    "audio_md5": "0e41e151e563079b56bd7d5cb833bce9",
    "loudness": -13.428695678710938,
    "dynamic_range": 0.0,
    "temporal_centroid": 0.5888080596923828,
    "log_attack_time": -1.2782025337219238,
    "filesize": 14458,
    "single_event": false,
    "tonality": "D minor",
    "tonality_confidence": 0.7444192171096802,
    "loop": false,
    "tempo": 0,
    "tempo_confidence": 0.0,
    "note_midi": 38,
    "note_name": "D2",
    "note_frequency": 73.4544448852539,
    "note_confidence": 0.9248279333114624,
    "hardness": 37.97412477097697,
    "depth": 57.57494991938584,
    "brightness": 34.21079001246878,
    "roughness": 48.005499216865374,
    "warmth": 72.13410600265587,
    "sharpness": 11.16592661024955,
    "boominess": 48.58276243342702,
    "reverb": false,
    "name": "AKWF_1524.wav",
    "SpectralCentroid": 0.11462276779722393,
    "SpectralSpread": 0.023331724241642825,
    "SpectralKurtosis": 0.7589263429614483,
    "ZeroCrossingRate": 0.4252420127794052,
    "SpectralComplexity": 0.7164179104477612,
    "OddToEvenHarmonicEnergyRatio": 0.6482801010037634,
    "Dissonance": 0.8367586959198189,
    "PitchSalience": 0.2743188043595729,
    "HNR": 0.7447090868064771,
    "NormalizeMethod": "ess_yeojohnson",
    "dco_brightness": 0.18847019107563856,
    "dco_richness": 0.23326266626976982,
    "dco_flatness": 0.23326266626976982,
    "dco_oddenergy": 0.8873932619754299,
    "dco_zcr": 0.14487511069267625
}