{
    "duration": 0.08163265138864517,
    "lossless": 1.0,
    "codec": "pcm_f32le",
    "bitrate": 1411200.0,
    "samplerate": 44100.0,
    "channels": 1.0,
    "audio_md5": "ef1c031c78c08f4db8bcac78fbd710b6",
    "loudness": -10.369007110595703,
    "dynamic_range": 0.0,
    "temporal_centroid": 0.5529119372367859,
    "log_attack_time": -1.6759556531906128,
    "filesize": 14458,
    "single_event": false,
    "tonality": "D minor",
    "tonality_confidence": 0.8197993636131287,
    "loop": false,
    "tempo": 0,
    "tempo_confidence": 0.0,
    "note_midi": 38,
    "note_name": "D2",
    "note_frequency": 73.42839813232422,
    "note_confidence": 0.9640289545059204,
    "hardness": 76.26155396674531,
    "depth": 60.5500886876998,
    "brightness": 58.47849444875918,
    "roughness": 62.32041641895154,
    "warmth": 48.831180441396505,
    "sharpness": 50.191400425960694,
    "boominess": 34.51713458836488,
    "reverb": false,
    "name": "AKWF_c604_0012.wav",
    "SpectralCentroid": 0.7444745570405824,
    "SpectralSpread": 0.8388495444058811,
    "SpectralKurtosis": 0.45542314701610975,
    "ZeroCrossingRate": 0.23302718649526455,
    "SpectralComplexity": 1.0,
    "OddToEvenHarmonicEnergyRatio": 0.4863075978437677,
    "Dissonance": 0.9687778070171855,
    "PitchSalience": 0.43408198493527417,
    "HNR": 0.0,
    "NormalizeMethod": "ess_yeojohnson",
    "dco_brightness": 0.2135041907322669,
    "dco_richness": 0.5630686903715602,
    "dco_flatness": 0.5630686903715602,
    "dco_oddenergy": 0.21328298918337973,
    "dco_zcr": 0.06197413883311543
}