{
    "duration": 0.08163265138864517,
    "lossless": 1.0,
    "codec": "pcm_f32le",
    "bitrate": 1411200.0,
    "samplerate": 44100.0,
    "channels": 1.0,
    "audio_md5": "0bcdd9d7ab1fc47597d3bde2d0a74511",
    "loudness": -10.248498916625977,
    "dynamic_range": 0.0,
    "temporal_centroid": 0.5598123073577881,
    "log_attack_time": -1.6510024070739746,
    "filesize": 14458,
    "single_event": false,
    "tonality": "A major",
    "tonality_confidence": 0.6151350140571594,
    "loop": false,
    "tempo": 0,
    "tempo_confidence": 0.0,
    "note_midi": 38,
    "note_name": "D2",
    "note_frequency": 73.42872619628906,
    "note_confidence": 0.9890527725219727,
    "hardness": 63.884164048361896,
    "depth": 61.64022199103378,
    "brightness": 56.14280080872125,
    "roughness": 59.80997802306998,
    "warmth": 50.78276658361855,
    "sharpness": 48.16556480935354,
    "boominess": 36.68233790322673,
    "reverb": false,
    "name": "AKWF_squ_0079.wav",
    "SpectralCentroid": 0.6918507157247656,
    "SpectralSpread": 0.7701111468880212,
    "SpectralKurtosis": 0.481889075966198,
    "ZeroCrossingRate": 0.23302718649526455,
    "SpectralComplexity": 1.0,
    "OddToEvenHarmonicEnergyRatio": 0.8337138664696273,
    "Dissonance": 0.9737831430470276,
    "PitchSalience": 0.42385627470947235,
    "HNR": 1.0,
    "NormalizeMethod": "ess_yeojohnson",
    "dco_brightness": 0.18330787775474827,
    "dco_richness": 0.5108415833138926,
    "dco_flatness": 0.5108415833138926,
    "dco_oddenergy": 0.05911268024030958,
    "dco_zcr": 0.14487511069267625
}