{
    "duration": 0.08163265138864517,
    "lossless": 1.0,
    "codec": "pcm_f32le",
    "bitrate": 1411200.0,
    "samplerate": 44100.0,
    "channels": 1.0,
    "audio_md5": "459a4da62618051494bff2095ffa6483",
    "loudness": -14.179891586303711,
    "dynamic_range": 0.0,
    "temporal_centroid": 0.5857512354850769,
    "log_attack_time": -1.3624966144561768,
    "filesize": 14458,
    "single_event": false,
    "tonality": "D major",
    "tonality_confidence": 0.8808906078338623,
    "loop": false,
    "tempo": 0,
    "tempo_confidence": 0.0,
    "note_midi": 38,
    "note_name": "D2",
    "note_frequency": 73.42839813232422,
    "note_confidence": 0.9976838231086731,
    "hardness": 60.454897820995626,
    "depth": 59.707357563508005,
    "brightness": 54.43911305507594,
    "roughness": 64.3503164739568,
    "warmth": 54.395602031911935,
    "sharpness": 47.83074053765921,
    "boominess": 36.11385494192091,
    "reverb": false,
    "name": "AKWF_vgsaw_0011.wav",
    "SpectralCentroid": 0.5772353261830799,
    "SpectralSpread": 0.49821411603075044,
    "SpectralKurtosis": 0.48727549478209586,
    "ZeroCrossingRate": 0.4252420127794052,
    "SpectralComplexity": 1.0,
    "OddToEvenHarmonicEnergyRatio": 0.4941193052684814,
    "Dissonance": 0.9943723702767092,
    "PitchSalience": 0.5350877900783274,
    "HNR": 0.0,
    "NormalizeMethod": "ess_yeojohnson",
    "dco_brightness": 0.2138650268881986,
    "dco_richness": 0.5081140844178972,
    "dco_flatness": 0.5081140844178972,
    "dco_oddenergy": 0.2735732574455998,
    "dco_zcr": 0.14487511069267625
}