{
    "duration": 0.08163265138864517,
    "lossless": 1.0,
    "codec": "pcm_f32le",
    "bitrate": 1411200.0,
    "samplerate": 44100.0,
    "channels": 1.0,
    "audio_md5": "35113eff11765a022a3362adbc6e6e19",
    "loudness": -10.325263977050781,
    "dynamic_range": 0.0,
    "temporal_centroid": 0.5559964179992676,
    "log_attack_time": -1.6567723751068115,
    "filesize": 14458,
    "single_event": false,
    "tonality": "D major",
    "tonality_confidence": 0.7332539558410645,
    "loop": false,
    "tempo": 0,
    "tempo_confidence": 0.0,
    "note_midi": 38,
    "note_name": "D2",
    "note_frequency": 73.42839813232422,
    "note_confidence": 0.9658406376838684,
    "hardness": 61.66631602777812,
    "depth": 60.15500004201293,
    "brightness": 49.1706224595746,
    "roughness": 56.733633534682575,
    "warmth": 56.797635934433686,
    "sharpness": 41.213912962539766,
    "boominess": 39.78568118017532,
    "reverb": false,
    "name": "AKWF_hdrawn_0006.wav",
    "SpectralCentroid": 0.5024360866608395,
    "SpectralSpread": 0.6043831931472319,
    "SpectralKurtosis": 0.5465293627168099,
    "ZeroCrossingRate": 0.251274150799389,
    "SpectralComplexity": 1.0,
    "OddToEvenHarmonicEnergyRatio": 0.3949233523222371,
    "Dissonance": 0.9984015250134057,
    "PitchSalience": 0.37053003443091465,
    "HNR": 0.0,
    "NormalizeMethod": "ess_yeojohnson",
    "dco_brightness": 0.14495292745357186,
    "dco_richness": 0.43496091780017926,
    "dco_flatness": 0.43496091780017926,
    "dco_oddenergy": 0.22825500543117128,
    "dco_zcr": 0.17544243846429197
}