{
    "duration": 0.08163265138864517,
    "lossless": 1.0,
    "codec": "pcm_f32le",
    "bitrate": 1411200.0,
    "samplerate": 44100.0,
    "channels": 1.0,
    "audio_md5": "caad4ac96895a52338f9591f7601b2d9",
    "loudness": -13.095443725585938,
    "dynamic_range": 0.0,
    "temporal_centroid": 0.5813742280006409,
    "log_attack_time": -1.3458037376403809,
    "filesize": 14458,
    "single_event": false,
    "tonality": "D major",
    "tonality_confidence": 0.7405149936676025,
    "loop": false,
    "tempo": 0,
    "tempo_confidence": 0.0,
    "note_midi": 38,
    "note_name": "D2",
    "note_frequency": 73.42842102050781,
    "note_confidence": 0.9191905856132507,
    "hardness": 38.84167057766369,
    "depth": 59.83421831990643,
    "brightness": 32.70244734771437,
    "roughness": 51.28994137967432,
    "warmth": 66.79077179155102,
    "sharpness": 9.344768604414408,
    "boominess": 46.552206494862375,
    "reverb": false,
    "name": "AKWF_aguitar_0001.wav",
    "SpectralCentroid": 0.1236784614633136,
    "SpectralSpread": 0.054237339863458,
    "SpectralKurtosis": 0.7708984766902114,
    "ZeroCrossingRate": 0.568873868296057,
    "SpectralComplexity": 0.3283582089552239,
    "OddToEvenHarmonicEnergyRatio": 0.1672998769490087,
    "Dissonance": 0.923045857764609,
    "PitchSalience": 0.4647048261733842,
    "HNR": 0.8716651207088114,
    "NormalizeMethod": "ess_yeojohnson",
    "dco_brightness": 0.2037257192257914,
    "dco_richness": 0.27798597083109317,
    "dco_flatness": 0.27798597083109317,
    "dco_oddenergy": 0.6809503343403168,
    "dco_zcr": 0.2016028048315253
}