{
    "duration": 0.08163265138864517,
    "lossless": 1.0,
    "codec": "pcm_f32le",
    "bitrate": 1411200.0,
    "samplerate": 44100.0,
    "channels": 1.0,
    "audio_md5": "898461a677dbfbd52bc1a1ae88c3dade",
    "loudness": -13.519990921020508,
    "dynamic_range": 0.0,
    "temporal_centroid": 0.5854668617248535,
    "log_attack_time": -1.2827107906341553,
    "filesize": 14458,
    "single_event": false,
    "tonality": "D minor",
    "tonality_confidence": 0.7319622039794922,
    "loop": false,
    "tempo": 0,
    "tempo_confidence": 0.0,
    "note_midi": 38,
    "note_name": "D2",
    "note_frequency": 73.4329605102539,
    "note_confidence": 0.9473061561584473,
    "hardness": 41.367065720159744,
    "depth": 46.870593828022166,
    "brightness": 40.06410073667983,
    "roughness": 52.41316491219143,
    "warmth": 62.68041316061526,
    "sharpness": 18.793113651265365,
    "boominess": 31.49960951965422,
    "reverb": false,
    "name": "AKWF_overtone_0010.wav",
    "SpectralCentroid": 0.19068781768719018,
    "SpectralSpread": 0.051602824691698655,
    "SpectralKurtosis": 0.7477751352326683,
    "ZeroCrossingRate": 0.6763055176555212,
    "SpectralComplexity": 0.8955223880597015,
    "OddToEvenHarmonicEnergyRatio": 0.06365865736002539,
    "Dissonance": 0.8602108242342695,
    "PitchSalience": 0.5674570321012687,
    "HNR": 0.7538156320751784,
    "NormalizeMethod": "ess_yeojohnson",
    "dco_brightness": 0.27890276334517505,
    "dco_richness": 0.2982019239149658,
    "dco_flatness": 0.2982019239149658,
    "dco_oddenergy": 0.9178598465273144,
    "dco_zcr": 0.24477676146998018
}