{
    "duration": 0.08163265138864517,
    "lossless": 1.0,
    "codec": "pcm_f32le",
    "bitrate": 1411200.0,
    "samplerate": 44100.0,
    "channels": 1.0,
    "audio_md5": "b89bb8bbd8f6f5d4fdeb940291b9ab65",
    "loudness": -13.825413703918457,
    "dynamic_range": 0.0,
    "temporal_centroid": 0.5825070738792419,
    "log_attack_time": -1.2797000408172607,
    "filesize": 14458,
    "single_event": false,
    "tonality": "D minor",
    "tonality_confidence": 0.7307524681091309,
    "loop": false,
    "tempo": 0,
    "tempo_confidence": 0.0,
    "note_midi": 38,
    "note_name": "D2",
    "note_frequency": 73.42843627929688,
    "note_confidence": 0.916228175163269,
    "hardness": 35.29215144581866,
    "depth": 55.19581766408591,
    "brightness": 34.84493898449698,
    "roughness": 48.16985080239502,
    "warmth": 69.86867317710173,
    "sharpness": 7.917128884671008,
    "boominess": 41.803431351700716,
    "reverb": false,
    "name": "AKWF_0482.wav",
    "SpectralCentroid": 0.11067240561370885,
    "SpectralSpread": 0.012774030050662204,
    "SpectralKurtosis": 0.841255301353999,
    "ZeroCrossingRate": 0.6763055176555212,
    "SpectralComplexity": 0.5373134328358209,
    "OddToEvenHarmonicEnergyRatio": 0.2746316040718634,
    "Dissonance": 0.6808934538671192,
    "PitchSalience": 0.44563947684038596,
    "HNR": 0.5270045746500219,
    "NormalizeMethod": "ess_yeojohnson",
    "dco_brightness": 0.24373114423606265,
    "dco_richness": 0.2297036918500977,
    "dco_flatness": 0.2297036918500977,
    "dco_oddenergy": 0.5101913305654917,
    "dco_zcr": 0.24477676146998018
}