{
    "duration": 0.08163265138864517,
    "lossless": 1.0,
    "codec": "pcm_f32le",
    "bitrate": 1411200.0,
    "samplerate": 44100.0,
    "channels": 1.0,
    "audio_md5": "688c966d4f1501feff249720fb0cb521",
    "loudness": -13.277387619018555,
    "dynamic_range": 0.0,
    "temporal_centroid": 0.5655170679092407,
    "log_attack_time": -1.5341856479644775,
    "filesize": 14458,
    "single_event": false,
    "tonality": "A major",
    "tonality_confidence": 0.4987363815307617,
    "loop": false,
    "tempo": 0,
    "tempo_confidence": 0.0,
    "note_midi": 38,
    "note_name": "D2",
    "note_frequency": 73.45530700683594,
    "note_confidence": 0.9736983776092529,
    "hardness": 34.003988418586374,
    "depth": 63.486804183210424,
    "brightness": 36.82781025281548,
    "roughness": 33.65327573913367,
    "warmth": 59.05682772064487,
    "sharpness": 21.32832268161638,
    "boominess": 50.19428337361042,
    "reverb": false,
    "name": "AKWF_0028.wav",
    "SpectralCentroid": 0.15689203306339738,
    "SpectralSpread": 0.18557884442343336,
    "SpectralKurtosis": 0.6767352338988551,
    "ZeroCrossingRate": 0.23302718649526455,
    "SpectralComplexity": 0.4925373134328358,
    "OddToEvenHarmonicEnergyRatio": 0.0011309603858189147,
    "Dissonance": 0.9848044953352771,
    "PitchSalience": 0.2492431583255066,
    "HNR": 0.0,
    "NormalizeMethod": "ess_yeojohnson",
    "dco_brightness": 0.11578274912333879,
    "dco_richness": 0.22605308075226574,
    "dco_flatness": 0.22605308075226574,
    "dco_oddenergy": 0.0026305350717130693,
    "dco_zcr": 0.06197413883311543
}