{
    "duration": 0.08163265138864517,
    "lossless": 1.0,
    "codec": "pcm_f32le",
    "bitrate": 1411200.0,
    "samplerate": 44100.0,
    "channels": 1.0,
    "audio_md5": "3e5a18d6fb2ee3ac93e4e717d37a4137",
    "loudness": -21.641504287719727,
    "dynamic_range": 0.0,
    "temporal_centroid": 0.6181584000587463,
    "log_attack_time": -1.2138798236846924,
    "filesize": 14458,
    "single_event": false,
    "tonality": "D minor",
    "tonality_confidence": 0.8183526396751404,
    "loop": false,
    "tempo": 0,
    "tempo_confidence": 0.0,
    "note_midi": 62,
    "note_name": "D4",
    "note_frequency": 293.7719421386719,
    "note_confidence": 0.9020748734474182,
    "hardness": 82.48132088585982,
    "depth": 17.491936568979867,
    "brightness": 68.41277234456054,
    "roughness": 77.07121186320673,
    "warmth": 20.238341413027424,
    "sharpness": 56.68927318082835,
    "boominess": 8.147274915754345,
    "reverb": false,
    "name": "AKWF_1084.wav",
    "SpectralCentroid": 0.8862797361963365,
    "SpectralSpread": 0.9243644024513074,
    "SpectralKurtosis": 0.3700253018156229,
    "ZeroCrossingRate": 0.9662028009526964,
    "SpectralComplexity": 1.0,
    "OddToEvenHarmonicEnergyRatio": 0.006396509619304929,
    "Dissonance": 0.9867601400613016,
    "PitchSalience": 0.9149651004488188,
    "HNR": 0.8918918894622335,
    "NormalizeMethod": "ess_yeojohnson",
    "dco_brightness": 0.5245156369964815,
    "dco_richness": 0.6842652773463728,
    "dco_flatness": 0.6842652773463728,
    "dco_oddenergy": 0.9975780320504606,
    "dco_zcr": 0.4247576825058734
}