{
    "duration": 0.08163265138864517,
    "lossless": 1.0,
    "codec": "pcm_f32le",
    "bitrate": 1411200.0,
    "samplerate": 44100.0,
    "channels": 1.0,
    "audio_md5": "0b4c2726f6cd9d468591708db9eda7ff",
    "loudness": -14.613916397094727,
    "dynamic_range": 0.0,
    "temporal_centroid": 0.5876954793930054,
    "log_attack_time": -1.2695070505142212,
    "filesize": 14458,
    "single_event": false,
    "tonality": "D minor",
    "tonality_confidence": 0.687201738357544,
    "loop": false,
    "tempo": 0,
    "tempo_confidence": 0.0,
    "note_midi": 38,
    "note_name": "D2",
    "note_frequency": 73.45478057861328,
    "note_confidence": 0.9173152446746826,
    "hardness": 33.49580648639942,
    "depth": 54.92584653874641,
    "brightness": 26.828948026116027,
    "roughness": 49.42134198268936,
    "warmth": 74.19603620799683,
    "sharpness": 6.2289397199877605,
    "boominess": 46.86536301572967,
    "reverb": false,
    "name": "AKWF_1451.wav",
    "SpectralCentroid": 0.0885879541727699,
    "SpectralSpread": 0.010575690390765327,
    "SpectralKurtosis": 0.8529842057717983,
    "ZeroCrossingRate": 0.4252420127794052,
    "SpectralComplexity": 0.31343283582089554,
    "OddToEvenHarmonicEnergyRatio": 0.2552377620570454,
    "Dissonance": 0.7286135045608614,
    "PitchSalience": 0.2708067247787289,
    "HNR": 0.0,
    "NormalizeMethod": "ess_yeojohnson",
    "dco_brightness": 0.20614701738705374,
    "dco_richness": 0.2272730416427947,
    "dco_flatness": 0.2272730416427947,
    "dco_oddenergy": 0.536294240336563,
    "dco_zcr": 0.14487511069267625
}