{
    "duration": 0.08163265138864517,
    "lossless": 1.0,
    "codec": "pcm_f32le",
    "bitrate": 1411200.0,
    "samplerate": 44100.0,
    "channels": 1.0,
    "audio_md5": "b8bf9ab703dd08d52e4fbfccac3ae2ca",
    "loudness": -11.332910537719727,
    "dynamic_range": 0.0,
    "temporal_centroid": 0.5646308064460754,
    "log_attack_time": -1.5368894338607788,
    "filesize": 14458,
    "single_event": false,
    "tonality": "G# major",
    "tonality_confidence": 0.28725001215934753,
    "loop": false,
    "tempo": 0,
    "tempo_confidence": 0.0,
    "note_midi": 38,
    "note_name": "D2",
    "note_frequency": 73.45664978027344,
    "note_confidence": 0.9756699800491333,
    "hardness": 24.96453172432892,
    "depth": 63.4497476411203,
    "brightness": 20.355054882565426,
    "roughness": 27.982804652604607,
    "warmth": 60.68597269955819,
    "sharpness": 0.0,
    "boominess": 53.455056226085546,
    "reverb": false,
    "name": "AKWF_1407.wav",
    "SpectralCentroid": 0.032417623163902204,
    "SpectralSpread": 0.0036004440068501792,
    "SpectralKurtosis": 0.9205344495548168,
    "ZeroCrossingRate": 0.23302718649526455,
    "SpectralComplexity": 0.11940298507462686,
    "OddToEvenHarmonicEnergyRatio": 1.0,
    "Dissonance": 0.37610352831480065,
    "PitchSalience": 0.2810793922869327,
    "HNR": 0.0,
    "NormalizeMethod": "ess_yeojohnson",
    "dco_brightness": 0.11671686739300621,
    "dco_richness": 0.18762242475400945,
    "dco_flatness": 0.18762242475400945,
    "dco_oddenergy": 0.0007356480153224432,
    "dco_zcr": 0.06197413883311543
}