{
    "duration": 0.08163265138864517,
    "lossless": 1.0,
    "codec": "pcm_f32le",
    "bitrate": 1411200.0,
    "samplerate": 44100.0,
    "channels": 1.0,
    "audio_md5": "d8cb1462033da9fb7fcc13de29307946",
    "loudness": -13.345067024230957,
    "dynamic_range": 0.0,
    "temporal_centroid": 0.5804572105407715,
    "log_attack_time": -1.3843672275543213,
    "filesize": 14458,
    "single_event": false,
    "tonality": "D major",
    "tonality_confidence": 0.6574863195419312,
    "loop": false,
    "tempo": 0,
    "tempo_confidence": 0.0,
    "note_midi": 38,
    "note_name": "D2",
    "note_frequency": 73.43836975097656,
    "note_confidence": 0.9938924312591553,
    "hardness": 25.59856394611252,
    "depth": 54.862625307591635,
    "brightness": 27.679666414208533,
    "roughness": 44.542753745618796,
    "warmth": 59.408799809779765,
    "sharpness": 3.6825064586785636,
    "boominess": 57.267052114341126,
    "reverb": false,
    "name": "AKWF_linear_0030.wav",
    "SpectralCentroid": 0.0572835894827304,
    "SpectralSpread": 0.03906066432105329,
    "SpectralKurtosis": 0.7802881840092616,
    "ZeroCrossingRate": 0.23302718649526455,
    "SpectralComplexity": 0.5970149253731343,
    "OddToEvenHarmonicEnergyRatio": 0.9586603167131129,
    "Dissonance": 0.8462207400889591,
    "PitchSalience": 0.04991569320565265,
    "HNR": 0.0,
    "NormalizeMethod": "ess_yeojohnson",
    "dco_brightness": 0.10909993076981724,
    "dco_richness": 0.11689290108909836,
    "dco_flatness": 0.11689290108909836,
    "dco_oddenergy": 0.004099222696064553,
    "dco_zcr": 0.06197413883311543
}