{
    "duration": 0.08163265138864517,
    "lossless": 1.0,
    "codec": "pcm_f32le",
    "bitrate": 1411200.0,
    "samplerate": 44100.0,
    "channels": 1.0,
    "audio_md5": "618c54cb07671961c0cafdd697362be8",
    "loudness": -12.550052642822266,
    "dynamic_range": 0.0,
    "temporal_centroid": 0.5717052221298218,
    "log_attack_time": -1.4623093605041504,
    "filesize": 14458,
    "single_event": false,
    "tonality": "D major",
    "tonality_confidence": 0.813876211643219,
    "loop": false,
    "tempo": 0,
    "tempo_confidence": 0.0,
    "note_midi": 38,
    "note_name": "D2",
    "note_frequency": 73.42839813232422,
    "note_confidence": 0.9486846923828125,
    "hardness": 68.61242567661077,
    "depth": 60.23240747882543,
    "brightness": 59.15520846653602,
    "roughness": 63.627257853786375,
    "warmth": 47.874413354016944,
    "sharpness": 50.252141147568786,
    "boominess": 35.34259111811599,
    "reverb": false,
    "name": "AKWF_1323.wav",
    "SpectralCentroid": 0.8111452334584555,
    "SpectralSpread": 0.896778896168517,
    "SpectralKurtosis": 0.4172982285783969,
    "ZeroCrossingRate": 0.23302718649526455,
    "SpectralComplexity": 1.0,
    "OddToEvenHarmonicEnergyRatio": 0.4912508923623099,
    "Dissonance": 0.9982411377851013,
    "PitchSalience": 0.409816182031955,
    "HNR": 0.0,
    "NormalizeMethod": "ess_yeojohnson",
    "dco_brightness": 0.24515087990575546,
    "dco_richness": 0.5966135743578106,
    "dco_flatness": 0.5966135743578106,
    "dco_oddenergy": 0.28226744563629036,
    "dco_zcr": 0.06197413883311543
}