{
    "duration": 0.08163265138864517,
    "lossless": 1.0,
    "codec": "pcm_f32le",
    "bitrate": 1411200.0,
    "samplerate": 44100.0,
    "channels": 1.0,
    "audio_md5": "23fe8da57844cb8a2c2f210e1f34c9c4",
    "loudness": -13.226078033447266,
    "dynamic_range": 0.0,
    "temporal_centroid": 0.5770399570465088,
    "log_attack_time": -1.3932873010635376,
    "filesize": 14458,
    "single_event": false,
    "tonality": "D major",
    "tonality_confidence": 0.628998875617981,
    "loop": false,
    "tempo": 0,
    "tempo_confidence": 0.0,
    "note_midi": 38,
    "note_name": "D2",
    "note_frequency": 73.47567749023438,
    "note_confidence": 0.9614635705947876,
    "hardness": 26.9276549511724,
    "depth": 54.655969009360696,
    "brightness": 22.791160448020705,
    "roughness": 44.73807975599973,
    "warmth": 64.85393681712955,
    "sharpness": 1.1920821677629334,
    "boominess": 54.12073509998248,
    "reverb": false,
    "name": "AKWF_0653.wav",
    "SpectralCentroid": 0.036979561622584436,
    "SpectralSpread": 0.003099484989318019,
    "SpectralKurtosis": 0.9119281817883589,
    "ZeroCrossingRate": 0.23302718649526455,
    "SpectralComplexity": 0.31343283582089554,
    "OddToEvenHarmonicEnergyRatio": 0.7087062547279728,
    "Dissonance": 0.7541319951150091,
    "PitchSalience": 0.2246583970692744,
    "HNR": 0.7004856164243723,
    "NormalizeMethod": "ess_yeojohnson",
    "dco_brightness": 0.11966799642482523,
    "dco_richness": 0.1850907192657544,
    "dco_flatness": 0.1850907192657544,
    "dco_oddenergy": 0.07948672322822925,
    "dco_zcr": 0.06197413883311543
}