{
    "duration": 0.08163265138864517,
    "lossless": 1.0,
    "codec": "pcm_f32le",
    "bitrate": 1411200.0,
    "samplerate": 44100.0,
    "channels": 1.0,
    "audio_md5": "b4ed7cd90927ad2900db1540600e25a9",
    "loudness": -16.30658721923828,
    "dynamic_range": 0.0,
    "temporal_centroid": 0.5917320251464844,
    "log_attack_time": -1.2221771478652954,
    "filesize": 14458,
    "single_event": false,
    "tonality": "D major",
    "tonality_confidence": 0.6434586644172668,
    "loop": false,
    "tempo": 0,
    "tempo_confidence": 0.0,
    "note_midi": 38,
    "note_name": "D2",
    "note_frequency": 73.43514251708984,
    "note_confidence": 0.9939624667167664,
    "hardness": 29.230959734855915,
    "depth": 54.70965775780768,
    "brightness": 31.67286712013111,
    "roughness": 43.99139296501619,
    "warmth": 63.70226820827406,
    "sharpness": 8.582250647139304,
    "boominess": 52.880401252179794,
    "reverb": false,
    "name": "AKWF_1801.wav",
    "SpectralCentroid": 0.079836425278181,
    "SpectralSpread": 0.04714845446091993,
    "SpectralKurtosis": 0.7634868849861333,
    "ZeroCrossingRate": 0.23302718649526455,
    "SpectralComplexity": 0.6865671641791045,
    "OddToEvenHarmonicEnergyRatio": 0.7395704584242692,
    "Dissonance": 0.8192947221442612,
    "PitchSalience": 0.17938092478558892,
    "HNR": 0.8025152880428792,
    "NormalizeMethod": "ess_yeojohnson",
    "dco_brightness": 0.11750806475445773,
    "dco_richness": 0.19009444770638317,
    "dco_flatness": 0.19009444770638317,
    "dco_oddenergy": 0.06548950887924854,
    "dco_zcr": 0.06197413883311543
}