{
    "duration": 0.08163265138864517,
    "lossless": 1.0,
    "codec": "pcm_f32le",
    "bitrate": 1411200.0,
    "samplerate": 44100.0,
    "channels": 1.0,
    "audio_md5": "a8839e4a398f9ea9105928107c691406",
    "loudness": -15.669356346130371,
    "dynamic_range": 0.0,
    "temporal_centroid": 0.5978685021400452,
    "log_attack_time": -1.2318100929260254,
    "filesize": 14458,
    "single_event": false,
    "tonality": "D major",
    "tonality_confidence": 0.7773295640945435,
    "loop": false,
    "tempo": 0,
    "tempo_confidence": 0.0,
    "note_midi": 38,
    "note_name": "D2",
    "note_frequency": 73.42897033691406,
    "note_confidence": 0.9893491268157959,
    "hardness": 59.22675242772135,
    "depth": 57.4169766837794,
    "brightness": 50.421967605975524,
    "roughness": 56.620040851236894,
    "warmth": 54.74110059834183,
    "sharpness": 42.37673393939675,
    "boominess": 39.14111784143981,
    "reverb": false,
    "name": "AKWF_0752.wav",
    "SpectralCentroid": 0.6084578954172704,
    "SpectralSpread": 0.7132374611568392,
    "SpectralKurtosis": 0.5127587127502724,
    "ZeroCrossingRate": 0.4252420127794052,
    "SpectralComplexity": 0.9850746268656716,
    "OddToEvenHarmonicEnergyRatio": 0.43406045055348424,
    "Dissonance": 0.9728930996877737,
    "PitchSalience": 0.32268823369718536,
    "HNR": 0.0,
    "NormalizeMethod": "ess_yeojohnson",
    "dco_brightness": 0.18032511525541606,
    "dco_richness": 0.4770323064388615,
    "dco_flatness": 0.4770323064388615,
    "dco_oddenergy": 0.3172973621752393,
    "dco_zcr": 0.17544243846429197
}