{
    "duration": 0.08163265138864517,
    "lossless": 1.0,
    "codec": "pcm_f32le",
    "bitrate": 1411200.0,
    "samplerate": 44100.0,
    "channels": 1.0,
    "audio_md5": "30b23db177c321ace24229d4f619c473",
    "loudness": -15.930841445922852,
    "dynamic_range": 0.0,
    "temporal_centroid": 0.5896128416061401,
    "log_attack_time": -1.2684093713760376,
    "filesize": 14458,
    "single_event": false,
    "tonality": "F# minor",
    "tonality_confidence": 0.5498239994049072,
    "loop": false,
    "tempo": 0,
    "tempo_confidence": 0.0,
    "note_midi": 38,
    "note_name": "D2",
    "note_frequency": 73.44517517089844,
    "note_confidence": 0.9703447222709656,
    "hardness": 40.75211080100148,
    "depth": 62.943833966160106,
    "brightness": 37.96246428799881,
    "roughness": 49.84710258170039,
    "warmth": 63.15604183556141,
    "sharpness": 23.655439533033896,
    "boominess": 47.42942520166136,
    "reverb": false,
    "name": "AKWF_dbass_0059.wav",
    "SpectralCentroid": 0.20759201839360145,
    "SpectralSpread": 0.21626295908546272,
    "SpectralKurtosis": 0.6578741144104834,
    "ZeroCrossingRate": 0.4252420127794052,
    "SpectralComplexity": 0.8208955223880597,
    "OddToEvenHarmonicEnergyRatio": 0.4850131157101533,
    "Dissonance": 0.8681575409567277,
    "PitchSalience": 0.18892867778281952,
    "HNR": 0.8688291264022984,
    "NormalizeMethod": "ess_yeojohnson",
    "dco_brightness": 0.1378821002350729,
    "dco_richness": 0.2827819118390131,
    "dco_flatness": 0.2827819118390131,
    "dco_oddenergy": 0.2494589665119521,
    "dco_zcr": 0.14487511069267625
}