{
    "duration": 0.08163265138864517,
    "lossless": 1.0,
    "codec": "pcm_f32le",
    "bitrate": 1411200.0,
    "samplerate": 44100.0,
    "channels": 1.0,
    "audio_md5": "2626353283ead1b34ccdbe97cff2adeb",
    "loudness": -19.17266273498535,
    "dynamic_range": 0.0,
    "temporal_centroid": 0.6473863124847412,
    "log_attack_time": -1.2622413635253906,
    "filesize": 14458,
    "single_event": false,
    "tonality": "D minor",
    "tonality_confidence": 0.6143458485603333,
    "loop": false,
    "tempo": 0,
    "tempo_confidence": 0.0,
    "note_midi": 38,
    "note_name": "D2",
    "note_frequency": 73.42839050292969,
    "note_confidence": 0.8689711093902588,
    "hardness": 81.53593852999134,
    "depth": 23.288413788536396,
    "brightness": 66.49967187997271,
    "roughness": 75.33222003165537,
    "warmth": 31.487661911650704,
    "sharpness": 56.234075688272114,
    "boominess": 16.462248407659168,
    "reverb": false,
    "name": "AKWF_oscchip_0064.wav",
    "SpectralCentroid": 0.7281512259952385,
    "SpectralSpread": 0.5716055439935996,
    "SpectralKurtosis": 0.47479812514050385,
    "ZeroCrossingRate": 0.8170126148854899,
    "SpectralComplexity": 0.9552238805970149,
    "OddToEvenHarmonicEnergyRatio": 0.2789580317957966,
    "Dissonance": 0.9953612425101571,
    "PitchSalience": 0.9802064996083014,
    "HNR": 0.0,
    "NormalizeMethod": "ess_yeojohnson",
    "dco_brightness": 0.49427535311275916,
    "dco_richness": 0.6283837684695862,
    "dco_flatness": 0.6283837684695862,
    "dco_oddenergy": 0.9572094081988469,
    "dco_zcr": 0.30888279763685245
}