{
    "duration": 0.08163265138864517,
    "lossless": 1.0,
    "codec": "pcm_f32le",
    "bitrate": 1411200.0,
    "samplerate": 44100.0,
    "channels": 1.0,
    "audio_md5": "726870e5b945344f1aa3fed9f5db519f",
    "loudness": -14.415637969970703,
    "dynamic_range": 0.0,
    "temporal_centroid": 0.5820026993751526,
    "log_attack_time": -1.2684093713760376,
    "filesize": 14458,
    "single_event": false,
    "tonality": "D major",
    "tonality_confidence": 0.7437056303024292,
    "loop": false,
    "tempo": 0,
    "tempo_confidence": 0.0,
    "note_midi": 38,
    "note_name": "D2",
    "note_frequency": 73.42839813232422,
    "note_confidence": 0.9500951170921326,
    "hardness": 61.329061843804624,
    "depth": 59.32626031842622,
    "brightness": 51.765560499239754,
    "roughness": 62.60489358824407,
    "warmth": 56.625770340759004,
    "sharpness": 44.06610187928298,
    "boominess": 38.79832408783248,
    "reverb": false,
    "name": "AKWF_0402.wav",
    "SpectralCentroid": 0.60569003768596,
    "SpectralSpread": 0.6585267557500939,
    "SpectralKurtosis": 0.5195344713623777,
    "ZeroCrossingRate": 0.7567375429308871,
    "SpectralComplexity": 1.0,
    "OddToEvenHarmonicEnergyRatio": 0.4159075856432951,
    "Dissonance": 0.9734927830852814,
    "PitchSalience": 0.45629288180890937,
    "HNR": 0.8497784435278495,
    "NormalizeMethod": "ess_yeojohnson",
    "dco_brightness": 0.2001542442216562,
    "dco_richness": 0.48672494953546064,
    "dco_flatness": 0.48672494953546064,
    "dco_oddenergy": 0.3433397506191722,
    "dco_zcr": 0.2796406039636913
}