{
    "duration": 0.08163265138864517,
    "lossless": 1.0,
    "codec": "pcm_f32le",
    "bitrate": 1411200.0,
    "samplerate": 44100.0,
    "channels": 1.0,
    "audio_md5": "9831e2b2e4f48c7c908a313d2a554fcb",
    "loudness": -13.176515579223633,
    "dynamic_range": 0.0,
    "temporal_centroid": 0.5782721042633057,
    "log_attack_time": -1.3855619430541992,
    "filesize": 14458,
    "single_event": false,
    "tonality": "D# major",
    "tonality_confidence": 0.4801367223262787,
    "loop": false,
    "tempo": 0,
    "tempo_confidence": 0.0,
    "note_midi": 38,
    "note_name": "D2",
    "note_frequency": 73.43910217285156,
    "note_confidence": 0.9881294965744019,
    "hardness": 32.670595373194146,
    "depth": 54.88829982828773,
    "brightness": 37.066294164030246,
    "roughness": 0,
    "warmth": 52.808745354257184,
    "sharpness": 39.455577268197764,
    "boominess": 56.36257354650303,
    "reverb": false,
    "name": "AKWF_vgsin_0016.wav",
    "SpectralCentroid": 0.23494597055824287,
    "SpectralSpread": 0.2657492226273429,
    "SpectralKurtosis": 0.5905799145284403,
    "ZeroCrossingRate": 0.23302718649526455,
    "SpectralComplexity": 0.9552238805970149,
    "OddToEvenHarmonicEnergyRatio": 1.0,
    "Dissonance": 0.9860982418817368,
    "PitchSalience": 0.00906547292123501,
    "HNR": 0.0,
    "NormalizeMethod": "ess_yeojohnson",
    "dco_brightness": 0.10905667991338913,
    "dco_richness": 0.26533951447706533,
    "dco_flatness": 0.26533951447706533,
    "dco_oddenergy": 0.00016686928323916828,
    "dco_zcr": 0.06197413883311543
}