{
    "duration": 0.08163265138864517,
    "lossless": 1.0,
    "codec": "pcm_f32le",
    "bitrate": 1411200.0,
    "samplerate": 44100.0,
    "channels": 1.0,
    "audio_md5": "4efb89845f2e7787972a943d926f6218",
    "loudness": -15.024762153625488,
    "dynamic_range": 0.0,
    "temporal_centroid": 0.588808536529541,
    "log_attack_time": -1.2647706270217896,
    "filesize": 14458,
    "single_event": false,
    "tonality": "D major",
    "tonality_confidence": 0.8012651205062866,
    "loop": false,
    "tempo": 0,
    "tempo_confidence": 0.0,
    "note_midi": 38,
    "note_name": "D2",
    "note_frequency": 73.42839813232422,
    "note_confidence": 0.9946069121360779,
    "hardness": 72.6804126333378,
    "depth": 52.8643536253078,
    "brightness": 60.46340287972555,
    "roughness": 68.35167261480625,
    "warmth": 47.16398743401829,
    "sharpness": 51.29884479648886,
    "boominess": 32.55046118238708,
    "reverb": false,
    "name": "AKWF_blended_0051.wav",
    "SpectralCentroid": 0.820303669206529,
    "SpectralSpread": 0.8907836994972579,
    "SpectralKurtosis": 0.41632658952399865,
    "ZeroCrossingRate": 0.4252420127794052,
    "SpectralComplexity": 1.0,
    "OddToEvenHarmonicEnergyRatio": 0.5495497172418862,
    "Dissonance": 0.971673748308604,
    "PitchSalience": 0.5991977593513597,
    "HNR": 0.0,
    "NormalizeMethod": "ess_yeojohnson",
    "dco_brightness": 0.294997154358015,
    "dco_richness": 0.620713011386951,
    "dco_flatness": 0.620713011386951,
    "dco_oddenergy": 0.2649291477119131,
    "dco_zcr": 0.14487511069267625
}