{
    "duration": 0.08163265138864517,
    "lossless": 1.0,
    "codec": "pcm_f32le",
    "bitrate": 1411200.0,
    "samplerate": 44100.0,
    "channels": 1.0,
    "audio_md5": "715da076eec05cb4af7148c998144f88",
    "loudness": -16.497133255004883,
    "dynamic_range": 0.0,
    "temporal_centroid": 0.5944281816482544,
    "log_attack_time": -1.266586184501648,
    "filesize": 14458,
    "single_event": false,
    "tonality": "D minor",
    "tonality_confidence": 0.8172929286956787,
    "loop": false,
    "tempo": 0,
    "tempo_confidence": 0.0,
    "note_midi": 38,
    "note_name": "D2",
    "note_frequency": 73.4305191040039,
    "note_confidence": 0.9681121110916138,
    "hardness": 48.9174167427247,
    "depth": 46.20139308758512,
    "brightness": 46.742983427786605,
    "roughness": 58.32651047306784,
    "warmth": 66.46886030298819,
    "sharpness": 27.47165874830682,
    "boominess": 32.749914893733816,
    "reverb": false,
    "name": "AKWF_0808.wav",
    "SpectralCentroid": 0.24551990166404158,
    "SpectralSpread": 0.055031931395320956,
    "SpectralKurtosis": 0.6516336537170319,
    "ZeroCrossingRate": 0.6763055176555212,
    "SpectralComplexity": 1.0,
    "OddToEvenHarmonicEnergyRatio": 0.2878045762170707,
    "Dissonance": 0.9310550810148784,
    "PitchSalience": 0.6803107422483239,
    "HNR": 0.7810379315600129,
    "NormalizeMethod": "ess_yeojohnson",
    "dco_brightness": 0.2830068892302861,
    "dco_richness": 0.38086862700065977,
    "dco_flatness": 0.38086862700065977,
    "dco_oddenergy": 0.5829613983635517,
    "dco_zcr": 0.24477676146998018
}