{
    "duration": 0.08163265138864517,
    "lossless": 1.0,
    "codec": "pcm_f32le",
    "bitrate": 1411200.0,
    "samplerate": 44100.0,
    "channels": 1.0,
    "audio_md5": "c978cae29d1aee82f21d90a38aa95b95",
    "loudness": -16.74651527404785,
    "dynamic_range": 0.0,
    "temporal_centroid": 0.5944263935089111,
    "log_attack_time": -1.275037169456482,
    "filesize": 14458,
    "single_event": false,
    "tonality": "D major",
    "tonality_confidence": 0.8916325569152832,
    "loop": false,
    "tempo": 0,
    "tempo_confidence": 0.0,
    "note_midi": 38,
    "note_name": "D2",
    "note_frequency": 73.4285659790039,
    "note_confidence": 0.9843254685401917,
    "hardness": 78.05701877065184,
    "depth": 53.62170663043143,
    "brightness": 57.73909247185179,
    "roughness": 69.02151110886501,
    "warmth": 50.92036083393895,
    "sharpness": 48.458050827285454,
    "boominess": 32.52865922101337,
    "reverb": false,
    "name": "AKWF_raw_0023.wav",
    "SpectralCentroid": 0.748341715052952,
    "SpectralSpread": 0.8491079629649909,
    "SpectralKurtosis": 0.45098098675239867,
    "ZeroCrossingRate": 0.568873868296057,
    "SpectralComplexity": 1.0,
    "OddToEvenHarmonicEnergyRatio": 0.26901716538375575,
    "Dissonance": 0.9827484900698498,
    "PitchSalience": 0.698058015733807,
    "HNR": 0.0,
    "NormalizeMethod": "ess_yeojohnson",
    "dco_brightness": 0.26882011416517476,
    "dco_richness": 0.5913511204275895,
    "dco_flatness": 0.5913511204275895,
    "dco_oddenergy": 0.4248517607245579,
    "dco_zcr": 0.24477676146998018
}