{
    "duration": 0.08163265138864517,
    "lossless": 1.0,
    "codec": "pcm_f32le",
    "bitrate": 1411200.0,
    "samplerate": 44100.0,
    "channels": 1.0,
    "audio_md5": "ad6e9677466081186dc354a4d7e7fa30",
    "loudness": -13.149822235107422,
    "dynamic_range": 0.0,
    "temporal_centroid": 0.584967851638794,
    "log_attack_time": -1.3000463247299194,
    "filesize": 14458,
    "single_event": false,
    "tonality": "D minor",
    "tonality_confidence": 0.3606768846511841,
    "loop": false,
    "tempo": 0,
    "tempo_confidence": 0.0,
    "note_midi": 57,
    "note_name": "A3",
    "note_frequency": 218.03848266601562,
    "note_confidence": 0.8874390125274658,
    "hardness": 55.88114053061631,
    "depth": 47.87101793170483,
    "brightness": 47.63521412261653,
    "roughness": 50.706203499336446,
    "warmth": 64.30878746961668,
    "sharpness": 39.25389234089189,
    "boominess": 34.376048147467685,
    "reverb": false,
    "name": "AKWF_granular_0030.wav",
    "SpectralCentroid": 0.48537667094187353,
    "SpectralSpread": 0.45105761690427304,
    "SpectralKurtosis": 0.5648819078897709,
    "ZeroCrossingRate": 0.568873868296057,
    "SpectralComplexity": 1.0,
    "OddToEvenHarmonicEnergyRatio": 0.7336243235475635,
    "Dissonance": 0.8842624171369122,
    "PitchSalience": 0.1913333455180119,
    "HNR": 0.8151088737986368,
    "NormalizeMethod": "ess_yeojohnson",
    "dco_brightness": 0.2466970213316161,
    "dco_richness": 0.4235782682254991,
    "dco_flatness": 0.4235782682254991,
    "dco_oddenergy": 0.07093326893240903,
    "dco_zcr": 0.2016028048315253
}