{
    "duration": 0.08163265138864517,
    "lossless": 1.0,
    "codec": "pcm_f32le",
    "bitrate": 1411200.0,
    "samplerate": 44100.0,
    "channels": 1.0,
    "audio_md5": "12fb310ac64e90e305ce64b5439cff11",
    "loudness": -14.899630546569824,
    "dynamic_range": 0.0,
    "temporal_centroid": 0.5967839956283569,
    "log_attack_time": -1.2618812322616577,
    "filesize": 14458,
    "single_event": false,
    "tonality": "D major",
    "tonality_confidence": 0.8454087972640991,
    "loop": false,
    "tempo": 0,
    "tempo_confidence": 0.0,
    "note_midi": 50,
    "note_name": "D3",
    "note_frequency": 146.87484741210938,
    "note_confidence": 0.9991340637207031,
    "hardness": 39.1487436630577,
    "depth": 49.55553610283903,
    "brightness": 32.914951232677375,
    "roughness": 47.76211893723962,
    "warmth": 65.94347697242867,
    "sharpness": 11.448061353957549,
    "boominess": 40.862708419320995,
    "reverb": false,
    "name": "AKWF_0764.wav",
    "SpectralCentroid": 0.11959396884376504,
    "SpectralSpread": 0.005345695984050704,
    "SpectralKurtosis": 0.8640772481906063,
    "ZeroCrossingRate": 0.6763055176555212,
    "SpectralComplexity": 0.29850746268656714,
    "OddToEvenHarmonicEnergyRatio": 0.00019443905084927325,
    "Dissonance": 0.9368781803934016,
    "PitchSalience": 0.71471564785356,
    "HNR": 0.9461529453432,
    "NormalizeMethod": "ess_yeojohnson",
    "dco_brightness": 0.23323161551075436,
    "dco_richness": 0.3170718434105308,
    "dco_flatness": 0.3170718434105308,
    "dco_oddenergy": 0.999591707373015,
    "dco_zcr": 0.24477676146998018
}