{
    "duration": 0.08163265138864517,
    "lossless": 1.0,
    "codec": "pcm_f32le",
    "bitrate": 1411200.0,
    "samplerate": 44100.0,
    "channels": 1.0,
    "audio_md5": "e415ab7ff0af6f7d7a219b96da0249a3",
    "loudness": -17.007850646972656,
    "dynamic_range": 0.0,
    "temporal_centroid": 0.6018252968788147,
    "log_attack_time": -1.2629624605178833,
    "filesize": 14458,
    "single_event": false,
    "tonality": "D minor",
    "tonality_confidence": 0.5006090998649597,
    "loop": false,
    "tempo": 0,
    "tempo_confidence": 0.0,
    "note_midi": 75,
    "note_name": "D#5",
    "note_frequency": 606.0354614257812,
    "note_confidence": 0.889958918094635,
    "hardness": 56.51385342746178,
    "depth": 19.1932285811927,
    "brightness": 55.67179738075961,
    "roughness": 56.880327689614354,
    "warmth": 33.883450444609394,
    "sharpness": 34.715903661366085,
    "boominess": 14.934011794536607,
    "reverb": false,
    "name": "AKWF_granular_0011.wav",
    "SpectralCentroid": 0.35543093374976314,
    "SpectralSpread": 0.07451235918998825,
    "SpectralKurtosis": 0.7389015773301908,
    "ZeroCrossingRate": 0.8961704051034269,
    "SpectralComplexity": 0.6417910447761194,
    "OddToEvenHarmonicEnergyRatio": 0.2453425598419386,
    "Dissonance": 0.9982276445439752,
    "PitchSalience": 0.6256109815415588,
    "HNR": 0.8505992149970554,
    "NormalizeMethod": "ess_yeojohnson",
    "dco_brightness": 0.42078978637013054,
    "dco_richness": 0.44093572783628776,
    "dco_flatness": 0.44093572783628776,
    "dco_oddenergy": 0.9993882290154396,
    "dco_zcr": 0.40988411249622064
}