{
    "duration": 0.08163265138864517,
    "lossless": 1.0,
    "codec": "pcm_f32le",
    "bitrate": 1411200.0,
    "samplerate": 44100.0,
    "channels": 1.0,
    "audio_md5": "f647ac164e4bedc25ab8812a216f7fe6",
    "loudness": -12.501426696777344,
    "dynamic_range": 0.0,
    "temporal_centroid": 0.5758008360862732,
    "log_attack_time": -1.3730616569519043,
    "filesize": 14458,
    "single_event": false,
    "tonality": "D major",
    "tonality_confidence": 0.5574395656585693,
    "loop": false,
    "tempo": 0,
    "tempo_confidence": 0.0,
    "note_midi": 38,
    "note_name": "D2",
    "note_frequency": 73.42839813232422,
    "note_confidence": 0.926284909248352,
    "hardness": 72.21967345390325,
    "depth": 59.61607074683512,
    "brightness": 55.994541673526534,
    "roughness": 60.88597737058342,
    "warmth": 51.21322377483776,
    "sharpness": 48.12851016630499,
    "boominess": 37.04601685152353,
    "reverb": false,
    "name": "AKWF_1042.wav",
    "SpectralCentroid": 0.7405366999578523,
    "SpectralSpread": 0.8262246846435373,
    "SpectralKurtosis": 0.45976783135922566,
    "ZeroCrossingRate": 0.23302718649526455,
    "SpectralComplexity": 1.0,
    "OddToEvenHarmonicEnergyRatio": 0.5079761969075953,
    "Dissonance": 0.9586108321697541,
    "PitchSalience": 0.3813300203273108,
    "HNR": 0.0,
    "NormalizeMethod": "ess_yeojohnson",
    "dco_brightness": 0.2040726701967067,
    "dco_richness": 0.5413187413311337,
    "dco_flatness": 0.5413187413311337,
    "dco_oddenergy": 0.2527950305836224,
    "dco_zcr": 0.06197413883311543
}