{
    "duration": 0.08163265138864517,
    "lossless": 1.0,
    "codec": "pcm_f32le",
    "bitrate": 1411200.0,
    "samplerate": 44100.0,
    "channels": 1.0,
    "audio_md5": "4c3d5739565e3e31048d5e5dbc8f3497",
    "loudness": -14.51531982421875,
    "dynamic_range": 0.0,
    "temporal_centroid": 0.5836752653121948,
    "log_attack_time": -1.281202793121338,
    "filesize": 14458,
    "single_event": false,
    "tonality": "D major",
    "tonality_confidence": 0.6467602252960205,
    "loop": false,
    "tempo": 0,
    "tempo_confidence": 0.0,
    "note_midi": 38,
    "note_name": "D2",
    "note_frequency": 73.43389892578125,
    "note_confidence": 0.9307035207748413,
    "hardness": 41.61989017887454,
    "depth": 45.1756032724155,
    "brightness": 38.39215018816175,
    "roughness": 51.137185089618505,
    "warmth": 54.617651950707256,
    "sharpness": 14.818229111880452,
    "boominess": 30.87516387887765,
    "reverb": false,
    "name": "AKWF_snippet_0036.wav",
    "SpectralCentroid": 0.16618384524387178,
    "SpectralSpread": 0.05707440038558852,
    "SpectralKurtosis": 0.766492011864669,
    "ZeroCrossingRate": 0.7567375429308871,
    "SpectralComplexity": 0.6417910447761194,
    "OddToEvenHarmonicEnergyRatio": 0.6660462632875026,
    "Dissonance": 0.7322738926644031,
    "PitchSalience": 0.3929394331272117,
    "HNR": 0.8112650370339721,
    "NormalizeMethod": "ess_yeojohnson",
    "dco_brightness": 0.28940871545607877,
    "dco_richness": 0.27189179637507793,
    "dco_flatness": 0.27189179637507793,
    "dco_oddenergy": 0.11028093011505524,
    "dco_zcr": 0.2796406039636913
}