{
    "duration": 0.08163265138864517,
    "lossless": 1.0,
    "codec": "pcm_f32le",
    "bitrate": 1411200.0,
    "samplerate": 44100.0,
    "channels": 1.0,
    "audio_md5": "67d84e0bd38cee6acec3075fc75c9bcf",
    "loudness": -18.796125411987305,
    "dynamic_range": 0.0,
    "temporal_centroid": 0.599198043346405,
    "log_attack_time": -1.240118145942688,
    "filesize": 14458,
    "single_event": false,
    "tonality": "D minor",
    "tonality_confidence": 0.7278050184249878,
    "loop": false,
    "tempo": 0,
    "tempo_confidence": 0.0,
    "note_midi": 50,
    "note_name": "D3",
    "note_frequency": 146.87689208984375,
    "note_confidence": 0.8799304962158203,
    "hardness": 68.09211069886916,
    "depth": 12.230345216436575,
    "brightness": 64.60770103054956,
    "roughness": 66.28599792565277,
    "warmth": 34.27209037120744,
    "sharpness": 49.11530739976189,
    "boominess": 7.946027451855247,
    "reverb": false,
    "name": "AKWF_0351.wav",
    "SpectralCentroid": 0.5447342269611933,
    "SpectralSpread": 0.15716196217729722,
    "SpectralKurtosis": 0.5923665318578754,
    "ZeroCrossingRate": 0.9852977014170483,
    "SpectralComplexity": 1.0,
    "OddToEvenHarmonicEnergyRatio": 0.026735787281118886,
    "Dissonance": 0.9996968761615128,
    "PitchSalience": 0.7549868862295711,
    "HNR": 0.8063672699711099,
    "NormalizeMethod": "ess_yeojohnson",
    "dco_brightness": 0.4898939767533816,
    "dco_richness": 0.5038385341122501,
    "dco_flatness": 0.5038385341122501,
    "dco_oddenergy": 0.9997114691808876,
    "dco_zcr": 0.4632290256869905
}