{
    "duration": 0.08163265138864517,
    "lossless": 1.0,
    "codec": "pcm_f32le",
    "bitrate": 1411200.0,
    "samplerate": 44100.0,
    "channels": 1.0,
    "audio_md5": "89a8bc9afaccfdec3dd526b9ecad7e6c",
    "loudness": -16.419862747192383,
    "dynamic_range": 0.0,
    "temporal_centroid": 0.5884608030319214,
    "log_attack_time": -1.2798875570297241,
    "filesize": 14458,
    "single_event": false,
    "tonality": "D minor",
    "tonality_confidence": 0.8365810513496399,
    "loop": false,
    "tempo": 0,
    "tempo_confidence": 0.0,
    "note_midi": 38,
    "note_name": "D2",
    "note_frequency": 73.42839813232422,
    "note_confidence": 0.9146764278411865,
    "hardness": 72.95306795261072,
    "depth": 55.9534335285005,
    "brightness": 58.88332866117776,
    "roughness": 67.08858951684942,
    "warmth": 49.577276176025705,
    "sharpness": 49.18029369214365,
    "boominess": 31.69026434950384,
    "reverb": false,
    "name": "AKWF_bsaw_0001.wav",
    "SpectralCentroid": 0.5924094194557624,
    "SpectralSpread": 0.4323444937549981,
    "SpectralKurtosis": 0.49072382744128507,
    "ZeroCrossingRate": 0.23302718649526455,
    "SpectralComplexity": 1.0,
    "OddToEvenHarmonicEnergyRatio": 0.1364513579523818,
    "Dissonance": 0.9857671833872965,
    "PitchSalience": 0.6041360361746276,
    "HNR": 0.0,
    "NormalizeMethod": "ess_yeojohnson",
    "dco_brightness": 0.2811451522080909,
    "dco_richness": 0.5451701048110621,
    "dco_flatness": 0.5451701048110621,
    "dco_oddenergy": 0.3659911982678842,
    "dco_zcr": 0.06197413883311543
}