{
    "duration": 0.08163265138864517,
    "lossless": 1.0,
    "codec": "pcm_f32le",
    "bitrate": 1411200.0,
    "samplerate": 44100.0,
    "channels": 1.0,
    "audio_md5": "60c8e70181796126c6a4eae6806aa06a",
    "loudness": -15.159870147705078,
    "dynamic_range": 0.0,
    "temporal_centroid": 0.5898919105529785,
    "log_attack_time": -1.3263752460479736,
    "filesize": 14458,
    "single_event": false,
    "tonality": "A major",
    "tonality_confidence": 0.576080322265625,
    "loop": false,
    "tempo": 0,
    "tempo_confidence": 0.0,
    "note_midi": 38,
    "note_name": "D2",
    "note_frequency": 73.4458999633789,
    "note_confidence": 0.9902790188789368,
    "hardness": 21.213903899871283,
    "depth": 54.8876969261939,
    "brightness": 18.97446062260029,
    "roughness": 42.450446100865506,
    "warmth": 60.056344813026705,
    "sharpness": 0.0,
    "boominess": 61.164298297181745,
    "reverb": false,
    "name": "AKWF_0845.wav",
    "SpectralCentroid": 0.006791664525123438,
    "SpectralSpread": 0.004543830177504868,
    "SpectralKurtosis": 0.8998224778182614,
    "ZeroCrossingRate": 0.23302718649526455,
    "SpectralComplexity": 0.2537313432835821,
    "OddToEvenHarmonicEnergyRatio": 0.5620046168913491,
    "Dissonance": 0.7957755652428112,
    "PitchSalience": 0.06028059291437035,
    "HNR": 0.8047588343162922,
    "NormalizeMethod": "ess_yeojohnson",
    "dco_brightness": 0.09344014068747891,
    "dco_richness": 0.16242918814533386,
    "dco_flatness": 0.16242918814533386,
    "dco_oddenergy": 0.0012580833070906516,
    "dco_zcr": 0.06197413883311543
}