{
    "duration": 0.08163265138864517,
    "lossless": 1.0,
    "codec": "pcm_f32le",
    "bitrate": 1411200.0,
    "samplerate": 44100.0,
    "channels": 1.0,
    "audio_md5": "247a231341a0ce21de5f5cb2e4aba644",
    "loudness": -16.42376708984375,
    "dynamic_range": 0.0,
    "temporal_centroid": 0.6084333658218384,
    "log_attack_time": -1.2568708658218384,
    "filesize": 14458,
    "single_event": false,
    "tonality": "D major",
    "tonality_confidence": 0.7799602150917053,
    "loop": false,
    "tempo": 0,
    "tempo_confidence": 0.0,
    "note_midi": 38,
    "note_name": "D2",
    "note_frequency": 73.42884826660156,
    "note_confidence": 0.9996365904808044,
    "hardness": 28.977771808815262,
    "depth": 54.80515851001255,
    "brightness": 30.26024434180916,
    "roughness": 45.639792232171345,
    "warmth": 60.81487345029497,
    "sharpness": 6.036159460549381,
    "boominess": 55.55931941946976,
    "reverb": false,
    "name": "AKWF_1350.wav",
    "SpectralCentroid": 0.04796196001755062,
    "SpectralSpread": 0.04384805617663179,
    "SpectralKurtosis": 0.7813354102555667,
    "ZeroCrossingRate": 0.251274150799389,
    "SpectralComplexity": 0.6567164179104478,
    "OddToEvenHarmonicEnergyRatio": 0.43046786050318225,
    "Dissonance": 0.900631396160976,
    "PitchSalience": 0.20462948970098277,
    "HNR": 0.043219048068124294,
    "NormalizeMethod": "ess_yeojohnson",
    "dco_brightness": 0.08885118330342288,
    "dco_richness": 0.19962541577860135,
    "dco_flatness": 0.19962541577860135,
    "dco_oddenergy": 0.044137818802801765,
    "dco_zcr": 0.14487511069267625
}