{
    "duration": 0.08163265138864517,
    "lossless": 1.0,
    "codec": "pcm_f32le",
    "bitrate": 1411200.0,
    "samplerate": 44100.0,
    "channels": 1.0,
    "audio_md5": "acfde24b3b20ddad7d28814eb2f6fb97",
    "loudness": -13.150412559509277,
    "dynamic_range": 0.0,
    "temporal_centroid": 0.5838460326194763,
    "log_attack_time": -1.3043912649154663,
    "filesize": 14458,
    "single_event": false,
    "tonality": "D major",
    "tonality_confidence": 0.8066937923431396,
    "loop": false,
    "tempo": 0,
    "tempo_confidence": 0.0,
    "note_midi": 38,
    "note_name": "D2",
    "note_frequency": 73.4422836303711,
    "note_confidence": 0.9545883536338806,
    "hardness": 38.77663354646151,
    "depth": 60.97848314623898,
    "brightness": 37.53222506955716,
    "roughness": 51.19225557660206,
    "warmth": 66.63840973028292,
    "sharpness": 18.388889346185273,
    "boominess": 46.2442756301113,
    "reverb": false,
    "name": "AKWF_linear_0041.wav",
    "SpectralCentroid": 0.16729204613641188,
    "SpectralSpread": 0.11578732949985243,
    "SpectralKurtosis": 0.7081432486605392,
    "ZeroCrossingRate": 0.4252420127794052,
    "SpectralComplexity": 0.8656716417910447,
    "OddToEvenHarmonicEnergyRatio": 0.10637406927430881,
    "Dissonance": 0.8939489596638155,
    "PitchSalience": 0.3239680952557816,
    "HNR": 0.4888046329230591,
    "NormalizeMethod": "ess_yeojohnson",
    "dco_brightness": 0.18583194227810287,
    "dco_richness": 0.28034323740098094,
    "dco_flatness": 0.28034323740098094,
    "dco_oddenergy": 0.791453654537125,
    "dco_zcr": 0.14487511069267625
}