{
    "duration": 0.08163265138864517,
    "lossless": 1.0,
    "codec": "pcm_f32le",
    "bitrate": 1411200.0,
    "samplerate": 44100.0,
    "channels": 1.0,
    "audio_md5": "7c3fe5de2b9a7f5cc191cd5d73043186",
    "loudness": -16.130802154541016,
    "dynamic_range": 0.0,
    "temporal_centroid": 0.5928822159767151,
    "log_attack_time": -1.2689578533172607,
    "filesize": 14458,
    "single_event": false,
    "tonality": "A minor",
    "tonality_confidence": 0.5779909491539001,
    "loop": false,
    "tempo": 0,
    "tempo_confidence": 0.0,
    "note_midi": 38,
    "note_name": "D2",
    "note_frequency": 73.46543884277344,
    "note_confidence": 0.8864171504974365,
    "hardness": 33.74338170380945,
    "depth": 59.57368425041805,
    "brightness": 27.798651206423838,
    "roughness": 47.57350111088533,
    "warmth": 70.06937911088056,
    "sharpness": 4.1178184534514735,
    "boominess": 47.14912134757215,
    "reverb": false,
    "name": "AKWF_aguitar_0009.wav",
    "SpectralCentroid": 0.07461093926883912,
    "SpectralSpread": 0.02578190776989611,
    "SpectralKurtosis": 0.8149135582743438,
    "ZeroCrossingRate": 0.568873868296057,
    "SpectralComplexity": 0.16417910447761194,
    "OddToEvenHarmonicEnergyRatio": 0.6682144961038137,
    "Dissonance": 0.6917696626427148,
    "PitchSalience": 0.6485228566246171,
    "HNR": 0.6152249612090948,
    "NormalizeMethod": "ess_yeojohnson",
    "dco_brightness": 0.18669910893166441,
    "dco_richness": 0.26746920670294644,
    "dco_flatness": 0.26746920670294644,
    "dco_oddenergy": 0.10377969951046928,
    "dco_zcr": 0.2016028048315253
}