{
    "duration": 0.08163265138864517,
    "lossless": 1.0,
    "codec": "pcm_f32le",
    "bitrate": 1411200.0,
    "samplerate": 44100.0,
    "channels": 1.0,
    "audio_md5": "a6462f5ea100fa6facf15345ccf4aa47",
    "loudness": -17.102445602416992,
    "dynamic_range": 0.0,
    "temporal_centroid": 0.6123215556144714,
    "log_attack_time": -1.1752058267593384,
    "filesize": 14458,
    "single_event": false,
    "tonality": "D major",
    "tonality_confidence": 0.6909451484680176,
    "loop": false,
    "tempo": 0,
    "tempo_confidence": 0.0,
    "note_midi": 38,
    "note_name": "D2",
    "note_frequency": 73.42894744873047,
    "note_confidence": 0.7763208150863647,
    "hardness": 75.77043130647746,
    "depth": 54.83863464704532,
    "brightness": 57.10872427132169,
    "roughness": 71.39152854690589,
    "warmth": 51.8859907223615,
    "sharpness": 50.05419567349775,
    "boominess": 33.837106867446465,
    "reverb": false,
    "name": "AKWF_vgame_0082.wav",
    "SpectralCentroid": 0.7305604924023337,
    "SpectralSpread": 0.7588725983064997,
    "SpectralKurtosis": 0.46386753849771883,
    "ZeroCrossingRate": 0.568873868296057,
    "SpectralComplexity": 1.0,
    "OddToEvenHarmonicEnergyRatio": 0.33119660492388525,
    "Dissonance": 0.9583611707407016,
    "PitchSalience": 0.7180150087830589,
    "HNR": 0.0,
    "NormalizeMethod": "ess_yeojohnson",
    "dco_brightness": 0.29653158600890334,
    "dco_richness": 0.5835572985851866,
    "dco_flatness": 0.5835572985851866,
    "dco_oddenergy": 0.48155215368693394,
    "dco_zcr": 0.2016028048315253
}