{
    "duration": 0.08163265138864517,
    "lossless": 1.0,
    "codec": "pcm_f32le",
    "bitrate": 1411200.0,
    "samplerate": 44100.0,
    "channels": 1.0,
    "audio_md5": "c6d05eb655c2855a8c147bf9c04852e4",
    "loudness": -15.025726318359375,
    "dynamic_range": 0.0,
    "temporal_centroid": 0.5740536451339722,
    "log_attack_time": -1.4860761165618896,
    "filesize": 14458,
    "single_event": false,
    "tonality": "D major",
    "tonality_confidence": 0.8127495050430298,
    "loop": false,
    "tempo": 0,
    "tempo_confidence": 0.0,
    "note_midi": 38,
    "note_name": "D2",
    "note_frequency": 73.78856658935547,
    "note_confidence": 0.9763203263282776,
    "hardness": 71.61499664274055,
    "depth": 60.88588322343933,
    "brightness": 62.05678266418495,
    "roughness": 64.13747196910928,
    "warmth": 44.25854234703322,
    "sharpness": 50.982999275721625,
    "boominess": 36.881891667943194,
    "reverb": false,
    "name": "AKWF_1289.wav",
    "SpectralCentroid": 0.8814532748254477,
    "SpectralSpread": 0.9497036432930674,
    "SpectralKurtosis": 0.29822096560377187,
    "ZeroCrossingRate": 0.4252420127794052,
    "SpectralComplexity": 1.0,
    "OddToEvenHarmonicEnergyRatio": 0.6225145141056357,
    "Dissonance": 0.9767065084393294,
    "PitchSalience": 0.39110164531543157,
    "HNR": 0.9122096207306677,
    "NormalizeMethod": "ess_yeojohnson",
    "dco_brightness": 0.2553427088633099,
    "dco_richness": 0.6346587080141247,
    "dco_flatness": 0.6346587080141247,
    "dco_oddenergy": 0.16308724884249215,
    "dco_zcr": 0.14487511069267625
}