{
    "duration": 0.08163265138864517,
    "lossless": 1.0,
    "codec": "pcm_f32le",
    "bitrate": 1411200.0,
    "samplerate": 44100.0,
    "channels": 1.0,
    "audio_md5": "e9313fbf972be5c0b82c1a95022dc1c4",
    "loudness": -24.13810920715332,
    "dynamic_range": 0.0,
    "temporal_centroid": 0.6343592405319214,
    "log_attack_time": -1.26386559009552,
    "filesize": 14458,
    "single_event": false,
    "tonality": "D major",
    "tonality_confidence": 0.74015873670578,
    "loop": false,
    "tempo": 0,
    "tempo_confidence": 0.0,
    "note_midi": 38,
    "note_name": "D2",
    "note_frequency": 73.42839050292969,
    "note_confidence": 0.724886417388916,
    "hardness": 89.97245189922836,
    "depth": 35.29431821413958,
    "brightness": 73.72095927255225,
    "roughness": 82.1116682755924,
    "warmth": 24.279502426793552,
    "sharpness": 60.21720354474863,
    "boominess": 19.10348807293279,
    "reverb": false,
    "name": "AKWF_0618.wav",
    "SpectralCentroid": 0.9059288345665896,
    "SpectralSpread": 0.912075114352001,
    "SpectralKurtosis": 0.3507036395216035,
    "ZeroCrossingRate": 0.23302718649526455,
    "SpectralComplexity": 1.0,
    "OddToEvenHarmonicEnergyRatio": 0.28620128969556985,
    "Dissonance": 0.9982421588952405,
    "PitchSalience": 0.9783406108168409,
    "HNR": 0.0,
    "NormalizeMethod": "ess_yeojohnson",
    "dco_brightness": 0.6037970894058582,
    "dco_richness": 0.7480753108035411,
    "dco_flatness": 0.7480753108035411,
    "dco_oddenergy": 0.907371829795285,
    "dco_zcr": 0.06197413883311543
}