{
    "duration": 0.08163265138864517,
    "lossless": 1.0,
    "codec": "pcm_f32le",
    "bitrate": 1411200.0,
    "samplerate": 44100.0,
    "channels": 1.0,
    "audio_md5": "06a481698f2113c485d5fb9843b83070",
    "loudness": -16.02818489074707,
    "dynamic_range": 0.0,
    "temporal_centroid": 0.5915514826774597,
    "log_attack_time": -1.2552725076675415,
    "filesize": 14458,
    "single_event": false,
    "tonality": "D major",
    "tonality_confidence": 0.8762842416763306,
    "loop": false,
    "tempo": 0,
    "tempo_confidence": 0.0,
    "note_midi": 38,
    "note_name": "D2",
    "note_frequency": 73.42855834960938,
    "note_confidence": 0.9983208179473877,
    "hardness": 47.36093729729629,
    "depth": 58.812040474982915,
    "brightness": 47.42013812667723,
    "roughness": 57.09890771904299,
    "warmth": 61.670991164355314,
    "sharpness": 31.692726966899997,
    "boominess": 38.479704759764175,
    "reverb": false,
    "name": "AKWF_1472.wav",
    "SpectralCentroid": 0.2999515511219933,
    "SpectralSpread": 0.1882240118005265,
    "SpectralKurtosis": 0.6341818343056708,
    "ZeroCrossingRate": 0.23302718649526455,
    "SpectralComplexity": 1.0,
    "OddToEvenHarmonicEnergyRatio": 0.4555526768230539,
    "Dissonance": 0.963362057647794,
    "PitchSalience": 0.5863683307573391,
    "HNR": 0.0,
    "NormalizeMethod": "ess_yeojohnson",
    "dco_brightness": 0.20202147535805096,
    "dco_richness": 0.40113871471853846,
    "dco_flatness": 0.40113871471853846,
    "dco_oddenergy": 0.3195705841345413,
    "dco_zcr": 0.06197413883311543
}