{
    "duration": 0.08163265138864517,
    "lossless": 1.0,
    "codec": "pcm_f32le",
    "bitrate": 1411200.0,
    "samplerate": 44100.0,
    "channels": 1.0,
    "audio_md5": "f063ff739e3f92ce25b95f82f684c12c",
    "loudness": -21.070070266723633,
    "dynamic_range": 0.0,
    "temporal_centroid": 0.6108690500259399,
    "log_attack_time": -1.212592601776123,
    "filesize": 14458,
    "single_event": false,
    "tonality": "C# major",
    "tonality_confidence": 0.8219913244247437,
    "loop": false,
    "tempo": 0,
    "tempo_confidence": 0.0,
    "note_midi": 38,
    "note_name": "D2",
    "note_frequency": 73.42842102050781,
    "note_confidence": 0.931087851524353,
    "hardness": 84.4893766602774,
    "depth": 33.433281620041306,
    "brightness": 74.48974023941457,
    "roughness": 74.09655730092214,
    "warmth": 19.32721325014416,
    "sharpness": 62.71886229817275,
    "boominess": 20.30785291998773,
    "reverb": false,
    "name": "AKWF_0647.wav",
    "SpectralCentroid": 0.9125739271906947,
    "SpectralSpread": 0.9114731702681891,
    "SpectralKurtosis": 0.35196710407004705,
    "ZeroCrossingRate": 0.8622249131751906,
    "SpectralComplexity": 0.7014925373134329,
    "OddToEvenHarmonicEnergyRatio": 1.0,
    "Dissonance": 0.9933729222596759,
    "PitchSalience": 0.7815200748992772,
    "HNR": 0.5231317716274603,
    "NormalizeMethod": "ess_yeojohnson",
    "dco_brightness": 0.5831520209150584,
    "dco_richness": 0.7416998171557262,
    "dco_flatness": 0.7416998171557262,
    "dco_oddenergy": 0.725489230810509,
    "dco_zcr": 0.33406703367500235
}