{
    "duration": 0.08163265138864517,
    "lossless": 1.0,
    "codec": "pcm_f32le",
    "bitrate": 1411200.0,
    "samplerate": 44100.0,
    "channels": 1.0,
    "audio_md5": "989c4187ba546dc71edef299a6a2c01e",
    "loudness": -10.484643936157227,
    "dynamic_range": 0.0,
    "temporal_centroid": 0.5671330094337463,
    "log_attack_time": -1.5124993324279785,
    "filesize": 14458,
    "single_event": false,
    "tonality": "A major",
    "tonality_confidence": 0.7738326787948608,
    "loop": false,
    "tempo": 0,
    "tempo_confidence": 0.0,
    "note_midi": 38,
    "note_name": "D2",
    "note_frequency": 73.42864990234375,
    "note_confidence": 0.9745990633964539,
    "hardness": 73.38971680264777,
    "depth": 57.034877578890075,
    "brightness": 59.26184592322953,
    "roughness": 60.851278808107814,
    "warmth": 48.23449303077925,
    "sharpness": 50.06673750142243,
    "boominess": 33.58803084676164,
    "reverb": false,
    "name": "AKWF_distorted_0015.wav",
    "SpectralCentroid": 0.7774160907064375,
    "SpectralSpread": 0.8715359418148659,
    "SpectralKurtosis": 0.44022956111098044,
    "ZeroCrossingRate": 0.568873868296057,
    "SpectralComplexity": 1.0,
    "OddToEvenHarmonicEnergyRatio": 0.6803948309681598,
    "Dissonance": 0.9521736079788963,
    "PitchSalience": 0.5337921016892945,
    "HNR": 0.0,
    "NormalizeMethod": "ess_yeojohnson",
    "dco_brightness": 0.2642438220193891,
    "dco_richness": 0.6005905115059548,
    "dco_flatness": 0.6005905115059548,
    "dco_oddenergy": 0.14726052162094805,
    "dco_zcr": 0.22446827716383663
}