{
    "duration": 0.08163265138864517,
    "lossless": 1.0,
    "codec": "pcm_f32le",
    "bitrate": 1411200.0,
    "samplerate": 44100.0,
    "channels": 1.0,
    "audio_md5": "c25bea67ef76a74756b8dbe5f83dd220",
    "loudness": -13.671109199523926,
    "dynamic_range": 0.0,
    "temporal_centroid": 0.5854975581169128,
    "log_attack_time": -1.3647716045379639,
    "filesize": 14458,
    "single_event": false,
    "tonality": "D major",
    "tonality_confidence": 0.8806467652320862,
    "loop": false,
    "tempo": 0,
    "tempo_confidence": 0.0,
    "note_midi": 38,
    "note_name": "D2",
    "note_frequency": 73.42841339111328,
    "note_confidence": 0.997472882270813,
    "hardness": 69.95452298991268,
    "depth": 58.76221812644549,
    "brightness": 59.31126745726357,
    "roughness": 66.36519560605059,
    "warmth": 46.69234824483155,
    "sharpness": 50.67258768932069,
    "boominess": 34.459002160233595,
    "reverb": false,
    "name": "AKWF_0353.wav",
    "SpectralCentroid": 0.8086165870249251,
    "SpectralSpread": 0.8860775886020962,
    "SpectralKurtosis": 0.4235958617387477,
    "ZeroCrossingRate": 0.23302718649526455,
    "SpectralComplexity": 1.0,
    "OddToEvenHarmonicEnergyRatio": 0.4831940642076266,
    "Dissonance": 0.9742459976858727,
    "PitchSalience": 0.5540690315662926,
    "HNR": 0.0,
    "NormalizeMethod": "ess_yeojohnson",
    "dco_brightness": 0.267583865035254,
    "dco_richness": 0.603978844339074,
    "dco_flatness": 0.603978844339074,
    "dco_oddenergy": 0.3001973327442913,
    "dco_zcr": 0.10810914741925219
}