{
    "duration": 0.08163265138864517,
    "lossless": 1.0,
    "codec": "pcm_f32le",
    "bitrate": 1411200.0,
    "samplerate": 44100.0,
    "channels": 1.0,
    "audio_md5": "9549f548412cde7f43709362682880c2",
    "loudness": -12.953126907348633,
    "dynamic_range": 0.0,
    "temporal_centroid": 0.5785202383995056,
    "log_attack_time": -1.379856824874878,
    "filesize": 14458,
    "single_event": false,
    "tonality": "D major",
    "tonality_confidence": 0.6536256074905396,
    "loop": false,
    "tempo": 0,
    "tempo_confidence": 0.0,
    "note_midi": 38,
    "note_name": "D2",
    "note_frequency": 73.44509887695312,
    "note_confidence": 0.9375017881393433,
    "hardness": 41.94964903752977,
    "depth": 57.17168551943071,
    "brightness": 37.85196781652505,
    "roughness": 54.28412619917551,
    "warmth": 68.60625669883227,
    "sharpness": 20.233255684714624,
    "boominess": 44.47631003704319,
    "reverb": false,
    "name": "AKWF_1452.wav",
    "SpectralCentroid": 0.21144982297777445,
    "SpectralSpread": 0.16601118469518442,
    "SpectralKurtosis": 0.6854685630679993,
    "ZeroCrossingRate": 0.568873868296057,
    "SpectralComplexity": 0.9253731343283582,
    "OddToEvenHarmonicEnergyRatio": 0.049291570019100305,
    "Dissonance": 0.9776047206796976,
    "PitchSalience": 0.34143411741472973,
    "HNR": 0.7739054483542237,
    "NormalizeMethod": "ess_yeojohnson",
    "dco_brightness": 0.19377418864617635,
    "dco_richness": 0.30077298198098196,
    "dco_flatness": 0.30077298198098196,
    "dco_oddenergy": 0.9043833330963524,
    "dco_zcr": 0.2016028048315253
}