{
    "duration": 0.08163265138864517,
    "lossless": 1.0,
    "codec": "pcm_f32le",
    "bitrate": 1411200.0,
    "samplerate": 44100.0,
    "channels": 1.0,
    "audio_md5": "314828a98a951ac2a5c84b92bafcb4ab",
    "loudness": -13.742315292358398,
    "dynamic_range": 0.0,
    "temporal_centroid": 0.5902271270751953,
    "log_attack_time": -1.2832776308059692,
    "filesize": 14458,
    "single_event": false,
    "tonality": "D major",
    "tonality_confidence": 0.7683665752410889,
    "loop": false,
    "tempo": 0,
    "tempo_confidence": 0.0,
    "note_midi": 38,
    "note_name": "D2",
    "note_frequency": 73.42891693115234,
    "note_confidence": 0.9252254366874695,
    "hardness": 78.648502416279,
    "depth": 52.18153473271112,
    "brightness": 57.67965434647417,
    "roughness": 65.94853494291573,
    "warmth": 51.06546229007088,
    "sharpness": 51.196175507631224,
    "boominess": 28.95682642732853,
    "reverb": false,
    "name": "AKWF_vgame_0105.wav",
    "SpectralCentroid": 0.8135381400221962,
    "SpectralSpread": 0.8680808403398524,
    "SpectralKurtosis": 0.4259670585231774,
    "ZeroCrossingRate": 0.6763055176555212,
    "SpectralComplexity": 1.0,
    "OddToEvenHarmonicEnergyRatio": 0.5039418913568589,
    "Dissonance": 0.9290929449458257,
    "PitchSalience": 0.43909748990566727,
    "HNR": 0.7184089867751673,
    "NormalizeMethod": "ess_yeojohnson",
    "dco_brightness": 0.341950301395829,
    "dco_richness": 0.6205938026713368,
    "dco_flatness": 0.6205938026713368,
    "dco_oddenergy": 0.26541447841954147,
    "dco_zcr": 0.24477676146998018
}