{
    "duration": 0.08163265138864517,
    "lossless": 1.0,
    "codec": "pcm_f32le",
    "bitrate": 1411200.0,
    "samplerate": 44100.0,
    "channels": 1.0,
    "audio_md5": "777b6d5d39d339c29726cd8f0769bf63",
    "loudness": -12.0593900680542,
    "dynamic_range": 0.0,
    "temporal_centroid": 0.5831702351570129,
    "log_attack_time": -1.3793847560882568,
    "filesize": 14458,
    "single_event": false,
    "tonality": "D major",
    "tonality_confidence": 0.6361116170883179,
    "loop": false,
    "tempo": 0,
    "tempo_confidence": 0.0,
    "note_midi": 38,
    "note_name": "D2",
    "note_frequency": 73.42839813232422,
    "note_confidence": 0.9919923543930054,
    "hardness": 70.19718886273148,
    "depth": 59.971922250866896,
    "brightness": 52.868393407781234,
    "roughness": 59.00051787174129,
    "warmth": 53.03305540359012,
    "sharpness": 44.3827190129619,
    "boominess": 36.94641942868179,
    "reverb": false,
    "name": "AKWF_0531.wav",
    "SpectralCentroid": 0.6739572963084047,
    "SpectralSpread": 0.781135442392874,
    "SpectralKurtosis": 0.490203127214686,
    "ZeroCrossingRate": 0.23302718649526455,
    "SpectralComplexity": 1.0,
    "OddToEvenHarmonicEnergyRatio": 0.5427734507527618,
    "Dissonance": 0.9626833111509312,
    "PitchSalience": 0.45545870858954857,
    "HNR": 0.0,
    "NormalizeMethod": "ess_yeojohnson",
    "dco_brightness": 0.20865886423521376,
    "dco_richness": 0.5127694615236468,
    "dco_flatness": 0.5127694615236468,
    "dco_oddenergy": 0.2566478308314625,
    "dco_zcr": 0.06197413883311543
}