{
    "duration": 0.08163265138864517,
    "lossless": 1.0,
    "codec": "pcm_f32le",
    "bitrate": 1411200.0,
    "samplerate": 44100.0,
    "channels": 1.0,
    "audio_md5": "b7d2bac2d10e9e03a87bf5da04e25e3c",
    "loudness": -13.062286376953125,
    "dynamic_range": 0.0,
    "temporal_centroid": 0.5734111070632935,
    "log_attack_time": -1.3874804973602295,
    "filesize": 14458,
    "single_event": false,
    "tonality": "D major",
    "tonality_confidence": 0.2915283143520355,
    "loop": false,
    "tempo": 0,
    "tempo_confidence": 0.0,
    "note_midi": 38,
    "note_name": "D2",
    "note_frequency": 73.45338439941406,
    "note_confidence": 0.9804398417472839,
    "hardness": 34.310881359899,
    "depth": 63.55613708588372,
    "brightness": 36.41596098513821,
    "roughness": 32.64804174013716,
    "warmth": 61.16472621314163,
    "sharpness": 18.70278199868644,
    "boominess": 50.250291619452696,
    "reverb": false,
    "name": "AKWF_tri_0022.wav",
    "SpectralCentroid": 0.08713156139309584,
    "SpectralSpread": 0.034017457993195784,
    "SpectralKurtosis": 0.7173168690057293,
    "ZeroCrossingRate": 0.23302718649526455,
    "SpectralComplexity": 0.4925373134328358,
    "OddToEvenHarmonicEnergyRatio": 1.0,
    "Dissonance": 0.8864401533182287,
    "PitchSalience": 0.1214334678015495,
    "HNR": 0.4590122479000677,
    "NormalizeMethod": "ess_yeojohnson",
    "dco_brightness": 0.11192323946587752,
    "dco_richness": 0.19647250724121113,
    "dco_flatness": 0.19647250724121113,
    "dco_oddenergy": 0.0016270846046159138,
    "dco_zcr": 0.06197413883311543
}