{
    "duration": 0.08163265138864517,
    "lossless": 1.0,
    "codec": "pcm_f32le",
    "bitrate": 1411200.0,
    "samplerate": 44100.0,
    "channels": 1.0,
    "audio_md5": "d1590f415d3241e94118257cc18c0673",
    "loudness": -18.13053321838379,
    "dynamic_range": 0.0,
    "temporal_centroid": 0.599415123462677,
    "log_attack_time": -1.2618812322616577,
    "filesize": 14458,
    "single_event": false,
    "tonality": "D major",
    "tonality_confidence": 0.8490375876426697,
    "loop": false,
    "tempo": 0,
    "tempo_confidence": 0.0,
    "note_midi": 38,
    "note_name": "D2",
    "note_frequency": 73.42839813232422,
    "note_confidence": 0.9838123917579651,
    "hardness": 65.63443819858335,
    "depth": 43.41593954636406,
    "brightness": 57.678477176581545,
    "roughness": 69.59006805480851,
    "warmth": 53.49090621493122,
    "sharpness": 49.2909776556903,
    "boominess": 29.946797677121285,
    "reverb": false,
    "name": "AKWF_1264.wav",
    "SpectralCentroid": 0.6444686897875668,
    "SpectralSpread": 0.5189680292784308,
    "SpectralKurtosis": 0.5044801025274993,
    "ZeroCrossingRate": 0.4252420127794052,
    "SpectralComplexity": 1.0,
    "OddToEvenHarmonicEnergyRatio": 0.18758180158881263,
    "Dissonance": 0.9837822182129873,
    "PitchSalience": 0.7138998393025028,
    "HNR": 0.0,
    "NormalizeMethod": "ess_yeojohnson",
    "dco_brightness": 0.3335173295010119,
    "dco_richness": 0.5625207011992983,
    "dco_flatness": 0.5625207011992983,
    "dco_oddenergy": 0.7605350598400324,
    "dco_zcr": 0.14487511069267625
}