{
    "duration": 0.08163265138864517,
    "lossless": 1.0,
    "codec": "pcm_f32le",
    "bitrate": 1411200.0,
    "samplerate": 44100.0,
    "channels": 1.0,
    "audio_md5": "8e5286adfe2fdefc17cfc501e0210aa2",
    "loudness": -28.047340393066406,
    "dynamic_range": 0.0,
    "temporal_centroid": 0.6510117053985596,
    "log_attack_time": -1.2622413635253906,
    "filesize": 14458,
    "single_event": false,
    "tonality": "F major",
    "tonality_confidence": 0.6318735480308533,
    "loop": false,
    "tempo": 0,
    "tempo_confidence": 0.0,
    "note_midi": 38,
    "note_name": "D2",
    "note_frequency": 73.42839050292969,
    "note_confidence": 0.9238547086715698,
    "hardness": 78.10063177216358,
    "depth": 25.90973680717844,
    "brightness": 71.16955038569199,
    "roughness": 74.02494000167961,
    "warmth": 30.435915200285766,
    "sharpness": 59.58179390475088,
    "boominess": 12.702945919060692,
    "reverb": false,
    "name": "AKWF_0284.wav",
    "SpectralCentroid": 0.7570797564862886,
    "SpectralSpread": 0.44953358815558603,
    "SpectralKurtosis": 0.46133171037924275,
    "ZeroCrossingRate": 0.4252420127794052,
    "SpectralComplexity": 1.0,
    "OddToEvenHarmonicEnergyRatio": 0.27787138503900977,
    "Dissonance": 0.9992346779506145,
    "PitchSalience": 0.9937131589572462,
    "HNR": 0.0,
    "NormalizeMethod": "ess_yeojohnson",
    "dco_brightness": 0.5637456824263676,
    "dco_richness": 0.6455272386276434,
    "dco_flatness": 0.6455272386276434,
    "dco_oddenergy": 0.9800812081260123,
    "dco_zcr": 0.17544243846429197
}