{
    "duration": 0.08163265138864517,
    "lossless": 1.0,
    "codec": "pcm_f32le",
    "bitrate": 1411200.0,
    "samplerate": 44100.0,
    "channels": 1.0,
    "audio_md5": "fd426d1f1c2eba8cf301394162771ea0",
    "loudness": -14.1627197265625,
    "dynamic_range": 0.0,
    "temporal_centroid": 0.5934679508209229,
    "log_attack_time": -1.3016213178634644,
    "filesize": 14458,
    "single_event": false,
    "tonality": "D major",
    "tonality_confidence": 0.8284630179405212,
    "loop": false,
    "tempo": 0,
    "tempo_confidence": 0.0,
    "note_midi": 50,
    "note_name": "D3",
    "note_frequency": 147.7764129638672,
    "note_confidence": 0.8594627976417542,
    "hardness": 34.4982501024035,
    "depth": 59.98215927363107,
    "brightness": 28.122295486776604,
    "roughness": 45.20595763651895,
    "warmth": 69.54540112024344,
    "sharpness": 5.795625106754834,
    "boominess": 45.41268409621627,
    "reverb": false,
    "name": "AKWF_eorgan_0089.wav",
    "SpectralCentroid": 0.06935236109200087,
    "SpectralSpread": 0.004838009792324864,
    "SpectralKurtosis": 0.8968985026350057,
    "ZeroCrossingRate": 0.4252420127794052,
    "SpectralComplexity": 0.208955223880597,
    "OddToEvenHarmonicEnergyRatio": 0.03101951528394656,
    "Dissonance": 0.8538860680316089,
    "PitchSalience": 0.5814739301014376,
    "HNR": 0.8146110610217295,
    "NormalizeMethod": "ess_yeojohnson",
    "dco_brightness": 0.20622314477480658,
    "dco_richness": 0.2620620988233037,
    "dco_flatness": 0.2620620988233037,
    "dco_oddenergy": 0.9347180334126152,
    "dco_zcr": 0.14487511069267625
}