{
    "duration": 0.08163265138864517,
    "lossless": 1.0,
    "codec": "pcm_f32le",
    "bitrate": 1411200.0,
    "samplerate": 44100.0,
    "channels": 1.0,
    "audio_md5": "dbb6aec5523409cc2d56556059424678",
    "loudness": -13.416799545288086,
    "dynamic_range": 0.0,
    "temporal_centroid": 0.5883772373199463,
    "log_attack_time": -1.2899459600448608,
    "filesize": 14458,
    "single_event": false,
    "tonality": "D major",
    "tonality_confidence": 0.7580796480178833,
    "loop": false,
    "tempo": 0,
    "tempo_confidence": 0.0,
    "note_midi": 38,
    "note_name": "D2",
    "note_frequency": 73.42877960205078,
    "note_confidence": 0.9670591354370117,
    "hardness": 71.8274281206823,
    "depth": 52.11965630292452,
    "brightness": 54.618076762373406,
    "roughness": 67.64608107189434,
    "warmth": 54.00502277381521,
    "sharpness": 47.306208382844076,
    "boominess": 33.85450002539552,
    "reverb": false,
    "name": "AKWF_0663.wav",
    "SpectralCentroid": 0.7397115969605772,
    "SpectralSpread": 0.8248373052747752,
    "SpectralKurtosis": 0.4630117641959562,
    "ZeroCrossingRate": 0.568873868296057,
    "SpectralComplexity": 1.0,
    "OddToEvenHarmonicEnergyRatio": 0.31612816389584747,
    "Dissonance": 0.9630876707660835,
    "PitchSalience": 0.7371604750919956,
    "HNR": 0.7671294897835804,
    "NormalizeMethod": "ess_yeojohnson",
    "dco_brightness": 0.2911343878383251,
    "dco_richness": 0.5784513681979753,
    "dco_flatness": 0.5784513681979753,
    "dco_oddenergy": 0.48792548782238865,
    "dco_zcr": 0.2016028048315253
}