{
    "duration": 0.08163265138864517,
    "lossless": 1.0,
    "codec": "pcm_f32le",
    "bitrate": 1411200.0,
    "samplerate": 44100.0,
    "channels": 1.0,
    "audio_md5": "0fc67783354532a3794b2851b5b35717",
    "loudness": -13.125182151794434,
    "dynamic_range": 0.0,
    "temporal_centroid": 0.5781376957893372,
    "log_attack_time": -1.3858013153076172,
    "filesize": 14458,
    "single_event": false,
    "tonality": "D# major",
    "tonality_confidence": 0.6334047913551331,
    "loop": false,
    "tempo": 0,
    "tempo_confidence": 0.0,
    "note_midi": 38,
    "note_name": "D2",
    "note_frequency": 73.43769073486328,
    "note_confidence": 0.9878778457641602,
    "hardness": 28.328493126442496,
    "depth": 54.890761681868284,
    "brightness": 35.74473186890637,
    "roughness": 0,
    "warmth": 46.75826667681024,
    "sharpness": 28.41335623349802,
    "boominess": 58.981632611288646,
    "reverb": false,
    "name": "AKWF_sin8bit.wav",
    "SpectralCentroid": 0.41423853728153276,
    "SpectralSpread": 0.6792007542448036,
    "SpectralKurtosis": 0.5558062394521279,
    "ZeroCrossingRate": 0.23302718649526455,
    "SpectralComplexity": 0.6268656716417911,
    "OddToEvenHarmonicEnergyRatio": 1.0,
    "Dissonance": 0.8535391093935715,
    "PitchSalience": 0.002054179372857112,
    "HNR": 0.0,
    "NormalizeMethod": "ess_yeojohnson",
    "dco_brightness": 0.10905909381230408,
    "dco_richness": 0.3121439403720493,
    "dco_flatness": 0.3121439403720493,
    "dco_oddenergy": 6.652203240198329e-05,
    "dco_zcr": 0.06197413883311543
}