{
    "duration": 0.08163265138864517,
    "lossless": 1.0,
    "codec": "pcm_f32le",
    "bitrate": 1411200.0,
    "samplerate": 44100.0,
    "channels": 1.0,
    "audio_md5": "2df35dbf58b348392b698c2a4f560dbb",
    "loudness": -17.063037872314453,
    "dynamic_range": 0.0,
    "temporal_centroid": 0.5964500904083252,
    "log_attack_time": -1.2051059007644653,
    "filesize": 14458,
    "single_event": false,
    "tonality": "D major",
    "tonality_confidence": 0.8959547877311707,
    "loop": false,
    "tempo": 0,
    "tempo_confidence": 0.0,
    "note_midi": 38,
    "note_name": "D2",
    "note_frequency": 73.43233489990234,
    "note_confidence": 0.9823172092437744,
    "hardness": 39.65010956327082,
    "depth": 56.7967547413232,
    "brightness": 39.32987623957481,
    "roughness": 49.73674712676401,
    "warmth": 68.0132598352901,
    "sharpness": 20.04757300540112,
    "boominess": 44.90909396753041,
    "reverb": false,
    "name": "AKWF_linear_0057.wav",
    "SpectralCentroid": 0.16944861905048558,
    "SpectralSpread": 0.1053097916593714,
    "SpectralKurtosis": 0.7082713013481486,
    "ZeroCrossingRate": 0.4252420127794052,
    "SpectralComplexity": 0.8208955223880597,
    "OddToEvenHarmonicEnergyRatio": 0.22045526194219917,
    "Dissonance": 0.8627088243171253,
    "PitchSalience": 0.5730427090602552,
    "HNR": 0.0,
    "NormalizeMethod": "ess_yeojohnson",
    "dco_brightness": 0.1919427325952247,
    "dco_richness": 0.3038149073321531,
    "dco_flatness": 0.3038149073321531,
    "dco_oddenergy": 0.5929323027614193,
    "dco_zcr": 0.14487511069267625
}