{
    "duration": 0.08163265138864517,
    "lossless": 1.0,
    "codec": "pcm_f32le",
    "bitrate": 1411200.0,
    "samplerate": 44100.0,
    "channels": 1.0,
    "audio_md5": "d1140fb481759dce61bf0f58d37e72b8",
    "loudness": -25.69451332092285,
    "dynamic_range": 0.0,
    "temporal_centroid": 0.6521520018577576,
    "log_attack_time": -1.2559821605682373,
    "filesize": 14458,
    "single_event": false,
    "tonality": "D major",
    "tonality_confidence": 0.8149936199188232,
    "loop": false,
    "tempo": 0,
    "tempo_confidence": 0.0,
    "note_midi": 38,
    "note_name": "D2",
    "note_frequency": 73.42835235595703,
    "note_confidence": 0.899664580821991,
    "hardness": 80.53817295593922,
    "depth": 27.796526750489477,
    "brightness": 87.41606831232329,
    "roughness": 85.586884113379,
    "warmth": 17.585763317525643,
    "sharpness": 74.72015518855036,
    "boominess": 16.72660653209671,
    "reverb": false,
    "name": "AKWF_0563.wav",
    "SpectralCentroid": 0.9902594521638768,
    "SpectralSpread": 0.9390518931695642,
    "SpectralKurtosis": 0.14955647967610544,
    "ZeroCrossingRate": 0.8654393910830042,
    "SpectralComplexity": 1.0,
    "OddToEvenHarmonicEnergyRatio": 0.2630968409267424,
    "Dissonance": 0.9958763196389822,
    "PitchSalience": 0.876467203005433,
    "HNR": 0.0,
    "NormalizeMethod": "ess_yeojohnson",
    "dco_brightness": 0.8741558514320217,
    "dco_richness": 0.8346027488392809,
    "dco_flatness": 0.8346027488392809,
    "dco_oddenergy": 0.9755042353768055,
    "dco_zcr": 0.45735623790958263
}