{
    "duration": 0.08163265138864517,
    "lossless": 1.0,
    "codec": "pcm_f32le",
    "bitrate": 1411200.0,
    "samplerate": 44100.0,
    "channels": 1.0,
    "audio_md5": "72945582f7809d2f8e9992a2f18af01d",
    "loudness": -17.27849006652832,
    "dynamic_range": 0.0,
    "temporal_centroid": 0.6003201007843018,
    "log_attack_time": -1.2780156135559082,
    "filesize": 14458,
    "single_event": false,
    "tonality": "D minor",
    "tonality_confidence": 0.7937818765640259,
    "loop": false,
    "tempo": 0,
    "tempo_confidence": 0.0,
    "note_midi": 38,
    "note_name": "D2",
    "note_frequency": 73.43677520751953,
    "note_confidence": 0.9054473042488098,
    "hardness": 57.4189704904434,
    "depth": 51.55221612683874,
    "brightness": 45.992509570220165,
    "roughness": 54.984793131226354,
    "warmth": 59.812478688020576,
    "sharpness": 36.51271773211785,
    "boominess": 39.01133689815656,
    "reverb": false,
    "name": "AKWF_overtone_0025.wav",
    "SpectralCentroid": 0.45293727123975175,
    "SpectralSpread": 0.5264694489634139,
    "SpectralKurtosis": 0.5731118806396189,
    "ZeroCrossingRate": 0.4252420127794052,
    "SpectralComplexity": 0.835820895522388,
    "OddToEvenHarmonicEnergyRatio": 0.19673270135113763,
    "Dissonance": 0.8913866296421855,
    "PitchSalience": 0.4092037453030539,
    "HNR": 0.0,
    "NormalizeMethod": "ess_yeojohnson",
    "dco_brightness": 0.23350731799274405,
    "dco_richness": 0.4265667323614985,
    "dco_flatness": 0.4265667323614985,
    "dco_oddenergy": 0.6529539215552982,
    "dco_zcr": 0.14487511069267625
}