{
    "duration": 0.08163265138864517,
    "lossless": 1.0,
    "codec": "pcm_f32le",
    "bitrate": 1411200.0,
    "samplerate": 44100.0,
    "channels": 1.0,
    "audio_md5": "d8ec70deb4c0956f77e7e8390cc4c808",
    "loudness": -11.646646499633789,
    "dynamic_range": 0.0,
    "temporal_centroid": 0.5654414892196655,
    "log_attack_time": -1.4084054231643677,
    "filesize": 14458,
    "single_event": false,
    "tonality": "A major",
    "tonality_confidence": 0.39530012011528015,
    "loop": false,
    "tempo": 0,
    "tempo_confidence": 0.0,
    "note_midi": 38,
    "note_name": "D2",
    "note_frequency": 73.43220520019531,
    "note_confidence": 0.9510610699653625,
    "hardness": 61.18033584717773,
    "depth": 62.00182582611917,
    "brightness": 50.876172851901956,
    "roughness": 52.368561874326126,
    "warmth": 58.08457585988211,
    "sharpness": 41.175407598837744,
    "boominess": 38.98441370372972,
    "reverb": false,
    "name": "AKWF_1143.wav",
    "SpectralCentroid": 0.4635725170442363,
    "SpectralSpread": 0.42459472428033546,
    "SpectralKurtosis": 0.5642634608949714,
    "ZeroCrossingRate": 0.23302718649526455,
    "SpectralComplexity": 1.0,
    "OddToEvenHarmonicEnergyRatio": 0.9928650532305832,
    "Dissonance": 0.9660214660690936,
    "PitchSalience": 0.42474601164411874,
    "HNR": 0.0,
    "NormalizeMethod": "ess_yeojohnson",
    "dco_brightness": 0.15679326380308076,
    "dco_richness": 0.4157291723404188,
    "dco_flatness": 0.4157291723404188,
    "dco_oddenergy": 0.0322242913017895,
    "dco_zcr": 0.06197413883311543
}