{
    "duration": 0.08163265138864517,
    "lossless": 1.0,
    "codec": "pcm_f32le",
    "bitrate": 1411200.0,
    "samplerate": 44100.0,
    "channels": 1.0,
    "audio_md5": "ea7b4f5fcb2678f8e212b17ca27b36d4",
    "loudness": -19.025054931640625,
    "dynamic_range": 0.0,
    "temporal_centroid": 0.62727290391922,
    "log_attack_time": -1.2611619234085083,
    "filesize": 14458,
    "single_event": false,
    "tonality": "D major",
    "tonality_confidence": 0.8557336330413818,
    "loop": false,
    "tempo": 0,
    "tempo_confidence": 0.0,
    "note_midi": 38,
    "note_name": "D2",
    "note_frequency": 73.42930603027344,
    "note_confidence": 0.8617938756942749,
    "hardness": 77.12845886632434,
    "depth": 46.42170476182156,
    "brightness": 59.64825522065175,
    "roughness": 74.35580058045471,
    "warmth": 44.745659340311015,
    "sharpness": 49.31009107764566,
    "boominess": 29.298846695534635,
    "reverb": false,
    "name": "AKWF_0995.wav",
    "SpectralCentroid": 0.8005948764590537,
    "SpectralSpread": 0.8745423387472244,
    "SpectralKurtosis": 0.4321681040296864,
    "ZeroCrossingRate": 0.23302718649526455,
    "SpectralComplexity": 1.0,
    "OddToEvenHarmonicEnergyRatio": 0.2782210979633354,
    "Dissonance": 0.974086704504146,
    "PitchSalience": 0.7590811014858548,
    "HNR": 0.0,
    "NormalizeMethod": "ess_yeojohnson",
    "dco_brightness": 0.3541422773054166,
    "dco_richness": 0.6288387985707402,
    "dco_flatness": 0.6288387985707402,
    "dco_oddenergy": 0.6139014847035922,
    "dco_zcr": 0.06197413883311543
}