{
    "duration": 0.08163265138864517,
    "lossless": 1.0,
    "codec": "pcm_f32le",
    "bitrate": 1411200.0,
    "samplerate": 44100.0,
    "channels": 1.0,
    "audio_md5": "ef78e4af75625256bbda011e65436ff9",
    "loudness": -17.294010162353516,
    "dynamic_range": 0.0,
    "temporal_centroid": 0.582145631313324,
    "log_attack_time": -1.3312042951583862,
    "filesize": 14458,
    "single_event": false,
    "tonality": "D minor",
    "tonality_confidence": 0.747623085975647,
    "loop": false,
    "tempo": 0,
    "tempo_confidence": 0.0,
    "note_midi": 38,
    "note_name": "D2",
    "note_frequency": 73.42835235595703,
    "note_confidence": 0.9706143140792847,
    "hardness": 34.468704997036184,
    "depth": 69.11639324450739,
    "brightness": 35.13153641372774,
    "roughness": 48.30366975900491,
    "warmth": 74.0533406976207,
    "sharpness": 10.40659835472744,
    "boominess": 49.00103747241301,
    "reverb": false,
    "name": "AKWF_1313.wav",
    "SpectralCentroid": 0.04595082002230282,
    "SpectralSpread": 0.016193836948350887,
    "SpectralKurtosis": 0.769630909151908,
    "ZeroCrossingRate": 0.23302718649526455,
    "SpectralComplexity": 0.7910447761194029,
    "OddToEvenHarmonicEnergyRatio": 0.02415739803572773,
    "Dissonance": 0.9885206068778478,
    "PitchSalience": 0.4757757724047568,
    "HNR": 0.2518784186381646,
    "NormalizeMethod": "ess_yeojohnson",
    "dco_brightness": 0.05260373339932822,
    "dco_richness": 0.2509335586864233,
    "dco_flatness": 0.2509335586864233,
    "dco_oddenergy": 0.7633611716506628,
    "dco_zcr": 0.06197413883311543
}