{
    "duration": 0.08163265138864517,
    "lossless": 1.0,
    "codec": "pcm_f32le",
    "bitrate": 1411200.0,
    "samplerate": 44100.0,
    "channels": 1.0,
    "audio_md5": "2f34628805d426737c6c69889bd09920",
    "loudness": -14.553062438964844,
    "dynamic_range": 0.0,
    "temporal_centroid": 0.5881876349449158,
    "log_attack_time": -1.307378888130188,
    "filesize": 14458,
    "single_event": false,
    "tonality": "D major",
    "tonality_confidence": 0.6624228358268738,
    "loop": false,
    "tempo": 0,
    "tempo_confidence": 0.0,
    "note_midi": 38,
    "note_name": "D2",
    "note_frequency": 73.42932891845703,
    "note_confidence": 0.9856931567192078,
    "hardness": 56.584805924206904,
    "depth": 54.09212806396381,
    "brightness": 48.013067192891626,
    "roughness": 55.88082992548446,
    "warmth": 57.504580173682555,
    "sharpness": 46.0369912691646,
    "boominess": 44.67226732910798,
    "reverb": false,
    "name": "AKWF_oscchip_0141.wav",
    "SpectralCentroid": 0.4527460368190811,
    "SpectralSpread": 0.4717532714862804,
    "SpectralKurtosis": 0.5352114382173535,
    "ZeroCrossingRate": 0.23302718649526455,
    "SpectralComplexity": 1.0,
    "OddToEvenHarmonicEnergyRatio": 0.313918110385478,
    "Dissonance": 0.9374173994833767,
    "PitchSalience": 0.47231157534272183,
    "HNR": 0.7142420699731439,
    "NormalizeMethod": "ess_yeojohnson",
    "dco_brightness": 0.1471505933503803,
    "dco_richness": 0.440207310675155,
    "dco_flatness": 0.440207310675155,
    "dco_oddenergy": 0.3573478781415741,
    "dco_zcr": 0.06197413883311543
}