{
    "duration": 0.08163265138864517,
    "lossless": 1.0,
    "codec": "pcm_f32le",
    "bitrate": 1411200.0,
    "samplerate": 44100.0,
    "channels": 1.0,
    "audio_md5": "26ef15791f558001e9f3f17c88846a44",
    "loudness": -13.448573112487793,
    "dynamic_range": 0.0,
    "temporal_centroid": 0.6190776228904724,
    "log_attack_time": -1.2649518251419067,
    "filesize": 14458,
    "single_event": false,
    "tonality": "D major",
    "tonality_confidence": 0.603165864944458,
    "loop": false,
    "tempo": 0,
    "tempo_confidence": 0.0,
    "note_midi": 38,
    "note_name": "D2",
    "note_frequency": 73.42839050292969,
    "note_confidence": 0.9286466836929321,
    "hardness": 85.22644345261779,
    "depth": 33.264953703694744,
    "brightness": 64.31652636521417,
    "roughness": 79.14382149518374,
    "warmth": 34.58345150974228,
    "sharpness": 54.61388676613457,
    "boominess": 20.942895629857432,
    "reverb": false,
    "name": "AKWF_1013.wav",
    "SpectralCentroid": 0.861424202229312,
    "SpectralSpread": 0.8972068248185784,
    "SpectralKurtosis": 0.39656749666705504,
    "ZeroCrossingRate": 0.4252420127794052,
    "SpectralComplexity": 1.0,
    "OddToEvenHarmonicEnergyRatio": 0.41550845929898933,
    "Dissonance": 0.9796172558277673,
    "PitchSalience": 0.938593068702317,
    "HNR": 0.9092598519757671,
    "NormalizeMethod": "ess_yeojohnson",
    "dco_brightness": 0.4533296239665171,
    "dco_richness": 0.6761534152763349,
    "dco_flatness": 0.6761534152763349,
    "dco_oddenergy": 0.6925864378493929,
    "dco_zcr": 0.14487511069267625
}