{
    "duration": 0.08163265138864517,
    "lossless": 1.0,
    "codec": "pcm_f32le",
    "bitrate": 1411200.0,
    "samplerate": 44100.0,
    "channels": 1.0,
    "audio_md5": "252d1f401a50df7fce96820cea6c7502",
    "loudness": -16.365013122558594,
    "dynamic_range": 0.0,
    "temporal_centroid": 0.6364936828613281,
    "log_attack_time": -1.2600852251052856,
    "filesize": 14458,
    "single_event": false,
    "tonality": "D major",
    "tonality_confidence": 0.7901069521903992,
    "loop": false,
    "tempo": 0,
    "tempo_confidence": 0.0,
    "note_midi": 38,
    "note_name": "D2",
    "note_frequency": 73.42839813232422,
    "note_confidence": 0.9999893307685852,
    "hardness": 73.64038894866431,
    "depth": 55.569484025171235,
    "brightness": 58.484337411114076,
    "roughness": 69.41146512801373,
    "warmth": 49.210497211199325,
    "sharpness": 49.875454222097034,
    "boominess": 34.11970804814544,
    "reverb": false,
    "name": "AKWF_hdrawn_0021.wav",
    "SpectralCentroid": 0.7731495650465731,
    "SpectralSpread": 0.8667501177275188,
    "SpectralKurtosis": 0.4432732494586399,
    "ZeroCrossingRate": 0.8170126148854899,
    "SpectralComplexity": 1.0,
    "OddToEvenHarmonicEnergyRatio": 0.24826884681256164,
    "Dissonance": 0.9913960530300422,
    "PitchSalience": 0.679940429778363,
    "HNR": 0.0,
    "NormalizeMethod": "ess_yeojohnson",
    "dco_brightness": 0.2727773015294473,
    "dco_richness": 0.6023562911023043,
    "dco_flatness": 0.6023562911023043,
    "dco_oddenergy": 0.5175677785689956,
    "dco_zcr": 0.36630846112096055
}