{
    "duration": 0.08163265138864517,
    "lossless": 1.0,
    "codec": "pcm_f32le",
    "bitrate": 1411200.0,
    "samplerate": 44100.0,
    "channels": 1.0,
    "audio_md5": "ef44239261edc700fcdac1f13556836a",
    "loudness": -17.47088623046875,
    "dynamic_range": 0.0,
    "temporal_centroid": 0.594782829284668,
    "log_attack_time": -1.1867080926895142,
    "filesize": 14458,
    "single_event": false,
    "tonality": "D minor",
    "tonality_confidence": 0.8007846474647522,
    "loop": false,
    "tempo": 0,
    "tempo_confidence": 0.0,
    "note_midi": 38,
    "note_name": "D2",
    "note_frequency": 73.42839813232422,
    "note_confidence": 0.9082655906677246,
    "hardness": 73.4023708007164,
    "depth": 53.07912699275015,
    "brightness": 60.00964287900197,
    "roughness": 68.04344993798128,
    "warmth": 47.86913334469223,
    "sharpness": 49.41989149011738,
    "boominess": 29.91531048387016,
    "reverb": false,
    "name": "AKWF_bsaw_0006.wav",
    "SpectralCentroid": 0.5909034912097197,
    "SpectralSpread": 0.40689172301044474,
    "SpectralKurtosis": 0.4982102004590015,
    "ZeroCrossingRate": 0.23302718649526455,
    "SpectralComplexity": 1.0,
    "OddToEvenHarmonicEnergyRatio": 0.15434769165147993,
    "Dissonance": 0.9851214770970831,
    "PitchSalience": 0.6649097089166256,
    "HNR": 0.0,
    "NormalizeMethod": "ess_yeojohnson",
    "dco_brightness": 0.31254485923000047,
    "dco_richness": 0.5557160583213918,
    "dco_flatness": 0.5557160583213918,
    "dco_oddenergy": 0.44246864332861346,
    "dco_zcr": 0.06197413883311543
}