{
    "duration": 0.08163265138864517,
    "lossless": 1.0,
    "codec": "pcm_f32le",
    "bitrate": 1411200.0,
    "samplerate": 44100.0,
    "channels": 1.0,
    "audio_md5": "ea8232c9aaaa0bdf5de652aee2f5f585",
    "loudness": -13.260228157043457,
    "dynamic_range": 0.0,
    "temporal_centroid": 0.5772768259048462,
    "log_attack_time": -1.3865201473236084,
    "filesize": 14458,
    "single_event": false,
    "tonality": "D major",
    "tonality_confidence": 0.7936524152755737,
    "loop": false,
    "tempo": 0,
    "tempo_confidence": 0.0,
    "note_midi": 38,
    "note_name": "D2",
    "note_frequency": 73.45467376708984,
    "note_confidence": 0.9851303696632385,
    "hardness": 25.36992105272381,
    "depth": 63.70359298716316,
    "brightness": 27.39997866944892,
    "roughness": 35.57262054917617,
    "warmth": 57.495927607552005,
    "sharpness": 8.837079039183944,
    "boominess": 58.72779579341963,
    "reverb": false,
    "name": "AKWF_tannerin_0003.wav",
    "SpectralCentroid": 0.0530546857332498,
    "SpectralSpread": 0.025436064169928996,
    "SpectralKurtosis": 0.7899075921890958,
    "ZeroCrossingRate": 0.23302718649526455,
    "SpectralComplexity": 0.8059701492537313,
    "OddToEvenHarmonicEnergyRatio": 1.0,
    "Dissonance": 0.9720689908689414,
    "PitchSalience": 0.009172930088407914,
    "HNR": 0.055757347134079184,
    "NormalizeMethod": "ess_yeojohnson",
    "dco_brightness": 0.10831283160656378,
    "dco_richness": 0.10155582007792568,
    "dco_flatness": 0.10155582007792568,
    "dco_oddenergy": 0.0005901581759605312,
    "dco_zcr": 0.06197413883311543
}