{
    "duration": 0.08163265138864517,
    "lossless": 1.0,
    "codec": "pcm_f32le",
    "bitrate": 1411200.0,
    "samplerate": 44100.0,
    "channels": 1.0,
    "audio_md5": "e6d914c353c63ee65e1501ce49bb56ad",
    "loudness": -12.732548713684082,
    "dynamic_range": 0.0,
    "temporal_centroid": 0.5828710794448853,
    "log_attack_time": -1.289754033088684,
    "filesize": 14458,
    "single_event": false,
    "tonality": "D major",
    "tonality_confidence": 0.8209684491157532,
    "loop": false,
    "tempo": 0,
    "tempo_confidence": 0.0,
    "note_midi": 38,
    "note_name": "D2",
    "note_frequency": 73.42953491210938,
    "note_confidence": 0.9358528256416321,
    "hardness": 70.97069326415871,
    "depth": 60.31284745537053,
    "brightness": 52.41749767730164,
    "roughness": 61.07799715344572,
    "warmth": 54.59705537969637,
    "sharpness": 45.643463897007265,
    "boominess": 36.9422015804268,
    "reverb": false,
    "name": "AKWF_vgame_0127.wav",
    "SpectralCentroid": 0.7219628082103728,
    "SpectralSpread": 0.8234386967842015,
    "SpectralKurtosis": 0.462265542543006,
    "ZeroCrossingRate": 0.4252420127794052,
    "SpectralComplexity": 1.0,
    "OddToEvenHarmonicEnergyRatio": 0.2728549553033793,
    "Dissonance": 0.9181407364012928,
    "PitchSalience": 0.4112974261569936,
    "HNR": 0.0,
    "NormalizeMethod": "ess_yeojohnson",
    "dco_brightness": 0.2165872543066165,
    "dco_richness": 0.5364081940738894,
    "dco_flatness": 0.5364081940738894,
    "dco_oddenergy": 0.5135644813788818,
    "dco_zcr": 0.14487511069267625
}