{
    "duration": 0.08163265138864517,
    "lossless": 1.0,
    "codec": "pcm_f32le",
    "bitrate": 1411200.0,
    "samplerate": 44100.0,
    "channels": 1.0,
    "audio_md5": "87e177a6dd7bec0192b8ea3a0ef47d5d",
    "loudness": -16.085922241210938,
    "dynamic_range": 0.0,
    "temporal_centroid": 0.5904384851455688,
    "log_attack_time": -1.3618165254592896,
    "filesize": 14458,
    "single_event": false,
    "tonality": "D major",
    "tonality_confidence": 0.8815079927444458,
    "loop": false,
    "tempo": 0,
    "tempo_confidence": 0.0,
    "note_midi": 38,
    "note_name": "D2",
    "note_frequency": 73.42842102050781,
    "note_confidence": 0.9988222122192383,
    "hardness": 59.238046768433236,
    "depth": 58.120708665844234,
    "brightness": 56.31365755219247,
    "roughness": 66.01485857025145,
    "warmth": 53.666141985183536,
    "sharpness": 46.515311791777656,
    "boominess": 34.308724575745174,
    "reverb": false,
    "name": "AKWF_saw_0025.wav",
    "SpectralCentroid": 0.5117027873375626,
    "SpectralSpread": 0.3145272296077317,
    "SpectralKurtosis": 0.4905816908526986,
    "ZeroCrossingRate": 0.23302718649526455,
    "SpectralComplexity": 1.0,
    "OddToEvenHarmonicEnergyRatio": 0.4273643426991145,
    "Dissonance": 0.9922720925931005,
    "PitchSalience": 0.6174824333184569,
    "HNR": 0.0,
    "NormalizeMethod": "ess_yeojohnson",
    "dco_brightness": 0.24558828570233623,
    "dco_richness": 0.5150123224302694,
    "dco_flatness": 0.5150123224302694,
    "dco_oddenergy": 0.35647819251959834,
    "dco_zcr": 0.10810914741925219
}