{
    "duration": 0.08163265138864517,
    "lossless": 1.0,
    "codec": "pcm_f32le",
    "bitrate": 1411200.0,
    "samplerate": 44100.0,
    "channels": 1.0,
    "audio_md5": "00541edecae07fd4b9f5b4d2f880066e",
    "loudness": -13.703436851501465,
    "dynamic_range": 0.0,
    "temporal_centroid": 0.5859516263008118,
    "log_attack_time": -1.2924491167068481,
    "filesize": 14458,
    "single_event": false,
    "tonality": "D major",
    "tonality_confidence": 0.7180401682853699,
    "loop": false,
    "tempo": 0,
    "tempo_confidence": 0.0,
    "note_midi": 38,
    "note_name": "D2",
    "note_frequency": 73.44503021240234,
    "note_confidence": 0.9304905533790588,
    "hardness": 30.421282345210017,
    "depth": 58.76572066653714,
    "brightness": 30.6201594294569,
    "roughness": 49.673772037824044,
    "warmth": 74.43635264233023,
    "sharpness": 3.372728338475767,
    "boominess": 45.82620698278626,
    "reverb": false,
    "name": "AKWF_1156.wav",
    "SpectralCentroid": 0.08164416625783977,
    "SpectralSpread": 0.005530170002966525,
    "SpectralKurtosis": 0.8639537924843597,
    "ZeroCrossingRate": 0.568873868296057,
    "SpectralComplexity": 0.44776119402985076,
    "OddToEvenHarmonicEnergyRatio": 0.5119673953941479,
    "Dissonance": 0.8105790365504916,
    "PitchSalience": 0.5962584300936681,
    "HNR": 0.6254744840482607,
    "NormalizeMethod": "ess_yeojohnson",
    "dco_brightness": 0.20477774206578322,
    "dco_richness": 0.2857467937481087,
    "dco_flatness": 0.2857467937481087,
    "dco_oddenergy": 0.22346534987492217,
    "dco_zcr": 0.2016028048315253
}