{
    "duration": 0.08163265138864517,
    "lossless": 1.0,
    "codec": "pcm_f32le",
    "bitrate": 1411200.0,
    "samplerate": 44100.0,
    "channels": 1.0,
    "audio_md5": "ca648ba15ce73d7ab9d33f6f43bd4e8d",
    "loudness": -11.337835311889648,
    "dynamic_range": 0.0,
    "temporal_centroid": 0.5574536919593811,
    "log_attack_time": -1.567434310913086,
    "filesize": 14458,
    "single_event": false,
    "tonality": "A major",
    "tonality_confidence": 0.4759026765823364,
    "loop": false,
    "tempo": 0,
    "tempo_confidence": 0.0,
    "note_midi": 38,
    "note_name": "D2",
    "note_frequency": 73.42839813232422,
    "note_confidence": 0.9584542512893677,
    "hardness": 71.96783382969033,
    "depth": 60.73157471887929,
    "brightness": 57.4487119177802,
    "roughness": 56.76963955991593,
    "warmth": 49.21711669607569,
    "sharpness": 48.68166481649976,
    "boominess": 35.32684757582949,
    "reverb": false,
    "name": "AKWF_squ_0001.wav",
    "SpectralCentroid": 0.7146960289028855,
    "SpectralSpread": 0.7836281331841429,
    "SpectralKurtosis": 0.4700691505026541,
    "ZeroCrossingRate": 0.23302718649526455,
    "SpectralComplexity": 0.7313432835820896,
    "OddToEvenHarmonicEnergyRatio": 1.0,
    "Dissonance": 0.9441074213701431,
    "PitchSalience": 0.4874640336841638,
    "HNR": 0.0,
    "NormalizeMethod": "ess_yeojohnson",
    "dco_brightness": 0.20835275584386154,
    "dco_richness": 0.531485302575885,
    "dco_flatness": 0.531485302575885,
    "dco_oddenergy": 0.06453822187790548,
    "dco_zcr": 0.06197413883311543
}