{
    "duration": 0.08163265138864517,
    "lossless": 1.0,
    "codec": "pcm_f32le",
    "bitrate": 1411200.0,
    "samplerate": 44100.0,
    "channels": 1.0,
    "audio_md5": "c6801ed090e2bbc704a89917113c8f63",
    "loudness": -11.831068992614746,
    "dynamic_range": 0.0,
    "temporal_centroid": 0.5565810203552246,
    "log_attack_time": -1.6006834506988525,
    "filesize": 14458,
    "single_event": false,
    "tonality": "D minor",
    "tonality_confidence": 0.7699244022369385,
    "loop": false,
    "tempo": 0,
    "tempo_confidence": 0.0,
    "note_midi": 38,
    "note_name": "D2",
    "note_frequency": 73.43097686767578,
    "note_confidence": 0.9647123217582703,
    "hardness": 55.58514291479955,
    "depth": 60.56535068474389,
    "brightness": 52.24130490168165,
    "roughness": 58.64517308983449,
    "warmth": 56.824433352479005,
    "sharpness": 31.617894993773366,
    "boominess": 37.38361141976954,
    "reverb": false,
    "name": "AKWF_c604_0004.wav",
    "SpectralCentroid": 0.23017572374966133,
    "SpectralSpread": 0.07741052242409548,
    "SpectralKurtosis": 0.7178972143645022,
    "ZeroCrossingRate": 0.23302718649526455,
    "SpectralComplexity": 0.7313432835820896,
    "OddToEvenHarmonicEnergyRatio": 0.5099695390828579,
    "Dissonance": 0.9788340643509444,
    "PitchSalience": 0.43898781920255736,
    "HNR": 0.0,
    "NormalizeMethod": "ess_yeojohnson",
    "dco_brightness": 0.1800825383397067,
    "dco_richness": 0.42489030587203136,
    "dco_flatness": 0.42489030587203136,
    "dco_oddenergy": 0.19819138913326473,
    "dco_zcr": 0.06197413883311543
}