{
    "duration": 0.08163265138864517,
    "lossless": 1.0,
    "codec": "pcm_f32le",
    "bitrate": 1411200.0,
    "samplerate": 44100.0,
    "channels": 1.0,
    "audio_md5": "bc98f9c747e8cbe37cc3873e26787fa2",
    "loudness": -15.54038143157959,
    "dynamic_range": 0.0,
    "temporal_centroid": 0.5872735381126404,
    "log_attack_time": -1.314024806022644,
    "filesize": 14458,
    "single_event": false,
    "tonality": "D# minor",
    "tonality_confidence": 0.5481678247451782,
    "loop": false,
    "tempo": 0,
    "tempo_confidence": 0.0,
    "note_midi": 38,
    "note_name": "D2",
    "note_frequency": 73.43257141113281,
    "note_confidence": 0.9865841269493103,
    "hardness": 46.951470016106555,
    "depth": 54.63533952437843,
    "brightness": 44.29574077850016,
    "roughness": 45.4583121678743,
    "warmth": 52.30524691437465,
    "sharpness": 39.54933830466572,
    "boominess": 45.95389533914563,
    "reverb": false,
    "name": "AKWF_1805.wav",
    "SpectralCentroid": 0.454155682488358,
    "SpectralSpread": 0.6218570953600596,
    "SpectralKurtosis": 0.5554110748927912,
    "ZeroCrossingRate": 0.23302718649526455,
    "SpectralComplexity": 0.7164179104477612,
    "OddToEvenHarmonicEnergyRatio": 0.8075086688994758,
    "Dissonance": 0.9565918056786561,
    "PitchSalience": 0.20181374208137492,
    "HNR": 0.9013329128657439,
    "NormalizeMethod": "ess_yeojohnson",
    "dco_brightness": 0.12136225343625649,
    "dco_richness": 0.37714931709268307,
    "dco_flatness": 0.37714931709268307,
    "dco_oddenergy": 0.03940324869902723,
    "dco_zcr": 0.06197413883311543
}