{
    "duration": 0.08163265138864517,
    "lossless": 1.0,
    "codec": "pcm_f32le",
    "bitrate": 1411200.0,
    "samplerate": 44100.0,
    "channels": 1.0,
    "audio_md5": "4bea2151a34956d75bd1532391971892",
    "loudness": -12.758749008178711,
    "dynamic_range": 0.0,
    "temporal_centroid": 0.5755603313446045,
    "log_attack_time": -1.3979400396347046,
    "filesize": 14458,
    "single_event": false,
    "tonality": "D# minor",
    "tonality_confidence": 0.713965117931366,
    "loop": false,
    "tempo": 0,
    "tempo_confidence": 0.0,
    "note_midi": 38,
    "note_name": "D2",
    "note_frequency": 73.45390319824219,
    "note_confidence": 0.9847154021263123,
    "hardness": 23.604407783169663,
    "depth": 54.829522617339805,
    "brightness": 23.378675891264685,
    "roughness": 24.368937406843905,
    "warmth": 59.95074494102785,
    "sharpness": 0.0,
    "boominess": 56.34794813954473,
    "reverb": false,
    "name": "AKWF_0775.wav",
    "SpectralCentroid": 0.026757011299319473,
    "SpectralSpread": 0.006073415744403204,
    "SpectralKurtosis": 0.8888485138357213,
    "ZeroCrossingRate": 0.23302718649526455,
    "SpectralComplexity": 0.208955223880597,
    "OddToEvenHarmonicEnergyRatio": 1.0,
    "Dissonance": 0.9999985412712296,
    "PitchSalience": 0.0804920102401394,
    "HNR": 0.0,
    "NormalizeMethod": "ess_yeojohnson",
    "dco_brightness": 0.10946401837372943,
    "dco_richness": 0.129482033894076,
    "dco_flatness": 0.129482033894076,
    "dco_oddenergy": 0.0002595533148321838,
    "dco_zcr": 0.06197413883311543
}