{
    "duration": 0.08163265138864517,
    "lossless": 1.0,
    "codec": "pcm_f32le",
    "bitrate": 1411200.0,
    "samplerate": 44100.0,
    "channels": 1.0,
    "audio_md5": "ab54c64fe8b63fd8856df31a746d95d7",
    "loudness": -14.768379211425781,
    "dynamic_range": 0.0,
    "temporal_centroid": 0.5938338041305542,
    "log_attack_time": -1.3309931755065918,
    "filesize": 14458,
    "single_event": false,
    "tonality": "D major",
    "tonality_confidence": 0.8412796854972839,
    "loop": false,
    "tempo": 0,
    "tempo_confidence": 0.0,
    "note_midi": 38,
    "note_name": "D2",
    "note_frequency": 73.44574737548828,
    "note_confidence": 0.9581892490386963,
    "hardness": 34.15118636264441,
    "depth": 58.32281058371955,
    "brightness": 35.33073222263724,
    "roughness": 49.893075226226166,
    "warmth": 70.57483633546833,
    "sharpness": 9.464650624706252,
    "boominess": 49.31496946012143,
    "reverb": false,
    "name": "AKWF_oboe_0003.wav",
    "SpectralCentroid": 0.08865749312045673,
    "SpectralSpread": 0.024814850720248364,
    "SpectralKurtosis": 0.7960386113462996,
    "ZeroCrossingRate": 0.4252420127794052,
    "SpectralComplexity": 0.7611940298507462,
    "OddToEvenHarmonicEnergyRatio": 0.16517802397057849,
    "Dissonance": 0.9076462769449085,
    "PitchSalience": 0.43742312032837205,
    "HNR": 0.0,
    "NormalizeMethod": "ess_yeojohnson",
    "dco_brightness": 0.16538865229127198,
    "dco_richness": 0.26173814631979647,
    "dco_flatness": 0.26173814631979647,
    "dco_oddenergy": 0.6762966020723117,
    "dco_zcr": 0.14487511069267625
}