{
    "duration": 0.08163265138864517,
    "lossless": 1.0,
    "codec": "pcm_f32le",
    "bitrate": 1411200.0,
    "samplerate": 44100.0,
    "channels": 1.0,
    "audio_md5": "22e8d995205b842022b863bdee631097",
    "loudness": -18.916536331176758,
    "dynamic_range": 0.0,
    "temporal_centroid": 0.6301278471946716,
    "log_attack_time": -1.2611619234085083,
    "filesize": 14458,
    "single_event": false,
    "tonality": "D major",
    "tonality_confidence": 0.6356952786445618,
    "loop": false,
    "tempo": 0,
    "tempo_confidence": 0.0,
    "note_midi": 38,
    "note_name": "D2",
    "note_frequency": 73.428955078125,
    "note_confidence": 0.8647435307502747,
    "hardness": 86.34604533049739,
    "depth": 35.306974050345524,
    "brightness": 62.61141512564871,
    "roughness": 77.96564673359597,
    "warmth": 37.60560139468621,
    "sharpness": 50.43260583760855,
    "boominess": 22.97700621017799,
    "reverb": false,
    "name": "AKWF_gapsaw_0025.wav",
    "SpectralCentroid": 0.814784472469527,
    "SpectralSpread": 0.89943029067398,
    "SpectralKurtosis": 0.44368822833169935,
    "ZeroCrossingRate": 0.23302718649526455,
    "SpectralComplexity": 1.0,
    "OddToEvenHarmonicEnergyRatio": 0.2782731893886564,
    "Dissonance": 0.9898581882238577,
    "PitchSalience": 0.9448924237035624,
    "HNR": 0.0,
    "NormalizeMethod": "ess_yeojohnson",
    "dco_brightness": 0.42767166261581585,
    "dco_richness": 0.6599223850549041,
    "dco_flatness": 0.6599223850549041,
    "dco_oddenergy": 0.7689367007735474,
    "dco_zcr": 0.14487511069267625
}