{
    "duration": 0.08163265138864517,
    "lossless": 1.0,
    "codec": "pcm_f32le",
    "bitrate": 1411200.0,
    "samplerate": 44100.0,
    "channels": 1.0,
    "audio_md5": "2d5a3615eb1e609e16ef82c0186214b7",
    "loudness": -13.699710845947266,
    "dynamic_range": 0.0,
    "temporal_centroid": 0.5810003876686096,
    "log_attack_time": -1.392557144165039,
    "filesize": 14458,
    "single_event": false,
    "tonality": "A minor",
    "tonality_confidence": 0.5138378739356995,
    "loop": false,
    "tempo": 0,
    "tempo_confidence": 0.0,
    "note_midi": 38,
    "note_name": "D2",
    "note_frequency": 73.46527099609375,
    "note_confidence": 0.9461543560028076,
    "hardness": 29.951038355086396,
    "depth": 62.790660599831924,
    "brightness": 30.38168913771124,
    "roughness": 48.54728984968284,
    "warmth": 68.01229823374686,
    "sharpness": 5.059560630260545,
    "boominess": 50.83919047565023,
    "reverb": false,
    "name": "AKWF_aguitar_0002.wav",
    "SpectralCentroid": 0.06786461155294907,
    "SpectralSpread": 0.031828827907978606,
    "SpectralKurtosis": 0.7804105001166675,
    "ZeroCrossingRate": 0.23302718649526455,
    "SpectralComplexity": 0.26865671641791045,
    "OddToEvenHarmonicEnergyRatio": 0.5283056642084144,
    "Dissonance": 0.6154887237348591,
    "PitchSalience": 0.3946519649408803,
    "HNR": 0.0,
    "NormalizeMethod": "ess_yeojohnson",
    "dco_brightness": 0.14532411378411533,
    "dco_richness": 0.24266987512942048,
    "dco_flatness": 0.24266987512942048,
    "dco_oddenergy": 0.20867546545768023,
    "dco_zcr": 0.06197413883311543
}