{
    "duration": 0.08163265138864517,
    "lossless": 1.0,
    "codec": "pcm_f32le",
    "bitrate": 1411200.0,
    "samplerate": 44100.0,
    "channels": 1.0,
    "audio_md5": "4d2ace80c35133d259057e30fb44491f",
    "loudness": -17.81114959716797,
    "dynamic_range": 0.0,
    "temporal_centroid": 0.6256281733512878,
    "log_attack_time": -1.2629624605178833,
    "filesize": 14458,
    "single_event": false,
    "tonality": "D major",
    "tonality_confidence": 0.8032533526420593,
    "loop": false,
    "tempo": 0,
    "tempo_confidence": 0.0,
    "note_midi": 38,
    "note_name": "D2",
    "note_frequency": 73.42839813232422,
    "note_confidence": 0.9999217987060547,
    "hardness": 73.71954658833619,
    "depth": 54.26796662503563,
    "brightness": 58.25493691208793,
    "roughness": 68.43745958545486,
    "warmth": 50.36994123057118,
    "sharpness": 49.66043512244099,
    "boominess": 30.987022607204967,
    "reverb": false,
    "name": "AKWF_oscchip_0158.wav",
    "SpectralCentroid": 0.6573589295162553,
    "SpectralSpread": 0.5933553085355711,
    "SpectralKurtosis": 0.4773354452783934,
    "ZeroCrossingRate": 0.568873868296057,
    "SpectralComplexity": 1.0,
    "OddToEvenHarmonicEnergyRatio": 0.4507156677540444,
    "Dissonance": 0.9745130179872927,
    "PitchSalience": 0.7386309977029386,
    "HNR": 0.0,
    "NormalizeMethod": "ess_yeojohnson",
    "dco_brightness": 0.29691797661382147,
    "dco_richness": 0.5638164550584521,
    "dco_flatness": 0.5638164550584521,
    "dco_oddenergy": 0.3428278652702186,
    "dco_zcr": 0.22446827716383663
}