{
    "duration": 0.08163265138864517,
    "lossless": 1.0,
    "codec": "pcm_f32le",
    "bitrate": 1411200.0,
    "samplerate": 44100.0,
    "channels": 1.0,
    "audio_md5": "80c06236d6c101895fea3d1901d3cded",
    "loudness": -14.757649421691895,
    "dynamic_range": 0.0,
    "temporal_centroid": 0.584954023361206,
    "log_attack_time": -1.3784421682357788,
    "filesize": 14458,
    "single_event": false,
    "tonality": "D major",
    "tonality_confidence": 0.49703049659729004,
    "loop": false,
    "tempo": 0,
    "tempo_confidence": 0.0,
    "note_midi": 38,
    "note_name": "D2",
    "note_frequency": 73.43412780761719,
    "note_confidence": 0.9952883124351501,
    "hardness": 26.832539783217143,
    "depth": 54.71675803021765,
    "brightness": 32.56471897928988,
    "roughness": 47.68095176429605,
    "warmth": 64.16747103066271,
    "sharpness": 4.401914275140516,
    "boominess": 52.650988369732744,
    "reverb": false,
    "name": "AKWF_flute_0016.wav",
    "SpectralCentroid": 0.06176461426552855,
    "SpectralSpread": 0.02093534599907789,
    "SpectralKurtosis": 0.8085220550824166,
    "ZeroCrossingRate": 0.23302718649526455,
    "SpectralComplexity": 0.6417910447761194,
    "OddToEvenHarmonicEnergyRatio": 0.9458518062860116,
    "Dissonance": 0.8640891464161077,
    "PitchSalience": 0.2383116220257387,
    "HNR": 0.0,
    "NormalizeMethod": "ess_yeojohnson",
    "dco_brightness": 0.1145713196126029,
    "dco_richness": 0.18721272732730457,
    "dco_flatness": 0.18721272732730457,
    "dco_oddenergy": 0.004289899851115275,
    "dco_zcr": 0.06197413883311543
}