{
    "duration": 0.08163265138864517,
    "lossless": 1.0,
    "codec": "pcm_f32le",
    "bitrate": 1411200.0,
    "samplerate": 44100.0,
    "channels": 1.0,
    "audio_md5": "11e2da558b882db68ebeae737903fa62",
    "loudness": -13.940422058105469,
    "dynamic_range": 0.0,
    "temporal_centroid": 0.5867701768875122,
    "log_attack_time": -1.35708487033844,
    "filesize": 14458,
    "single_event": false,
    "tonality": "D major",
    "tonality_confidence": 0.8816807866096497,
    "loop": false,
    "tempo": 0,
    "tempo_confidence": 0.0,
    "note_midi": 38,
    "note_name": "D2",
    "note_frequency": 73.42839813232422,
    "note_confidence": 0.9978691339492798,
    "hardness": 39.509178224731414,
    "depth": 61.507624200356666,
    "brightness": 41.27437125634269,
    "roughness": 52.142599407658395,
    "warmth": 64.87735860062364,
    "sharpness": 24.102454683310164,
    "boominess": 44.00808864517511,
    "reverb": false,
    "name": "AKWF_1153.wav",
    "SpectralCentroid": 0.1981911825700894,
    "SpectralSpread": 0.11681108001410584,
    "SpectralKurtosis": 0.6769983876594754,
    "ZeroCrossingRate": 0.23302718649526455,
    "SpectralComplexity": 1.0,
    "OddToEvenHarmonicEnergyRatio": 0.508170965603736,
    "Dissonance": 0.9362899480167416,
    "PitchSalience": 0.46303495833869407,
    "HNR": 0.0,
    "NormalizeMethod": "ess_yeojohnson",
    "dco_brightness": 0.1581149180940606,
    "dco_richness": 0.32054802539826804,
    "dco_flatness": 0.32054802539826804,
    "dco_oddenergy": 0.23649956982197196,
    "dco_zcr": 0.06197413883311543
}