{
    "duration": 0.08163265138864517,
    "lossless": 1.0,
    "codec": "pcm_f32le",
    "bitrate": 1411200.0,
    "samplerate": 44100.0,
    "channels": 1.0,
    "audio_md5": "359b705d715610f01082578010e4f74c",
    "loudness": -13.286897659301758,
    "dynamic_range": 0.0,
    "temporal_centroid": 0.5839253067970276,
    "log_attack_time": -1.3541812896728516,
    "filesize": 14458,
    "single_event": false,
    "tonality": "D major",
    "tonality_confidence": 0.6199533939361572,
    "loop": false,
    "tempo": 0,
    "tempo_confidence": 0.0,
    "note_midi": 38,
    "note_name": "D2",
    "note_frequency": 73.43180847167969,
    "note_confidence": 0.9891347885131836,
    "hardness": 34.82122078975193,
    "depth": 60.22868376460822,
    "brightness": 36.988625915206505,
    "roughness": 50.157847835509166,
    "warmth": 71.9467511476256,
    "sharpness": 10.837024229067211,
    "boominess": 45.483237793865854,
    "reverb": false,
    "name": "AKWF_1909.wav",
    "SpectralCentroid": 0.1299163419254802,
    "SpectralSpread": 0.05160320059881767,
    "SpectralKurtosis": 0.7594515884557186,
    "ZeroCrossingRate": 0.4252420127794052,
    "SpectralComplexity": 0.9850746268656716,
    "OddToEvenHarmonicEnergyRatio": 0.4061823712387787,
    "Dissonance": 0.869587824516096,
    "PitchSalience": 0.6290052314473723,
    "HNR": 0.0,
    "NormalizeMethod": "ess_yeojohnson",
    "dco_brightness": 0.19204493735821673,
    "dco_richness": 0.3108735687068275,
    "dco_flatness": 0.3108735687068275,
    "dco_oddenergy": 0.3501606293525883,
    "dco_zcr": 0.14487511069267625
}