{
    "duration": 0.08163265138864517,
    "lossless": 1.0,
    "codec": "pcm_f32le",
    "bitrate": 1411200.0,
    "samplerate": 44100.0,
    "channels": 1.0,
    "audio_md5": "a2e6492ecbb94819a6e60d764b7fd34b",
    "loudness": -13.654004096984863,
    "dynamic_range": 0.0,
    "temporal_centroid": 0.583800196647644,
    "log_attack_time": -1.3504135608673096,
    "filesize": 14458,
    "single_event": false,
    "tonality": "D major",
    "tonality_confidence": 0.8087705969810486,
    "loop": false,
    "tempo": 0,
    "tempo_confidence": 0.0,
    "note_midi": 38,
    "note_name": "D2",
    "note_frequency": 73.42842102050781,
    "note_confidence": 0.9976317882537842,
    "hardness": 26.827431899688236,
    "depth": 63.242446805950394,
    "brightness": 30.866145470713143,
    "roughness": 44.502883098487146,
    "warmth": 64.01217920850358,
    "sharpness": 6.116763376076513,
    "boominess": 55.50897677723921,
    "reverb": false,
    "name": "AKWF_linear_0020.wav",
    "SpectralCentroid": 0.06940826023983863,
    "SpectralSpread": 0.040562416227701695,
    "SpectralKurtosis": 0.770488301355535,
    "ZeroCrossingRate": 0.23302718649526455,
    "SpectralComplexity": 0.6865671641791045,
    "OddToEvenHarmonicEnergyRatio": 0.6285354765087677,
    "Dissonance": 0.9158136263938883,
    "PitchSalience": 0.13283258426462438,
    "HNR": 0.8750300455968884,
    "NormalizeMethod": "ess_yeojohnson",
    "dco_brightness": 0.12005673415641373,
    "dco_richness": 0.17825761902857848,
    "dco_flatness": 0.17825761902857848,
    "dco_oddenergy": 0.12798290114771949,
    "dco_zcr": 0.06197413883311543
}