{
    "duration": 0.08163265138864517,
    "lossless": 1.0,
    "codec": "pcm_f32le",
    "bitrate": 1411200.0,
    "samplerate": 44100.0,
    "channels": 1.0,
    "audio_md5": "b8a538413ea01a230de5c6b252c3581d",
    "loudness": -13.19796371459961,
    "dynamic_range": 0.0,
    "temporal_centroid": 0.5777112245559692,
    "log_attack_time": -1.3150407075881958,
    "filesize": 14458,
    "single_event": false,
    "tonality": "D major",
    "tonality_confidence": 0.4267471432685852,
    "loop": false,
    "tempo": 0,
    "tempo_confidence": 0.0,
    "note_midi": 38,
    "note_name": "D2",
    "note_frequency": 73.44380950927734,
    "note_confidence": 0.973888635635376,
    "hardness": 37.128290896803634,
    "depth": 54.15774207766124,
    "brightness": 39.39628304630064,
    "roughness": 49.7240729372013,
    "warmth": 65.30321216677261,
    "sharpness": 23.433749389605126,
    "boominess": 47.26165326652505,
    "reverb": false,
    "name": "AKWF_0690.wav",
    "SpectralCentroid": 0.2204248985497933,
    "SpectralSpread": 0.26150843118283956,
    "SpectralKurtosis": 0.6533602477595812,
    "ZeroCrossingRate": 0.23302718649526455,
    "SpectralComplexity": 1.0,
    "OddToEvenHarmonicEnergyRatio": 0.8938406963561469,
    "Dissonance": 0.8459575854187806,
    "PitchSalience": 0.47451148252927916,
    "HNR": 0.0,
    "NormalizeMethod": "ess_yeojohnson",
    "dco_brightness": 0.13609783469709213,
    "dco_richness": 0.2736502271019665,
    "dco_flatness": 0.2736502271019665,
    "dco_oddenergy": 0.013008658092754422,
    "dco_zcr": 0.06197413883311543
}