{
    "duration": 0.08163265138864517,
    "lossless": 1.0,
    "codec": "pcm_f32le",
    "bitrate": 1411200.0,
    "samplerate": 44100.0,
    "channels": 1.0,
    "audio_md5": "a8dbcf9045bade2e30ca6e2f8857ca67",
    "loudness": -11.338130950927734,
    "dynamic_range": 0.0,
    "temporal_centroid": 0.5770937204360962,
    "log_attack_time": -1.392557144165039,
    "filesize": 14458,
    "single_event": false,
    "tonality": "A# major",
    "tonality_confidence": 0.5112548470497131,
    "loop": false,
    "tempo": 0,
    "tempo_confidence": 0.0,
    "note_midi": 50,
    "note_name": "D3",
    "note_frequency": 145.43186950683594,
    "note_confidence": 0.9411067366600037,
    "hardness": 32.66666707404271,
    "depth": 56.31079051203471,
    "brightness": 28.05275122850585,
    "roughness": 44.34028777091179,
    "warmth": 67.86335506206424,
    "sharpness": 4.682632378802211,
    "boominess": 49.25725784909,
    "reverb": false,
    "name": "AKWF_1606.wav",
    "SpectralCentroid": 0.09130160520996569,
    "SpectralSpread": 0.02511986580804774,
    "SpectralKurtosis": 0.8174010317354605,
    "ZeroCrossingRate": 0.4252420127794052,
    "SpectralComplexity": 0.40298507462686567,
    "OddToEvenHarmonicEnergyRatio": 0.8310588179719375,
    "Dissonance": 0.9450637639520113,
    "PitchSalience": 0.16741995499209042,
    "HNR": 0.8670922820322506,
    "NormalizeMethod": "ess_yeojohnson",
    "dco_brightness": 0.1813847311592515,
    "dco_richness": 0.22455877203413666,
    "dco_flatness": 0.22455877203413666,
    "dco_oddenergy": 0.9862996744131065,
    "dco_zcr": 0.14487511069267625
}