{
    "duration": 0.08163265138864517,
    "lossless": 1.0,
    "codec": "pcm_f32le",
    "bitrate": 1411200.0,
    "samplerate": 44100.0,
    "channels": 1.0,
    "audio_md5": "6acbb36ef64dd1d5974d2a55d85359cf",
    "loudness": -15.563772201538086,
    "dynamic_range": 0.0,
    "temporal_centroid": 0.5873127579689026,
    "log_attack_time": -1.2645894289016724,
    "filesize": 14458,
    "single_event": false,
    "tonality": "D major",
    "tonality_confidence": 0.770581841468811,
    "loop": false,
    "tempo": 0,
    "tempo_confidence": 0.0,
    "note_midi": 38,
    "note_name": "D2",
    "note_frequency": 73.4300765991211,
    "note_confidence": 0.9658563733100891,
    "hardness": 58.884772692162585,
    "depth": 51.73497894400197,
    "brightness": 51.265179293071796,
    "roughness": 62.68286041038523,
    "warmth": 59.28089884356001,
    "sharpness": 40.35983548581338,
    "boominess": 30.470027353381145,
    "reverb": false,
    "name": "AKWF_hvoice_0015.wav",
    "SpectralCentroid": 0.3693909637208391,
    "SpectralSpread": 0.18253052324164964,
    "SpectralKurtosis": 0.5369842647824347,
    "ZeroCrossingRate": 0.6763055176555212,
    "SpectralComplexity": 1.0,
    "OddToEvenHarmonicEnergyRatio": 0.23294491672723555,
    "Dissonance": 0.9950577539894773,
    "PitchSalience": 0.7504083425954424,
    "HNR": 0.8412433762912438,
    "NormalizeMethod": "ess_yeojohnson",
    "dco_brightness": 0.2877834184365801,
    "dco_richness": 0.449811369107451,
    "dco_flatness": 0.449811369107451,
    "dco_oddenergy": 0.634933004621665,
    "dco_zcr": 0.24477676146998018
}