{
    "duration": 0.08163265138864517,
    "lossless": 1.0,
    "codec": "pcm_f32le",
    "bitrate": 1411200.0,
    "samplerate": 44100.0,
    "channels": 1.0,
    "audio_md5": "f0c27896fa4b7417598145bba075702f",
    "loudness": -10.254891395568848,
    "dynamic_range": 0.0,
    "temporal_centroid": 0.5559901595115662,
    "log_attack_time": -1.6470521688461304,
    "filesize": 14458,
    "single_event": false,
    "tonality": "A major",
    "tonality_confidence": 0.4455909729003906,
    "loop": false,
    "tempo": 0,
    "tempo_confidence": 0.0,
    "note_midi": 38,
    "note_name": "D2",
    "note_frequency": 73.4390869140625,
    "note_confidence": 0.9690675139427185,
    "hardness": 44.158882295184696,
    "depth": 62.11193958410222,
    "brightness": 41.367929417018075,
    "roughness": 39.944129636533695,
    "warmth": 66.17607725873042,
    "sharpness": 19.592260796256262,
    "boominess": 43.45007027924116,
    "reverb": false,
    "name": "AKWF_0111.wav",
    "SpectralCentroid": 0.12995083804561133,
    "SpectralSpread": 0.028487427178026877,
    "SpectralKurtosis": 0.740781258426641,
    "ZeroCrossingRate": 0.23302718649526455,
    "SpectralComplexity": 0.4925373134328358,
    "OddToEvenHarmonicEnergyRatio": 1.0,
    "Dissonance": 0.8053885149032484,
    "PitchSalience": 0.44375280963269476,
    "HNR": 0.0,
    "NormalizeMethod": "ess_yeojohnson",
    "dco_brightness": 0.14479456557776926,
    "dco_richness": 0.31702197523399617,
    "dco_flatness": 0.31702197523399617,
    "dco_oddenergy": 0.024699452298828417,
    "dco_zcr": 0.06197413883311543
}