{
    "duration": 0.08163265138864517,
    "lossless": 1.0,
    "codec": "pcm_f32le",
    "bitrate": 1411200.0,
    "samplerate": 44100.0,
    "channels": 1.0,
    "audio_md5": "20d6825c0b341c6a64a22c2196957812",
    "loudness": -15.428960800170898,
    "dynamic_range": 0.0,
    "temporal_centroid": 0.6060246825218201,
    "log_attack_time": -1.240118145942688,
    "filesize": 14458,
    "single_event": false,
    "tonality": "D major",
    "tonality_confidence": 0.5427482724189758,
    "loop": false,
    "tempo": 0,
    "tempo_confidence": 0.0,
    "note_midi": 38,
    "note_name": "D2",
    "note_frequency": 73.42838287353516,
    "note_confidence": 0.9873978495597839,
    "hardness": 61.87407266438123,
    "depth": 58.91458817008602,
    "brightness": 53.252686509421494,
    "roughness": 59.18081561690266,
    "warmth": 57.58223238034249,
    "sharpness": 38.330327917176874,
    "boominess": 36.76635801700273,
    "reverb": false,
    "name": "AKWF_vgame_0085.wav",
    "SpectralCentroid": 0.34633102476474775,
    "SpectralSpread": 0.13573891545641123,
    "SpectralKurtosis": 0.6259524558508923,
    "ZeroCrossingRate": 0.23302718649526455,
    "SpectralComplexity": 1.0,
    "OddToEvenHarmonicEnergyRatio": 0.40296456472772857,
    "Dissonance": 0.9728094415927918,
    "PitchSalience": 0.4026826510255658,
    "HNR": 0.0,
    "NormalizeMethod": "ess_yeojohnson",
    "dco_brightness": 0.21916967056330589,
    "dco_richness": 0.46293574747617916,
    "dco_flatness": 0.46293574747617916,
    "dco_oddenergy": 0.38125276087712723,
    "dco_zcr": 0.06197413883311543
}