{
    "duration": 0.08163265138864517,
    "lossless": 1.0,
    "codec": "pcm_f32le",
    "bitrate": 1411200.0,
    "samplerate": 44100.0,
    "channels": 1.0,
    "audio_md5": "c4c60012724c21940a3a754ad3beb1da",
    "loudness": -17.279085159301758,
    "dynamic_range": 0.0,
    "temporal_centroid": 0.6132254004478455,
    "log_attack_time": -1.215009331703186,
    "filesize": 14458,
    "single_event": false,
    "tonality": "D major",
    "tonality_confidence": 0.8935657739639282,
    "loop": false,
    "tempo": 0,
    "tempo_confidence": 0.0,
    "note_midi": 50,
    "note_name": "D3",
    "note_frequency": 146.90525817871094,
    "note_confidence": 0.9399701356887817,
    "hardness": 54.44276019843085,
    "depth": 36.77416764346844,
    "brightness": 50.41432664417071,
    "roughness": 59.147129948439776,
    "warmth": 56.07656069426607,
    "sharpness": 27.971031999725078,
    "boominess": 23.66593357235944,
    "reverb": false,
    "name": "AKWF_0466.wav",
    "SpectralCentroid": 0.2780997176211256,
    "SpectralSpread": 0.028361122288045455,
    "SpectralKurtosis": 0.6647851833734482,
    "ZeroCrossingRate": 0.6763055176555212,
    "SpectralComplexity": 0.8955223880597015,
    "OddToEvenHarmonicEnergyRatio": 0.013511340122237288,
    "Dissonance": 0.951795505481611,
    "PitchSalience": 0.901965998246917,
    "HNR": 0.8691412632987972,
    "NormalizeMethod": "ess_yeojohnson",
    "dco_brightness": 0.3485808084120998,
    "dco_richness": 0.41209438424208755,
    "dco_flatness": 0.41209438424208755,
    "dco_oddenergy": 0.9899197499828144,
    "dco_zcr": 0.24477676146998018
}