{
    "duration": 0.08163265138864517,
    "lossless": 1.0,
    "codec": "pcm_f32le",
    "bitrate": 1411200.0,
    "samplerate": 44100.0,
    "channels": 1.0,
    "audio_md5": "5a62ad8c8fcf8fa68cd6d5814964e354",
    "loudness": -14.99234390258789,
    "dynamic_range": 0.0,
    "temporal_centroid": 0.5885384678840637,
    "log_attack_time": -1.3172839879989624,
    "filesize": 14458,
    "single_event": false,
    "tonality": "D major",
    "tonality_confidence": 0.690101683139801,
    "loop": false,
    "tempo": 0,
    "tempo_confidence": 0.0,
    "note_midi": 38,
    "note_name": "D2",
    "note_frequency": 73.43119049072266,
    "note_confidence": 0.9896157383918762,
    "hardness": 32.67013156441389,
    "depth": 59.67969632248307,
    "brightness": 27.77690818329431,
    "roughness": 0,
    "warmth": 55.185175426453306,
    "sharpness": 8.373453944162058,
    "boominess": 43.377606618146814,
    "reverb": false,
    "name": "AKWF_eorgan_0149.wav",
    "SpectralCentroid": 0.05995180221702978,
    "SpectralSpread": 0.005668305670232131,
    "SpectralKurtosis": 0.8913997096742681,
    "ZeroCrossingRate": 0.4252420127794052,
    "SpectralComplexity": 0.14925373134328357,
    "OddToEvenHarmonicEnergyRatio": 0.5827156404410083,
    "Dissonance": 0.4897754783025765,
    "PitchSalience": 0.4501607701813777,
    "HNR": 0.611799590075212,
    "NormalizeMethod": "ess_yeojohnson",
    "dco_brightness": 0.16426727808826616,
    "dco_richness": 0.33224938709853885,
    "dco_flatness": 0.33224938709853885,
    "dco_oddenergy": 0.16138473950225585,
    "dco_zcr": 0.14487511069267625
}