{
    "duration": 0.08163265138864517,
    "lossless": 1.0,
    "codec": "pcm_f32le",
    "bitrate": 1411200.0,
    "samplerate": 44100.0,
    "channels": 1.0,
    "audio_md5": "55b58a79cd5b72976340c6d5bfe526fa",
    "loudness": -21.039033889770508,
    "dynamic_range": 0.0,
    "temporal_centroid": 0.624312698841095,
    "log_attack_time": -1.2142022848129272,
    "filesize": 14458,
    "single_event": false,
    "tonality": "D minor",
    "tonality_confidence": 0.7910409569740295,
    "loop": false,
    "tempo": 0,
    "tempo_confidence": 0.0,
    "note_midi": 50,
    "note_name": "D3",
    "note_frequency": 146.85739135742188,
    "note_confidence": 1.0,
    "hardness": 70.51860224254551,
    "depth": 33.841925827928186,
    "brightness": 61.08528333709718,
    "roughness": 59.80988251174182,
    "warmth": 39.68543953337363,
    "sharpness": 46.42730776309131,
    "boominess": 20.009005000411207,
    "reverb": false,
    "name": "AKWF_0595.wav",
    "SpectralCentroid": 0.5649643643232527,
    "SpectralSpread": 0.4672794034224344,
    "SpectralKurtosis": 0.5789966482128771,
    "ZeroCrossingRate": 0.6763055176555212,
    "SpectralComplexity": 0.4626865671641791,
    "OddToEvenHarmonicEnergyRatio": 1.1894367195898206e-10,
    "Dissonance": 0.9565903469498857,
    "PitchSalience": 0.8859000676444457,
    "HNR": 0.9501662652600128,
    "NormalizeMethod": "ess_yeojohnson",
    "dco_brightness": 0.42860507834887634,
    "dco_richness": 0.5461468745453009,
    "dco_flatness": 0.5461468745453009,
    "dco_oddenergy": 0.9999631165237367,
    "dco_zcr": 0.24477676146998018
}