{
    "duration": 0.08163265138864517,
    "lossless": 1.0,
    "codec": "pcm_f32le",
    "bitrate": 1411200.0,
    "samplerate": 44100.0,
    "channels": 1.0,
    "audio_md5": "4d5ea067c3faf957ee56cc93b36c8916",
    "loudness": -11.868643760681152,
    "dynamic_range": 0.0,
    "temporal_centroid": 0.5668234825134277,
    "log_attack_time": -1.4759410619735718,
    "filesize": 14458,
    "single_event": false,
    "tonality": "F# minor",
    "tonality_confidence": 0.6638169884681702,
    "loop": false,
    "tempo": 0,
    "tempo_confidence": 0.0,
    "note_midi": 38,
    "note_name": "D2",
    "note_frequency": 73.42840576171875,
    "note_confidence": 0.979340136051178,
    "hardness": 23.44670800561022,
    "depth": 63.44499767325125,
    "brightness": 29.63640294577125,
    "roughness": 42.553915093901594,
    "warmth": 55.14861936374023,
    "sharpness": 1.7800329545424276,
    "boominess": 53.282168011708194,
    "reverb": false,
    "name": "AKWF_symetric_0015.wav",
    "SpectralCentroid": 0.08343651879651758,
    "SpectralSpread": 0.11762444294613061,
    "SpectralKurtosis": 0.7297401586109267,
    "ZeroCrossingRate": 0.23302718649526455,
    "SpectralComplexity": 0.3582089552238806,
    "OddToEvenHarmonicEnergyRatio": 0.0014194358760076307,
    "Dissonance": 0.7374952664251401,
    "PitchSalience": 0.26302348983462287,
    "HNR": 0.0,
    "NormalizeMethod": "ess_yeojohnson",
    "dco_brightness": 0.11639227192574127,
    "dco_richness": 0.19061890512257623,
    "dco_flatness": 0.19061890512257623,
    "dco_oddenergy": 0.0031900362970110896,
    "dco_zcr": 0.06197413883311543
}