{
    "duration": 0.08163265138864517,
    "lossless": 1.0,
    "codec": "pcm_f32le",
    "bitrate": 1411200.0,
    "samplerate": 44100.0,
    "channels": 1.0,
    "audio_md5": "2948f32d4fdee05c2cc87718a4c4f25a",
    "loudness": -11.478782653808594,
    "dynamic_range": 0.0,
    "temporal_centroid": 0.552713930606842,
    "log_attack_time": -1.6815959215164185,
    "filesize": 14458,
    "single_event": false,
    "tonality": "D major",
    "tonality_confidence": 0.613202691078186,
    "loop": false,
    "tempo": 0,
    "tempo_confidence": 0.0,
    "note_midi": 38,
    "note_name": "D2",
    "note_frequency": 73.42839050292969,
    "note_confidence": 0.8368616104125977,
    "hardness": 79.80991621988781,
    "depth": 46.03018566509752,
    "brightness": 62.14266072313819,
    "roughness": 58.083462514553716,
    "warmth": 41.082325881677576,
    "sharpness": 52.62323179735463,
    "boominess": 26.57581535730487,
    "reverb": false,
    "name": "AKWF_c604_0020.wav",
    "SpectralCentroid": 0.6813201613099887,
    "SpectralSpread": 0.7768763623197827,
    "SpectralKurtosis": 0.484995203740865,
    "ZeroCrossingRate": 0.23302718649526455,
    "SpectralComplexity": 1.0,
    "OddToEvenHarmonicEnergyRatio": 0.027043421642346528,
    "Dissonance": 0.9946241468624787,
    "PitchSalience": 0.2594592673051463,
    "HNR": 0.0,
    "NormalizeMethod": "ess_yeojohnson",
    "dco_brightness": 0.11526885460250491,
    "dco_richness": 0.5065491008839174,
    "dco_flatness": 0.5065491008839174,
    "dco_oddenergy": 0.695375058414891,
    "dco_zcr": 0.06197413883311543
}