{
    "duration": 0.08163265138864517,
    "lossless": 1.0,
    "codec": "pcm_f32le",
    "bitrate": 1411200.0,
    "samplerate": 44100.0,
    "channels": 1.0,
    "audio_md5": "801f086d0fd08a6affd205f4ee1238b0",
    "loudness": -16.249338150024414,
    "dynamic_range": 0.0,
    "temporal_centroid": 0.5923047661781311,
    "log_attack_time": -1.2834666967391968,
    "filesize": 14458,
    "single_event": false,
    "tonality": "D minor",
    "tonality_confidence": 0.5725576281547546,
    "loop": false,
    "tempo": 0,
    "tempo_confidence": 0.0,
    "note_midi": 38,
    "note_name": "D2",
    "note_frequency": 73.43094635009766,
    "note_confidence": 0.9050227403640747,
    "hardness": 49.36485724306692,
    "depth": 46.16417328382869,
    "brightness": 49.008019389367426,
    "roughness": 28.409126933890246,
    "warmth": 55.83427192196143,
    "sharpness": 22.202615972753865,
    "boominess": 33.67462442683329,
    "reverb": false,
    "name": "AKWF_1286.wav",
    "SpectralCentroid": 0.1661836115595169,
    "SpectralSpread": 0.012693118114482219,
    "SpectralKurtosis": 0.7729576083205688,
    "ZeroCrossingRate": 0.9216804921457811,
    "SpectralComplexity": 0.05970149253731343,
    "OddToEvenHarmonicEnergyRatio": 0.09901892763364768,
    "Dissonance": 0.8425470775536068,
    "PitchSalience": 0.26114563147174774,
    "HNR": 0.6149726526273093,
    "NormalizeMethod": "ess_yeojohnson",
    "dco_brightness": 0.3270222715240218,
    "dco_richness": 0.46972400091622757,
    "dco_flatness": 0.46972400091622757,
    "dco_oddenergy": 0.8001111435521253,
    "dco_zcr": 0.37589917619879676
}