{
    "duration": 0.08163265138864517,
    "lossless": 1.0,
    "codec": "pcm_f32le",
    "bitrate": 1411200.0,
    "samplerate": 44100.0,
    "channels": 1.0,
    "audio_md5": "79101b545011418420d5c694c1c5399d",
    "loudness": -13.065202713012695,
    "dynamic_range": 0.0,
    "temporal_centroid": 0.5738440155982971,
    "log_attack_time": -1.3831757307052612,
    "filesize": 14458,
    "single_event": false,
    "tonality": "D major",
    "tonality_confidence": 0.730657696723938,
    "loop": false,
    "tempo": 0,
    "tempo_confidence": 0.0,
    "note_midi": 38,
    "note_name": "D2",
    "note_frequency": 73.42851257324219,
    "note_confidence": 0.9651912450790405,
    "hardness": 41.188216847514425,
    "depth": 62.285940925198325,
    "brightness": 41.39780398891712,
    "roughness": 41.40269356996436,
    "warmth": 61.85990573602806,
    "sharpness": 23.245352377367468,
    "boominess": 43.26654848236187,
    "reverb": false,
    "name": "AKWF_1725.wav",
    "SpectralCentroid": 0.17616038678416673,
    "SpectralSpread": 0.14706164979069933,
    "SpectralKurtosis": 0.6951792851769043,
    "ZeroCrossingRate": 0.23302718649526455,
    "SpectralComplexity": 0.5074626865671642,
    "OddToEvenHarmonicEnergyRatio": 0.5919978180707461,
    "Dissonance": 0.8794949268330823,
    "PitchSalience": 0.2812638086685753,
    "HNR": 0.6296076896627631,
    "NormalizeMethod": "ess_yeojohnson",
    "dco_brightness": 0.140305232094103,
    "dco_richness": 0.304459428472941,
    "dco_flatness": 0.304459428472941,
    "dco_oddenergy": 0.15424542352568682,
    "dco_zcr": 0.06197413883311543
}