{
    "duration": 0.08163265138864517,
    "lossless": 1.0,
    "codec": "pcm_f32le",
    "bitrate": 1411200.0,
    "samplerate": 44100.0,
    "channels": 1.0,
    "audio_md5": "c60f52c81833add65ebb7377d1d2c7fb",
    "loudness": -12.798787117004395,
    "dynamic_range": 0.0,
    "temporal_centroid": 0.5798065662384033,
    "log_attack_time": -1.3305714130401611,
    "filesize": 14458,
    "single_event": false,
    "tonality": "D major",
    "tonality_confidence": 0.7856886386871338,
    "loop": false,
    "tempo": 0,
    "tempo_confidence": 0.0,
    "note_midi": 38,
    "note_name": "D2",
    "note_frequency": 73.43928527832031,
    "note_confidence": 0.9459018707275391,
    "hardness": 36.15223192806231,
    "depth": 57.76733360757979,
    "brightness": 39.294126066276505,
    "roughness": 47.77089207898497,
    "warmth": 71.13006289310576,
    "sharpness": 19.18697413638769,
    "boominess": 44.51643984821576,
    "reverb": false,
    "name": "AKWF_0145.wav",
    "SpectralCentroid": 0.17377135629102264,
    "SpectralSpread": 0.10242714133007223,
    "SpectralKurtosis": 0.6783639602487799,
    "ZeroCrossingRate": 0.568873868296057,
    "SpectralComplexity": 0.9850746268656716,
    "OddToEvenHarmonicEnergyRatio": 0.5500095969839026,
    "Dissonance": 0.8267373751401109,
    "PitchSalience": 0.5545756776701981,
    "HNR": 0.5062793297242518,
    "NormalizeMethod": "ess_yeojohnson",
    "dco_brightness": 0.22103700186125977,
    "dco_richness": 0.2682502236037132,
    "dco_flatness": 0.2682502236037132,
    "dco_oddenergy": 0.19160514146215335,
    "dco_zcr": 0.2016028048315253
}