{
    "duration": 0.08163265138864517,
    "lossless": 1.0,
    "codec": "pcm_f32le",
    "bitrate": 1411200.0,
    "samplerate": 44100.0,
    "channels": 1.0,
    "audio_md5": "428bf6281355ef30cc42d7140eaab6fa",
    "loudness": -11.280814170837402,
    "dynamic_range": 0.0,
    "temporal_centroid": 0.5753808617591858,
    "log_attack_time": -1.3782068490982056,
    "filesize": 14458,
    "single_event": false,
    "tonality": "D minor",
    "tonality_confidence": 0.8917019963264465,
    "loop": false,
    "tempo": 0,
    "tempo_confidence": 0.0,
    "note_midi": 38,
    "note_name": "D2",
    "note_frequency": 73.43266296386719,
    "note_confidence": 0.9464221596717834,
    "hardness": 47.52290801627322,
    "depth": 52.97462297155456,
    "brightness": 43.712150775660845,
    "roughness": 56.30026005499431,
    "warmth": 67.82403849913092,
    "sharpness": 20.84941666166906,
    "boominess": 39.290093201459634,
    "reverb": false,
    "name": "AKWF_fmsynth_0001.wav",
    "SpectralCentroid": 0.20743649414654108,
    "SpectralSpread": 0.046879529428782325,
    "SpectralKurtosis": 0.7154972394149303,
    "ZeroCrossingRate": 0.6763055176555212,
    "SpectralComplexity": 1.0,
    "OddToEvenHarmonicEnergyRatio": 0.21984760632065625,
    "Dissonance": 0.9961485913639756,
    "PitchSalience": 0.5473841877109996,
    "HNR": 0.38624854405116443,
    "NormalizeMethod": "ess_yeojohnson",
    "dco_brightness": 0.25321549125821985,
    "dco_richness": 0.3881167848018941,
    "dco_flatness": 0.3881167848018941,
    "dco_oddenergy": 0.8020660178208299,
    "dco_zcr": 0.24477676146998018
}