{
    "duration": 0.08163265138864517,
    "lossless": 1.0,
    "codec": "pcm_f32le",
    "bitrate": 1411200.0,
    "samplerate": 44100.0,
    "channels": 1.0,
    "audio_md5": "559949efd164c3471bdb85706a65b8e7",
    "loudness": -12.665472030639648,
    "dynamic_range": 0.0,
    "temporal_centroid": 0.5838471055030823,
    "log_attack_time": -1.3548495769500732,
    "filesize": 14458,
    "single_event": false,
    "tonality": "A minor",
    "tonality_confidence": 0.4899023473262787,
    "loop": false,
    "tempo": 0,
    "tempo_confidence": 0.0,
    "note_midi": 38,
    "note_name": "D2",
    "note_frequency": 73.446533203125,
    "note_confidence": 0.9512367248535156,
    "hardness": 27.46413882322406,
    "depth": 61.80589722133839,
    "brightness": 21.137473128576886,
    "roughness": 0,
    "warmth": 67.2505580720036,
    "sharpness": 0.5811605058040854,
    "boominess": 47.46532058914438,
    "reverb": false,
    "name": "AKWF_sinharm_0002.wav",
    "SpectralCentroid": 0.03931595534490567,
    "SpectralSpread": 0.0012670363828953025,
    "SpectralKurtosis": 0.9618052858270824,
    "ZeroCrossingRate": 0.4252420127794052,
    "SpectralComplexity": 0.014925373134328358,
    "OddToEvenHarmonicEnergyRatio": 2.983547667482092e-11,
    "Dissonance": 0.9877160450245387,
    "PitchSalience": 0.5824103517131374,
    "HNR": 0.7667094192325732,
    "NormalizeMethod": "ess_yeojohnson",
    "dco_brightness": 0.1754687066700143,
    "dco_richness": 0.25992811229720614,
    "dco_flatness": 0.25992811229720614,
    "dco_oddenergy": 9.287492996890023e-10,
    "dco_zcr": 0.24477676146998018
}