{
    "duration": 0.08163265138864517,
    "lossless": 1.0,
    "codec": "pcm_f32le",
    "bitrate": 1411200.0,
    "samplerate": 44100.0,
    "channels": 1.0,
    "audio_md5": "57f9d76ac31fc3b8afae9bcfec8320d3",
    "loudness": -13.632841110229492,
    "dynamic_range": 0.0,
    "temporal_centroid": 0.5783182382583618,
    "log_attack_time": -1.3767976760864258,
    "filesize": 14458,
    "single_event": false,
    "tonality": "D major",
    "tonality_confidence": 0.8104279637336731,
    "loop": false,
    "tempo": 0,
    "tempo_confidence": 0.0,
    "note_midi": 38,
    "note_name": "D2",
    "note_frequency": 73.43083190917969,
    "note_confidence": 0.995603621006012,
    "hardness": 30.48963713584746,
    "depth": 62.452820673413974,
    "brightness": 34.35598078407092,
    "roughness": 48.59137278991644,
    "warmth": 66.24729907095453,
    "sharpness": 5.417673537779482,
    "boominess": 48.930031820933635,
    "reverb": false,
    "name": "AKWF_0055.wav",
    "SpectralCentroid": 0.08336155412414668,
    "SpectralSpread": 0.008702728005181494,
    "SpectralKurtosis": 0.7945994217531338,
    "ZeroCrossingRate": 0.23302718649526455,
    "SpectralComplexity": 0.6865671641791045,
    "OddToEvenHarmonicEnergyRatio": 0.6390218464176163,
    "Dissonance": 0.8564586820910702,
    "PitchSalience": 0.34785082909642906,
    "HNR": 0.0,
    "NormalizeMethod": "ess_yeojohnson",
    "dco_brightness": 0.13523179081823555,
    "dco_richness": 0.26069443598041714,
    "dco_flatness": 0.26069443598041714,
    "dco_oddenergy": 0.12494174918261314,
    "dco_zcr": 0.06197413883311543
}