{
    "duration": 0.08163265138864517,
    "lossless": 1.0,
    "codec": "pcm_f32le",
    "bitrate": 1411200.0,
    "samplerate": 44100.0,
    "channels": 1.0,
    "audio_md5": "462dd37ed5c96c4872f7c02e1783abec",
    "loudness": -9.641851425170898,
    "dynamic_range": 0.0,
    "temporal_centroid": 0.5530560612678528,
    "log_attack_time": -1.6736268997192383,
    "filesize": 14458,
    "single_event": false,
    "tonality": "A major",
    "tonality_confidence": 0.4475591480731964,
    "loop": false,
    "tempo": 0,
    "tempo_confidence": 0.0,
    "note_midi": 38,
    "note_name": "D2",
    "note_frequency": 73.42839813232422,
    "note_confidence": 0.9639904499053955,
    "hardness": 72.50984385599554,
    "depth": 60.76354118261638,
    "brightness": 57.0983905756339,
    "roughness": 56.760294921387754,
    "warmth": 50.23207200136416,
    "sharpness": 48.4731963702679,
    "boominess": 35.34872632175819,
    "reverb": false,
    "name": "AKWF_squ4bit.wav",
    "SpectralCentroid": 0.6543329345916176,
    "SpectralSpread": 0.683572565744627,
    "SpectralKurtosis": 0.49313925510410495,
    "ZeroCrossingRate": 0.23302718649526455,
    "SpectralComplexity": 0.4925373134328358,
    "OddToEvenHarmonicEnergyRatio": 1.0,
    "Dissonance": 0.9243781876870455,
    "PitchSalience": 0.4857771038641457,
    "HNR": 0.0,
    "NormalizeMethod": "ess_yeojohnson",
    "dco_brightness": 0.2050689636877117,
    "dco_richness": 0.5213224417930312,
    "dco_flatness": 0.5213224417930312,
    "dco_oddenergy": 0.06374487319478284,
    "dco_zcr": 0.06197413883311543
}