{
    "duration": 0.08163265138864517,
    "lossless": 1.0,
    "codec": "pcm_f32le",
    "bitrate": 1411200.0,
    "samplerate": 44100.0,
    "channels": 1.0,
    "audio_md5": "a218bb09d07f4b95a6e612d213be3a2b",
    "loudness": -11.996655464172363,
    "dynamic_range": 0.0,
    "temporal_centroid": 0.5955789089202881,
    "log_attack_time": -1.2664042711257935,
    "filesize": 14458,
    "single_event": false,
    "tonality": "D minor",
    "tonality_confidence": 0.8681296110153198,
    "loop": false,
    "tempo": 0,
    "tempo_confidence": 0.0,
    "note_midi": 38,
    "note_name": "D2",
    "note_frequency": 73.428466796875,
    "note_confidence": 0.9901607632637024,
    "hardness": 74.57070695396493,
    "depth": 55.157616774080935,
    "brightness": 58.084716592802735,
    "roughness": 68.62984243068966,
    "warmth": 48.96340787935516,
    "sharpness": 49.799099605018554,
    "boominess": 33.093862854243,
    "reverb": false,
    "name": "AKWF_1138.wav",
    "SpectralCentroid": 0.8264584776448173,
    "SpectralSpread": 0.8926985763533402,
    "SpectralKurtosis": 0.41408176089581156,
    "ZeroCrossingRate": 0.568873868296057,
    "SpectralComplexity": 1.0,
    "OddToEvenHarmonicEnergyRatio": 0.10143454114449311,
    "Dissonance": 0.9645598927776005,
    "PitchSalience": 0.5987037831005879,
    "HNR": 0.5475284376844709,
    "NormalizeMethod": "ess_yeojohnson",
    "dco_brightness": 0.3226114760522269,
    "dco_richness": 0.6248893963953968,
    "dco_flatness": 0.6248893963953968,
    "dco_oddenergy": 0.9125346262416838,
    "dco_zcr": 0.2016028048315253
}