{
    "duration": 0.08163265138864517,
    "lossless": 1.0,
    "codec": "pcm_f32le",
    "bitrate": 1411200.0,
    "samplerate": 44100.0,
    "channels": 1.0,
    "audio_md5": "3966698be75bc40bad114d56484be1b5",
    "loudness": -16.7060489654541,
    "dynamic_range": 0.0,
    "temporal_centroid": 0.6035208702087402,
    "log_attack_time": -1.2577613592147827,
    "filesize": 14458,
    "single_event": false,
    "tonality": "D major",
    "tonality_confidence": 0.849789023399353,
    "loop": false,
    "tempo": 0,
    "tempo_confidence": 0.0,
    "note_midi": 38,
    "note_name": "D2",
    "note_frequency": 73.4316635131836,
    "note_confidence": 0.9130250811576843,
    "hardness": 49.99917089087407,
    "depth": 46.7547764226731,
    "brightness": 40.52666194593304,
    "roughness": 37.556978435637205,
    "warmth": 56.48329742853471,
    "sharpness": 23.46292819575376,
    "boominess": 34.45291179776431,
    "reverb": false,
    "name": "AKWF_eorgan_0061.wav",
    "SpectralCentroid": 0.15700006841015152,
    "SpectralSpread": 0.01423299623195134,
    "SpectralKurtosis": 0.8388011832548254,
    "ZeroCrossingRate": 0.8170126148854899,
    "SpectralComplexity": 0.11940298507462686,
    "OddToEvenHarmonicEnergyRatio": 0.1258953317608975,
    "Dissonance": 0.9053988135283673,
    "PitchSalience": 0.805809238684896,
    "HNR": 0.041266527484572775,
    "NormalizeMethod": "ess_yeojohnson",
    "dco_brightness": 0.31559312120968014,
    "dco_richness": 0.41976554059293797,
    "dco_flatness": 0.41976554059293797,
    "dco_oddenergy": 0.7500945763065611,
    "dco_zcr": 0.32191061147110395
}