{
    "duration": 0.08163265138864517,
    "lossless": 1.0,
    "codec": "pcm_f32le",
    "bitrate": 1411200.0,
    "samplerate": 44100.0,
    "channels": 1.0,
    "audio_md5": "707c98f8cd4e4dbd5d145ce9ad54f770",
    "loudness": -15.51839828491211,
    "dynamic_range": 0.0,
    "temporal_centroid": 0.5944241285324097,
    "log_attack_time": -1.2718948125839233,
    "filesize": 14458,
    "single_event": false,
    "tonality": "D major",
    "tonality_confidence": 0.8350852727890015,
    "loop": false,
    "tempo": 0,
    "tempo_confidence": 0.0,
    "note_midi": 38,
    "note_name": "D2",
    "note_frequency": 73.48908233642578,
    "note_confidence": 0.9109164476394653,
    "hardness": 34.829811962276054,
    "depth": 62.81718439299036,
    "brightness": 27.880055765337715,
    "roughness": 48.94733701579095,
    "warmth": 70.49100627009682,
    "sharpness": 2.8939286160054074,
    "boominess": 51.672428968740704,
    "reverb": false,
    "name": "AKWF_1482.wav",
    "SpectralCentroid": 0.06247269332317334,
    "SpectralSpread": 0.005302710905128495,
    "SpectralKurtosis": 0.8694754627608103,
    "ZeroCrossingRate": 0.23302718649526455,
    "SpectralComplexity": 0.43283582089552236,
    "OddToEvenHarmonicEnergyRatio": 0.3474930056765108,
    "Dissonance": 0.7739518158547479,
    "PitchSalience": 0.2597922124687904,
    "HNR": 0.0,
    "NormalizeMethod": "ess_yeojohnson",
    "dco_brightness": 0.14860647416562572,
    "dco_richness": 0.2376100875715393,
    "dco_flatness": 0.2376100875715393,
    "dco_oddenergy": 0.4055149425554523,
    "dco_zcr": 0.06197413883311543
}