{
    "duration": 0.08163265138864517,
    "lossless": 1.0,
    "codec": "pcm_f32le",
    "bitrate": 1411200.0,
    "samplerate": 44100.0,
    "channels": 1.0,
    "audio_md5": "43c7f5cb465753ad3780377b8943f65d",
    "loudness": -14.892745971679688,
    "dynamic_range": 0.0,
    "temporal_centroid": 0.5887824892997742,
    "log_attack_time": -1.2226701974868774,
    "filesize": 14458,
    "single_event": false,
    "tonality": "F major",
    "tonality_confidence": 0.4593367874622345,
    "loop": false,
    "tempo": 0,
    "tempo_confidence": 0.0,
    "note_midi": 38,
    "note_name": "D2",
    "note_frequency": 73.43431091308594,
    "note_confidence": 0.9858442544937134,
    "hardness": 46.329473390201116,
    "depth": 54.743264699506106,
    "brightness": 40.32713997779125,
    "roughness": 42.41327794090229,
    "warmth": 54.804248225088394,
    "sharpness": 36.87757268421511,
    "boominess": 50.07574505022638,
    "reverb": false,
    "name": "AKWF_1139.wav",
    "SpectralCentroid": 0.4696186098326119,
    "SpectralSpread": 0.644368980920081,
    "SpectralKurtosis": 0.5490253257195198,
    "ZeroCrossingRate": 0.23302718649526455,
    "SpectralComplexity": 1.0,
    "OddToEvenHarmonicEnergyRatio": 0.6392831777237847,
    "Dissonance": 0.9410435074608142,
    "PitchSalience": 0.031594398370081135,
    "HNR": 0.8385118535094856,
    "NormalizeMethod": "ess_yeojohnson",
    "dco_brightness": 0.12126275693797833,
    "dco_richness": 0.3488270251404027,
    "dco_flatness": 0.3488270251404027,
    "dco_oddenergy": 0.12119088458762495,
    "dco_zcr": 0.06197413883311543
}