{
    "duration": 0.08163265138864517,
    "lossless": 1.0,
    "codec": "pcm_f32le",
    "bitrate": 1411200.0,
    "samplerate": 44100.0,
    "channels": 1.0,
    "audio_md5": "d09bee167e0c78928f502baffc3b33ab",
    "loudness": -16.665685653686523,
    "dynamic_range": 0.0,
    "temporal_centroid": 0.6007898449897766,
    "log_attack_time": -1.266586184501648,
    "filesize": 14458,
    "single_event": false,
    "tonality": "A major",
    "tonality_confidence": 0.5774495005607605,
    "loop": false,
    "tempo": 0,
    "tempo_confidence": 0.0,
    "note_midi": 38,
    "note_name": "D2",
    "note_frequency": 73.42916870117188,
    "note_confidence": 0.9988950490951538,
    "hardness": 36.48451893520206,
    "depth": 62.910493524852335,
    "brightness": 38.13166826392207,
    "roughness": 35.00751202960882,
    "warmth": 68.09517405282982,
    "sharpness": 16.58084143298695,
    "boominess": 47.56717104509175,
    "reverb": false,
    "name": "AKWF_tri_0014.wav",
    "SpectralCentroid": 0.10726255052205413,
    "SpectralSpread": 0.03649056779511618,
    "SpectralKurtosis": 0.7155971140229035,
    "ZeroCrossingRate": 0.23302718649526455,
    "SpectralComplexity": 0.4925373134328358,
    "OddToEvenHarmonicEnergyRatio": 1.0,
    "Dissonance": 0.9594669600850964,
    "PitchSalience": 0.44018563190535953,
    "HNR": 0.6772457075786068,
    "NormalizeMethod": "ess_yeojohnson",
    "dco_brightness": 0.1323131060170314,
    "dco_richness": 0.2615135511602733,
    "dco_flatness": 0.2615135511602733,
    "dco_oddenergy": 0.00591534471536681,
    "dco_zcr": 0.06197413883311543
}