{
    "duration": 0.08163265138864517,
    "lossless": 1.0,
    "codec": "pcm_f32le",
    "bitrate": 1411200.0,
    "samplerate": 44100.0,
    "channels": 1.0,
    "audio_md5": "330d9171f53ef9c493a000f36bcb1384",
    "loudness": -11.44575309753418,
    "dynamic_range": 0.0,
    "temporal_centroid": 0.5649989247322083,
    "log_attack_time": -1.4791942834854126,
    "filesize": 14458,
    "single_event": false,
    "tonality": "D major",
    "tonality_confidence": 0.5492144227027893,
    "loop": false,
    "tempo": 0,
    "tempo_confidence": 0.0,
    "note_midi": 38,
    "note_name": "D2",
    "note_frequency": 73.45135498046875,
    "note_confidence": 0.9748497605323792,
    "hardness": 36.15466446808085,
    "depth": 63.36237520324234,
    "brightness": 38.59593535633218,
    "roughness": 44.104559967065825,
    "warmth": 61.81439211252763,
    "sharpness": 18.524964395084073,
    "boominess": 48.41501982344818,
    "reverb": false,
    "name": "AKWF_symetric_0012.wav",
    "SpectralCentroid": 0.10760751679446691,
    "SpectralSpread": 0.032809167133871525,
    "SpectralKurtosis": 0.752713619155544,
    "ZeroCrossingRate": 0.23302718649526455,
    "SpectralComplexity": 0.9104477611940298,
    "OddToEvenHarmonicEnergyRatio": 0.0011252137210961584,
    "Dissonance": 0.9280239885028834,
    "PitchSalience": 0.2739203353121896,
    "HNR": 0.0,
    "NormalizeMethod": "ess_yeojohnson",
    "dco_brightness": 0.11855357904343132,
    "dco_richness": 0.2339993044772827,
    "dco_flatness": 0.2339993044772827,
    "dco_oddenergy": 0.0036927629424636788,
    "dco_zcr": 0.06197413883311543
}