{
    "duration": 0.08163265138864517,
    "lossless": 1.0,
    "codec": "pcm_f32le",
    "bitrate": 1411200.0,
    "samplerate": 44100.0,
    "channels": 1.0,
    "audio_md5": "c636fe922caa770d64bf75b0b76e0c4b",
    "loudness": -21.31076431274414,
    "dynamic_range": 0.0,
    "temporal_centroid": 0.6039138436317444,
    "log_attack_time": -1.2608027458190918,
    "filesize": 14458,
    "single_event": false,
    "tonality": "D major",
    "tonality_confidence": 0.6813338398933411,
    "loop": false,
    "tempo": 0,
    "tempo_confidence": 0.0,
    "note_midi": 38,
    "note_name": "D2",
    "note_frequency": 73.42982482910156,
    "note_confidence": 0.7785971164703369,
    "hardness": 69.60133500189312,
    "depth": 31.064344417028202,
    "brightness": 64.30567784350345,
    "roughness": 64.03701947543584,
    "warmth": 28.401273995508873,
    "sharpness": 47.053095810781656,
    "boominess": 14.712483315040796,
    "reverb": false,
    "name": "AKWF_hvoice_0063.wav",
    "SpectralCentroid": 0.5567585546040412,
    "SpectralSpread": 0.40175853232143216,
    "SpectralKurtosis": 0.6181512839389822,
    "ZeroCrossingRate": 0.9888403242437336,
    "SpectralComplexity": 0.9701492537313433,
    "OddToEvenHarmonicEnergyRatio": 0.2532406135470057,
    "Dissonance": 0.9981253147207322,
    "PitchSalience": 0.8761302840781007,
    "HNR": 0.5676054305531415,
    "NormalizeMethod": "ess_yeojohnson",
    "dco_brightness": 0.46774015195016294,
    "dco_richness": 0.5422521185316181,
    "dco_flatness": 0.5422521185316181,
    "dco_oddenergy": 0.9842844396285053,
    "dco_zcr": 0.4744344367342544
}