{
    "duration": 0.08163265138864517,
    "lossless": 1.0,
    "codec": "pcm_f32le",
    "bitrate": 1411200.0,
    "samplerate": 44100.0,
    "channels": 1.0,
    "audio_md5": "8de4b11bffcba9d47540869f3e557407",
    "loudness": -14.264883995056152,
    "dynamic_range": 0.0,
    "temporal_centroid": 0.5840246677398682,
    "log_attack_time": -1.3384426832199097,
    "filesize": 14458,
    "single_event": false,
    "tonality": "D minor",
    "tonality_confidence": 0.7310338020324707,
    "loop": false,
    "tempo": 0,
    "tempo_confidence": 0.0,
    "note_midi": 38,
    "note_name": "D2",
    "note_frequency": 73.42839813232422,
    "note_confidence": 0.9244982004165649,
    "hardness": 76.79028545615475,
    "depth": 51.61379901891963,
    "brightness": 57.90842641650628,
    "roughness": 68.29639076410476,
    "warmth": 51.398596733217715,
    "sharpness": 49.875943807205374,
    "boominess": 32.98712168455593,
    "reverb": false,
    "name": "AKWF_1371.wav",
    "SpectralCentroid": 0.7301349620674221,
    "SpectralSpread": 0.7275147869873888,
    "SpectralKurtosis": 0.4659942744666474,
    "ZeroCrossingRate": 0.4252420127794052,
    "SpectralComplexity": 1.0,
    "OddToEvenHarmonicEnergyRatio": 0.13918855242324038,
    "Dissonance": 0.9712047670089233,
    "PitchSalience": 0.6684140379765433,
    "HNR": 0.625311089709279,
    "NormalizeMethod": "ess_yeojohnson",
    "dco_brightness": 0.3218589249076435,
    "dco_richness": 0.5898056607670561,
    "dco_flatness": 0.5898056607670561,
    "dco_oddenergy": 0.8519997227949897,
    "dco_zcr": 0.14487511069267625
}