{
    "duration": 0.08163265138864517,
    "lossless": 1.0,
    "codec": "pcm_f32le",
    "bitrate": 1411200.0,
    "samplerate": 44100.0,
    "channels": 1.0,
    "audio_md5": "82a88bae90e88d0f0ae6210d8e49db8f",
    "loudness": -13.428628921508789,
    "dynamic_range": 0.0,
    "temporal_centroid": 0.5738582015037537,
    "log_attack_time": -1.3843672275543213,
    "filesize": 14458,
    "single_event": false,
    "tonality": "A major",
    "tonality_confidence": 0.534725546836853,
    "loop": false,
    "tempo": 0,
    "tempo_confidence": 0.0,
    "note_midi": 38,
    "note_name": "D2",
    "note_frequency": 73.42841339111328,
    "note_confidence": 0.9829548001289368,
    "hardness": 20.831229757249474,
    "depth": 63.683293187539384,
    "brightness": 25.32272346351054,
    "roughness": 44.41276259294145,
    "warmth": 60.76967517420337,
    "sharpness": 0.0,
    "boominess": 59.16039051627151,
    "reverb": false,
    "name": "AKWF_dbass_0033.wav",
    "SpectralCentroid": 0.028299574105279144,
    "SpectralSpread": 0.024592861523600257,
    "SpectralKurtosis": 0.8021532289413227,
    "ZeroCrossingRate": 0.23302718649526455,
    "SpectralComplexity": 0.4925373134328358,
    "OddToEvenHarmonicEnergyRatio": 0.7662073521142924,
    "Dissonance": 0.7631073344299084,
    "PitchSalience": 0.11159798518802176,
    "HNR": 0.0,
    "NormalizeMethod": "ess_yeojohnson",
    "dco_brightness": 0.10500472961742892,
    "dco_richness": 0.13372289921512956,
    "dco_flatness": 0.13372289921512956,
    "dco_oddenergy": 0.0008475098995677222,
    "dco_zcr": 0.10810914741925219
}