{
    "duration": 0.08163265138864517,
    "lossless": 1.0,
    "codec": "pcm_f32le",
    "bitrate": 1411200.0,
    "samplerate": 44100.0,
    "channels": 1.0,
    "audio_md5": "72d7ef8db11af8b850733c0b737e04ce",
    "loudness": -12.752882957458496,
    "dynamic_range": 0.0,
    "temporal_centroid": 0.5746129155158997,
    "log_attack_time": -1.3979400396347046,
    "filesize": 14458,
    "single_event": false,
    "tonality": "A major",
    "tonality_confidence": 0.4760605990886688,
    "loop": false,
    "tempo": 0,
    "tempo_confidence": 0.0,
    "note_midi": 38,
    "note_name": "D2",
    "note_frequency": 73.45549774169922,
    "note_confidence": 0.9607714414596558,
    "hardness": 26.084921806563074,
    "depth": 62.947947205549845,
    "brightness": 22.847003905299843,
    "roughness": 39.4734959340101,
    "warmth": 63.65986190430728,
    "sharpness": 0.0,
    "boominess": 51.302776137246425,
    "reverb": false,
    "name": "AKWF_eorgan_0067.wav",
    "SpectralCentroid": 0.033071049670285145,
    "SpectralSpread": 0.00951715871670283,
    "SpectralKurtosis": 0.8852375450605526,
    "ZeroCrossingRate": 0.23302718649526455,
    "SpectralComplexity": 0.04477611940298507,
    "OddToEvenHarmonicEnergyRatio": 0.980641242742261,
    "Dissonance": 0.9218874083116031,
    "PitchSalience": 0.4827765312516704,
    "HNR": 0.6867084241783645,
    "NormalizeMethod": "ess_yeojohnson",
    "dco_brightness": 0.13836011446246543,
    "dco_richness": 0.23504828420711124,
    "dco_flatness": 0.23504828420711124,
    "dco_oddenergy": 0.0021251454822418525,
    "dco_zcr": 0.06197413883311543
}