{
    "duration": 0.08163265138864517,
    "lossless": 1.0,
    "codec": "pcm_f32le",
    "bitrate": 1411200.0,
    "samplerate": 44100.0,
    "channels": 1.0,
    "audio_md5": "033aa7cfb652c34a7355736af60ad582",
    "loudness": -15.108882904052734,
    "dynamic_range": 0.0,
    "temporal_centroid": 0.5851024985313416,
    "log_attack_time": -1.3087801933288574,
    "filesize": 14458,
    "single_event": false,
    "tonality": "D# minor",
    "tonality_confidence": 0.28426629304885864,
    "loop": false,
    "tempo": 0,
    "tempo_confidence": 0.0,
    "note_midi": 38,
    "note_name": "D2",
    "note_frequency": 73.44525909423828,
    "note_confidence": 0.9836701154708862,
    "hardness": 27.581596201664766,
    "depth": 54.664203560462646,
    "brightness": 33.52287569103164,
    "roughness": 46.489057884292606,
    "warmth": 59.003740108864264,
    "sharpness": 13.114035097303425,
    "boominess": 53.63235458053715,
    "reverb": false,
    "name": "AKWF_1321.wav",
    "SpectralCentroid": 0.1369013545763646,
    "SpectralSpread": 0.19490827437891056,
    "SpectralKurtosis": 0.6737576597269952,
    "ZeroCrossingRate": 0.251274150799389,
    "SpectralComplexity": 0.8208955223880597,
    "OddToEvenHarmonicEnergyRatio": 0.7716051130285554,
    "Dissonance": 0.9000169066664488,
    "PitchSalience": 0.3197520989692093,
    "HNR": 0.9253662728622484,
    "NormalizeMethod": "ess_yeojohnson",
    "dco_brightness": 0.11884028373933156,
    "dco_richness": 0.20878646692287658,
    "dco_flatness": 0.20878646692287658,
    "dco_oddenergy": 0.03775123055513929,
    "dco_zcr": 0.14487511069267625
}