{
    "duration": 0.08163265138864517,
    "lossless": 1.0,
    "codec": "pcm_f32le",
    "bitrate": 1411200.0,
    "samplerate": 44100.0,
    "channels": 1.0,
    "audio_md5": "b97e21f52f5a1584e12795de1fd35144",
    "loudness": -22.935462951660156,
    "dynamic_range": 0.0,
    "temporal_centroid": 0.6541738510131836,
    "log_attack_time": -1.2137186527252197,
    "filesize": 14458,
    "single_event": false,
    "tonality": "F minor",
    "tonality_confidence": 0.6528522968292236,
    "loop": false,
    "tempo": 0,
    "tempo_confidence": 0.0,
    "note_midi": 38,
    "note_name": "D2",
    "note_frequency": 73.42838287353516,
    "note_confidence": 0.921984076499939,
    "hardness": 79.22982362772447,
    "depth": 13.622106184994188,
    "brightness": 80.70239816146965,
    "roughness": 68.0989877391661,
    "warmth": 23.63196274409182,
    "sharpness": 72.99013597907845,
    "boominess": 4.808632704902667,
    "reverb": false,
    "name": "AKWF_0435.wav",
    "SpectralCentroid": 0.8806530997884722,
    "SpectralSpread": 0.3720452471008212,
    "SpectralKurtosis": 0.373116495245967,
    "ZeroCrossingRate": 0.8170126148854899,
    "SpectralComplexity": 0.4925373134328358,
    "OddToEvenHarmonicEnergyRatio": 1.0,
    "Dissonance": 0.9999969366695822,
    "PitchSalience": 0.9995567092832334,
    "HNR": 0.0,
    "NormalizeMethod": "ess_yeojohnson",
    "dco_brightness": 0.7205896699964259,
    "dco_richness": 0.6692008140191535,
    "dco_flatness": 0.6692008140191535,
    "dco_oddenergy": 0.999158334466714,
    "dco_zcr": 0.33406703367500235
}