{
    "duration": 0.08163265138864517,
    "lossless": 1.0,
    "codec": "pcm_f32le",
    "bitrate": 1411200.0,
    "samplerate": 44100.0,
    "channels": 1.0,
    "audio_md5": "715b45717274eb5b3be2f6c641daba4b",
    "loudness": -14.218928337097168,
    "dynamic_range": 0.0,
    "temporal_centroid": 0.5837605595588684,
    "log_attack_time": -1.2595478296279907,
    "filesize": 14458,
    "single_event": false,
    "tonality": "D minor",
    "tonality_confidence": 0.6328191161155701,
    "loop": false,
    "tempo": 0,
    "tempo_confidence": 0.0,
    "note_midi": 38,
    "note_name": "D2",
    "note_frequency": 73.4458236694336,
    "note_confidence": 0.9641051888465881,
    "hardness": 25.38818092849246,
    "depth": 59.40651573515316,
    "brightness": 18.9593223461561,
    "roughness": 43.80683061757299,
    "warmth": 67.25149049708224,
    "sharpness": 0.0,
    "boominess": 53.71817410258623,
    "reverb": false,
    "name": "AKWF_0983.wav",
    "SpectralCentroid": 0.045431308738091945,
    "SpectralSpread": 0.00295116996175699,
    "SpectralKurtosis": 0.9308248026258821,
    "ZeroCrossingRate": 0.4252420127794052,
    "SpectralComplexity": 0.19402985074626866,
    "OddToEvenHarmonicEnergyRatio": 0.06174101648985331,
    "Dissonance": 0.7493762475777809,
    "PitchSalience": 0.19095776721123817,
    "HNR": 0.7180257977761433,
    "NormalizeMethod": "ess_yeojohnson",
    "dco_brightness": 0.17075670853676425,
    "dco_richness": 0.17741903083956362,
    "dco_flatness": 0.17741903083956362,
    "dco_oddenergy": 0.8724702854296569,
    "dco_zcr": 0.14487511069267625
}