{
    "duration": 0.08163265138864517,
    "lossless": 1.0,
    "codec": "pcm_f32le",
    "bitrate": 1411200.0,
    "samplerate": 44100.0,
    "channels": 1.0,
    "audio_md5": "cdf54b9c21d2ffa20d8ede7d24ced05e",
    "loudness": -18.435911178588867,
    "dynamic_range": 0.0,
    "temporal_centroid": 0.5866434574127197,
    "log_attack_time": -1.3638602495193481,
    "filesize": 14458,
    "single_event": false,
    "tonality": "D major",
    "tonality_confidence": 0.8808388113975525,
    "loop": false,
    "tempo": 0,
    "tempo_confidence": 0.0,
    "note_midi": 38,
    "note_name": "D2",
    "note_frequency": 73.42839813232422,
    "note_confidence": 0.998068630695343,
    "hardness": 67.60771579245511,
    "depth": 58.38634559211437,
    "brightness": 61.46225483405314,
    "roughness": 71.70493733106235,
    "warmth": 47.082731101418595,
    "sharpness": 54.2524687799229,
    "boominess": 33.36941622330518,
    "reverb": false,
    "name": "AKWF_1541.wav",
    "SpectralCentroid": 0.7675062755236248,
    "SpectralSpread": 0.7336969528384933,
    "SpectralKurtosis": 0.4236230651069024,
    "ZeroCrossingRate": 0.23302718649526455,
    "SpectralComplexity": 1.0,
    "OddToEvenHarmonicEnergyRatio": 0.4828890902357299,
    "Dissonance": 0.98685087299082,
    "PitchSalience": 0.5484304467622678,
    "HNR": 0.0,
    "NormalizeMethod": "ess_yeojohnson",
    "dco_brightness": 0.2897813611045692,
    "dco_richness": 0.6037949747535349,
    "dco_flatness": 0.6037949747535349,
    "dco_oddenergy": 0.30940809741363595,
    "dco_zcr": 0.06197413883311543
}