{
    "duration": 0.08163265138864517,
    "lossless": 1.0,
    "codec": "pcm_f32le",
    "bitrate": 1411200.0,
    "samplerate": 44100.0,
    "channels": 1.0,
    "audio_md5": "c480a8729f8f11d715fa33da5c728fbc",
    "loudness": -17.946115493774414,
    "dynamic_range": 0.0,
    "temporal_centroid": 0.6107435822486877,
    "log_attack_time": -1.2615214586257935,
    "filesize": 14458,
    "single_event": false,
    "tonality": "D major",
    "tonality_confidence": 0.6174511909484863,
    "loop": false,
    "tempo": 0,
    "tempo_confidence": 0.0,
    "note_midi": 38,
    "note_name": "D2",
    "note_frequency": 73.42839813232422,
    "note_confidence": 0.7873321771621704,
    "hardness": 59.765957689990074,
    "depth": 55.04444831759743,
    "brightness": 52.73453005179676,
    "roughness": 62.45311377658391,
    "warmth": 60.88231760376663,
    "sharpness": 33.45490781124479,
    "boominess": 36.16798296431233,
    "reverb": false,
    "name": "AKWF_vgame_0069.wav",
    "SpectralCentroid": 0.3245366378606403,
    "SpectralSpread": 0.1353560264944452,
    "SpectralKurtosis": 0.6624458003246608,
    "ZeroCrossingRate": 0.23302718649526455,
    "SpectralComplexity": 0.9402985074626866,
    "OddToEvenHarmonicEnergyRatio": 0.3338093824903542,
    "Dissonance": 0.9542428876761342,
    "PitchSalience": 0.7105607553278845,
    "HNR": 0.812547480712859,
    "NormalizeMethod": "ess_yeojohnson",
    "dco_brightness": 0.2612600793296108,
    "dco_richness": 0.4680728965583251,
    "dco_flatness": 0.4680728965583251,
    "dco_oddenergy": 0.4763915696527159,
    "dco_zcr": 0.06197413883311543
}