{
    "duration": 0.08163265138864517,
    "lossless": 1.0,
    "codec": "pcm_f32le",
    "bitrate": 1411200.0,
    "samplerate": 44100.0,
    "channels": 1.0,
    "audio_md5": "74d1a064dea508d54d717a6f834fa6e9",
    "loudness": -16.515239715576172,
    "dynamic_range": 0.0,
    "temporal_centroid": 0.5861393809318542,
    "log_attack_time": -1.2728166580200195,
    "filesize": 14458,
    "single_event": false,
    "tonality": "D major",
    "tonality_confidence": 0.7746749520301819,
    "loop": false,
    "tempo": 0,
    "tempo_confidence": 0.0,
    "note_midi": 38,
    "note_name": "D2",
    "note_frequency": 73.42839813232422,
    "note_confidence": 0.9747902154922485,
    "hardness": 50.239651617828855,
    "depth": 57.60563511628608,
    "brightness": 43.604834447610415,
    "roughness": 52.90675061172478,
    "warmth": 61.363566055812655,
    "sharpness": 32.872267471846705,
    "boominess": 43.29393234180874,
    "reverb": false,
    "name": "AKWF_0713.wav",
    "SpectralCentroid": 0.2463010409888408,
    "SpectralSpread": 0.1466058735114478,
    "SpectralKurtosis": 0.5940619374957045,
    "ZeroCrossingRate": 0.23302718649526455,
    "SpectralComplexity": 1.0,
    "OddToEvenHarmonicEnergyRatio": 0.6359865190572551,
    "Dissonance": 0.957933179719469,
    "PitchSalience": 0.23770291425900955,
    "HNR": 0.0,
    "NormalizeMethod": "ess_yeojohnson",
    "dco_brightness": 0.1380093244232749,
    "dco_richness": 0.3324727680582396,
    "dco_flatness": 0.3324727680582396,
    "dco_oddenergy": 0.13050829984223378,
    "dco_zcr": 0.06197413883311543
}