{
    "duration": 0.08163265138864517,
    "lossless": 1.0,
    "codec": "pcm_f32le",
    "bitrate": 1411200.0,
    "samplerate": 44100.0,
    "channels": 1.0,
    "audio_md5": "e1a9fce44ab76ef505b58ba7d6812279",
    "loudness": -13.823371887207031,
    "dynamic_range": 0.0,
    "temporal_centroid": 0.5869821310043335,
    "log_attack_time": -1.3000463247299194,
    "filesize": 14458,
    "single_event": false,
    "tonality": "D major",
    "tonality_confidence": 0.7009733319282532,
    "loop": false,
    "tempo": 0,
    "tempo_confidence": 0.0,
    "note_midi": 38,
    "note_name": "D2",
    "note_frequency": 73.44401550292969,
    "note_confidence": 0.9278306365013123,
    "hardness": 32.528301861721644,
    "depth": 57.371288402840136,
    "brightness": 25.936632128208153,
    "roughness": 48.153603590959285,
    "warmth": 65.99242737606552,
    "sharpness": 4.387856447084477,
    "boominess": 43.56684173507384,
    "reverb": false,
    "name": "AKWF_1944.wav",
    "SpectralCentroid": 0.06421574134588784,
    "SpectralSpread": 0.013075648025858238,
    "SpectralKurtosis": 0.8648288444398851,
    "ZeroCrossingRate": 0.4252420127794052,
    "SpectralComplexity": 0.07462686567164178,
    "OddToEvenHarmonicEnergyRatio": 0.12039562196520298,
    "Dissonance": 0.8941378650395811,
    "PitchSalience": 0.5790341625805598,
    "HNR": 0.26213592656570145,
    "NormalizeMethod": "ess_yeojohnson",
    "dco_brightness": 0.2107893567346006,
    "dco_richness": 0.28507226664932167,
    "dco_flatness": 0.28507226664932167,
    "dco_oddenergy": 0.7594235901605464,
    "dco_zcr": 0.14487511069267625
}