{
    "duration": 0.08163265138864517,
    "lossless": 1.0,
    "codec": "pcm_f32le",
    "bitrate": 1411200.0,
    "samplerate": 44100.0,
    "channels": 1.0,
    "audio_md5": "2f2b467b3e7fa68dad3ecba42c168e84",
    "loudness": -16.252628326416016,
    "dynamic_range": 0.0,
    "temporal_centroid": 0.5914312601089478,
    "log_attack_time": -1.2693239450454712,
    "filesize": 14458,
    "single_event": false,
    "tonality": "D minor",
    "tonality_confidence": 0.5902194380760193,
    "loop": false,
    "tempo": 0,
    "tempo_confidence": 0.0,
    "note_midi": 38,
    "note_name": "D2",
    "note_frequency": 73.45838928222656,
    "note_confidence": 0.8892629742622375,
    "hardness": 32.42517941753714,
    "depth": 58.17948832729624,
    "brightness": 24.207551279708234,
    "roughness": 34.70748026727095,
    "warmth": 65.86705977233376,
    "sharpness": 3.15089361509618,
    "boominess": 43.99498785251157,
    "reverb": false,
    "name": "AKWF_eorgan_0153.wav",
    "SpectralCentroid": 0.05866534964640429,
    "SpectralSpread": 0.0031423841138101694,
    "SpectralKurtosis": 0.9228658674847668,
    "ZeroCrossingRate": 0.568873868296057,
    "SpectralComplexity": 0.1791044776119403,
    "OddToEvenHarmonicEnergyRatio": 0.2581101472337889,
    "Dissonance": 0.9066943105493515,
    "PitchSalience": 0.4977393646346948,
    "HNR": 0.6518763097733244,
    "NormalizeMethod": "ess_yeojohnson",
    "dco_brightness": 0.19104987043929175,
    "dco_richness": 0.29987701909200487,
    "dco_flatness": 0.29987701909200487,
    "dco_oddenergy": 0.5298038351967482,
    "dco_zcr": 0.2016028048315253
}