{
    "duration": 0.08163265138864517,
    "lossless": 1.0,
    "codec": "pcm_f32le",
    "bitrate": 1411200.0,
    "samplerate": 44100.0,
    "channels": 1.0,
    "audio_md5": "7e8407e2241c7769d8eb398cae60b1f2",
    "loudness": -8.97478199005127,
    "dynamic_range": 0.0,
    "temporal_centroid": 0.560603141784668,
    "log_attack_time": -1.5758817195892334,
    "filesize": 14458,
    "single_event": false,
    "tonality": "D major",
    "tonality_confidence": 0.7208041548728943,
    "loop": false,
    "tempo": 0,
    "tempo_confidence": 0.0,
    "note_midi": 50,
    "note_name": "D3",
    "note_frequency": 145.36611938476562,
    "note_confidence": 0.8653379678726196,
    "hardness": 55.10550306208404,
    "depth": 60.75112888017074,
    "brightness": 44.62905207344818,
    "roughness": 53.28567012044939,
    "warmth": 61.536201187820154,
    "sharpness": 35.5827261372498,
    "boominess": 41.618951402795346,
    "reverb": false,
    "name": "AKWF_distorted_0005.wav",
    "SpectralCentroid": 0.4724621898844959,
    "SpectralSpread": 0.5345299783061157,
    "SpectralKurtosis": 0.5660318891041269,
    "ZeroCrossingRate": 0.4252420127794052,
    "SpectralComplexity": 1.0,
    "OddToEvenHarmonicEnergyRatio": 0.03687557439672371,
    "Dissonance": 0.9953342560279049,
    "PitchSalience": 0.33364405737782743,
    "HNR": 0.8057009848911996,
    "NormalizeMethod": "ess_yeojohnson",
    "dco_brightness": 0.2031804662069382,
    "dco_richness": 0.4060317619789362,
    "dco_flatness": 0.4060317619789362,
    "dco_oddenergy": 0.938837140898831,
    "dco_zcr": 0.14487511069267625
}