{
    "duration": 0.08163265138864517,
    "lossless": 1.0,
    "codec": "pcm_f32le",
    "bitrate": 1411200.0,
    "samplerate": 44100.0,
    "channels": 1.0,
    "audio_md5": "52ab90c16519544a7b47da9c33634f41",
    "loudness": -13.028684616088867,
    "dynamic_range": 0.0,
    "temporal_centroid": 0.5852196216583252,
    "log_attack_time": -1.305384874343872,
    "filesize": 14458,
    "single_event": false,
    "tonality": "D major",
    "tonality_confidence": 0.8971359133720398,
    "loop": false,
    "tempo": 0,
    "tempo_confidence": 0.0,
    "note_midi": 50,
    "note_name": "D3",
    "note_frequency": 146.9187774658203,
    "note_confidence": 0.9608261585235596,
    "hardness": 41.478798954045146,
    "depth": 48.389244338059555,
    "brightness": 39.556050383874876,
    "roughness": 51.02002874432351,
    "warmth": 67.10773455736901,
    "sharpness": 13.580913469705425,
    "boominess": 35.29463563000445,
    "reverb": false,
    "name": "AKWF_1256.wav",
    "SpectralCentroid": 0.14496934362606506,
    "SpectralSpread": 0.01773337494089391,
    "SpectralKurtosis": 0.7414620036844968,
    "ZeroCrossingRate": 0.6763055176555212,
    "SpectralComplexity": 0.7611940298507462,
    "OddToEvenHarmonicEnergyRatio": 0.007620382285835438,
    "Dissonance": 0.9775553427108199,
    "PitchSalience": 0.5502204760220966,
    "HNR": 0.8846505320125151,
    "NormalizeMethod": "ess_yeojohnson",
    "dco_brightness": 0.2563477205937823,
    "dco_richness": 0.27985216543742075,
    "dco_flatness": 0.27985216543742075,
    "dco_oddenergy": 0.9847315167909343,
    "dco_zcr": 0.24477676146998018
}