{
    "duration": 0.08163265138864517,
    "lossless": 1.0,
    "codec": "pcm_f32le",
    "bitrate": 1411200.0,
    "samplerate": 44100.0,
    "channels": 1.0,
    "audio_md5": "d92b96e767740a71648186b264d7d145",
    "loudness": -13.528850555419922,
    "dynamic_range": 0.0,
    "temporal_centroid": 0.5806261897087097,
    "log_attack_time": -1.2791378498077393,
    "filesize": 14458,
    "single_event": false,
    "tonality": "D major",
    "tonality_confidence": 0.887984037399292,
    "loop": false,
    "tempo": 0,
    "tempo_confidence": 0.0,
    "note_midi": 38,
    "note_name": "D2",
    "note_frequency": 73.42839813232422,
    "note_confidence": 0.913038432598114,
    "hardness": 79.10557522122303,
    "depth": 53.5187911050285,
    "brightness": 57.71228336350651,
    "roughness": 67.2013432247542,
    "warmth": 50.163680074382185,
    "sharpness": 49.67394882358035,
    "boominess": 34.73918413138715,
    "reverb": false,
    "name": "AKWF_blended_0030.wav",
    "SpectralCentroid": 0.7987590780151872,
    "SpectralSpread": 0.8649814644367994,
    "SpectralKurtosis": 0.43122844697083484,
    "ZeroCrossingRate": 0.4252420127794052,
    "SpectralComplexity": 1.0,
    "OddToEvenHarmonicEnergyRatio": 0.06405533883749984,
    "Dissonance": 0.9786803872749837,
    "PitchSalience": 0.5730399340818223,
    "HNR": 0.7023463328237094,
    "NormalizeMethod": "ess_yeojohnson",
    "dco_brightness": 0.3099961310448163,
    "dco_richness": 0.6116800204031958,
    "dco_flatness": 0.6116800204031958,
    "dco_oddenergy": 0.8768766109672316,
    "dco_zcr": 0.14487511069267625
}