{
    "duration": 0.08163265138864517,
    "lossless": 1.0,
    "codec": "pcm_f32le",
    "bitrate": 1411200.0,
    "samplerate": 44100.0,
    "channels": 1.0,
    "audio_md5": "0649d52089562a3559b4e20e36272142",
    "loudness": -13.115659713745117,
    "dynamic_range": 0.0,
    "temporal_centroid": 0.594685971736908,
    "log_attack_time": -1.3166711330413818,
    "filesize": 14458,
    "single_event": false,
    "tonality": "D major",
    "tonality_confidence": 0.7937405705451965,
    "loop": false,
    "tempo": 0,
    "tempo_confidence": 0.0,
    "note_midi": 38,
    "note_name": "D2",
    "note_frequency": 73.42837524414062,
    "note_confidence": 0.9789382815361023,
    "hardness": 81.43860564413251,
    "depth": 49.36596382910552,
    "brightness": 62.30462632547151,
    "roughness": 71.10328078648173,
    "warmth": 46.79570802908872,
    "sharpness": 53.30644159605236,
    "boominess": 30.252444950910036,
    "reverb": false,
    "name": "AKWF_1616.wav",
    "SpectralCentroid": 0.8181815496413152,
    "SpectralSpread": 0.8666985104809461,
    "SpectralKurtosis": 0.4215424670971616,
    "ZeroCrossingRate": 0.9408690907132414,
    "SpectralComplexity": 0.9850746268656716,
    "OddToEvenHarmonicEnergyRatio": 0.5009589983081644,
    "Dissonance": 0.9818635522612922,
    "PitchSalience": 0.63290664681596,
    "HNR": 0.639728186635007,
    "NormalizeMethod": "ess_yeojohnson",
    "dco_brightness": 0.3457386612018414,
    "dco_richness": 0.6388786121952131,
    "dco_flatness": 0.6388786121952131,
    "dco_oddenergy": 0.2992400116886482,
    "dco_zcr": 0.39368453702765077
}