{
    "duration": 0.08163265138864517,
    "lossless": 1.0,
    "codec": "pcm_f32le",
    "bitrate": 1411200.0,
    "samplerate": 44100.0,
    "channels": 1.0,
    "audio_md5": "7f5f4a84d13b0884949da26c8809d53f",
    "loudness": -16.4871768951416,
    "dynamic_range": 0.0,
    "temporal_centroid": 0.5876024961471558,
    "log_attack_time": -1.2664042711257935,
    "filesize": 14458,
    "single_event": false,
    "tonality": "D major",
    "tonality_confidence": 0.6572138667106628,
    "loop": false,
    "tempo": 0,
    "tempo_confidence": 0.0,
    "note_midi": 38,
    "note_name": "D2",
    "note_frequency": 73.42841339111328,
    "note_confidence": 0.9457555413246155,
    "hardness": 34.62282886707153,
    "depth": 60.82039092046574,
    "brightness": 34.20917472301918,
    "roughness": 48.855792586202455,
    "warmth": 67.09981853761073,
    "sharpness": 8.013636228681584,
    "boominess": 46.64158626939487,
    "reverb": false,
    "name": "AKWF_piano_0016.wav",
    "SpectralCentroid": 0.09012827244699799,
    "SpectralSpread": 0.012692827303700797,
    "SpectralKurtosis": 0.7997966334757086,
    "ZeroCrossingRate": 0.4252420127794052,
    "SpectralComplexity": 0.3880597014925373,
    "OddToEvenHarmonicEnergyRatio": 0.5471515078338863,
    "Dissonance": 0.7999543126149113,
    "PitchSalience": 0.2880876394202643,
    "HNR": 0.6728194501163344,
    "NormalizeMethod": "ess_yeojohnson",
    "dco_brightness": 0.14944746122827127,
    "dco_richness": 0.3053802359138685,
    "dco_flatness": 0.3053802359138685,
    "dco_oddenergy": 0.19072397761676374,
    "dco_zcr": 0.14487511069267625
}