{
    "duration": 0.08163265138864517,
    "lossless": 1.0,
    "codec": "pcm_f32le",
    "bitrate": 1411200.0,
    "samplerate": 44100.0,
    "channels": 1.0,
    "audio_md5": "85630521281bb9c8b0db5974296f9671",
    "loudness": -15.747313499450684,
    "dynamic_range": 0.0,
    "temporal_centroid": 0.6083226203918457,
    "log_attack_time": -1.2859326601028442,
    "filesize": 14458,
    "single_event": false,
    "tonality": "D major",
    "tonality_confidence": 0.866933286190033,
    "loop": false,
    "tempo": 0,
    "tempo_confidence": 0.0,
    "note_midi": 38,
    "note_name": "D2",
    "note_frequency": 73.45686340332031,
    "note_confidence": 0.8920299410820007,
    "hardness": 35.39889468874445,
    "depth": 60.08611657113809,
    "brightness": 27.225601922769044,
    "roughness": 37.20338208031243,
    "warmth": 68.96940122590964,
    "sharpness": 6.3657570238013435,
    "boominess": 45.70583578889292,
    "reverb": false,
    "name": "AKWF_eorgan_0073.wav",
    "SpectralCentroid": 0.06252500736704017,
    "SpectralSpread": 0.007911220696012237,
    "SpectralKurtosis": 0.8869939696875319,
    "ZeroCrossingRate": 0.6763055176555212,
    "SpectralComplexity": 0.208955223880597,
    "OddToEvenHarmonicEnergyRatio": 0.2807258318034618,
    "Dissonance": 0.38638709205920574,
    "PitchSalience": 0.5865110546302791,
    "HNR": 0.0,
    "NormalizeMethod": "ess_yeojohnson",
    "dco_brightness": 0.20186704074214712,
    "dco_richness": 0.27287466776711067,
    "dco_flatness": 0.27287466776711067,
    "dco_oddenergy": 0.49638312933885653,
    "dco_zcr": 0.2796406039636913
}