{
    "duration": 0.08163265138864517,
    "lossless": 1.0,
    "codec": "pcm_f32le",
    "bitrate": 1411200.0,
    "samplerate": 44100.0,
    "channels": 1.0,
    "audio_md5": "f78fab3b855d9cde336408450fd233d7",
    "loudness": -10.229101181030273,
    "dynamic_range": 0.0,
    "temporal_centroid": 0.5560059547424316,
    "log_attack_time": -1.6466155052185059,
    "filesize": 14458,
    "single_event": false,
    "tonality": "A major",
    "tonality_confidence": 0.42281123995780945,
    "loop": false,
    "tempo": 0,
    "tempo_confidence": 0.0,
    "note_midi": 38,
    "note_name": "D2",
    "note_frequency": 73.43632507324219,
    "note_confidence": 0.9695730805397034,
    "hardness": 47.73319936358686,
    "depth": 62.0469157412892,
    "brightness": 45.17599505433383,
    "roughness": 42.221963162857705,
    "warmth": 63.02845401632942,
    "sharpness": 28.66765902608383,
    "boominess": 41.58468270257035,
    "reverb": false,
    "name": "AKWF_rAsymSqu_16.wav",
    "SpectralCentroid": 0.20190911012383736,
    "SpectralSpread": 0.0857306581312835,
    "SpectralKurtosis": 0.6388687491885436,
    "ZeroCrossingRate": 0.23302718649526455,
    "SpectralComplexity": 0.4925373134328358,
    "OddToEvenHarmonicEnergyRatio": 0.01055807951220563,
    "Dissonance": 0.9939904021481824,
    "PitchSalience": 0.44412260034668233,
    "HNR": 0.0,
    "NormalizeMethod": "ess_yeojohnson",
    "dco_brightness": 0.1476384443640154,
    "dco_richness": 0.3400651171885194,
    "dco_flatness": 0.3400651171885194,
    "dco_oddenergy": 0.02694403771087961,
    "dco_zcr": 0.06197413883311543
}