{
    "duration": 0.08163265138864517,
    "lossless": 1.0,
    "codec": "pcm_f32le",
    "bitrate": 1411200.0,
    "samplerate": 44100.0,
    "channels": 1.0,
    "audio_md5": "602cd9faf5be917757a57a23df474f09",
    "loudness": -12.091136932373047,
    "dynamic_range": 0.0,
    "temporal_centroid": 0.578004002571106,
    "log_attack_time": -1.3829377889633179,
    "filesize": 14458,
    "single_event": false,
    "tonality": "D minor",
    "tonality_confidence": 0.8046785593032837,
    "loop": false,
    "tempo": 0,
    "tempo_confidence": 0.0,
    "note_midi": 38,
    "note_name": "D2",
    "note_frequency": 73.44832611083984,
    "note_confidence": 0.9625489115715027,
    "hardness": 23.49548112948817,
    "depth": 60.738852038846524,
    "brightness": 29.424194630735514,
    "roughness": 45.771141205864154,
    "warmth": 73.97435328782053,
    "sharpness": 0.0,
    "boominess": 53.36574168193306,
    "reverb": false,
    "name": "AKWF_fmsynth_0007.wav",
    "SpectralCentroid": 0.06078777577356712,
    "SpectralSpread": 0.014662337720115706,
    "SpectralKurtosis": 0.8160614518560664,
    "ZeroCrossingRate": 0.4252420127794052,
    "SpectralComplexity": 0.5373134328358209,
    "OddToEvenHarmonicEnergyRatio": 0.4141781858266202,
    "Dissonance": 0.6698149923475089,
    "PitchSalience": 0.3239650884874981,
    "HNR": 0.47061333393543486,
    "NormalizeMethod": "ess_yeojohnson",
    "dco_brightness": 0.17583446290471383,
    "dco_richness": 0.2064624998711643,
    "dco_flatness": 0.2064624998711643,
    "dco_oddenergy": 0.676900747977063,
    "dco_zcr": 0.14487511069267625
}