{
    "duration": 0.08163265138864517,
    "lossless": 1.0,
    "codec": "pcm_f32le",
    "bitrate": 1411200.0,
    "samplerate": 44100.0,
    "channels": 1.0,
    "audio_md5": "89d668b242dc42435d5e56ee5e2d9706",
    "loudness": -14.87763500213623,
    "dynamic_range": 0.0,
    "temporal_centroid": 0.5839748978614807,
    "log_attack_time": -1.2707911729812622,
    "filesize": 14458,
    "single_event": false,
    "tonality": "D minor",
    "tonality_confidence": 0.7606619000434875,
    "loop": false,
    "tempo": 0,
    "tempo_confidence": 0.0,
    "note_midi": 38,
    "note_name": "D2",
    "note_frequency": 73.42850494384766,
    "note_confidence": 0.9933980107307434,
    "hardness": 34.56780491809937,
    "depth": 62.3979782106815,
    "brightness": 29.136928054295105,
    "roughness": 48.89472392905776,
    "warmth": 63.81320086147609,
    "sharpness": 0.0,
    "boominess": 52.70639207142239,
    "reverb": false,
    "name": "AKWF_0164.wav",
    "SpectralCentroid": 0.06095289785086876,
    "SpectralSpread": 0.01318322016705063,
    "SpectralKurtosis": 0.857301273523184,
    "ZeroCrossingRate": 0.23302718649526455,
    "SpectralComplexity": 0.4626865671641791,
    "OddToEvenHarmonicEnergyRatio": 0.6074522925846474,
    "Dissonance": 0.8359747750786108,
    "PitchSalience": 0.1171135314882332,
    "HNR": 0.0,
    "NormalizeMethod": "ess_yeojohnson",
    "dco_brightness": 0.1236188931052362,
    "dco_richness": 0.2158362237535858,
    "dco_flatness": 0.2158362237535858,
    "dco_oddenergy": 0.14320563130903285,
    "dco_zcr": 0.06197413883311543
}