{
    "duration": 0.08163265138864517,
    "lossless": 1.0,
    "codec": "pcm_f32le",
    "bitrate": 1411200.0,
    "samplerate": 44100.0,
    "channels": 1.0,
    "audio_md5": "bacd448cff9e0d48fcfbb446c6f93972",
    "loudness": -13.621697425842285,
    "dynamic_range": 0.0,
    "temporal_centroid": 0.5882164835929871,
    "log_attack_time": -1.2772691249847412,
    "filesize": 14458,
    "single_event": false,
    "tonality": "D major",
    "tonality_confidence": 0.8226531147956848,
    "loop": false,
    "tempo": 0,
    "tempo_confidence": 0.0,
    "note_midi": 50,
    "note_name": "D3",
    "note_frequency": 145.91720581054688,
    "note_confidence": 0.8637573719024658,
    "hardness": 32.029630986196366,
    "depth": 61.698201844109484,
    "brightness": 24.190027667701493,
    "roughness": 44.92241994477822,
    "warmth": 68.77704701549595,
    "sharpness": 3.318649397498497,
    "boominess": 49.34758296080207,
    "reverb": false,
    "name": "AKWF_eorgan_0088.wav",
    "SpectralCentroid": 0.05961054886147477,
    "SpectralSpread": 0.004495141294229159,
    "SpectralKurtosis": 0.9092324242440942,
    "ZeroCrossingRate": 0.4252420127794052,
    "SpectralComplexity": 0.19402985074626866,
    "OddToEvenHarmonicEnergyRatio": 0.036772425441181686,
    "Dissonance": 0.3306503056620265,
    "PitchSalience": 0.4316585402035778,
    "HNR": 0.7981020926443877,
    "NormalizeMethod": "ess_yeojohnson",
    "dco_brightness": 0.18581981502546666,
    "dco_richness": 0.2302757139703128,
    "dco_flatness": 0.2302757139703128,
    "dco_oddenergy": 0.9228790125930335,
    "dco_zcr": 0.14487511069267625
}