{
    "duration": 0.08163265138864517,
    "lossless": 1.0,
    "codec": "pcm_f32le",
    "bitrate": 1411200.0,
    "samplerate": 44100.0,
    "channels": 1.0,
    "audio_md5": "cfe7d43c27d4fdde510e90ec17555021",
    "loudness": -18.825321197509766,
    "dynamic_range": 0.0,
    "temporal_centroid": 0.5926001071929932,
    "log_attack_time": -1.2728166580200195,
    "filesize": 14458,
    "single_event": false,
    "tonality": "D major",
    "tonality_confidence": 0.8891016244888306,
    "loop": false,
    "tempo": 0,
    "tempo_confidence": 0.0,
    "note_midi": 38,
    "note_name": "D2",
    "note_frequency": 73.42839813232422,
    "note_confidence": 0.8550854921340942,
    "hardness": 69.12602201822858,
    "depth": 56.18272694437671,
    "brightness": 55.55529627915054,
    "roughness": 60.53308126674712,
    "warmth": 50.714626697197495,
    "sharpness": 45.71267418684762,
    "boominess": 33.993676634871434,
    "reverb": false,
    "name": "AKWF_1469.wav",
    "SpectralCentroid": 0.7284078072930277,
    "SpectralSpread": 0.8195598852280552,
    "SpectralKurtosis": 0.4540903408125853,
    "ZeroCrossingRate": 0.23302718649526455,
    "SpectralComplexity": 1.0,
    "OddToEvenHarmonicEnergyRatio": 0.4179269407190517,
    "Dissonance": 0.9691318404897594,
    "PitchSalience": 0.6742770979480219,
    "HNR": 0.0,
    "NormalizeMethod": "ess_yeojohnson",
    "dco_brightness": 0.2694855944421699,
    "dco_richness": 0.5693068754409333,
    "dco_flatness": 0.5693068754409333,
    "dco_oddenergy": 0.39926710625890083,
    "dco_zcr": 0.10810914741925219
}