{
    "duration": 0.08163265138864517,
    "lossless": 1.0,
    "codec": "pcm_f32le",
    "bitrate": 1411200.0,
    "samplerate": 44100.0,
    "channels": 1.0,
    "audio_md5": "9c247de4050184b945bf9acf349431cc",
    "loudness": -23.133502960205078,
    "dynamic_range": 0.0,
    "temporal_centroid": 0.6119329929351807,
    "log_attack_time": -1.2615214586257935,
    "filesize": 14458,
    "single_event": false,
    "tonality": "D major",
    "tonality_confidence": 0.7987508773803711,
    "loop": false,
    "tempo": 0,
    "tempo_confidence": 0.0,
    "note_midi": 38,
    "note_name": "D2",
    "note_frequency": 73.42845153808594,
    "note_confidence": 0.9854918122291565,
    "hardness": 69.6492873990168,
    "depth": 30.91926164156348,
    "brightness": 67.30640297048735,
    "roughness": 73.78600435659872,
    "warmth": 35.022016688397194,
    "sharpness": 53.676558873557994,
    "boominess": 16.160832854310932,
    "reverb": false,
    "name": "AKWF_granular_0015.wav",
    "SpectralCentroid": 0.6826606130352318,
    "SpectralSpread": 0.42126725294088607,
    "SpectralKurtosis": 0.5268487914448429,
    "ZeroCrossingRate": 0.9744143004333862,
    "SpectralComplexity": 1.0,
    "OddToEvenHarmonicEnergyRatio": 0.25633311762162586,
    "Dissonance": 0.9994453913214975,
    "PitchSalience": 0.8305265657711836,
    "HNR": 0.5205114673677015,
    "NormalizeMethod": "ess_yeojohnson",
    "dco_brightness": 0.49543731852551537,
    "dco_richness": 0.6117897163570652,
    "dco_flatness": 0.6117897163570652,
    "dco_oddenergy": 0.8664856714721962,
    "dco_zcr": 0.4450089919871252
}