{
    "duration": 0.08163265138864517,
    "lossless": 1.0,
    "codec": "pcm_f32le",
    "bitrate": 1411200.0,
    "samplerate": 44100.0,
    "channels": 1.0,
    "audio_md5": "a3ecd056671c1999612b11b450185597",
    "loudness": -14.099226951599121,
    "dynamic_range": 0.0,
    "temporal_centroid": 0.5799707174301147,
    "log_attack_time": -1.3763288259506226,
    "filesize": 14458,
    "single_event": false,
    "tonality": "A major",
    "tonality_confidence": 0.45902806520462036,
    "loop": false,
    "tempo": 0,
    "tempo_confidence": 0.0,
    "note_midi": 38,
    "note_name": "D2",
    "note_frequency": 75.41636657714844,
    "note_confidence": 0.9680482745170593,
    "hardness": 43.94903678599334,
    "depth": 54.55463439347635,
    "brightness": 54.21589835931001,
    "roughness": 45.58716166847431,
    "warmth": 57.050167051037455,
    "sharpness": 34.08745711856347,
    "boominess": 45.408834980102604,
    "reverb": false,
    "name": "AKWF_vgame_0112.wav",
    "SpectralCentroid": 0.2442290033903734,
    "SpectralSpread": 0.07926047547014319,
    "SpectralKurtosis": 0.5424208743258601,
    "ZeroCrossingRate": 0.4252420127794052,
    "SpectralComplexity": 0.9850746268656716,
    "OddToEvenHarmonicEnergyRatio": 0.9306311492356218,
    "Dissonance": 0.9917475337272679,
    "PitchSalience": 0.18591856935099882,
    "HNR": 0.9106863512418722,
    "NormalizeMethod": "ess_yeojohnson",
    "dco_brightness": 0.13082146415341564,
    "dco_richness": 0.3847484337565703,
    "dco_flatness": 0.3847484337565703,
    "dco_oddenergy": 0.009062324524397036,
    "dco_zcr": 0.14487511069267625
}