{
    "duration": 0.08163265138864517,
    "lossless": 1.0,
    "codec": "pcm_f32le",
    "bitrate": 1411200.0,
    "samplerate": 44100.0,
    "channels": 1.0,
    "audio_md5": "f31b5564b232b13c74b0849f7bbac3da",
    "loudness": -14.66510009765625,
    "dynamic_range": 0.0,
    "temporal_centroid": 0.5807673931121826,
    "log_attack_time": -1.2649517059326172,
    "filesize": 14458,
    "single_event": false,
    "tonality": "D major",
    "tonality_confidence": 0.7994875907897949,
    "loop": false,
    "tempo": 0,
    "tempo_confidence": 0.0,
    "note_midi": 38,
    "note_name": "D2",
    "note_frequency": 73.42858123779297,
    "note_confidence": 0.975676953792572,
    "hardness": 78.369232886644,
    "depth": 51.70332051521297,
    "brightness": 58.42746975716279,
    "roughness": 72.51518974647072,
    "warmth": 47.23456451778506,
    "sharpness": 50.24307606153975,
    "boominess": 30.07135150171971,
    "reverb": false,
    "name": "AKWF_0413.wav",
    "SpectralCentroid": 0.8099088379418199,
    "SpectralSpread": 0.8913948155850254,
    "SpectralKurtosis": 0.4251353561651319,
    "ZeroCrossingRate": 0.568873868296057,
    "SpectralComplexity": 1.0,
    "OddToEvenHarmonicEnergyRatio": 0.21431359653490634,
    "Dissonance": 0.9563466663087918,
    "PitchSalience": 0.7791014914535644,
    "HNR": 0.0,
    "NormalizeMethod": "ess_yeojohnson",
    "dco_brightness": 0.33485564106713966,
    "dco_richness": 0.6256152925964688,
    "dco_flatness": 0.6256152925964688,
    "dco_oddenergy": 0.6130487940769973,
    "dco_zcr": 0.2016028048315253
}