{
    "duration": 0.08163265138864517,
    "lossless": 1.0,
    "codec": "pcm_f32le",
    "bitrate": 1411200.0,
    "samplerate": 44100.0,
    "channels": 1.0,
    "audio_md5": "c96a5a65272aa33a433a09e8bd0941c3",
    "loudness": -12.840885162353516,
    "dynamic_range": 0.0,
    "temporal_centroid": 0.5859375596046448,
    "log_attack_time": -1.3059821128845215,
    "filesize": 14458,
    "single_event": false,
    "tonality": "D minor",
    "tonality_confidence": 0.7388482689857483,
    "loop": false,
    "tempo": 0,
    "tempo_confidence": 0.0,
    "note_midi": 50,
    "note_name": "D3",
    "note_frequency": 147.12754821777344,
    "note_confidence": 0.9718255996704102,
    "hardness": 32.03514062335448,
    "depth": 51.323972325432024,
    "brightness": 28.977884636031398,
    "roughness": 48.84277177506177,
    "warmth": 67.46620274315688,
    "sharpness": 7.177017573019427,
    "boominess": 38.39781402012885,
    "reverb": false,
    "name": "AKWF_0273.wav",
    "SpectralCentroid": 0.09654726885548705,
    "SpectralSpread": 0.004863072330369171,
    "SpectralKurtosis": 0.8882744354343249,
    "ZeroCrossingRate": 0.6763055176555212,
    "SpectralComplexity": 0.3283582089552239,
    "OddToEvenHarmonicEnergyRatio": 0.005996747937414941,
    "Dissonance": 0.9951092471150721,
    "PitchSalience": 0.5572902658343745,
    "HNR": 0.8860780713678796,
    "NormalizeMethod": "ess_yeojohnson",
    "dco_brightness": 0.24901966902900788,
    "dco_richness": 0.24050854485744264,
    "dco_flatness": 0.24050854485744264,
    "dco_oddenergy": 0.9874288040701376,
    "dco_zcr": 0.24477676146998018
}