{
    "duration": 0.08163265138864517,
    "lossless": 1.0,
    "codec": "pcm_f32le",
    "bitrate": 1411200.0,
    "samplerate": 44100.0,
    "channels": 1.0,
    "audio_md5": "40e12a9bd95a6cb6f68c1c434e1c4d14",
    "loudness": -19.02537727355957,
    "dynamic_range": 0.0,
    "temporal_centroid": 0.5982991456985474,
    "log_attack_time": -1.2645894289016724,
    "filesize": 14458,
    "single_event": false,
    "tonality": "D major",
    "tonality_confidence": 0.635715663433075,
    "loop": false,
    "tempo": 0,
    "tempo_confidence": 0.0,
    "note_midi": 38,
    "note_name": "D2",
    "note_frequency": 73.42937469482422,
    "note_confidence": 0.8628861308097839,
    "hardness": 79.05191815743552,
    "depth": 17.125022936418468,
    "brightness": 64.14276324535226,
    "roughness": 70.50346373269016,
    "warmth": 27.262314111817815,
    "sharpness": 54.981718927711995,
    "boominess": 13.319953651526648,
    "reverb": false,
    "name": "AKWF_hvoice_0061.wav",
    "SpectralCentroid": 0.7033560566678327,
    "SpectralSpread": 0.6085866867928699,
    "SpectralKurtosis": 0.5325063769997413,
    "ZeroCrossingRate": 0.999930498205975,
    "SpectralComplexity": 1.0,
    "OddToEvenHarmonicEnergyRatio": 0.2718704849559363,
    "Dissonance": 0.9985339046493187,
    "PitchSalience": 0.7942047964335843,
    "HNR": 0.7377111153102979,
    "NormalizeMethod": "ess_yeojohnson",
    "dco_brightness": 0.4754542939607535,
    "dco_richness": 0.5782027456022962,
    "dco_flatness": 0.5782027456022962,
    "dco_oddenergy": 0.9944650579418646,
    "dco_zcr": 0.6123895979663744
}