{
    "duration": 0.08163265138864517,
    "lossless": 1.0,
    "codec": "pcm_f32le",
    "bitrate": 1411200.0,
    "samplerate": 44100.0,
    "channels": 1.0,
    "audio_md5": "57befac249d7d824a102c9691e781bda",
    "loudness": -29.277448654174805,
    "dynamic_range": 0.0,
    "temporal_centroid": 0.6348388195037842,
    "log_attack_time": -1.2640464305877686,
    "filesize": 14458,
    "single_event": false,
    "tonality": "D major",
    "tonality_confidence": 0.7377804517745972,
    "loop": false,
    "tempo": 0,
    "tempo_confidence": 0.0,
    "note_midi": 38,
    "note_name": "D2",
    "note_frequency": 73.42838287353516,
    "note_confidence": 0.7234638333320618,
    "hardness": 83.43692171125139,
    "depth": 32.94858903424963,
    "brightness": 77.99335408935445,
    "roughness": 79.61503118332514,
    "warmth": 25.40879155857216,
    "sharpness": 66.11349660958182,
    "boominess": 15.826928553837533,
    "reverb": false,
    "name": "AKWF_0422.wav",
    "SpectralCentroid": 0.9002716608222447,
    "SpectralSpread": 0.7441704079553249,
    "SpectralKurtosis": 0.3786699517080442,
    "ZeroCrossingRate": 0.23302718649526455,
    "SpectralComplexity": 1.0,
    "OddToEvenHarmonicEnergyRatio": 0.2798840737199338,
    "Dissonance": 0.9999986871441067,
    "PitchSalience": 0.9900892196248923,
    "HNR": 0.0,
    "NormalizeMethod": "ess_yeojohnson",
    "dco_brightness": 0.6740020549044075,
    "dco_richness": 0.7307732086655744,
    "dco_flatness": 0.7307732086655744,
    "dco_oddenergy": 0.9548715834405572,
    "dco_zcr": 0.06197413883311543
}