{
    "duration": 0.08163265138864517,
    "lossless": 1.0,
    "codec": "pcm_f32le",
    "bitrate": 1411200.0,
    "samplerate": 44100.0,
    "channels": 1.0,
    "audio_md5": "dabbcbf5a89de4cd8ef2c341aa546f10",
    "loudness": -13.750919342041016,
    "dynamic_range": 0.0,
    "temporal_centroid": 0.5907098650932312,
    "log_attack_time": -1.2880302667617798,
    "filesize": 14458,
    "single_event": false,
    "tonality": "D major",
    "tonality_confidence": 0.6600154042243958,
    "loop": false,
    "tempo": 0,
    "tempo_confidence": 0.0,
    "note_midi": 38,
    "note_name": "D2",
    "note_frequency": 73.42839813232422,
    "note_confidence": 0.9268823862075806,
    "hardness": 80.79934716897822,
    "depth": 54.77356054234877,
    "brightness": 57.8214322505465,
    "roughness": 71.70091803872626,
    "warmth": 52.91738852341812,
    "sharpness": 50.653109039288736,
    "boominess": 32.524838079120485,
    "reverb": false,
    "name": "AKWF_granular_0016.wav",
    "SpectralCentroid": 0.7656545521894094,
    "SpectralSpread": 0.8156391696741495,
    "SpectralKurtosis": 0.45109956371703386,
    "ZeroCrossingRate": 0.568873868296057,
    "SpectralComplexity": 1.0,
    "OddToEvenHarmonicEnergyRatio": 0.28406289494834913,
    "Dissonance": 0.9641963046315806,
    "PitchSalience": 0.7225173897250011,
    "HNR": 0.0,
    "NormalizeMethod": "ess_yeojohnson",
    "dco_brightness": 0.3226093947145602,
    "dco_richness": 0.6058363507981475,
    "dco_flatness": 0.6058363507981475,
    "dco_oddenergy": 0.5521454000016489,
    "dco_zcr": 0.24477676146998018
}