{
    "duration": 0.08163265138864517,
    "lossless": 1.0,
    "codec": "pcm_f32le",
    "bitrate": 1411200.0,
    "samplerate": 44100.0,
    "channels": 1.0,
    "audio_md5": "19248f1608da193c824094dbd95d1dc0",
    "loudness": -16.140209197998047,
    "dynamic_range": 0.0,
    "temporal_centroid": 0.5960038304328918,
    "log_attack_time": -1.2189043760299683,
    "filesize": 14458,
    "single_event": false,
    "tonality": "D major",
    "tonality_confidence": 0.44451525807380676,
    "loop": false,
    "tempo": 0,
    "tempo_confidence": 0.0,
    "note_midi": 38,
    "note_name": "D2",
    "note_frequency": 73.43484497070312,
    "note_confidence": 0.972499430179596,
    "hardness": 33.71711364261613,
    "depth": 55.50592256326564,
    "brightness": 34.79739333992812,
    "roughness": 50.544618758625596,
    "warmth": 68.54547792969247,
    "sharpness": 8.643524565142929,
    "boominess": 43.55439811025737,
    "reverb": false,
    "name": "AKWF_1695.wav",
    "SpectralCentroid": 0.10018071506573811,
    "SpectralSpread": 0.008397269795182042,
    "SpectralKurtosis": 0.8237934361780725,
    "ZeroCrossingRate": 0.6763055176555212,
    "SpectralComplexity": 0.47761194029850745,
    "OddToEvenHarmonicEnergyRatio": 0.5713587104452374,
    "Dissonance": 0.8713442798285235,
    "PitchSalience": 0.5648206707455944,
    "HNR": 0.3477681762503209,
    "NormalizeMethod": "ess_yeojohnson",
    "dco_brightness": 0.1820517555038375,
    "dco_richness": 0.3324942139999187,
    "dco_flatness": 0.3324942139999187,
    "dco_oddenergy": 0.20788968251018347,
    "dco_zcr": 0.24477676146998018
}