{
    "duration": 0.08163265138864517,
    "lossless": 1.0,
    "codec": "pcm_f32le",
    "bitrate": 1411200.0,
    "samplerate": 44100.0,
    "channels": 1.0,
    "audio_md5": "d93a2b14180f940900c571f33d37c317",
    "loudness": -14.664281845092773,
    "dynamic_range": 0.0,
    "temporal_centroid": 0.5891769528388977,
    "log_attack_time": -1.2765238285064697,
    "filesize": 14458,
    "single_event": false,
    "tonality": "D minor",
    "tonality_confidence": 0.6034605503082275,
    "loop": false,
    "tempo": 0,
    "tempo_confidence": 0.0,
    "note_midi": 38,
    "note_name": "D2",
    "note_frequency": 73.43873596191406,
    "note_confidence": 0.9259105324745178,
    "hardness": 52.34795048890652,
    "depth": 59.79629277200889,
    "brightness": 44.78179884973367,
    "roughness": 57.73019204318989,
    "warmth": 72.91563710670411,
    "sharpness": 24.516139225486974,
    "boominess": 41.133780555499115,
    "reverb": false,
    "name": "AKWF_1210.wav",
    "SpectralCentroid": 0.209944142569665,
    "SpectralSpread": 0.04116511581563803,
    "SpectralKurtosis": 0.626957203532533,
    "ZeroCrossingRate": 0.568873868296057,
    "SpectralComplexity": 0.9552238805970149,
    "OddToEvenHarmonicEnergyRatio": 0.33615722938153,
    "Dissonance": 0.8961369069465247,
    "PitchSalience": 0.4575738122199633,
    "HNR": 0.28915062661809865,
    "NormalizeMethod": "ess_yeojohnson",
    "dco_brightness": 0.2234116109428825,
    "dco_richness": 0.36824333642377705,
    "dco_flatness": 0.36824333642377705,
    "dco_oddenergy": 0.4324074740861579,
    "dco_zcr": 0.2016028048315253
}