{
    "duration": 0.08163265138864517,
    "lossless": 1.0,
    "codec": "pcm_f32le",
    "bitrate": 1411200.0,
    "samplerate": 44100.0,
    "channels": 1.0,
    "audio_md5": "8aa7844ebe3f608392e73267415395ef",
    "loudness": -15.130228042602539,
    "dynamic_range": 0.0,
    "temporal_centroid": 0.588634192943573,
    "log_attack_time": -1.2682267427444458,
    "filesize": 14458,
    "single_event": false,
    "tonality": "D minor",
    "tonality_confidence": 0.6264356970787048,
    "loop": false,
    "tempo": 0,
    "tempo_confidence": 0.0,
    "note_midi": 38,
    "note_name": "D2",
    "note_frequency": 73.42839813232422,
    "note_confidence": 0.9556601047515869,
    "hardness": 23.173457848324162,
    "depth": 61.09334066950888,
    "brightness": 20.5866597091988,
    "roughness": 41.907520326653604,
    "warmth": 68.44434163220568,
    "sharpness": 0.0,
    "boominess": 55.8274759732907,
    "reverb": false,
    "name": "AKWF_0030.wav",
    "SpectralCentroid": 0.04020885150921429,
    "SpectralSpread": 0.010682800171007019,
    "SpectralKurtosis": 0.878453312085228,
    "ZeroCrossingRate": 0.4252420127794052,
    "SpectralComplexity": 0.04477611940298507,
    "OddToEvenHarmonicEnergyRatio": 0.20198466301811083,
    "Dissonance": 0.23008496073977389,
    "PitchSalience": 0.22940911670566277,
    "HNR": 0.0,
    "NormalizeMethod": "ess_yeojohnson",
    "dco_brightness": 0.16413451829062178,
    "dco_richness": 0.20162776024368503,
    "dco_flatness": 0.20162776024368503,
    "dco_oddenergy": 0.6181341769618597,
    "dco_zcr": 0.14487511069267625
}