{
    "duration": 0.08163265138864517,
    "lossless": 1.0,
    "codec": "pcm_f32le",
    "bitrate": 1411200.0,
    "samplerate": 44100.0,
    "channels": 1.0,
    "audio_md5": "87beaf1552b763a3d8dde49cc8bb182a",
    "loudness": -14.55499267578125,
    "dynamic_range": 0.0,
    "temporal_centroid": 0.594913899898529,
    "log_attack_time": -1.2489374876022339,
    "filesize": 14458,
    "single_event": false,
    "tonality": "D major",
    "tonality_confidence": 0.6405669450759888,
    "loop": false,
    "tempo": 0,
    "tempo_confidence": 0.0,
    "note_midi": 38,
    "note_name": "D2",
    "note_frequency": 73.42839813232422,
    "note_confidence": 0.9164763689041138,
    "hardness": 78.0700240799419,
    "depth": 47.75925488038919,
    "brightness": 62.3956824136527,
    "roughness": 72.10106918737345,
    "warmth": 41.34222278089058,
    "sharpness": 52.170580183451534,
    "boominess": 25.86638147250591,
    "reverb": false,
    "name": "AKWF_oscchip_0132.wav",
    "SpectralCentroid": 0.6966447067769811,
    "SpectralSpread": 0.6157250289879389,
    "SpectralKurtosis": 0.466214828747177,
    "ZeroCrossingRate": 0.7567375429308871,
    "SpectralComplexity": 1.0,
    "OddToEvenHarmonicEnergyRatio": 0.42806824866900084,
    "Dissonance": 0.9901247709066466,
    "PitchSalience": 0.7071788538871855,
    "HNR": 0.0,
    "NormalizeMethod": "ess_yeojohnson",
    "dco_brightness": 0.37106741032226354,
    "dco_richness": 0.6006421478433493,
    "dco_flatness": 0.6006421478433493,
    "dco_oddenergy": 0.5819179858225199,
    "dco_zcr": 0.2796406039636913
}