{
    "duration": 0.08163265138864517,
    "lossless": 1.0,
    "codec": "pcm_f32le",
    "bitrate": 1411200.0,
    "samplerate": 44100.0,
    "channels": 1.0,
    "audio_md5": "d2fae7bc407a5540ef349b86a096ca0a",
    "loudness": -14.059334754943848,
    "dynamic_range": 0.0,
    "temporal_centroid": 0.5824440717697144,
    "log_attack_time": -1.3113945722579956,
    "filesize": 14458,
    "single_event": false,
    "tonality": "D major",
    "tonality_confidence": 0.4745357632637024,
    "loop": false,
    "tempo": 0,
    "tempo_confidence": 0.0,
    "note_midi": 38,
    "note_name": "D2",
    "note_frequency": 73.44121551513672,
    "note_confidence": 0.9760063290596008,
    "hardness": 33.89955204862318,
    "depth": 54.80128571025253,
    "brightness": 38.762653904856016,
    "roughness": 44.558417856985116,
    "warmth": 52.59437531366896,
    "sharpness": 33.80407102370636,
    "boominess": 53.03737797751972,
    "reverb": false,
    "name": "AKWF_vgame_0053.wav",
    "SpectralCentroid": 0.3758076447717014,
    "SpectralSpread": 0.547845130168724,
    "SpectralKurtosis": 0.5657345521151265,
    "ZeroCrossingRate": 0.4252420127794052,
    "SpectralComplexity": 0.9402985074626866,
    "OddToEvenHarmonicEnergyRatio": 0.7558741705019364,
    "Dissonance": 0.840158700937846,
    "PitchSalience": 0.06903290953083653,
    "HNR": 0.12086269436381211,
    "NormalizeMethod": "ess_yeojohnson",
    "dco_brightness": 0.11515487536547565,
    "dco_richness": 0.32907215372024645,
    "dco_flatness": 0.32907215372024645,
    "dco_oddenergy": 0.05669214884778251,
    "dco_zcr": 0.14487511069267625
}