{
    "duration": 0.08163265138864517,
    "lossless": 1.0,
    "codec": "pcm_f32le",
    "bitrate": 1411200.0,
    "samplerate": 44100.0,
    "channels": 1.0,
    "audio_md5": "24117ecaaf4387c618e15ce6deb61522",
    "loudness": -15.317914962768555,
    "dynamic_range": 0.0,
    "temporal_centroid": 0.5839563012123108,
    "log_attack_time": -1.3138219118118286,
    "filesize": 14458,
    "single_event": false,
    "tonality": "D minor",
    "tonality_confidence": 0.7380992770195007,
    "loop": false,
    "tempo": 0,
    "tempo_confidence": 0.0,
    "note_midi": 38,
    "note_name": "D2",
    "note_frequency": 73.43035888671875,
    "note_confidence": 0.9858216047286987,
    "hardness": 50.12507289707767,
    "depth": 60.09098750944552,
    "brightness": 47.56775917070285,
    "roughness": 56.950483262930895,
    "warmth": 60.560649054819784,
    "sharpness": 31.05380677427771,
    "boominess": 37.28612314133041,
    "reverb": false,
    "name": "AKWF_blended_0004.wav",
    "SpectralCentroid": 0.31267186440167516,
    "SpectralSpread": 0.27476827234481704,
    "SpectralKurtosis": 0.636505799613176,
    "ZeroCrossingRate": 0.4252420127794052,
    "SpectralComplexity": 0.9253731343283582,
    "OddToEvenHarmonicEnergyRatio": 0.540032220552779,
    "Dissonance": 0.943689057958795,
    "PitchSalience": 0.5049318466481416,
    "HNR": 0.0,
    "NormalizeMethod": "ess_yeojohnson",
    "dco_brightness": 0.18321468385061854,
    "dco_richness": 0.3891546022369765,
    "dco_flatness": 0.3891546022369765,
    "dco_oddenergy": 0.2103667801867829,
    "dco_zcr": 0.14487511069267625
}