{
    "duration": 0.08163265138864517,
    "lossless": 1.0,
    "codec": "pcm_f32le",
    "bitrate": 1411200.0,
    "samplerate": 44100.0,
    "channels": 1.0,
    "audio_md5": "b6aad57f7c317f962cb4892b01ad78fa",
    "loudness": -16.54383087158203,
    "dynamic_range": 0.0,
    "temporal_centroid": 0.5948348045349121,
    "log_attack_time": -1.254918098449707,
    "filesize": 14458,
    "single_event": false,
    "tonality": "D major",
    "tonality_confidence": 0.8496625423431396,
    "loop": false,
    "tempo": 0,
    "tempo_confidence": 0.0,
    "note_midi": 38,
    "note_name": "D2",
    "note_frequency": 73.43065643310547,
    "note_confidence": 0.9829478859901428,
    "hardness": 44.006242324865866,
    "depth": 53.99018855186136,
    "brightness": 41.19916006672061,
    "roughness": 53.32373515997834,
    "warmth": 67.34793533287443,
    "sharpness": 17.395284820126786,
    "boominess": 38.38932299071047,
    "reverb": false,
    "name": "AKWF_hvoice_0097.wav",
    "SpectralCentroid": 0.15352317468870702,
    "SpectralSpread": 0.04976922743044107,
    "SpectralKurtosis": 0.7468751749433494,
    "ZeroCrossingRate": 0.568873868296057,
    "SpectralComplexity": 0.7910447761194029,
    "OddToEvenHarmonicEnergyRatio": 0.1377906604088061,
    "Dissonance": 0.9662810468537846,
    "PitchSalience": 0.5980648490938394,
    "HNR": 0.6810568791983173,
    "NormalizeMethod": "ess_yeojohnson",
    "dco_brightness": 0.23985277508312447,
    "dco_richness": 0.3096601545569244,
    "dco_flatness": 0.3096601545569244,
    "dco_oddenergy": 0.7326604144730384,
    "dco_zcr": 0.2016028048315253
}