{
    "duration": 0.08163265138864517,
    "lossless": 1.0,
    "codec": "pcm_f32le",
    "bitrate": 1411200.0,
    "samplerate": 44100.0,
    "channels": 1.0,
    "audio_md5": "6c8ff69e034970ec8da74fc8c30e0ffb",
    "loudness": -17.83208656311035,
    "dynamic_range": 0.0,
    "temporal_centroid": 0.5987550616264343,
    "log_attack_time": -1.2664042711257935,
    "filesize": 14458,
    "single_event": false,
    "tonality": "D major",
    "tonality_confidence": 0.6774266362190247,
    "loop": false,
    "tempo": 0,
    "tempo_confidence": 0.0,
    "note_midi": 38,
    "note_name": "D2",
    "note_frequency": 73.4397964477539,
    "note_confidence": 0.8755561113357544,
    "hardness": 47.085420762199504,
    "depth": 55.213282113631024,
    "brightness": 43.218702652805504,
    "roughness": 56.38722243503451,
    "warmth": 68.45419157766116,
    "sharpness": 18.79246014660799,
    "boominess": 38.7258410601322,
    "reverb": false,
    "name": "AKWF_piano_0004.wav",
    "SpectralCentroid": 0.17269379569682242,
    "SpectralSpread": 0.029802870393208107,
    "SpectralKurtosis": 0.7608859311979842,
    "ZeroCrossingRate": 0.6763055176555212,
    "SpectralComplexity": 0.6268656716417911,
    "OddToEvenHarmonicEnergyRatio": 0.22617550119731755,
    "Dissonance": 0.9071599367728602,
    "PitchSalience": 0.6947378038069767,
    "HNR": 0.6165545955428532,
    "NormalizeMethod": "ess_yeojohnson",
    "dco_brightness": 0.24778079163352873,
    "dco_richness": 0.38044213991615816,
    "dco_flatness": 0.38044213991615816,
    "dco_oddenergy": 0.5999596592371902,
    "dco_zcr": 0.24477676146998018
}