{
    "duration": 0.08163265138864517,
    "lossless": 1.0,
    "codec": "pcm_f32le",
    "bitrate": 1411200.0,
    "samplerate": 44100.0,
    "channels": 1.0,
    "audio_md5": "3bf2a17dc6b1985ec18466aa0723c812",
    "loudness": -14.587261199951172,
    "dynamic_range": 0.0,
    "temporal_centroid": 0.6018325686454773,
    "log_attack_time": -1.27097487449646,
    "filesize": 14458,
    "single_event": false,
    "tonality": "D minor",
    "tonality_confidence": 0.8220393657684326,
    "loop": false,
    "tempo": 0,
    "tempo_confidence": 0.0,
    "note_midi": 38,
    "note_name": "D2",
    "note_frequency": 73.4489517211914,
    "note_confidence": 0.9099888205528259,
    "hardness": 43.04841363122924,
    "depth": 61.227056059667355,
    "brightness": 35.72081418170576,
    "roughness": 50.73755810674223,
    "warmth": 72.12403557852194,
    "sharpness": 17.444078427335114,
    "boominess": 45.32055003622301,
    "reverb": false,
    "name": "AKWF_0935.wav",
    "SpectralCentroid": 0.11189667217415332,
    "SpectralSpread": 0.014697816144293515,
    "SpectralKurtosis": 0.7827339326890348,
    "ZeroCrossingRate": 0.4252420127794052,
    "SpectralComplexity": 0.6119402985074627,
    "OddToEvenHarmonicEnergyRatio": 0.1851245205095851,
    "Dissonance": 0.8608474134696681,
    "PitchSalience": 0.3999396124071158,
    "HNR": 0.0,
    "NormalizeMethod": "ess_yeojohnson",
    "dco_brightness": 0.19766039020907564,
    "dco_richness": 0.3178465540246415,
    "dco_flatness": 0.3178465540246415,
    "dco_oddenergy": 0.6483596524890782,
    "dco_zcr": 0.14487511069267625
}