{
    "duration": 0.08163265138864517,
    "lossless": 1.0,
    "codec": "pcm_f32le",
    "bitrate": 1411200.0,
    "samplerate": 44100.0,
    "channels": 1.0,
    "audio_md5": "a8bc4c7dd8acc54919627d9fd1e0b3cb",
    "loudness": -19.497814178466797,
    "dynamic_range": 0.0,
    "temporal_centroid": 0.6060925722122192,
    "log_attack_time": -1.2618813514709473,
    "filesize": 14458,
    "single_event": false,
    "tonality": "D major",
    "tonality_confidence": 0.8583161234855652,
    "loop": false,
    "tempo": 0,
    "tempo_confidence": 0.0,
    "note_midi": 38,
    "note_name": "D2",
    "note_frequency": 73.42839813232422,
    "note_confidence": 0.8228306174278259,
    "hardness": 45.891416120460576,
    "depth": 48.957092930735755,
    "brightness": 41.557691895104945,
    "roughness": 53.17659471027337,
    "warmth": 65.9862409106745,
    "sharpness": 21.08740277078464,
    "boominess": 36.469865160601266,
    "reverb": false,
    "name": "AKWF_1215.wav",
    "SpectralCentroid": 0.21233730047812452,
    "SpectralSpread": 0.09063039963679514,
    "SpectralKurtosis": 0.6984181944476701,
    "ZeroCrossingRate": 0.568873868296057,
    "SpectralComplexity": 1.0,
    "OddToEvenHarmonicEnergyRatio": 0.2991137026074922,
    "Dissonance": 0.9092538689863177,
    "PitchSalience": 0.839589797393877,
    "HNR": 0.0,
    "NormalizeMethod": "ess_yeojohnson",
    "dco_brightness": 0.28103997955745375,
    "dco_richness": 0.34713944485872783,
    "dco_flatness": 0.34713944485872783,
    "dco_oddenergy": 0.5593475269068983,
    "dco_zcr": 0.22446827716383663
}