{
    "duration": 0.08163265138864517,
    "lossless": 1.0,
    "codec": "pcm_f32le",
    "bitrate": 1411200.0,
    "samplerate": 44100.0,
    "channels": 1.0,
    "audio_md5": "7741711705a67b92f13ff22925f2bb5c",
    "loudness": -15.478358268737793,
    "dynamic_range": 0.0,
    "temporal_centroid": 0.5842899680137634,
    "log_attack_time": -1.2689578533172607,
    "filesize": 14458,
    "single_event": false,
    "tonality": "D major",
    "tonality_confidence": 0.5723580121994019,
    "loop": false,
    "tempo": 0,
    "tempo_confidence": 0.0,
    "note_midi": 38,
    "note_name": "D2",
    "note_frequency": 73.42839813232422,
    "note_confidence": 0.933810830116272,
    "hardness": 44.780987198947145,
    "depth": 60.233417111143254,
    "brightness": 41.422021851268596,
    "roughness": 50.85852463936768,
    "warmth": 63.654613260626334,
    "sharpness": 29.417386947790114,
    "boominess": 45.70927019973469,
    "reverb": false,
    "name": "AKWF_vgame_0040.wav",
    "SpectralCentroid": 0.3818831366735848,
    "SpectralSpread": 0.5280900780761097,
    "SpectralKurtosis": 0.5840875266644963,
    "ZeroCrossingRate": 0.4252420127794052,
    "SpectralComplexity": 0.9850746268656716,
    "OddToEvenHarmonicEnergyRatio": 0.35434859942775915,
    "Dissonance": 0.9273534108871346,
    "PitchSalience": 0.48581188782783985,
    "HNR": 0.0,
    "NormalizeMethod": "ess_yeojohnson",
    "dco_brightness": 0.17327223879379228,
    "dco_richness": 0.3810128699368344,
    "dco_flatness": 0.3810128699368344,
    "dco_oddenergy": 0.4067963194598977,
    "dco_zcr": 0.14487511069267625
}