{
    "duration": 0.08163265138864517,
    "lossless": 1.0,
    "codec": "pcm_f32le",
    "bitrate": 1411200.0,
    "samplerate": 44100.0,
    "channels": 1.0,
    "audio_md5": "8176d67984e3fc11ba3740dda096c2ee",
    "loudness": -14.064164161682129,
    "dynamic_range": 0.0,
    "temporal_centroid": 0.5825833678245544,
    "log_attack_time": -1.3109912872314453,
    "filesize": 14458,
    "single_event": false,
    "tonality": "D major",
    "tonality_confidence": 0.5313738584518433,
    "loop": false,
    "tempo": 0,
    "tempo_confidence": 0.0,
    "note_midi": 38,
    "note_name": "D2",
    "note_frequency": 73.45012664794922,
    "note_confidence": 0.9772254228591919,
    "hardness": 29.512561021693045,
    "depth": 54.806085756737005,
    "brightness": 36.02917938688124,
    "roughness": 44.70800813503053,
    "warmth": 53.14677432056642,
    "sharpness": 27.92774650214902,
    "boominess": 54.63927280654187,
    "reverb": false,
    "name": "AKWF_vgame_0057.wav",
    "SpectralCentroid": 0.26729949842390044,
    "SpectralSpread": 0.39688245866924804,
    "SpectralKurtosis": 0.6060818290998652,
    "ZeroCrossingRate": 0.23302718649526455,
    "SpectralComplexity": 0.7761194029850746,
    "OddToEvenHarmonicEnergyRatio": 0.7543209080988678,
    "Dissonance": 0.7664335277721536,
    "PitchSalience": 0.07175565339646758,
    "HNR": 0.2129628166180456,
    "NormalizeMethod": "ess_yeojohnson",
    "dco_brightness": 0.11419314472755665,
    "dco_richness": 0.2665610968828862,
    "dco_flatness": 0.2665610968828862,
    "dco_oddenergy": 0.057353092286802965,
    "dco_zcr": 0.06197413883311543
}