{
    "duration": 0.08163265138864517,
    "lossless": 1.0,
    "codec": "pcm_f32le",
    "bitrate": 1411200.0,
    "samplerate": 44100.0,
    "channels": 1.0,
    "audio_md5": "e06c7983e4bb4a09708479ba16cbcbf1",
    "loudness": -13.236562728881836,
    "dynamic_range": 0.0,
    "temporal_centroid": 0.572769820690155,
    "log_attack_time": -1.3862804174423218,
    "filesize": 14458,
    "single_event": false,
    "tonality": "D major",
    "tonality_confidence": 0.7275019884109497,
    "loop": false,
    "tempo": 0,
    "tempo_confidence": 0.0,
    "note_midi": 38,
    "note_name": "D2",
    "note_frequency": 73.43030548095703,
    "note_confidence": 0.9514434933662415,
    "hardness": 70.56033406088636,
    "depth": 59.051513456722546,
    "brightness": 56.151765741179986,
    "roughness": 64.89511674240957,
    "warmth": 53.17837606425329,
    "sharpness": 47.95113265745289,
    "boominess": 35.28707967120427,
    "reverb": false,
    "name": "AKWF_oscchip_0016.wav",
    "SpectralCentroid": 0.6407009643292456,
    "SpectralSpread": 0.618396760931298,
    "SpectralKurtosis": 0.49091929457231304,
    "ZeroCrossingRate": 0.23302718649526455,
    "SpectralComplexity": 1.0,
    "OddToEvenHarmonicEnergyRatio": 0.48053762315594123,
    "Dissonance": 0.9989451932261304,
    "PitchSalience": 0.4571300560203955,
    "HNR": 0.0,
    "NormalizeMethod": "ess_yeojohnson",
    "dco_brightness": 0.2223888296080461,
    "dco_richness": 0.52408338050274,
    "dco_flatness": 0.52408338050274,
    "dco_oddenergy": 0.2957739937472841,
    "dco_zcr": 0.06197413883311543
}