{
    "duration": 0.08163265138864517,
    "lossless": 1.0,
    "codec": "pcm_f32le",
    "bitrate": 1411200.0,
    "samplerate": 44100.0,
    "channels": 1.0,
    "audio_md5": "f447843b672ea643f5c92ca3f4fa36e7",
    "loudness": -14.368611335754395,
    "dynamic_range": 0.0,
    "temporal_centroid": 0.5897393226623535,
    "log_attack_time": -1.2770826816558838,
    "filesize": 14458,
    "single_event": false,
    "tonality": "D major",
    "tonality_confidence": 0.8073124885559082,
    "loop": false,
    "tempo": 0,
    "tempo_confidence": 0.0,
    "note_midi": 50,
    "note_name": "D3",
    "note_frequency": 146.85787963867188,
    "note_confidence": 1.0,
    "hardness": 34.07127022806657,
    "depth": 52.28156437971256,
    "brightness": 34.01312180128673,
    "roughness": 33.71754438468326,
    "warmth": 69.5362541990203,
    "sharpness": 7.545057107898426,
    "boominess": 39.88497008507299,
    "reverb": false,
    "name": "AKWF_1038.wav",
    "SpectralCentroid": 0.10820930159344996,
    "SpectralSpread": 0.012484348316080885,
    "SpectralKurtosis": 0.8243945044538544,
    "ZeroCrossingRate": 0.6763055176555212,
    "SpectralComplexity": 0.3283582089552239,
    "OddToEvenHarmonicEnergyRatio": 9.398320081610295e-10,
    "Dissonance": 0.5185691066920057,
    "PitchSalience": 0.639173693511595,
    "HNR": 0.9485258001180477,
    "NormalizeMethod": "ess_yeojohnson",
    "dco_brightness": 0.24032318744086067,
    "dco_richness": 0.26413998182551773,
    "dco_flatness": 0.26413998182551773,
    "dco_oddenergy": 0.9999999977427266,
    "dco_zcr": 0.24477676146998018
}