{
    "duration": 0.08163265138864517,
    "lossless": 1.0,
    "codec": "pcm_f32le",
    "bitrate": 1411200.0,
    "samplerate": 44100.0,
    "channels": 1.0,
    "audio_md5": "98e46e556f033632e818ba5a6deaf5ba",
    "loudness": -15.618770599365234,
    "dynamic_range": 0.0,
    "temporal_centroid": 0.5848345756530762,
    "log_attack_time": -1.267679214477539,
    "filesize": 14458,
    "single_event": false,
    "tonality": "D major",
    "tonality_confidence": 0.7888399958610535,
    "loop": false,
    "tempo": 0,
    "tempo_confidence": 0.0,
    "note_midi": 38,
    "note_name": "D2",
    "note_frequency": 73.42839050292969,
    "note_confidence": 0.9750807881355286,
    "hardness": 65.25261051681133,
    "depth": 44.58071522668752,
    "brightness": 53.8306618016761,
    "roughness": 59.08310900764661,
    "warmth": 59.22155830189448,
    "sharpness": 44.273884570084164,
    "boominess": 31.98138788688971,
    "reverb": false,
    "name": "AKWF_0862.wav",
    "SpectralCentroid": 0.4915643341062083,
    "SpectralSpread": 0.44774579756001676,
    "SpectralKurtosis": 0.5496582053506919,
    "ZeroCrossingRate": 0.6763055176555212,
    "SpectralComplexity": 1.0,
    "OddToEvenHarmonicEnergyRatio": 0.3602276569570389,
    "Dissonance": 0.9576815490065765,
    "PitchSalience": 0.5505164830051033,
    "HNR": 0.543752424705069,
    "NormalizeMethod": "ess_yeojohnson",
    "dco_brightness": 0.29340814755676137,
    "dco_richness": 0.5095588562959903,
    "dco_flatness": 0.5095588562959903,
    "dco_oddenergy": 0.4256280280754915,
    "dco_zcr": 0.24477676146998018
}