{
    "duration": 0.08163265138864517,
    "lossless": 1.0,
    "codec": "pcm_f32le",
    "bitrate": 1411200.0,
    "samplerate": 44100.0,
    "channels": 1.0,
    "audio_md5": "7399cfd5fc32f2454360e300fe875a4c",
    "loudness": -15.49295425415039,
    "dynamic_range": 0.0,
    "temporal_centroid": 0.5898737907409668,
    "log_attack_time": -1.271526575088501,
    "filesize": 14458,
    "single_event": false,
    "tonality": "D major",
    "tonality_confidence": 0.8293998837471008,
    "loop": false,
    "tempo": 0,
    "tempo_confidence": 0.0,
    "note_midi": 38,
    "note_name": "D2",
    "note_frequency": 73.4284896850586,
    "note_confidence": 0.8943547606468201,
    "hardness": 45.161903578684274,
    "depth": 55.52791241821094,
    "brightness": 40.752801331942074,
    "roughness": 56.61818136357914,
    "warmth": 71.115316221401,
    "sharpness": 17.8096405562843,
    "boominess": 40.40518081760257,
    "reverb": false,
    "name": "AKWF_piano_0005.wav",
    "SpectralCentroid": 0.16734821827720678,
    "SpectralSpread": 0.0433886277947692,
    "SpectralKurtosis": 0.7171263281338637,
    "ZeroCrossingRate": 0.6763055176555212,
    "SpectralComplexity": 0.8955223880597015,
    "OddToEvenHarmonicEnergyRatio": 0.3745104408171987,
    "Dissonance": 0.846282079633754,
    "PitchSalience": 0.6901752870833832,
    "HNR": 0.500517158644925,
    "NormalizeMethod": "ess_yeojohnson",
    "dco_brightness": 0.230845234698504,
    "dco_richness": 0.3502023881822233,
    "dco_flatness": 0.3502023881822233,
    "dco_oddenergy": 0.3873702658259195,
    "dco_zcr": 0.24477676146998018
}