{
    "duration": 0.08163265138864517,
    "lossless": 1.0,
    "codec": "pcm_f32le",
    "bitrate": 1411200.0,
    "samplerate": 44100.0,
    "channels": 1.0,
    "audio_md5": "7c32ec33c5da2aa098c7c799ff38fe25",
    "loudness": -15.158699035644531,
    "dynamic_range": 0.0,
    "temporal_centroid": 0.6150819063186646,
    "log_attack_time": -1.2581180334091187,
    "filesize": 14458,
    "single_event": false,
    "tonality": "D major",
    "tonality_confidence": 0.8399912714958191,
    "loop": false,
    "tempo": 0,
    "tempo_confidence": 0.0,
    "note_midi": 38,
    "note_name": "D2",
    "note_frequency": 73.42855834960938,
    "note_confidence": 0.9580148458480835,
    "hardness": 73.58898936732425,
    "depth": 52.0508558534059,
    "brightness": 59.898667100524975,
    "roughness": 73.6771723179738,
    "warmth": 48.53136711967676,
    "sharpness": 53.35043025767859,
    "boominess": 30.423368651858798,
    "reverb": false,
    "name": "AKWF_1823.wav",
    "SpectralCentroid": 0.7876568371293623,
    "SpectralSpread": 0.7939673910298699,
    "SpectralKurtosis": 0.42820442347787796,
    "ZeroCrossingRate": 0.4252420127794052,
    "SpectralComplexity": 1.0,
    "OddToEvenHarmonicEnergyRatio": 0.2661796148717588,
    "Dissonance": 0.9693637783642516,
    "PitchSalience": 0.692298896204661,
    "HNR": 0.0,
    "NormalizeMethod": "ess_yeojohnson",
    "dco_brightness": 0.3573768437908734,
    "dco_richness": 0.626058021318329,
    "dco_flatness": 0.626058021318329,
    "dco_oddenergy": 0.6546778948023222,
    "dco_zcr": 0.14487511069267625
}