{
    "duration": 0.08163265138864517,
    "lossless": 1.0,
    "codec": "pcm_f32le",
    "bitrate": 1411200.0,
    "samplerate": 44100.0,
    "channels": 1.0,
    "audio_md5": "52a1d9af5807cda113c21c1e10a412aa",
    "loudness": -27.079282760620117,
    "dynamic_range": 0.0,
    "temporal_centroid": 0.6341504454612732,
    "log_attack_time": -1.26386559009552,
    "filesize": 14458,
    "single_event": false,
    "tonality": "D major",
    "tonality_confidence": 0.8438332676887512,
    "loop": false,
    "tempo": 0,
    "tempo_confidence": 0.0,
    "note_midi": 38,
    "note_name": "D2",
    "note_frequency": 73.42835235595703,
    "note_confidence": 0.9508123993873596,
    "hardness": 86.1345788196808,
    "depth": 25.152138686484534,
    "brightness": 85.89732228765408,
    "roughness": 80.59334880682945,
    "warmth": 16.673760131922936,
    "sharpness": 83.96654583254204,
    "boominess": 5.114338340945622,
    "reverb": false,
    "name": "AKWF_0309.wav",
    "SpectralCentroid": 0.9823686179075882,
    "SpectralSpread": 0.8483381646422076,
    "SpectralKurtosis": 0.2887398958377556,
    "ZeroCrossingRate": 0.9999999999999858,
    "SpectralComplexity": 1.0,
    "OddToEvenHarmonicEnergyRatio": 0.2706842261750287,
    "Dissonance": 0.9996375788369964,
    "PitchSalience": 0.9992113394336911,
    "HNR": 0.0,
    "NormalizeMethod": "ess_yeojohnson",
    "dco_brightness": 0.8342307476323224,
    "dco_richness": 0.7691145968886655,
    "dco_flatness": 0.7691145968886655,
    "dco_oddenergy": 0.9710226088175136,
    "dco_zcr": 0.9761720613336837
}