{
    "duration": 0.08163265138864517,
    "lossless": 1.0,
    "codec": "pcm_f32le",
    "bitrate": 1411200.0,
    "samplerate": 44100.0,
    "channels": 1.0,
    "audio_md5": "a644a3b4cda6241d3d041f7fde8a920b",
    "loudness": -13.176473617553711,
    "dynamic_range": 0.0,
    "temporal_centroid": 0.5776812434196472,
    "log_attack_time": -1.3889248371124268,
    "filesize": 14458,
    "single_event": false,
    "tonality": "D minor",
    "tonality_confidence": 0.5898929238319397,
    "loop": false,
    "tempo": 0,
    "tempo_confidence": 0.0,
    "note_midi": 38,
    "note_name": "D2",
    "note_frequency": 73.44261169433594,
    "note_confidence": 0.9913647770881653,
    "hardness": 20.95403814927674,
    "depth": 54.86933243626457,
    "brightness": 16.9278312541867,
    "roughness": 39.86022636516272,
    "warmth": 59.20436403085685,
    "sharpness": 0.0,
    "boominess": 59.64260216664177,
    "reverb": false,
    "name": "AKWF_eorgan_0009.wav",
    "SpectralCentroid": 0.023889141720584397,
    "SpectralSpread": 0.0038373630405683246,
    "SpectralKurtosis": 0.9155446609227479,
    "ZeroCrossingRate": 0.23302718649526455,
    "SpectralComplexity": 0.26865671641791045,
    "OddToEvenHarmonicEnergyRatio": 0.9823647789759613,
    "Dissonance": 0.7315381098726179,
    "PitchSalience": 0.0630137106428188,
    "HNR": 0.0,
    "NormalizeMethod": "ess_yeojohnson",
    "dco_brightness": 0.10891687378651421,
    "dco_richness": 0.09506961653351137,
    "dco_flatness": 0.09506961653351137,
    "dco_oddenergy": 0.002036651395847522,
    "dco_zcr": 0.06197413883311543
}