{
    "duration": 0.08163265138864517,
    "lossless": 1.0,
    "codec": "pcm_f32le",
    "bitrate": 1411200.0,
    "samplerate": 44100.0,
    "channels": 1.0,
    "audio_md5": "c6207c150b7739cc4c28205c451c4ca9",
    "loudness": -15.54611587524414,
    "dynamic_range": 0.0,
    "temporal_centroid": 0.5929757952690125,
    "log_attack_time": -1.2813910245895386,
    "filesize": 14458,
    "single_event": false,
    "tonality": "D major",
    "tonality_confidence": 0.7203010320663452,
    "loop": false,
    "tempo": 0,
    "tempo_confidence": 0.0,
    "note_midi": 38,
    "note_name": "D2",
    "note_frequency": 73.42839813232422,
    "note_confidence": 0.9880040287971497,
    "hardness": 75.32967183342714,
    "depth": 53.353593823455626,
    "brightness": 58.08643745112075,
    "roughness": 69.08874440276846,
    "warmth": 53.45996937971264,
    "sharpness": 49.12789450448443,
    "boominess": 30.694420873466427,
    "reverb": false,
    "name": "AKWF_1573.wav",
    "SpectralCentroid": 0.6865523097265056,
    "SpectralSpread": 0.6786782490581638,
    "SpectralKurtosis": 0.49096747369432664,
    "ZeroCrossingRate": 0.568873868296057,
    "SpectralComplexity": 1.0,
    "OddToEvenHarmonicEnergyRatio": 0.48161636546302744,
    "Dissonance": 0.9725664173796447,
    "PitchSalience": 0.7929444774974642,
    "HNR": 0.0,
    "NormalizeMethod": "ess_yeojohnson",
    "dco_brightness": 0.3208292699398317,
    "dco_richness": 0.5742589974720836,
    "dco_flatness": 0.5742589974720836,
    "dco_oddenergy": 0.35313521145789595,
    "dco_zcr": 0.2016028048315253
}