{
    "duration": 0.08163265138864517,
    "lossless": 1.0,
    "codec": "pcm_f32le",
    "bitrate": 1411200.0,
    "samplerate": 44100.0,
    "channels": 1.0,
    "audio_md5": "c52460475815209c80ae29241560aa4d",
    "loudness": -13.65601634979248,
    "dynamic_range": 0.0,
    "temporal_centroid": 0.5877732038497925,
    "log_attack_time": -1.2759658098220825,
    "filesize": 14458,
    "single_event": false,
    "tonality": "D major",
    "tonality_confidence": 0.6364482641220093,
    "loop": false,
    "tempo": 0,
    "tempo_confidence": 0.0,
    "note_midi": 38,
    "note_name": "D2",
    "note_frequency": 73.45696258544922,
    "note_confidence": 0.9377828240394592,
    "hardness": 30.047660923718922,
    "depth": 60.792249904101524,
    "brightness": 31.84245375981887,
    "roughness": 33.25785421559256,
    "warmth": 64.8037290547732,
    "sharpness": 5.318363088366926,
    "boominess": 51.62291340085997,
    "reverb": false,
    "name": "AKWF_eorgan_0018.wav",
    "SpectralCentroid": 0.10904587175591482,
    "SpectralSpread": 0.12962587132876485,
    "SpectralKurtosis": 0.7094880202481157,
    "ZeroCrossingRate": 0.4252420127794052,
    "SpectralComplexity": 0.26865671641791045,
    "OddToEvenHarmonicEnergyRatio": 0.1149121126680074,
    "Dissonance": 0.28847087152042133,
    "PitchSalience": 0.2785341179297727,
    "HNR": 0.34525140491643436,
    "NormalizeMethod": "ess_yeojohnson",
    "dco_brightness": 0.16952705811680657,
    "dco_richness": 0.2268601806650513,
    "dco_flatness": 0.2268601806650513,
    "dco_oddenergy": 0.7703188644058697,
    "dco_zcr": 0.14487511069267625
}