{
    "duration": 0.08163265138864517,
    "lossless": 1.0,
    "codec": "pcm_f32le",
    "bitrate": 1411200.0,
    "samplerate": 44100.0,
    "channels": 1.0,
    "audio_md5": "61da66550940fe7a6b0c387f3604c94b",
    "loudness": -18.978517532348633,
    "dynamic_range": 0.0,
    "temporal_centroid": 0.611717164516449,
    "log_attack_time": -1.26386559009552,
    "filesize": 14458,
    "single_event": false,
    "tonality": "D major",
    "tonality_confidence": 0.8499332666397095,
    "loop": false,
    "tempo": 0,
    "tempo_confidence": 0.0,
    "note_midi": 38,
    "note_name": "D2",
    "note_frequency": 73.42840576171875,
    "note_confidence": 0.9962637424468994,
    "hardness": 66.23872801932865,
    "depth": 55.843720752995594,
    "brightness": 56.67979564412577,
    "roughness": 69.96582790543783,
    "warmth": 51.55469438850719,
    "sharpness": 50.836104407277844,
    "boominess": 34.723501983331744,
    "reverb": false,
    "name": "AKWF_1088.wav",
    "SpectralCentroid": 0.7890898537041333,
    "SpectralSpread": 0.8631096533172016,
    "SpectralKurtosis": 0.42535147782832816,
    "ZeroCrossingRate": 0.9408690907132414,
    "SpectralComplexity": 1.0,
    "OddToEvenHarmonicEnergyRatio": 0.30164328758529857,
    "Dissonance": 0.9818782124854346,
    "PitchSalience": 0.6718704077366962,
    "HNR": 0.0,
    "NormalizeMethod": "ess_yeojohnson",
    "dco_brightness": 0.27489478525435734,
    "dco_richness": 0.5993432141705755,
    "dco_flatness": 0.5993432141705755,
    "dco_oddenergy": 0.49125595384369325,
    "dco_zcr": 0.39368453702765077
}