{
    "duration": 0.08163265138864517,
    "lossless": 1.0,
    "codec": "pcm_f32le",
    "bitrate": 1411200.0,
    "samplerate": 44100.0,
    "channels": 1.0,
    "audio_md5": "4c256d81403335ec98981a6ad045ff94",
    "loudness": -15.087981224060059,
    "dynamic_range": 0.0,
    "temporal_centroid": 0.5823598504066467,
    "log_attack_time": -1.369357705116272,
    "filesize": 14458,
    "single_event": false,
    "tonality": "D major",
    "tonality_confidence": 0.7786439657211304,
    "loop": false,
    "tempo": 0,
    "tempo_confidence": 0.0,
    "note_midi": 38,
    "note_name": "D2",
    "note_frequency": 73.44844818115234,
    "note_confidence": 0.9398974776268005,
    "hardness": 41.8265652891879,
    "depth": 61.23018798864922,
    "brightness": 41.14179720729919,
    "roughness": 51.49827425836291,
    "warmth": 63.67254625659615,
    "sharpness": 21.16245115081113,
    "boominess": 40.15196960268919,
    "reverb": false,
    "name": "AKWF_1986.wav",
    "SpectralCentroid": 0.14666303669866027,
    "SpectralSpread": 0.09938279699775307,
    "SpectralKurtosis": 0.717031321942257,
    "ZeroCrossingRate": 0.4252420127794052,
    "SpectralComplexity": 0.8507462686567164,
    "OddToEvenHarmonicEnergyRatio": 0.47822662289536316,
    "Dissonance": 0.9770846109366147,
    "PitchSalience": 0.5073423439648564,
    "HNR": 0.8401578886097415,
    "NormalizeMethod": "ess_yeojohnson",
    "dco_brightness": 0.16349797692207638,
    "dco_richness": 0.3135667891535163,
    "dco_flatness": 0.3135667891535163,
    "dco_oddenergy": 0.25242658406156704,
    "dco_zcr": 0.14487511069267625
}