{
    "duration": 0.08163265138864517,
    "lossless": 1.0,
    "codec": "pcm_f32le",
    "bitrate": 1411200.0,
    "samplerate": 44100.0,
    "channels": 1.0,
    "audio_md5": "aa1125c8148379d01395fca8b6b77e2c",
    "loudness": -14.233624458312988,
    "dynamic_range": 0.0,
    "temporal_centroid": 0.5868275761604309,
    "log_attack_time": -1.314024806022644,
    "filesize": 14458,
    "single_event": false,
    "tonality": "D major",
    "tonality_confidence": 0.8456322550773621,
    "loop": false,
    "tempo": 0,
    "tempo_confidence": 0.0,
    "note_midi": 50,
    "note_name": "D3",
    "note_frequency": 146.85745239257812,
    "note_confidence": 1.0,
    "hardness": 41.61321302808511,
    "depth": 52.31515097369817,
    "brightness": 36.38225816919291,
    "roughness": 35.60843392198535,
    "warmth": 73.00045730842251,
    "sharpness": 12.735377699867325,
    "boominess": 43.37754019887816,
    "reverb": false,
    "name": "AKWF_0339.wav",
    "SpectralCentroid": 0.12459733655905883,
    "SpectralSpread": 0.011252893548125812,
    "SpectralKurtosis": 0.7752517301972605,
    "ZeroCrossingRate": 0.4252420127794052,
    "SpectralComplexity": 0.373134328358209,
    "OddToEvenHarmonicEnergyRatio": 2.0951268213821628e-12,
    "Dissonance": 0.9253362078069997,
    "PitchSalience": 0.5520119965449868,
    "HNR": 0.9615947914052629,
    "NormalizeMethod": "ess_yeojohnson",
    "dco_brightness": 0.20834582053656608,
    "dco_richness": 0.302274928191334,
    "dco_flatness": 0.302274928191334,
    "dco_oddenergy": 0.9999999999688935,
    "dco_zcr": 0.14487511069267625
}