{
    "duration": 0.08163265138864517,
    "lossless": 1.0,
    "codec": "pcm_f32le",
    "bitrate": 1411200.0,
    "samplerate": 44100.0,
    "channels": 1.0,
    "audio_md5": "1511f62b09984ee127a5338fc3d91b6c",
    "loudness": -9.99802017211914,
    "dynamic_range": 0.0,
    "temporal_centroid": 0.5540351271629333,
    "log_attack_time": -1.6617151498794556,
    "filesize": 14458,
    "single_event": false,
    "tonality": "A minor",
    "tonality_confidence": 0.29069504141807556,
    "loop": false,
    "tempo": 0,
    "tempo_confidence": 0.0,
    "note_midi": 38,
    "note_name": "D2",
    "note_frequency": 73.429931640625,
    "note_confidence": 0.9648802876472473,
    "hardness": 65.59299387873597,
    "depth": 61.30135207347567,
    "brightness": 52.942451470890745,
    "roughness": 50.9407456832916,
    "warmth": 56.04351464318248,
    "sharpness": 45.58675961836225,
    "boominess": 37.52227898622992,
    "reverb": false,
    "name": "AKWF_vgsqu_0011.wav",
    "SpectralCentroid": 0.5771700521628359,
    "SpectralSpread": 0.5577487298868886,
    "SpectralKurtosis": 0.5006284193267455,
    "ZeroCrossingRate": 0.6763055176555212,
    "SpectralComplexity": 1.0,
    "OddToEvenHarmonicEnergyRatio": 1.0,
    "Dissonance": 0.9267185721262605,
    "PitchSalience": 0.47266340037055576,
    "HNR": 0.9425749778354411,
    "NormalizeMethod": "ess_yeojohnson",
    "dco_brightness": 0.17632493998549384,
    "dco_richness": 0.47037066814560025,
    "dco_flatness": 0.47037066814560025,
    "dco_oddenergy": 0.04713564741801657,
    "dco_zcr": 0.24477676146998018
}