{
    "duration": 0.08163265138864517,
    "lossless": 1.0,
    "codec": "pcm_f32le",
    "bitrate": 1411200.0,
    "samplerate": 44100.0,
    "channels": 1.0,
    "audio_md5": "c0b2671ddfca684d7dd1db33d6d903bb",
    "loudness": -14.211137771606445,
    "dynamic_range": 0.0,
    "temporal_centroid": 0.5888232588768005,
    "log_attack_time": -1.3627235889434814,
    "filesize": 14458,
    "single_event": false,
    "tonality": "D major",
    "tonality_confidence": 0.7880982160568237,
    "loop": false,
    "tempo": 0,
    "tempo_confidence": 0.0,
    "note_midi": 38,
    "note_name": "D2",
    "note_frequency": 73.428466796875,
    "note_confidence": 0.9982748031616211,
    "hardness": 56.52165343358462,
    "depth": 57.94801409695902,
    "brightness": 53.902847614431266,
    "roughness": 62.729555136743336,
    "warmth": 53.84293862426133,
    "sharpness": 42.153590745534046,
    "boominess": 35.74433844627737,
    "reverb": false,
    "name": "AKWF_hdrawn_0022.wav",
    "SpectralCentroid": 0.518955536537094,
    "SpectralSpread": 0.5146688970579795,
    "SpectralKurtosis": 0.5694385816265318,
    "ZeroCrossingRate": 0.568873868296057,
    "SpectralComplexity": 1.0,
    "OddToEvenHarmonicEnergyRatio": 0.4684720527833528,
    "Dissonance": 0.9751308625579918,
    "PitchSalience": 0.5405033675053418,
    "HNR": 0.48084189855792664,
    "NormalizeMethod": "ess_yeojohnson",
    "dco_brightness": 0.21946123740237217,
    "dco_richness": 0.482537019285543,
    "dco_flatness": 0.482537019285543,
    "dco_oddenergy": 0.3110654091240109,
    "dco_zcr": 0.22446827716383663
}