{
    "duration": 0.08163265138864517,
    "lossless": 1.0,
    "codec": "pcm_f32le",
    "bitrate": 1411200.0,
    "samplerate": 44100.0,
    "channels": 1.0,
    "audio_md5": "2d067f920f009120ebb7080f98eae256",
    "loudness": -14.788042068481445,
    "dynamic_range": 0.0,
    "temporal_centroid": 0.5855712294578552,
    "log_attack_time": -1.3222193717956543,
    "filesize": 14458,
    "single_event": false,
    "tonality": "A major",
    "tonality_confidence": 0.3930419981479645,
    "loop": false,
    "tempo": 0,
    "tempo_confidence": 0.0,
    "note_midi": 38,
    "note_name": "D2",
    "note_frequency": 73.44136810302734,
    "note_confidence": 0.9916373491287231,
    "hardness": 28.571885624768427,
    "depth": 63.61209394782044,
    "brightness": 31.625053019666993,
    "roughness": 28.60893149753335,
    "warmth": 60.61717728205116,
    "sharpness": 7.321293730355759,
    "boominess": 54.21466624335193,
    "reverb": false,
    "name": "AKWF_c604_0026.wav",
    "SpectralCentroid": 0.06696314082562783,
    "SpectralSpread": 0.04608576148357937,
    "SpectralKurtosis": 0.7687843119701272,
    "ZeroCrossingRate": 0.23302718649526455,
    "SpectralComplexity": 0.4626865671641791,
    "OddToEvenHarmonicEnergyRatio": 1.0,
    "Dissonance": 0.8942468320787293,
    "PitchSalience": 0.1561122269920889,
    "HNR": 0.7416242960241399,
    "NormalizeMethod": "ess_yeojohnson",
    "dco_brightness": 0.11109117958360412,
    "dco_richness": 0.15714424842159191,
    "dco_flatness": 0.15714424842159191,
    "dco_oddenergy": 0.0007244317509885745,
    "dco_zcr": 0.06197413883311543
}