{
    "duration": 0.08163265138864517,
    "lossless": 1.0,
    "codec": "pcm_f32le",
    "bitrate": 1411200.0,
    "samplerate": 44100.0,
    "channels": 1.0,
    "audio_md5": "ea37af21d03c5316e077391782f99651",
    "loudness": -11.904603958129883,
    "dynamic_range": 0.0,
    "temporal_centroid": 0.5678646564483643,
    "log_attack_time": -1.4455068111419678,
    "filesize": 14458,
    "single_event": false,
    "tonality": "A minor",
    "tonality_confidence": 0.40908923745155334,
    "loop": false,
    "tempo": 0,
    "tempo_confidence": 0.0,
    "note_midi": 38,
    "note_name": "D2",
    "note_frequency": 73.45729064941406,
    "note_confidence": 0.9726824164390564,
    "hardness": 23.062270890217405,
    "depth": 54.60798721287687,
    "brightness": 19.097583805743668,
    "roughness": 0,
    "warmth": 60.0620761482622,
    "sharpness": 0.0,
    "boominess": 54.11397904244487,
    "reverb": false,
    "name": "AKWF_1756.wav",
    "SpectralCentroid": 0.021934362607997974,
    "SpectralSpread": 0.0019085483735173335,
    "SpectralKurtosis": 0.9529478288185286,
    "ZeroCrossingRate": 0.23302718649526455,
    "SpectralComplexity": 0.014925373134328358,
    "OddToEvenHarmonicEnergyRatio": 4.6744097691567335e-11,
    "Dissonance": 0.9268833355408762,
    "PitchSalience": 0.3476670685536908,
    "HNR": 0.25879994835141507,
    "NormalizeMethod": "ess_yeojohnson",
    "dco_brightness": 0.12105444435522461,
    "dco_richness": 0.19478266577800074,
    "dco_flatness": 0.19478266577800074,
    "dco_oddenergy": 1.2126503134979316e-09,
    "dco_zcr": 0.14487511069267625
}