{
    "duration": 0.08163265138864517,
    "lossless": 1.0,
    "codec": "pcm_f32le",
    "bitrate": 1411200.0,
    "samplerate": 44100.0,
    "channels": 1.0,
    "audio_md5": "03c264cb1c6337d17e1f01d859c5ac81",
    "loudness": -16.282670974731445,
    "dynamic_range": 0.0,
    "temporal_centroid": 0.5965230464935303,
    "log_attack_time": -1.2536801099777222,
    "filesize": 14458,
    "single_event": false,
    "tonality": "D major",
    "tonality_confidence": 0.8389484286308289,
    "loop": false,
    "tempo": 0,
    "tempo_confidence": 0.0,
    "note_midi": 38,
    "note_name": "D2",
    "note_frequency": 73.42867279052734,
    "note_confidence": 0.9622510075569153,
    "hardness": 65.84999812341664,
    "depth": 39.280624408083284,
    "brightness": 58.962141223011315,
    "roughness": 69.44460525633778,
    "warmth": 47.77640752713908,
    "sharpness": 49.72988612484404,
    "boominess": 27.89693552036318,
    "reverb": false,
    "name": "AKWF_snippet_0011.wav",
    "SpectralCentroid": 0.6806404345538299,
    "SpectralSpread": 0.6475707157233868,
    "SpectralKurtosis": 0.4805723783232843,
    "ZeroCrossingRate": 0.9888403242437336,
    "SpectralComplexity": 1.0,
    "OddToEvenHarmonicEnergyRatio": 0.198460030987116,
    "Dissonance": 0.9807855516999733,
    "PitchSalience": 0.719093083436908,
    "HNR": 0.3549316799955574,
    "NormalizeMethod": "ess_yeojohnson",
    "dco_brightness": 0.36636189991492557,
    "dco_richness": 0.5866722918338632,
    "dco_flatness": 0.5866722918338632,
    "dco_oddenergy": 0.9377672968154054,
    "dco_zcr": 0.4744344367342544
}