{
    "duration": 0.08163265138864517,
    "lossless": 1.0,
    "codec": "pcm_f32le",
    "bitrate": 1411200.0,
    "samplerate": 44100.0,
    "channels": 1.0,
    "audio_md5": "8df28c81438db1336dc674f914c6b453",
    "loudness": -12.986892700195312,
    "dynamic_range": 0.0,
    "temporal_centroid": 0.5775188207626343,
    "log_attack_time": -1.3109912872314453,
    "filesize": 14458,
    "single_event": false,
    "tonality": "D minor",
    "tonality_confidence": 0.6445004940032959,
    "loop": false,
    "tempo": 0,
    "tempo_confidence": 0.0,
    "note_midi": 38,
    "note_name": "D2",
    "note_frequency": 73.4287109375,
    "note_confidence": 0.9726186990737915,
    "hardness": 71.9974630671978,
    "depth": 57.29287874954377,
    "brightness": 57.813217036263794,
    "roughness": 64.02405927784108,
    "warmth": 46.98015996123683,
    "sharpness": 45.79025975137895,
    "boominess": 32.71371918384281,
    "reverb": false,
    "name": "AKWF_1502.wav",
    "SpectralCentroid": 0.7141023751121023,
    "SpectralSpread": 0.8481356847059346,
    "SpectralKurtosis": 0.4866114964467409,
    "ZeroCrossingRate": 0.6763055176555212,
    "SpectralComplexity": 0.9850746268656716,
    "OddToEvenHarmonicEnergyRatio": 0.1510160792074056,
    "Dissonance": 0.9642362737998893,
    "PitchSalience": 0.5746329928010263,
    "HNR": 0.0,
    "NormalizeMethod": "ess_yeojohnson",
    "dco_brightness": 0.27518630285443196,
    "dco_richness": 0.5845245863054138,
    "dco_flatness": 0.5845245863054138,
    "dco_oddenergy": 0.3380439846265757,
    "dco_zcr": 0.24477676146998018
}