{
    "duration": 0.08163265138864517,
    "lossless": 1.0,
    "codec": "pcm_f32le",
    "bitrate": 1411200.0,
    "samplerate": 44100.0,
    "channels": 1.0,
    "audio_md5": "458a88a2c5a4d5d69dc8368995955314",
    "loudness": -17.79523468017578,
    "dynamic_range": 0.0,
    "temporal_centroid": 0.6004743576049805,
    "log_attack_time": -1.2622413635253906,
    "filesize": 14458,
    "single_event": false,
    "tonality": "D major",
    "tonality_confidence": 0.8775722980499268,
    "loop": false,
    "tempo": 0,
    "tempo_confidence": 0.0,
    "note_midi": 38,
    "note_name": "D2",
    "note_frequency": 73.42840576171875,
    "note_confidence": 0.9808772802352905,
    "hardness": 53.17607465776868,
    "depth": 42.004749827442296,
    "brightness": 50.64233457928904,
    "roughness": 60.625191483154225,
    "warmth": 61.66190543336599,
    "sharpness": 31.755064227700196,
    "boominess": 32.951600469918915,
    "reverb": false,
    "name": "AKWF_1266.wav",
    "SpectralCentroid": 0.32347739082428867,
    "SpectralSpread": 0.13125297738710698,
    "SpectralKurtosis": 0.6718921156379597,
    "ZeroCrossingRate": 0.6763055176555212,
    "SpectralComplexity": 1.0,
    "OddToEvenHarmonicEnergyRatio": 0.20957081173124048,
    "Dissonance": 0.9767798824964801,
    "PitchSalience": 0.7314211346364201,
    "HNR": 0.0,
    "NormalizeMethod": "ess_yeojohnson",
    "dco_brightness": 0.30226873765505907,
    "dco_richness": 0.44763033016193976,
    "dco_flatness": 0.44763033016193976,
    "dco_oddenergy": 0.7533505924254729,
    "dco_zcr": 0.24477676146998018
}