{
    "duration": 0.08163265138864517,
    "lossless": 1.0,
    "codec": "pcm_f32le",
    "bitrate": 1411200.0,
    "samplerate": 44100.0,
    "channels": 1.0,
    "audio_md5": "86ef4137f5cfb4bde326e5b42db6f262",
    "loudness": -16.312591552734375,
    "dynamic_range": 0.0,
    "temporal_centroid": 0.5941923260688782,
    "log_attack_time": -1.2673145532608032,
    "filesize": 14458,
    "single_event": false,
    "tonality": "D major",
    "tonality_confidence": 0.6998376250267029,
    "loop": false,
    "tempo": 0,
    "tempo_confidence": 0.0,
    "note_midi": 38,
    "note_name": "D2",
    "note_frequency": 73.46726989746094,
    "note_confidence": 0.8522179126739502,
    "hardness": 41.61342688713816,
    "depth": 58.851445124213406,
    "brightness": 32.19336245888622,
    "roughness": 53.19470622425651,
    "warmth": 68.33944391594164,
    "sharpness": 12.438342965786703,
    "boominess": 45.629655507574554,
    "reverb": false,
    "name": "AKWF_epiano_0046.wav",
    "SpectralCentroid": 0.1067550676942235,
    "SpectralSpread": 0.024260263277724507,
    "SpectralKurtosis": 0.819724060140311,
    "ZeroCrossingRate": 0.4252420127794052,
    "SpectralComplexity": 0.417910447761194,
    "OddToEvenHarmonicEnergyRatio": 0.3073080634496987,
    "Dissonance": 0.8466418750849709,
    "PitchSalience": 0.5476853441899312,
    "HNR": 0.0,
    "NormalizeMethod": "ess_yeojohnson",
    "dco_brightness": 0.19726453336419753,
    "dco_richness": 0.30012943862349567,
    "dco_flatness": 0.30012943862349567,
    "dco_oddenergy": 0.47024239043105,
    "dco_zcr": 0.14487511069267625
}