{
    "duration": 0.08163265138864517,
    "lossless": 1.0,
    "codec": "pcm_f32le",
    "bitrate": 1411200.0,
    "samplerate": 44100.0,
    "channels": 1.0,
    "audio_md5": "a79f0a9b34b78dd2a36c0cb3cf8a8b35",
    "loudness": -14.62071418762207,
    "dynamic_range": 0.0,
    "temporal_centroid": 0.5832094550132751,
    "log_attack_time": -1.3303606510162354,
    "filesize": 14458,
    "single_event": false,
    "tonality": "D major",
    "tonality_confidence": 0.6338188052177429,
    "loop": false,
    "tempo": 0,
    "tempo_confidence": 0.0,
    "note_midi": 38,
    "note_name": "D2",
    "note_frequency": 73.42847442626953,
    "note_confidence": 0.9928566217422485,
    "hardness": 33.10435382703241,
    "depth": 63.49381671463915,
    "brightness": 31.13534074226414,
    "roughness": 48.66484884716055,
    "warmth": 61.703361036594174,
    "sharpness": 4.437227673516222,
    "boominess": 52.388307649884624,
    "reverb": false,
    "name": "AKWF_0165.wav",
    "SpectralCentroid": 0.06848458172630266,
    "SpectralSpread": 0.015135064919720796,
    "SpectralKurtosis": 0.8319353076924311,
    "ZeroCrossingRate": 0.23302718649526455,
    "SpectralComplexity": 0.43283582089552236,
    "OddToEvenHarmonicEnergyRatio": 0.8285287434901981,
    "Dissonance": 0.9747371516628632,
    "PitchSalience": 0.1071274005507806,
    "HNR": 0.6853772896710468,
    "NormalizeMethod": "ess_yeojohnson",
    "dco_brightness": 0.11428467617894728,
    "dco_richness": 0.2027697583955015,
    "dco_flatness": 0.2027697583955015,
    "dco_oddenergy": 0.030981974282076608,
    "dco_zcr": 0.06197413883311543
}