{
    "duration": 0.08163265138864517,
    "lossless": 1.0,
    "codec": "pcm_f32le",
    "bitrate": 1411200.0,
    "samplerate": 44100.0,
    "channels": 1.0,
    "audio_md5": "4f6ddd3294bd47da56486013eb8e3859",
    "loudness": -14.896627426147461,
    "dynamic_range": 0.0,
    "temporal_centroid": 0.6191257834434509,
    "log_attack_time": -1.2228347063064575,
    "filesize": 14458,
    "single_event": false,
    "tonality": "D major",
    "tonality_confidence": 0.6086441874504089,
    "loop": false,
    "tempo": 0,
    "tempo_confidence": 0.0,
    "note_midi": 38,
    "note_name": "D2",
    "note_frequency": 73.42849731445312,
    "note_confidence": 0.9928576946258545,
    "hardness": 75.94605106102051,
    "depth": 50.46445120092616,
    "brightness": 56.53813405852505,
    "roughness": 64.4369936502588,
    "warmth": 52.542520467629075,
    "sharpness": 48.80264319901235,
    "boominess": 33.87361188391585,
    "reverb": false,
    "name": "AKWF_1788.wav",
    "SpectralCentroid": 0.7848787154719871,
    "SpectralSpread": 0.8706358487291271,
    "SpectralKurtosis": 0.43712366665605407,
    "ZeroCrossingRate": 0.23302718649526455,
    "SpectralComplexity": 1.0,
    "OddToEvenHarmonicEnergyRatio": 0.7424660554579989,
    "Dissonance": 0.9747787254328194,
    "PitchSalience": 0.6926162119948484,
    "HNR": 0.0,
    "NormalizeMethod": "ess_yeojohnson",
    "dco_brightness": 0.25593861250910505,
    "dco_richness": 0.5841512822892291,
    "dco_flatness": 0.5841512822892291,
    "dco_oddenergy": 0.09726284354387749,
    "dco_zcr": 0.06197413883311543
}