{
    "duration": 0.08163265138864517,
    "lossless": 1.0,
    "codec": "pcm_f32le",
    "bitrate": 1411200.0,
    "samplerate": 44100.0,
    "channels": 1.0,
    "audio_md5": "9c598e63da7607cf3d1152fdaaef550c",
    "loudness": -15.318770408630371,
    "dynamic_range": 0.0,
    "temporal_centroid": 0.5801939368247986,
    "log_attack_time": -1.2717106342315674,
    "filesize": 14458,
    "single_event": false,
    "tonality": "D major",
    "tonality_confidence": 0.7026928663253784,
    "loop": false,
    "tempo": 0,
    "tempo_confidence": 0.0,
    "note_midi": 38,
    "note_name": "D2",
    "note_frequency": 73.42839050292969,
    "note_confidence": 0.9467426538467407,
    "hardness": 26.21498446258711,
    "depth": 61.374471590204465,
    "brightness": 28.312793445151247,
    "roughness": 46.40033901390421,
    "warmth": 67.27772361463103,
    "sharpness": 0.0,
    "boominess": 54.51349245663051,
    "reverb": false,
    "name": "AKWF_fmsynth_0079.wav",
    "SpectralCentroid": 0.04713580482683775,
    "SpectralSpread": 0.022237215182572562,
    "SpectralKurtosis": 0.8089083349678508,
    "ZeroCrossingRate": 0.23302718649526455,
    "SpectralComplexity": 0.22388059701492538,
    "OddToEvenHarmonicEnergyRatio": 0.5096845699414805,
    "Dissonance": 0.552886357443397,
    "PitchSalience": 0.45993652539350877,
    "HNR": 0.0,
    "NormalizeMethod": "ess_yeojohnson",
    "dco_brightness": 0.13104770941632976,
    "dco_richness": 0.23171703003132813,
    "dco_flatness": 0.23171703003132813,
    "dco_oddenergy": 0.17903960063002566,
    "dco_zcr": 0.06197413883311543
}