{
    "duration": 0.08163265138864517,
    "lossless": 1.0,
    "codec": "pcm_f32le",
    "bitrate": 1411200.0,
    "samplerate": 44100.0,
    "channels": 1.0,
    "audio_md5": "f97ae86bf5fd1e6ea8a5610095b0f0fb",
    "loudness": -11.690338134765625,
    "dynamic_range": 0.0,
    "temporal_centroid": 0.5530462861061096,
    "log_attack_time": -1.6787666082382202,
    "filesize": 14458,
    "single_event": false,
    "tonality": "D major",
    "tonality_confidence": 0.83951735496521,
    "loop": false,
    "tempo": 0,
    "tempo_confidence": 0.0,
    "note_midi": 38,
    "note_name": "D2",
    "note_frequency": 73.42839813232422,
    "note_confidence": 0.9267513155937195,
    "hardness": 68.15904502698191,
    "depth": 63.96961905248652,
    "brightness": 53.99188562075616,
    "roughness": 57.60744745113887,
    "warmth": 55.855181501683596,
    "sharpness": 43.865206337490534,
    "boominess": 34.29770354991945,
    "reverb": false,
    "name": "AKWF_vgame_0001.wav",
    "SpectralCentroid": 0.4130623649508932,
    "SpectralSpread": 0.3718793719107824,
    "SpectralKurtosis": 0.5814648029718886,
    "ZeroCrossingRate": 0.23302718649526455,
    "SpectralComplexity": 1.0,
    "OddToEvenHarmonicEnergyRatio": 0.07945821480086854,
    "Dissonance": 0.9999983953983526,
    "PitchSalience": 0.4851270307450677,
    "HNR": 0.0,
    "NormalizeMethod": "ess_yeojohnson",
    "dco_brightness": 0.11967146371770508,
    "dco_richness": 0.43386333794801185,
    "dco_flatness": 0.43386333794801185,
    "dco_oddenergy": 0.4754236573956707,
    "dco_zcr": 0.06197413883311543
}