{
    "duration": 0.08163265138864517,
    "lossless": 1.0,
    "codec": "pcm_f32le",
    "bitrate": 1411200.0,
    "samplerate": 44100.0,
    "channels": 1.0,
    "audio_md5": "1ca4090606c820e7da12ef98f6fe688f",
    "loudness": -14.71534252166748,
    "dynamic_range": 0.0,
    "temporal_centroid": 0.5812770128250122,
    "log_attack_time": -1.2691408395767212,
    "filesize": 14458,
    "single_event": false,
    "tonality": "D minor",
    "tonality_confidence": 0.8257867693901062,
    "loop": false,
    "tempo": 0,
    "tempo_confidence": 0.0,
    "note_midi": 50,
    "note_name": "D3",
    "note_frequency": 147.0572052001953,
    "note_confidence": 0.8560158610343933,
    "hardness": 31.579108093019315,
    "depth": 60.58997443579008,
    "brightness": 30.259625790736482,
    "roughness": 43.57218990134802,
    "warmth": 66.58199284188495,
    "sharpness": 2.9701324462877636,
    "boominess": 51.396126172710815,
    "reverb": false,
    "name": "AKWF_1190.wav",
    "SpectralCentroid": 0.06136149699625896,
    "SpectralSpread": 0.005683936788271873,
    "SpectralKurtosis": 0.8876146836362423,
    "ZeroCrossingRate": 0.4252420127794052,
    "SpectralComplexity": 0.16417910447761194,
    "OddToEvenHarmonicEnergyRatio": 0.03005129155371658,
    "Dissonance": 0.6755529019658413,
    "PitchSalience": 0.3057373349212116,
    "HNR": 0.8100647494751974,
    "NormalizeMethod": "ess_yeojohnson",
    "dco_brightness": 0.18131384927536814,
    "dco_richness": 0.1938499746014693,
    "dco_flatness": 0.1938499746014693,
    "dco_oddenergy": 0.9367184190882405,
    "dco_zcr": 0.14487511069267625
}