{
    "duration": 0.08163265138864517,
    "lossless": 1.0,
    "codec": "pcm_f32le",
    "bitrate": 1411200.0,
    "samplerate": 44100.0,
    "channels": 1.0,
    "audio_md5": "a08082bd0f56f4a74650d69cd7c39f05",
    "loudness": -13.504266738891602,
    "dynamic_range": 0.0,
    "temporal_centroid": 0.5814263224601746,
    "log_attack_time": -1.3841286897659302,
    "filesize": 14458,
    "single_event": false,
    "tonality": "D major",
    "tonality_confidence": 0.8583035469055176,
    "loop": false,
    "tempo": 0,
    "tempo_confidence": 0.0,
    "note_midi": 38,
    "note_name": "D2",
    "note_frequency": 73.43679809570312,
    "note_confidence": 0.994164228439331,
    "hardness": 27.942544951120766,
    "depth": 54.71782180064068,
    "brightness": 23.598336718322273,
    "roughness": 49.57147428352547,
    "warmth": 58.04833465469874,
    "sharpness": 0.0,
    "boominess": 53.391377801596775,
    "reverb": false,
    "name": "AKWF_1951.wav",
    "SpectralCentroid": 0.04545039861232414,
    "SpectralSpread": 0.0054095945740319056,
    "SpectralKurtosis": 0.8858782204020111,
    "ZeroCrossingRate": 0.23302718649526455,
    "SpectralComplexity": 0.1791044776119403,
    "OddToEvenHarmonicEnergyRatio": 0.8874884762925631,
    "Dissonance": 0.8873078781272957,
    "PitchSalience": 0.09045600241553924,
    "HNR": 0.03696478523312712,
    "NormalizeMethod": "ess_yeojohnson",
    "dco_brightness": 0.11153942586041454,
    "dco_richness": 0.1912705398882916,
    "dco_flatness": 0.1912705398882916,
    "dco_oddenergy": 0.008145233838268706,
    "dco_zcr": 0.06197413883311543
}