{
    "duration": 0.08163265138864517,
    "lossless": 1.0,
    "codec": "pcm_f32le",
    "bitrate": 1411200.0,
    "samplerate": 44100.0,
    "channels": 1.0,
    "audio_md5": "2aa40444bdf853ea9cea7bdcff55dcb4",
    "loudness": -11.090009689331055,
    "dynamic_range": 0.0,
    "temporal_centroid": 0.5756932497024536,
    "log_attack_time": -1.3867599964141846,
    "filesize": 14458,
    "single_event": false,
    "tonality": "A major",
    "tonality_confidence": 0.8389383554458618,
    "loop": false,
    "tempo": 0,
    "tempo_confidence": 0.0,
    "note_midi": 57,
    "note_name": "A3",
    "note_frequency": 220.28778076171875,
    "note_confidence": 1.0,
    "hardness": 54.27230777731626,
    "depth": 50.913471153375525,
    "brightness": 48.53997361205162,
    "roughness": 44.83474164694735,
    "warmth": 67.45634908541133,
    "sharpness": 36.00343920780761,
    "boominess": 34.90120787172146,
    "reverb": false,
    "name": "AKWF_0753.wav",
    "SpectralCentroid": 0.3538274871789185,
    "SpectralSpread": 0.1559529798514066,
    "SpectralKurtosis": 0.5734682850443473,
    "ZeroCrossingRate": 0.568873868296057,
    "SpectralComplexity": 0.3283582089552239,
    "OddToEvenHarmonicEnergyRatio": 0.8881787555508996,
    "Dissonance": 0.9877728625101455,
    "PitchSalience": 0.14261459128432213,
    "HNR": 0.982880927888977,
    "NormalizeMethod": "ess_yeojohnson",
    "dco_brightness": 0.2426121357078162,
    "dco_richness": 0.41833213512171336,
    "dco_flatness": 0.41833213512171336,
    "dco_oddenergy": 0.024267489983759605,
    "dco_zcr": 0.2016028048315253
}