{
    "duration": 0.08163265138864517,
    "lossless": 1.0,
    "codec": "pcm_f32le",
    "bitrate": 1411200.0,
    "samplerate": 44100.0,
    "channels": 1.0,
    "audio_md5": "aff126d2d1689822c70ef8024538717e",
    "loudness": -15.01766586303711,
    "dynamic_range": 0.0,
    "temporal_centroid": 0.5879106521606445,
    "log_attack_time": -1.3093820810317993,
    "filesize": 14458,
    "single_event": false,
    "tonality": "D minor",
    "tonality_confidence": 0.6576958298683167,
    "loop": false,
    "tempo": 0,
    "tempo_confidence": 0.0,
    "note_midi": 38,
    "note_name": "D2",
    "note_frequency": 73.45049285888672,
    "note_confidence": 0.9676259160041809,
    "hardness": 35.133768006401525,
    "depth": 54.01846179427033,
    "brightness": 35.46591558309092,
    "roughness": 50.41360357800458,
    "warmth": 68.64358007339249,
    "sharpness": 9.181826562710402,
    "boominess": 46.78932711706801,
    "reverb": false,
    "name": "AKWF_0974.wav",
    "SpectralCentroid": 0.0852865556554754,
    "SpectralSpread": 0.013955671560381114,
    "SpectralKurtosis": 0.7726978482879239,
    "ZeroCrossingRate": 0.4252420127794052,
    "SpectralComplexity": 0.7014925373134329,
    "OddToEvenHarmonicEnergyRatio": 0.5972471995274763,
    "Dissonance": 0.8295451362773592,
    "PitchSalience": 0.3218249128115683,
    "HNR": 0.478280876472573,
    "NormalizeMethod": "ess_yeojohnson",
    "dco_brightness": 0.13525013695856833,
    "dco_richness": 0.26211435983924825,
    "dco_flatness": 0.26211435983924825,
    "dco_oddenergy": 0.1510441169826494,
    "dco_zcr": 0.14487511069267625
}