{
    "duration": 0.08163265138864517,
    "lossless": 1.0,
    "codec": "pcm_f32le",
    "bitrate": 1411200.0,
    "samplerate": 44100.0,
    "channels": 1.0,
    "audio_md5": "0db858be133ac054b1ece0c532101b9f",
    "loudness": -14.545591354370117,
    "dynamic_range": 0.0,
    "temporal_centroid": 0.5783168077468872,
    "log_attack_time": -1.2722632884979248,
    "filesize": 14458,
    "single_event": false,
    "tonality": "D major",
    "tonality_confidence": 0.608134925365448,
    "loop": false,
    "tempo": 0,
    "tempo_confidence": 0.0,
    "note_midi": 38,
    "note_name": "D2",
    "note_frequency": 73.42843627929688,
    "note_confidence": 0.9789888858795166,
    "hardness": 22.410335867723276,
    "depth": 63.634393805038016,
    "brightness": 20.813370307355527,
    "roughness": 43.895424604906644,
    "warmth": 59.158733876777106,
    "sharpness": 0.0,
    "boominess": 59.63647955119747,
    "reverb": false,
    "name": "AKWF_oboe_0008.wav",
    "SpectralCentroid": 0.025474165828661365,
    "SpectralSpread": 0.01196811067732317,
    "SpectralKurtosis": 0.8686197783926126,
    "ZeroCrossingRate": 0.23302718649526455,
    "SpectralComplexity": 0.1791044776119403,
    "OddToEvenHarmonicEnergyRatio": 0.798353473115195,
    "Dissonance": 0.5661135993782315,
    "PitchSalience": 0.11223182844156644,
    "HNR": 0.7269023688718537,
    "NormalizeMethod": "ess_yeojohnson",
    "dco_brightness": 0.11239961150151451,
    "dco_richness": 0.1282318650007314,
    "dco_flatness": 0.1282318650007314,
    "dco_oddenergy": 0.03963525749086794,
    "dco_zcr": 0.06197413883311543
}