{
    "duration": 0.08163265138864517,
    "lossless": 1.0,
    "codec": "pcm_f32le",
    "bitrate": 1411200.0,
    "samplerate": 44100.0,
    "channels": 1.0,
    "audio_md5": "44cdebd2b5623f1033d82b593a20c4bb",
    "loudness": -13.527645111083984,
    "dynamic_range": 0.0,
    "temporal_centroid": 0.5821419358253479,
    "log_attack_time": -1.348651647567749,
    "filesize": 14458,
    "single_event": false,
    "tonality": "D major",
    "tonality_confidence": 0.7732366919517517,
    "loop": false,
    "tempo": 0,
    "tempo_confidence": 0.0,
    "note_midi": 38,
    "note_name": "D2",
    "note_frequency": 73.4283676147461,
    "note_confidence": 0.9712143540382385,
    "hardness": 45.6750963477825,
    "depth": 61.93521474463648,
    "brightness": 39.8258145125743,
    "roughness": 52.071444759602606,
    "warmth": 66.98947314696707,
    "sharpness": 27.27811954683338,
    "boominess": 46.460739048394814,
    "reverb": false,
    "name": "AKWF_dbass_0003.wav",
    "SpectralCentroid": 0.24098807662638388,
    "SpectralSpread": 0.2493313503665191,
    "SpectralKurtosis": 0.6407971681297201,
    "ZeroCrossingRate": 0.4252420127794052,
    "SpectralComplexity": 0.9402985074626866,
    "OddToEvenHarmonicEnergyRatio": 0.09763235130665393,
    "Dissonance": 0.917872767926172,
    "PitchSalience": 0.47255002023648884,
    "HNR": 0.4028426289116941,
    "NormalizeMethod": "ess_yeojohnson",
    "dco_brightness": 0.16610773939212198,
    "dco_richness": 0.3220974321978744,
    "dco_flatness": 0.3220974321978744,
    "dco_oddenergy": 0.7865316188839484,
    "dco_zcr": 0.14487511069267625
}