{
    "duration": 0.08163265138864517,
    "lossless": 1.0,
    "codec": "pcm_f32le",
    "bitrate": 1411200.0,
    "samplerate": 44100.0,
    "channels": 1.0,
    "audio_md5": "26db7c114cb3b387cc54065aa840b9d9",
    "loudness": -15.704803466796875,
    "dynamic_range": 0.0,
    "temporal_centroid": 0.586670458316803,
    "log_attack_time": -1.2757798433303833,
    "filesize": 14458,
    "single_event": false,
    "tonality": "D major",
    "tonality_confidence": 0.8600860238075256,
    "loop": false,
    "tempo": 0,
    "tempo_confidence": 0.0,
    "note_midi": 38,
    "note_name": "D2",
    "note_frequency": 73.43933868408203,
    "note_confidence": 0.8899301290512085,
    "hardness": 48.687262660795625,
    "depth": 51.731736659816775,
    "brightness": 44.308037613569326,
    "roughness": 55.36122497912593,
    "warmth": 62.61374385054471,
    "sharpness": 20.464342391422655,
    "boominess": 35.29716780965189,
    "reverb": false,
    "name": "AKWF_1704.wav",
    "SpectralCentroid": 0.1836093881927616,
    "SpectralSpread": 0.048721373919860984,
    "SpectralKurtosis": 0.761567876410377,
    "ZeroCrossingRate": 0.6763055176555212,
    "SpectralComplexity": 0.6865671641791045,
    "OddToEvenHarmonicEnergyRatio": 0.12128706767952568,
    "Dissonance": 0.8928948822543311,
    "PitchSalience": 0.7571074230390319,
    "HNR": 0.3128435194679554,
    "NormalizeMethod": "ess_yeojohnson",
    "dco_brightness": 0.2622102734501921,
    "dco_richness": 0.355803218634995,
    "dco_flatness": 0.355803218634995,
    "dco_oddenergy": 0.7674914013897711,
    "dco_zcr": 0.24477676146998018
}