{
    "duration": 0.08163265138864517,
    "lossless": 1.0,
    "codec": "pcm_f32le",
    "bitrate": 1411200.0,
    "samplerate": 44100.0,
    "channels": 1.0,
    "audio_md5": "3dc41b26d57d88f6923db12c38cf6963",
    "loudness": -12.263254165649414,
    "dynamic_range": 0.0,
    "temporal_centroid": 0.5683291554450989,
    "log_attack_time": -1.4689267873764038,
    "filesize": 14458,
    "single_event": false,
    "tonality": "D major",
    "tonality_confidence": 0.6473685503005981,
    "loop": false,
    "tempo": 0,
    "tempo_confidence": 0.0,
    "note_midi": 38,
    "note_name": "D2",
    "note_frequency": 73.45800018310547,
    "note_confidence": 0.954804003238678,
    "hardness": 44.63148803503498,
    "depth": 63.14448703538108,
    "brightness": 43.22619627087836,
    "roughness": 50.17193263255241,
    "warmth": 61.66053756660811,
    "sharpness": 28.21167039671987,
    "boominess": 44.99609633959338,
    "reverb": false,
    "name": "AKWF_eguitar_0007.wav",
    "SpectralCentroid": 0.20953123582236594,
    "SpectralSpread": 0.13192235966792754,
    "SpectralKurtosis": 0.6612475212287389,
    "ZeroCrossingRate": 0.23302718649526455,
    "SpectralComplexity": 0.9850746268656716,
    "OddToEvenHarmonicEnergyRatio": 0.8850828882788957,
    "Dissonance": 0.9623941181722012,
    "PitchSalience": 0.24107377772452224,
    "HNR": 0.0,
    "NormalizeMethod": "ess_yeojohnson",
    "dco_brightness": 0.12296771091069941,
    "dco_richness": 0.2892634750224238,
    "dco_flatness": 0.2892634750224238,
    "dco_oddenergy": 0.019326667733787106,
    "dco_zcr": 0.06197413883311543
}