{
    "duration": 0.08163265138864517,
    "lossless": 1.0,
    "codec": "pcm_f32le",
    "bitrate": 1411200.0,
    "samplerate": 44100.0,
    "channels": 1.0,
    "audio_md5": "91da01093e848a5f312eb81719c89052",
    "loudness": -15.598161697387695,
    "dynamic_range": 0.0,
    "temporal_centroid": 0.5954918265342712,
    "log_attack_time": -1.2611619234085083,
    "filesize": 14458,
    "single_event": false,
    "tonality": "D major",
    "tonality_confidence": 0.7356444001197815,
    "loop": false,
    "tempo": 0,
    "tempo_confidence": 0.0,
    "note_midi": 38,
    "note_name": "D2",
    "note_frequency": 73.42866516113281,
    "note_confidence": 0.957230806350708,
    "hardness": 76.09786190413857,
    "depth": 53.56247301029571,
    "brightness": 61.34601769102254,
    "roughness": 73.45614175051134,
    "warmth": 45.130736080787166,
    "sharpness": 51.72448592460063,
    "boominess": 28.27674933451557,
    "reverb": false,
    "name": "AKWF_0175.wav",
    "SpectralCentroid": 0.7984446087122636,
    "SpectralSpread": 0.8802449931858781,
    "SpectralKurtosis": 0.4289706074364569,
    "ZeroCrossingRate": 0.999999427097612,
    "SpectralComplexity": 0.9850746268656716,
    "OddToEvenHarmonicEnergyRatio": 0.2084639848264035,
    "Dissonance": 0.9741594221333499,
    "PitchSalience": 0.6303060184562645,
    "HNR": 0.7296758180667489,
    "NormalizeMethod": "ess_yeojohnson",
    "dco_brightness": 0.3000358656122262,
    "dco_richness": 0.6252161083473489,
    "dco_flatness": 0.6252161083473489,
    "dco_oddenergy": 0.5467001636854489,
    "dco_zcr": 0.7390993205071507
}