{
    "duration": 0.08163265138864517,
    "lossless": 1.0,
    "codec": "pcm_f32le",
    "bitrate": 1411200.0,
    "samplerate": 44100.0,
    "channels": 1.0,
    "audio_md5": "62d7b45ec4789d9a92b65d5c220c3393",
    "loudness": -19.95353126525879,
    "dynamic_range": 0.0,
    "temporal_centroid": 0.6318769454956055,
    "log_attack_time": -1.214040994644165,
    "filesize": 14458,
    "single_event": false,
    "tonality": "E minor",
    "tonality_confidence": 0.547066330909729,
    "loop": false,
    "tempo": 0,
    "tempo_confidence": 0.0,
    "note_midi": 38,
    "note_name": "D2",
    "note_frequency": 73.4288558959961,
    "note_confidence": 0.9136613607406616,
    "hardness": 67.58998574903751,
    "depth": 19.318582745940553,
    "brightness": 62.04949318407518,
    "roughness": 66.80972671624791,
    "warmth": 34.97234898617967,
    "sharpness": 45.16302201543163,
    "boominess": 15.390514391277021,
    "reverb": false,
    "name": "AKWF_0024.wav",
    "SpectralCentroid": 0.583466189631956,
    "SpectralSpread": 0.4203226664206716,
    "SpectralKurtosis": 0.5906360733821467,
    "ZeroCrossingRate": 0.8622249131751906,
    "SpectralComplexity": 0.9701492537313433,
    "OddToEvenHarmonicEnergyRatio": 0.9534386601738408,
    "Dissonance": 0.9877704556076743,
    "PitchSalience": 0.9839205462756871,
    "HNR": 0.0,
    "NormalizeMethod": "ess_yeojohnson",
    "dco_brightness": 0.4687069444290893,
    "dco_richness": 0.4970784929638318,
    "dco_flatness": 0.4970784929638318,
    "dco_oddenergy": 0.9713524150193138,
    "dco_zcr": 0.3850092393184277
}