{
    "duration": 0.08163265138864517,
    "lossless": 1.0,
    "codec": "pcm_f32le",
    "bitrate": 1411200.0,
    "samplerate": 44100.0,
    "channels": 1.0,
    "audio_md5": "b3f11814a5242be1014986112fcd95d4",
    "loudness": -12.24067497253418,
    "dynamic_range": 0.0,
    "temporal_centroid": 0.568629801273346,
    "log_attack_time": -1.4591798782348633,
    "filesize": 14458,
    "single_event": false,
    "tonality": "D major",
    "tonality_confidence": 0.7741842865943909,
    "loop": false,
    "tempo": 0,
    "tempo_confidence": 0.0,
    "note_midi": 38,
    "note_name": "D2",
    "note_frequency": 73.4309310913086,
    "note_confidence": 0.9748250842094421,
    "hardness": 53.881587718842155,
    "depth": 63.39516181197818,
    "brightness": 50.98138354090147,
    "roughness": 49.112819518088436,
    "warmth": 54.53658851662344,
    "sharpness": 46.396420333948306,
    "boominess": 44.49630566285693,
    "reverb": false,
    "name": "AKWF_oscchip_0061.wav",
    "SpectralCentroid": 0.44693213861594216,
    "SpectralSpread": 0.4357966243441605,
    "SpectralKurtosis": 0.5399828626540382,
    "ZeroCrossingRate": 0.23302718649526455,
    "SpectralComplexity": 1.0,
    "OddToEvenHarmonicEnergyRatio": 0.8918963493199071,
    "Dissonance": 0.9888332853897811,
    "PitchSalience": 0.20276885649237922,
    "HNR": 0.0,
    "NormalizeMethod": "ess_yeojohnson",
    "dco_brightness": 0.12659070817267665,
    "dco_richness": 0.39746984802048335,
    "dco_flatness": 0.39746984802048335,
    "dco_oddenergy": 0.017623723163814997,
    "dco_zcr": 0.06197413883311543
}