{
    "duration": 0.08163265138864517,
    "lossless": 1.0,
    "codec": "pcm_f32le",
    "bitrate": 1411200.0,
    "samplerate": 44100.0,
    "channels": 1.0,
    "audio_md5": "056df1001ef536b174ff5752551a731c",
    "loudness": -22.08648109436035,
    "dynamic_range": 0.0,
    "temporal_centroid": 0.6113695502281189,
    "log_attack_time": -1.1750584840774536,
    "filesize": 14458,
    "single_event": false,
    "tonality": "D major",
    "tonality_confidence": 0.7701202630996704,
    "loop": false,
    "tempo": 0,
    "tempo_confidence": 0.0,
    "note_midi": 38,
    "note_name": "D2",
    "note_frequency": 73.42839813232422,
    "note_confidence": 0.7690464854240417,
    "hardness": 76.14785963325102,
    "depth": 30.112763479668004,
    "brightness": 62.099689510296635,
    "roughness": 73.39657886408776,
    "warmth": 36.808544668403144,
    "sharpness": 52.315703274797414,
    "boominess": 14.296370419106141,
    "reverb": false,
    "name": "AKWF_0286.wav",
    "SpectralCentroid": 0.6968078738443872,
    "SpectralSpread": 0.5608914811328514,
    "SpectralKurtosis": 0.47079519375586903,
    "ZeroCrossingRate": 0.7567375429308871,
    "SpectralComplexity": 1.0,
    "OddToEvenHarmonicEnergyRatio": 0.2791641976065883,
    "Dissonance": 0.9964663024901667,
    "PitchSalience": 0.9251783271230769,
    "HNR": 0.0,
    "NormalizeMethod": "ess_yeojohnson",
    "dco_brightness": 0.4244518107099058,
    "dco_richness": 0.5883699964118924,
    "dco_flatness": 0.5883699964118924,
    "dco_oddenergy": 0.9090594344226071,
    "dco_zcr": 0.2948489535739874
}