{
    "duration": 0.08163265138864517,
    "lossless": 1.0,
    "codec": "pcm_f32le",
    "bitrate": 1411200.0,
    "samplerate": 44100.0,
    "channels": 1.0,
    "audio_md5": "5ae3e7a9996d9362dfd7c447b4c7592c",
    "loudness": -13.172914505004883,
    "dynamic_range": 0.0,
    "temporal_centroid": 0.5804769396781921,
    "log_attack_time": -1.3889248371124268,
    "filesize": 14458,
    "single_event": false,
    "tonality": "D major",
    "tonality_confidence": 0.711460530757904,
    "loop": false,
    "tempo": 0,
    "tempo_confidence": 0.0,
    "note_midi": 38,
    "note_name": "D2",
    "note_frequency": 73.4738998413086,
    "note_confidence": 0.9466345310211182,
    "hardness": 35.333571372838904,
    "depth": 63.10192876541474,
    "brightness": 33.50074734788662,
    "roughness": 46.68995740719129,
    "warmth": 66.7260426356464,
    "sharpness": 9.412226852815287,
    "boominess": 50.33917049113616,
    "reverb": false,
    "name": "AKWF_R_sym_saw_08.wav",
    "SpectralCentroid": 0.07698012456742433,
    "SpectralSpread": 0.01562109924611608,
    "SpectralKurtosis": 0.7796766156500704,
    "ZeroCrossingRate": 0.23302718649526455,
    "SpectralComplexity": 0.7761194029850746,
    "OddToEvenHarmonicEnergyRatio": 0.07116052808350645,
    "Dissonance": 0.8827775041850928,
    "PitchSalience": 0.30739077740103027,
    "HNR": 0.0,
    "NormalizeMethod": "ess_yeojohnson",
    "dco_brightness": 0.13075492332378327,
    "dco_richness": 0.2339502294374411,
    "dco_flatness": 0.2339502294374411,
    "dco_oddenergy": 0.14750983722632593,
    "dco_zcr": 0.06197413883311543
}