{
    "duration": 0.08163265138864517,
    "lossless": 1.0,
    "codec": "pcm_f32le",
    "bitrate": 1411200.0,
    "samplerate": 44100.0,
    "channels": 1.0,
    "audio_md5": "b1f206350643ce1342eda2cc755ba5b5",
    "loudness": -18.743696212768555,
    "dynamic_range": 0.0,
    "temporal_centroid": 0.5990603566169739,
    "log_attack_time": -1.1952688694000244,
    "filesize": 14458,
    "single_event": false,
    "tonality": "D major",
    "tonality_confidence": 0.8157035708427429,
    "loop": false,
    "tempo": 0,
    "tempo_confidence": 0.0,
    "note_midi": 38,
    "note_name": "D2",
    "note_frequency": 73.43206024169922,
    "note_confidence": 0.9633182287216187,
    "hardness": 51.8452033511073,
    "depth": 57.890281295277994,
    "brightness": 47.33986151967997,
    "roughness": 55.267723200230485,
    "warmth": 60.30790136249995,
    "sharpness": 33.438419870636395,
    "boominess": 37.07735545858121,
    "reverb": false,
    "name": "AKWF_1154.wav",
    "SpectralCentroid": 0.3109760467504471,
    "SpectralSpread": 0.24213122676951898,
    "SpectralKurtosis": 0.6223583978426105,
    "ZeroCrossingRate": 0.4252420127794052,
    "SpectralComplexity": 1.0,
    "OddToEvenHarmonicEnergyRatio": 0.4569066861716168,
    "Dissonance": 0.9530798432275016,
    "PitchSalience": 0.6606985932077486,
    "HNR": 0.0,
    "NormalizeMethod": "ess_yeojohnson",
    "dco_brightness": 0.20811159873242985,
    "dco_richness": 0.3943200869209357,
    "dco_flatness": 0.3943200869209357,
    "dco_oddenergy": 0.31461157077558255,
    "dco_zcr": 0.14487511069267625
}