{
    "duration": 0.08163265138864517,
    "lossless": 1.0,
    "codec": "pcm_f32le",
    "bitrate": 1411200.0,
    "samplerate": 44100.0,
    "channels": 1.0,
    "audio_md5": "d06827615d3dc797fc3ae363261dbb23",
    "loudness": -27.110401153564453,
    "dynamic_range": 0.0,
    "temporal_centroid": 0.6267988085746765,
    "log_attack_time": -1.2633235454559326,
    "filesize": 14458,
    "single_event": false,
    "tonality": "D major",
    "tonality_confidence": 0.7336139678955078,
    "loop": false,
    "tempo": 0,
    "tempo_confidence": 0.0,
    "note_midi": 38,
    "note_name": "D2",
    "note_frequency": 73.42839050292969,
    "note_confidence": 0.7296288013458252,
    "hardness": 82.49774703641691,
    "depth": 38.80908157309004,
    "brightness": 70.30819297271333,
    "roughness": 78.66272587689093,
    "warmth": 33.628510759745495,
    "sharpness": 58.2333983622369,
    "boominess": 22.23725221696771,
    "reverb": false,
    "name": "AKWF_overtone_0035.wav",
    "SpectralCentroid": 0.8496473573894869,
    "SpectralSpread": 0.7949250931921557,
    "SpectralKurtosis": 0.4138841504881427,
    "ZeroCrossingRate": 0.6763055176555212,
    "SpectralComplexity": 1.0,
    "OddToEvenHarmonicEnergyRatio": 0.28811348017097194,
    "Dissonance": 0.9954029621529903,
    "PitchSalience": 0.9579239092885461,
    "HNR": 0.0,
    "NormalizeMethod": "ess_yeojohnson",
    "dco_brightness": 0.5363141596359587,
    "dco_richness": 0.6965870960537769,
    "dco_flatness": 0.6965870960537769,
    "dco_oddenergy": 0.84062624546997,
    "dco_zcr": 0.24477676146998018
}