{
    "duration": 0.08163265138864517,
    "lossless": 1.0,
    "codec": "pcm_f32le",
    "bitrate": 1411200.0,
    "samplerate": 44100.0,
    "channels": 1.0,
    "audio_md5": "f361a3428386cac653eaaf49c9360c7a",
    "loudness": -15.535082817077637,
    "dynamic_range": 0.0,
    "temporal_centroid": 0.5926863551139832,
    "log_attack_time": -1.2602643966674805,
    "filesize": 14458,
    "single_event": false,
    "tonality": "A major",
    "tonality_confidence": 0.5972777009010315,
    "loop": false,
    "tempo": 0,
    "tempo_confidence": 0.0,
    "note_midi": 38,
    "note_name": "D2",
    "note_frequency": 73.42974853515625,
    "note_confidence": 0.9580420851707458,
    "hardness": 50.97532641919631,
    "depth": 43.185350820299654,
    "brightness": 50.21930481868905,
    "roughness": 58.310723831962264,
    "warmth": 58.717450486538674,
    "sharpness": 28.143989259883845,
    "boominess": 37.346857860883695,
    "reverb": false,
    "name": "AKWF_clavinet_0028.wav",
    "SpectralCentroid": 0.25075596043159387,
    "SpectralSpread": 0.061194156828800216,
    "SpectralKurtosis": 0.7318699412248852,
    "ZeroCrossingRate": 0.9216804921457811,
    "SpectralComplexity": 0.835820895522388,
    "OddToEvenHarmonicEnergyRatio": 0.18969862598308548,
    "Dissonance": 0.9712258456396555,
    "PitchSalience": 0.49982591988328257,
    "HNR": 0.5995648817524025,
    "NormalizeMethod": "ess_yeojohnson",
    "dco_brightness": 0.3050281848043357,
    "dco_richness": 0.45263603414695114,
    "dco_flatness": 0.45263603414695114,
    "dco_oddenergy": 0.7830147698813141,
    "dco_zcr": 0.37589917619879676
}