{
    "duration": 0.08163265138864517,
    "lossless": 1.0,
    "codec": "pcm_f32le",
    "bitrate": 1411200.0,
    "samplerate": 44100.0,
    "channels": 1.0,
    "audio_md5": "6ae0b180d2a3af908876d2d51f9e6ad0",
    "loudness": -13.042936325073242,
    "dynamic_range": 0.0,
    "temporal_centroid": 0.5814383625984192,
    "log_attack_time": -1.2961337566375732,
    "filesize": 14458,
    "single_event": false,
    "tonality": "D minor",
    "tonality_confidence": 0.8194593787193298,
    "loop": false,
    "tempo": 0,
    "tempo_confidence": 0.0,
    "note_midi": 38,
    "note_name": "D2",
    "note_frequency": 73.43291473388672,
    "note_confidence": 0.9369989037513733,
    "hardness": 60.14280586156272,
    "depth": 60.4759541373587,
    "brightness": 48.56975141439612,
    "roughness": 52.96925230410889,
    "warmth": 58.774750366246266,
    "sharpness": 38.781874654635416,
    "boominess": 38.31361996369506,
    "reverb": false,
    "name": "AKWF_blended_0007.wav",
    "SpectralCentroid": 0.3757613840520669,
    "SpectralSpread": 0.370127224387318,
    "SpectralKurtosis": 0.5931682094936498,
    "ZeroCrossingRate": 0.4252420127794052,
    "SpectralComplexity": 0.6865671641791045,
    "OddToEvenHarmonicEnergyRatio": 0.28514914072006814,
    "Dissonance": 0.9313053988718775,
    "PitchSalience": 0.3765803464400191,
    "HNR": 0.0,
    "NormalizeMethod": "ess_yeojohnson",
    "dco_brightness": 0.19427353974065503,
    "dco_richness": 0.4358508272341222,
    "dco_flatness": 0.4358508272341222,
    "dco_oddenergy": 0.49038913046543653,
    "dco_zcr": 0.14487511069267625
}