{
    "duration": 0.08163265138864517,
    "lossless": 1.0,
    "codec": "pcm_f32le",
    "bitrate": 1411200.0,
    "samplerate": 44100.0,
    "channels": 1.0,
    "audio_md5": "127529518914e15ee3d596e2983a407e",
    "loudness": -14.426136016845703,
    "dynamic_range": 0.0,
    "temporal_centroid": 0.5840356349945068,
    "log_attack_time": -1.2849825620651245,
    "filesize": 14458,
    "single_event": false,
    "tonality": "D major",
    "tonality_confidence": 0.885824978351593,
    "loop": false,
    "tempo": 0,
    "tempo_confidence": 0.0,
    "note_midi": 38,
    "note_name": "D2",
    "note_frequency": 73.43221282958984,
    "note_confidence": 0.9130953550338745,
    "hardness": 61.676741392236124,
    "depth": 59.84191171901098,
    "brightness": 51.36797640341646,
    "roughness": 59.49750467914847,
    "warmth": 57.48142963054097,
    "sharpness": 40.26916606404536,
    "boominess": 37.01632816936113,
    "reverb": false,
    "name": "AKWF_R_asym_saw_22.wav",
    "SpectralCentroid": 0.39739568437535716,
    "SpectralSpread": 0.24526956803278127,
    "SpectralKurtosis": 0.5682257281266468,
    "ZeroCrossingRate": 0.23302718649526455,
    "SpectralComplexity": 1.0,
    "OddToEvenHarmonicEnergyRatio": 0.48963300262257897,
    "Dissonance": 0.9740393687555469,
    "PitchSalience": 0.5240057597019385,
    "HNR": 0.0,
    "NormalizeMethod": "ess_yeojohnson",
    "dco_brightness": 0.2017536179609918,
    "dco_richness": 0.44154319720250007,
    "dco_flatness": 0.44154319720250007,
    "dco_oddenergy": 0.28120893911078937,
    "dco_zcr": 0.06197413883311543
}