{
    "duration": 0.08163265138864517,
    "lossless": 1.0,
    "codec": "pcm_f32le",
    "bitrate": 1411200.0,
    "samplerate": 44100.0,
    "channels": 1.0,
    "audio_md5": "7c4be8248e881db7fbbde3a07bb02154",
    "loudness": -26.07415008544922,
    "dynamic_range": 0.0,
    "temporal_centroid": 0.6237293481826782,
    "log_attack_time": -1.2599059343338013,
    "filesize": 14458,
    "single_event": false,
    "tonality": "D major",
    "tonality_confidence": 0.7993007898330688,
    "loop": false,
    "tempo": 0,
    "tempo_confidence": 0.0,
    "note_midi": 38,
    "note_name": "D2",
    "note_frequency": 73.428466796875,
    "note_confidence": 0.9062766432762146,
    "hardness": 84.72869235275508,
    "depth": 27.076276953419857,
    "brightness": 70.0856785975484,
    "roughness": 79.58634910894514,
    "warmth": 30.45939928911354,
    "sharpness": 58.44605112680921,
    "boominess": 18.58623217181521,
    "reverb": false,
    "name": "AKWF_0802.wav",
    "SpectralCentroid": 0.9074728126511916,
    "SpectralSpread": 0.9207762217558887,
    "SpectralKurtosis": 0.3455308957691332,
    "ZeroCrossingRate": 0.568873868296057,
    "SpectralComplexity": 1.0,
    "OddToEvenHarmonicEnergyRatio": 0.2782479516949929,
    "Dissonance": 0.9907973178062353,
    "PitchSalience": 0.9606098696757387,
    "HNR": 0.0,
    "NormalizeMethod": "ess_yeojohnson",
    "dco_brightness": 0.5485834016254764,
    "dco_richness": 0.7347049076781117,
    "dco_flatness": 0.7347049076781117,
    "dco_oddenergy": 0.8578877170722263,
    "dco_zcr": 0.24477676146998018
}