{
    "duration": 0.08163265138864517,
    "lossless": 1.0,
    "codec": "pcm_f32le",
    "bitrate": 1411200.0,
    "samplerate": 44100.0,
    "channels": 1.0,
    "audio_md5": "fcc2ed4792250522b204c9a5e6f8209d",
    "loudness": -14.520942687988281,
    "dynamic_range": 0.0,
    "temporal_centroid": 0.5839921236038208,
    "log_attack_time": -1.3020159006118774,
    "filesize": 14458,
    "single_event": false,
    "tonality": "A major",
    "tonality_confidence": 0.7143492102622986,
    "loop": false,
    "tempo": 0,
    "tempo_confidence": 0.0,
    "note_midi": 38,
    "note_name": "D2",
    "note_frequency": 73.4445571899414,
    "note_confidence": 0.9736775755882263,
    "hardness": 38.04315424309608,
    "depth": 62.91029607377069,
    "brightness": 36.000554882514734,
    "roughness": 38.586497782705884,
    "warmth": 64.55000350606034,
    "sharpness": 11.659541134084645,
    "boominess": 47.88300730882726,
    "reverb": false,
    "name": "AKWF_1681.wav",
    "SpectralCentroid": 0.06641469095279681,
    "SpectralSpread": 0.010451185727030937,
    "SpectralKurtosis": 0.8307897562629174,
    "ZeroCrossingRate": 0.23302718649526455,
    "SpectralComplexity": 0.208955223880597,
    "OddToEvenHarmonicEnergyRatio": 0.703476365650904,
    "Dissonance": 0.8036015721595196,
    "PitchSalience": 0.35475148540885354,
    "HNR": 0.0,
    "NormalizeMethod": "ess_yeojohnson",
    "dco_brightness": 0.13506851849412707,
    "dco_richness": 0.26319851954723794,
    "dco_flatness": 0.26319851954723794,
    "dco_oddenergy": 0.08668739700757022,
    "dco_zcr": 0.06197413883311543
}