{
    "duration": 0.08163265138864517,
    "lossless": 1.0,
    "codec": "pcm_f32le",
    "bitrate": 1411200.0,
    "samplerate": 44100.0,
    "channels": 1.0,
    "audio_md5": "c270c9bfaf7ee75bb1b522e6db73c1ea",
    "loudness": -12.26968765258789,
    "dynamic_range": 0.0,
    "temporal_centroid": 0.5674836039543152,
    "log_attack_time": -1.4033904075622559,
    "filesize": 14458,
    "single_event": false,
    "tonality": "D major",
    "tonality_confidence": 0.6115771532058716,
    "loop": false,
    "tempo": 0,
    "tempo_confidence": 0.0,
    "note_midi": 38,
    "note_name": "D2",
    "note_frequency": 73.46249389648438,
    "note_confidence": 0.9679171442985535,
    "hardness": 26.41470223329692,
    "depth": 63.36826123795066,
    "brightness": 31.96095448579931,
    "roughness": 46.81345197520842,
    "warmth": 66.9839780326461,
    "sharpness": 4.974199165286333,
    "boominess": 52.197648854722175,
    "reverb": false,
    "name": "AKWF_0143.wav",
    "SpectralCentroid": 0.06343940042785293,
    "SpectralSpread": 0.026915790714545584,
    "SpectralKurtosis": 0.7860193176565953,
    "ZeroCrossingRate": 0.23302718649526455,
    "SpectralComplexity": 0.746268656716418,
    "OddToEvenHarmonicEnergyRatio": 0.9797749049625204,
    "Dissonance": 0.6585428845836292,
    "PitchSalience": 0.31896069405966604,
    "HNR": 0.8766945618754792,
    "NormalizeMethod": "ess_yeojohnson",
    "dco_brightness": 0.11940753536275475,
    "dco_richness": 0.2024986013698093,
    "dco_flatness": 0.2024986013698093,
    "dco_oddenergy": 0.00304630872132583,
    "dco_zcr": 0.06197413883311543
}