{
    "duration": 0.08163265138864517,
    "lossless": 1.0,
    "codec": "pcm_f32le",
    "bitrate": 1411200.0,
    "samplerate": 44100.0,
    "channels": 1.0,
    "audio_md5": "835754cdea717cdfadd2a244de5bb94d",
    "loudness": -19.40345573425293,
    "dynamic_range": 0.0,
    "temporal_centroid": 0.6222580075263977,
    "log_attack_time": -1.259726881980896,
    "filesize": 14458,
    "single_event": false,
    "tonality": "D major",
    "tonality_confidence": 0.8174141049385071,
    "loop": false,
    "tempo": 0,
    "tempo_confidence": 0.0,
    "note_midi": 38,
    "note_name": "D2",
    "note_frequency": 73.42858123779297,
    "note_confidence": 0.9902302622795105,
    "hardness": 66.04820322475666,
    "depth": 55.593760396857036,
    "brightness": 54.99530689287309,
    "roughness": 68.21616260832641,
    "warmth": 56.53636567263669,
    "sharpness": 48.88211749851126,
    "boominess": 34.313516702582035,
    "reverb": false,
    "name": "AKWF_1431.wav",
    "SpectralCentroid": 0.5307036019640939,
    "SpectralSpread": 0.3970781489009606,
    "SpectralKurtosis": 0.4472570923087853,
    "ZeroCrossingRate": 0.8985851149873324,
    "SpectralComplexity": 1.0,
    "OddToEvenHarmonicEnergyRatio": 0.2701980543121356,
    "Dissonance": 0.9729973987948567,
    "PitchSalience": 0.739802747637791,
    "HNR": 0.0,
    "NormalizeMethod": "ess_yeojohnson",
    "dco_brightness": 0.23333693975611958,
    "dco_richness": 0.5265925814706224,
    "dco_flatness": 0.5265925814706224,
    "dco_oddenergy": 0.45922546906402995,
    "dco_zcr": 0.36630846112096055
}