{
    "duration": 0.08163265138864517,
    "lossless": 1.0,
    "codec": "pcm_f32le",
    "bitrate": 1411200.0,
    "samplerate": 44100.0,
    "channels": 1.0,
    "audio_md5": "652b6a09ea0defa19da11905df768851",
    "loudness": -14.6026611328125,
    "dynamic_range": 0.0,
    "temporal_centroid": 0.5848830342292786,
    "log_attack_time": -1.2752227783203125,
    "filesize": 14458,
    "single_event": false,
    "tonality": "D minor",
    "tonality_confidence": 0.5973793268203735,
    "loop": false,
    "tempo": 0,
    "tempo_confidence": 0.0,
    "note_midi": 50,
    "note_name": "D3",
    "note_frequency": 146.44215393066406,
    "note_confidence": 0.9236032962799072,
    "hardness": 50.36165356962749,
    "depth": 50.53122676479096,
    "brightness": 48.02251574142552,
    "roughness": 51.25304997440384,
    "warmth": 61.12624328389437,
    "sharpness": 35.78768013048002,
    "boominess": 31.625359398486683,
    "reverb": false,
    "name": "AKWF_hvoice_0040.wav",
    "SpectralCentroid": 0.35128497082235904,
    "SpectralSpread": 0.22151032040412622,
    "SpectralKurtosis": 0.5973273835640708,
    "ZeroCrossingRate": 0.6763055176555212,
    "SpectralComplexity": 1.0,
    "OddToEvenHarmonicEnergyRatio": 0.01681450534868664,
    "Dissonance": 0.8465660211889107,
    "PitchSalience": 0.612373263178749,
    "HNR": 0.8289414276690541,
    "NormalizeMethod": "ess_yeojohnson",
    "dco_brightness": 0.26232271150146724,
    "dco_richness": 0.3854585699016874,
    "dco_flatness": 0.3854585699016874,
    "dco_oddenergy": 0.9781433698945007,
    "dco_zcr": 0.24477676146998018
}