{
    "duration": 0.08163265138864517,
    "lossless": 1.0,
    "codec": "pcm_f32le",
    "bitrate": 1411200.0,
    "samplerate": 44100.0,
    "channels": 1.0,
    "audio_md5": "0b741e9d238b5b836259f26e7cb08727",
    "loudness": -15.896017074584961,
    "dynamic_range": 0.0,
    "temporal_centroid": 0.581969678401947,
    "log_attack_time": -1.2689578533172607,
    "filesize": 14458,
    "single_event": false,
    "tonality": "D major",
    "tonality_confidence": 0.6021745204925537,
    "loop": false,
    "tempo": 0,
    "tempo_confidence": 0.0,
    "note_midi": 38,
    "note_name": "D2",
    "note_frequency": 73.47063446044922,
    "note_confidence": 0.9449611902236938,
    "hardness": 38.267238989415816,
    "depth": 63.122137674111656,
    "brightness": 36.18822311390066,
    "roughness": 47.55549514398374,
    "warmth": 62.94814276288936,
    "sharpness": 17.404914961410924,
    "boominess": 49.848161126591044,
    "reverb": false,
    "name": "AKWF_dbass_0026.wav",
    "SpectralCentroid": 0.15355286793442433,
    "SpectralSpread": 0.18342291097442492,
    "SpectralKurtosis": 0.6913565502025164,
    "ZeroCrossingRate": 0.23302718649526455,
    "SpectralComplexity": 0.7910447761194029,
    "OddToEvenHarmonicEnergyRatio": 0.6627387438706175,
    "Dissonance": 0.8034686819685369,
    "PitchSalience": 0.41663184972117523,
    "HNR": 0.8475695348692835,
    "NormalizeMethod": "ess_yeojohnson",
    "dco_brightness": 0.1318794676233192,
    "dco_richness": 0.2508567704586798,
    "dco_flatness": 0.2508567704586798,
    "dco_oddenergy": 0.09901403488733662,
    "dco_zcr": 0.06197413883311543
}