{
    "duration": 0.08163265138864517,
    "lossless": 1.0,
    "codec": "pcm_f32le",
    "bitrate": 1411200.0,
    "samplerate": 44100.0,
    "channels": 1.0,
    "audio_md5": "54406aa68805a5f82a56452eaa0340e3",
    "loudness": -16.740692138671875,
    "dynamic_range": 0.0,
    "temporal_centroid": 0.5856386423110962,
    "log_attack_time": -1.3270020484924316,
    "filesize": 14458,
    "single_event": false,
    "tonality": "D minor",
    "tonality_confidence": 0.7715729475021362,
    "loop": false,
    "tempo": 0,
    "tempo_confidence": 0.0,
    "note_midi": 38,
    "note_name": "D2",
    "note_frequency": 73.42900848388672,
    "note_confidence": 0.9492822289466858,
    "hardness": 75.60356915851216,
    "depth": 54.036952817980335,
    "brightness": 59.64071271431972,
    "roughness": 63.82309809147682,
    "warmth": 43.95071739460321,
    "sharpness": 47.059260970248374,
    "boominess": 28.59581509199192,
    "reverb": false,
    "name": "AKWF_0516.wav",
    "SpectralCentroid": 0.7150449671836321,
    "SpectralSpread": 0.8086878594873346,
    "SpectralKurtosis": 0.48297512096496253,
    "ZeroCrossingRate": 0.7567375429308871,
    "SpectralComplexity": 0.9850746268656716,
    "OddToEvenHarmonicEnergyRatio": 0.4639589803751354,
    "Dissonance": 0.9735997808405895,
    "PitchSalience": 0.569485263468475,
    "HNR": 0.2710325621053184,
    "NormalizeMethod": "ess_yeojohnson",
    "dco_brightness": 0.298687998026971,
    "dco_richness": 0.5739624258984064,
    "dco_flatness": 0.5739624258984064,
    "dco_oddenergy": 0.41026896012712244,
    "dco_zcr": 0.2796406039636913
}