{
    "duration": 0.08163265138864517,
    "lossless": 1.0,
    "codec": "pcm_f32le",
    "bitrate": 1411200.0,
    "samplerate": 44100.0,
    "channels": 1.0,
    "audio_md5": "947c683882c720ce777973b3a538942e",
    "loudness": -12.401005744934082,
    "dynamic_range": 0.0,
    "temporal_centroid": 0.5980780720710754,
    "log_attack_time": -1.2704238891601562,
    "filesize": 14458,
    "single_event": false,
    "tonality": "D major",
    "tonality_confidence": 0.6125826835632324,
    "loop": false,
    "tempo": 0,
    "tempo_confidence": 0.0,
    "note_midi": 38,
    "note_name": "D2",
    "note_frequency": 73.42839813232422,
    "note_confidence": 0.9537319540977478,
    "hardness": 71.7259206596292,
    "depth": 51.933153915548914,
    "brightness": 60.350457363356135,
    "roughness": 67.63262357365325,
    "warmth": 46.34522235858738,
    "sharpness": 52.11992221946028,
    "boominess": 27.10042516430901,
    "reverb": false,
    "name": "AKWF_0656.wav",
    "SpectralCentroid": 0.8257845805108599,
    "SpectralSpread": 0.8921976380925184,
    "SpectralKurtosis": 0.4136901955995143,
    "ZeroCrossingRate": 0.23302718649526455,
    "SpectralComplexity": 0.4925373134328358,
    "OddToEvenHarmonicEnergyRatio": 1.0,
    "Dissonance": 0.9420851127393117,
    "PitchSalience": 0.8144273367564039,
    "HNR": 0.6924810187855405,
    "NormalizeMethod": "ess_yeojohnson",
    "dco_brightness": 0.37266667277934995,
    "dco_richness": 0.652573273293653,
    "dco_flatness": 0.652573273293653,
    "dco_oddenergy": 0.16517343264747641,
    "dco_zcr": 0.06197413883311543
}