{
    "duration": 0.08163265138864517,
    "lossless": 1.0,
    "codec": "pcm_f32le",
    "bitrate": 1411200.0,
    "samplerate": 44100.0,
    "channels": 1.0,
    "audio_md5": "99e783ce58a1a99951992637f35b58b3",
    "loudness": -14.292254447937012,
    "dynamic_range": 0.0,
    "temporal_centroid": 0.5870102643966675,
    "log_attack_time": -1.2540334463119507,
    "filesize": 14458,
    "single_event": false,
    "tonality": "D major",
    "tonality_confidence": 0.7057470679283142,
    "loop": false,
    "tempo": 0,
    "tempo_confidence": 0.0,
    "note_midi": 38,
    "note_name": "D2",
    "note_frequency": 73.42839813232422,
    "note_confidence": 0.9357167482376099,
    "hardness": 72.08366238454306,
    "depth": 49.834765577401754,
    "brightness": 60.076663994636114,
    "roughness": 72.67181017495145,
    "warmth": 47.39638054895292,
    "sharpness": 50.68769016569705,
    "boominess": 30.408893981683683,
    "reverb": false,
    "name": "AKWF_1620.wav",
    "SpectralCentroid": 0.7767019264910043,
    "SpectralSpread": 0.8177103878060585,
    "SpectralKurtosis": 0.44816876769752984,
    "ZeroCrossingRate": 0.23302718649526455,
    "SpectralComplexity": 1.0,
    "OddToEvenHarmonicEnergyRatio": 0.2799079413557338,
    "Dissonance": 0.9821738238707542,
    "PitchSalience": 0.6593291399858509,
    "HNR": 0.0,
    "NormalizeMethod": "ess_yeojohnson",
    "dco_brightness": 0.353779455071812,
    "dco_richness": 0.6208887535003901,
    "dco_flatness": 0.6208887535003901,
    "dco_oddenergy": 0.6142821626154212,
    "dco_zcr": 0.06197413883311543
}