{
    "duration": 0.08163265138864517,
    "lossless": 1.0,
    "codec": "pcm_f32le",
    "bitrate": 1411200.0,
    "samplerate": 44100.0,
    "channels": 1.0,
    "audio_md5": "f0118b3cbbe03e25c86bbeb30ecf0138",
    "loudness": -14.914003372192383,
    "dynamic_range": 0.0,
    "temporal_centroid": 0.5866310596466064,
    "log_attack_time": -1.3255409002304077,
    "filesize": 14458,
    "single_event": false,
    "tonality": "D major",
    "tonality_confidence": 0.6238120794296265,
    "loop": false,
    "tempo": 0,
    "tempo_confidence": 0.0,
    "note_midi": 38,
    "note_name": "D2",
    "note_frequency": 73.42841339111328,
    "note_confidence": 0.995766282081604,
    "hardness": 29.473671363320094,
    "depth": 54.666113082354855,
    "brightness": 33.69082684940886,
    "roughness": 48.420574923265804,
    "warmth": 65.51735386231694,
    "sharpness": 8.043634974755726,
    "boominess": 51.58614851586948,
    "reverb": false,
    "name": "AKWF_flute_0017.wav",
    "SpectralCentroid": 0.07467732217039144,
    "SpectralSpread": 0.029630479831349938,
    "SpectralKurtosis": 0.7773430232013055,
    "ZeroCrossingRate": 0.23302718649526455,
    "SpectralComplexity": 0.6865671641791045,
    "OddToEvenHarmonicEnergyRatio": 0.910397928525988,
    "Dissonance": 0.8672060121798018,
    "PitchSalience": 0.2712722174349375,
    "HNR": 0.4159054656520915,
    "NormalizeMethod": "ess_yeojohnson",
    "dco_brightness": 0.11617849022818226,
    "dco_richness": 0.2038462211238912,
    "dco_flatness": 0.2038462211238912,
    "dco_oddenergy": 0.005228758932249722,
    "dco_zcr": 0.06197413883311543
}