{
    "duration": 0.08163265138864517,
    "lossless": 1.0,
    "codec": "pcm_f32le",
    "bitrate": 1411200.0,
    "samplerate": 44100.0,
    "channels": 1.0,
    "audio_md5": "71c2b537ec04185d67442ead230116c1",
    "loudness": -9.620767593383789,
    "dynamic_range": 0.0,
    "temporal_centroid": 0.5529944896697998,
    "log_attack_time": -1.6740916967391968,
    "filesize": 14458,
    "single_event": false,
    "tonality": "A major",
    "tonality_confidence": 0.49093055725097656,
    "loop": false,
    "tempo": 0,
    "tempo_confidence": 0.0,
    "note_midi": 38,
    "note_name": "D2",
    "note_frequency": 73.42839813232422,
    "note_confidence": 0.9642170667648315,
    "hardness": 75.61375095329194,
    "depth": 60.674422236965874,
    "brightness": 59.39827625839784,
    "roughness": 56.373456672098456,
    "warmth": 48.79642602523653,
    "sharpness": 49.90991790271266,
    "boominess": 35.16873850662218,
    "reverb": false,
    "name": "AKWF_saw2bit.wav",
    "SpectralCentroid": 0.8191744872968155,
    "SpectralSpread": 0.8882049122852929,
    "SpectralKurtosis": 0.40966385883144174,
    "ZeroCrossingRate": 0.23302718649526455,
    "SpectralComplexity": 1.0,
    "OddToEvenHarmonicEnergyRatio": 1.0,
    "Dissonance": 0.9368657082624148,
    "PitchSalience": 0.48772048196526774,
    "HNR": 0.0,
    "NormalizeMethod": "ess_yeojohnson",
    "dco_brightness": 0.2261094731737126,
    "dco_richness": 0.5785427521561665,
    "dco_flatness": 0.5785427521561665,
    "dco_oddenergy": 0.06660250187095607,
    "dco_zcr": 0.06197413883311543
}