{
    "duration": 0.08163265138864517,
    "lossless": 1.0,
    "codec": "pcm_f32le",
    "bitrate": 1411200.0,
    "samplerate": 44100.0,
    "channels": 1.0,
    "audio_md5": "53243eca30bd163cd1d2cad17b7ba39d",
    "loudness": -13.773828506469727,
    "dynamic_range": 0.0,
    "temporal_centroid": 0.579250156879425,
    "log_attack_time": -1.3827000856399536,
    "filesize": 14458,
    "single_event": false,
    "tonality": "D# minor",
    "tonality_confidence": 0.5655156373977661,
    "loop": false,
    "tempo": 0,
    "tempo_confidence": 0.0,
    "note_midi": 38,
    "note_name": "D2",
    "note_frequency": 73.46405029296875,
    "note_confidence": 0.9731736779212952,
    "hardness": 23.727135055890457,
    "depth": 54.71860574364419,
    "brightness": 20.127799521771358,
    "roughness": 43.63984529770469,
    "warmth": 62.315167241873,
    "sharpness": 0.0,
    "boominess": 56.55031439363654,
    "reverb": false,
    "name": "AKWF_0837.wav",
    "SpectralCentroid": 0.02995658307078298,
    "SpectralSpread": 0.002156443082943793,
    "SpectralKurtosis": 0.9368761803256285,
    "ZeroCrossingRate": 0.23302718649526455,
    "SpectralComplexity": 0.19402985074626866,
    "OddToEvenHarmonicEnergyRatio": 0.7597461898395244,
    "Dissonance": 0.5259569844225273,
    "PitchSalience": 0.19944328758529342,
    "HNR": 0.5280829665011534,
    "NormalizeMethod": "ess_yeojohnson",
    "dco_brightness": 0.11664474120933098,
    "dco_richness": 0.16998583454888377,
    "dco_flatness": 0.16998583454888377,
    "dco_oddenergy": 0.05509667988114064,
    "dco_zcr": 0.06197413883311543
}