{
    "duration": 0.08163265138864517,
    "lossless": 1.0,
    "codec": "pcm_f32le",
    "bitrate": 1411200.0,
    "samplerate": 44100.0,
    "channels": 1.0,
    "audio_md5": "49b417e33fd5a75dcc41fc526bbd2f54",
    "loudness": -12.415681838989258,
    "dynamic_range": 0.0,
    "temporal_centroid": 0.5689825415611267,
    "log_attack_time": -1.483970046043396,
    "filesize": 14458,
    "single_event": false,
    "tonality": "D major",
    "tonality_confidence": 0.6052529215812683,
    "loop": false,
    "tempo": 0,
    "tempo_confidence": 0.0,
    "note_midi": 38,
    "note_name": "D2",
    "note_frequency": 73.46446228027344,
    "note_confidence": 0.9736566543579102,
    "hardness": 24.33624165593909,
    "depth": 61.783079064997054,
    "brightness": 18.233648391294068,
    "roughness": 45.12326778000673,
    "warmth": 63.815475346443364,
    "sharpness": 0.0,
    "boominess": 55.67176065910943,
    "reverb": false,
    "name": "AKWF_0885.wav",
    "SpectralCentroid": 0.012391661030872995,
    "SpectralSpread": 0.0007894774104763673,
    "SpectralKurtosis": 0.9536452085423622,
    "ZeroCrossingRate": 0.23302718649526455,
    "SpectralComplexity": 0.22388059701492538,
    "OddToEvenHarmonicEnergyRatio": 0.3021273520248629,
    "Dissonance": 0.9488202822815218,
    "PitchSalience": 0.32179093481566784,
    "HNR": 0.0,
    "NormalizeMethod": "ess_yeojohnson",
    "dco_brightness": 0.08900938655775786,
    "dco_richness": 0.2196657996375298,
    "dco_flatness": 0.2196657996375298,
    "dco_oddenergy": 0.17357651573326915,
    "dco_zcr": 0.06197413883311543
}