{
    "duration": 0.08163265138864517,
    "lossless": 1.0,
    "codec": "pcm_f32le",
    "bitrate": 1411200.0,
    "samplerate": 44100.0,
    "channels": 1.0,
    "audio_md5": "ae6a63af8778803275696224c0eec0b4",
    "loudness": -10.851167678833008,
    "dynamic_range": 0.0,
    "temporal_centroid": 0.5590307712554932,
    "log_attack_time": -1.5506668090820312,
    "filesize": 14458,
    "single_event": false,
    "tonality": "A major",
    "tonality_confidence": 0.5685516595840454,
    "loop": false,
    "tempo": 0,
    "tempo_confidence": 0.0,
    "note_midi": 38,
    "note_name": "D2",
    "note_frequency": 73.4293441772461,
    "note_confidence": 0.963640570640564,
    "hardness": 67.90478415286486,
    "depth": 60.590473155350416,
    "brightness": 57.33483080117109,
    "roughness": 58.909824035363016,
    "warmth": 50.36180872461565,
    "sharpness": 48.61836468701228,
    "boominess": 35.09256116356008,
    "reverb": false,
    "name": "AKWF_0392.wav",
    "SpectralCentroid": 0.6675246454713178,
    "SpectralSpread": 0.6810214708380957,
    "SpectralKurtosis": 0.4837254480669925,
    "ZeroCrossingRate": 0.23302718649526455,
    "SpectralComplexity": 0.6567164179104478,
    "OddToEvenHarmonicEnergyRatio": 0.9379715824609471,
    "Dissonance": 0.9974934663538374,
    "PitchSalience": 0.48341163769358836,
    "HNR": 0.876113001572279,
    "NormalizeMethod": "ess_yeojohnson",
    "dco_brightness": 0.2087715524307085,
    "dco_richness": 0.5237387158617218,
    "dco_flatness": 0.5237387158617218,
    "dco_oddenergy": 0.07005086161655616,
    "dco_zcr": 0.14487511069267625
}