{
    "duration": 0.08163265138864517,
    "lossless": 1.0,
    "codec": "pcm_f32le",
    "bitrate": 1411200.0,
    "samplerate": 44100.0,
    "channels": 1.0,
    "audio_md5": "064d624f53b61564621974fc44a0ef68",
    "loudness": -16.42083740234375,
    "dynamic_range": 0.0,
    "temporal_centroid": 0.5916944742202759,
    "log_attack_time": -1.2644083499908447,
    "filesize": 14458,
    "single_event": false,
    "tonality": "D minor",
    "tonality_confidence": 0.681577742099762,
    "loop": false,
    "tempo": 0,
    "tempo_confidence": 0.0,
    "note_midi": 38,
    "note_name": "D2",
    "note_frequency": 73.42839050292969,
    "note_confidence": 0.9327704310417175,
    "hardness": 28.217003862303912,
    "depth": 61.26855435648492,
    "brightness": 25.931355667743865,
    "roughness": 46.66969911530413,
    "warmth": 69.7983083819377,
    "sharpness": 0.0,
    "boominess": 54.3189920300897,
    "reverb": false,
    "name": "AKWF_aguitar_0023.wav",
    "SpectralCentroid": 0.060732305319194976,
    "SpectralSpread": 0.030613347063281917,
    "SpectralKurtosis": 0.8005887697956606,
    "ZeroCrossingRate": 0.4252420127794052,
    "SpectralComplexity": 0.1791044776119403,
    "OddToEvenHarmonicEnergyRatio": 0.2646884235950802,
    "Dissonance": 0.5960397847849921,
    "PitchSalience": 0.26901752194571166,
    "HNR": 0.0,
    "NormalizeMethod": "ess_yeojohnson",
    "dco_brightness": 0.15292734086776616,
    "dco_richness": 0.21363428506033724,
    "dco_flatness": 0.21363428506033724,
    "dco_oddenergy": 0.5200893702898306,
    "dco_zcr": 0.14487511069267625
}