{
    "duration": 0.08163265138864517,
    "lossless": 1.0,
    "codec": "pcm_f32le",
    "bitrate": 1411200.0,
    "samplerate": 44100.0,
    "channels": 1.0,
    "audio_md5": "a39f75a61265383de53929b8d2a4618d",
    "loudness": -19.299192428588867,
    "dynamic_range": 0.0,
    "temporal_centroid": 0.5791280269622803,
    "log_attack_time": -1.3643157482147217,
    "filesize": 14458,
    "single_event": false,
    "tonality": "D major",
    "tonality_confidence": 0.7625179290771484,
    "loop": false,
    "tempo": 0,
    "tempo_confidence": 0.0,
    "note_midi": 38,
    "note_name": "D2",
    "note_frequency": 73.42839813232422,
    "note_confidence": 0.9808098077774048,
    "hardness": 80.26312775163228,
    "depth": 57.13096007842791,
    "brightness": 63.44358326259165,
    "roughness": 68.65492167026868,
    "warmth": 43.82779310989813,
    "sharpness": 53.04336316679156,
    "boominess": 31.68286695046764,
    "reverb": false,
    "name": "AKWF_0476.wav",
    "SpectralCentroid": 0.8378027937712643,
    "SpectralSpread": 0.8986054749805481,
    "SpectralKurtosis": 0.4035391771554355,
    "ZeroCrossingRate": 0.23302718649526455,
    "SpectralComplexity": 1.0,
    "OddToEvenHarmonicEnergyRatio": 0.6527734722833629,
    "Dissonance": 0.9960935972893319,
    "PitchSalience": 0.5646353661515044,
    "HNR": 0.0,
    "NormalizeMethod": "ess_yeojohnson",
    "dco_brightness": 0.3170354450584148,
    "dco_richness": 0.6379885095302812,
    "dco_flatness": 0.6379885095302812,
    "dco_oddenergy": 0.2517647811753585,
    "dco_zcr": 0.06197413883311543
}