{
    "duration": 0.08163265138864517,
    "lossless": 1.0,
    "codec": "pcm_f32le",
    "bitrate": 1411200.0,
    "samplerate": 44100.0,
    "channels": 1.0,
    "audio_md5": "40880018539c14810f48cd2ca348d8a0",
    "loudness": -15.627575874328613,
    "dynamic_range": 0.0,
    "temporal_centroid": 0.6041562557220459,
    "log_attack_time": -1.2408033609390259,
    "filesize": 14458,
    "single_event": false,
    "tonality": "D major",
    "tonality_confidence": 0.7870029211044312,
    "loop": false,
    "tempo": 0,
    "tempo_confidence": 0.0,
    "note_midi": 38,
    "note_name": "D2",
    "note_frequency": 73.4578628540039,
    "note_confidence": 0.9474493861198425,
    "hardness": 30.463039252077337,
    "depth": 62.15016230881831,
    "brightness": 25.97342750042665,
    "roughness": 45.913316073022095,
    "warmth": 68.77327104485495,
    "sharpness": 0.0,
    "boominess": 53.3060835605907,
    "reverb": false,
    "name": "AKWF_clavinet_0027.wav",
    "SpectralCentroid": 0.05364739861889595,
    "SpectralSpread": 0.018199279954246333,
    "SpectralKurtosis": 0.8399009286817631,
    "ZeroCrossingRate": 0.23302718649526455,
    "SpectralComplexity": 0.208955223880597,
    "OddToEvenHarmonicEnergyRatio": 0.2585410727600906,
    "Dissonance": 0.5927954261267658,
    "PitchSalience": 0.27695544635416275,
    "HNR": 0.0,
    "NormalizeMethod": "ess_yeojohnson",
    "dco_brightness": 0.15985687716293795,
    "dco_richness": 0.22093667487122481,
    "dco_flatness": 0.22093667487122481,
    "dco_oddenergy": 0.5291902905170356,
    "dco_zcr": 0.06197413883311543
}