{
    "duration": 0.08163265138864517,
    "lossless": 1.0,
    "codec": "pcm_f32le",
    "bitrate": 1411200.0,
    "samplerate": 44100.0,
    "channels": 1.0,
    "audio_md5": "408945719ccb82a314c017e9361392af",
    "loudness": -15.466181755065918,
    "dynamic_range": 0.0,
    "temporal_centroid": 0.5843125581741333,
    "log_attack_time": -1.2711586952209473,
    "filesize": 14458,
    "single_event": false,
    "tonality": "D minor",
    "tonality_confidence": 0.7709664702415466,
    "loop": false,
    "tempo": 0,
    "tempo_confidence": 0.0,
    "note_midi": 38,
    "note_name": "D2",
    "note_frequency": 73.42930603027344,
    "note_confidence": 0.9324578642845154,
    "hardness": 64.66190093193492,
    "depth": 56.63898959434738,
    "brightness": 57.83804219035337,
    "roughness": 66.84527530938765,
    "warmth": 54.480471539699764,
    "sharpness": 48.9627077621605,
    "boominess": 36.57996115778914,
    "reverb": false,
    "name": "AKWF_snippet_0019.wav",
    "SpectralCentroid": 0.5646413742572228,
    "SpectralSpread": 0.33486192875867027,
    "SpectralKurtosis": 0.5214157750605394,
    "ZeroCrossingRate": 0.7567375429308871,
    "SpectralComplexity": 1.0,
    "OddToEvenHarmonicEnergyRatio": 0.16581717681634914,
    "Dissonance": 0.982693058376575,
    "PitchSalience": 0.450686119459862,
    "HNR": 0.7713390007763667,
    "NormalizeMethod": "ess_yeojohnson",
    "dco_brightness": 0.2993475292864123,
    "dco_richness": 0.5500419776174656,
    "dco_flatness": 0.5500419776174656,
    "dco_oddenergy": 0.7507102937595301,
    "dco_zcr": 0.2796406039636913
}