{
    "duration": 0.08163265138864517,
    "lossless": 1.0,
    "codec": "pcm_f32le",
    "bitrate": 1411200.0,
    "samplerate": 44100.0,
    "channels": 1.0,
    "audio_md5": "0de89b687fb22b292e503f50dfe88bcb",
    "loudness": -14.381309509277344,
    "dynamic_range": 0.0,
    "temporal_centroid": 0.5946605205535889,
    "log_attack_time": -1.3024108409881592,
    "filesize": 14458,
    "single_event": false,
    "tonality": "D minor",
    "tonality_confidence": 0.6362684369087219,
    "loop": false,
    "tempo": 0,
    "tempo_confidence": 0.0,
    "note_midi": 38,
    "note_name": "D2",
    "note_frequency": 73.44877624511719,
    "note_confidence": 0.9203066825866699,
    "hardness": 33.20022027051141,
    "depth": 56.4487540395114,
    "brightness": 24.53235292654989,
    "roughness": 45.606871319848885,
    "warmth": 69.59222167029998,
    "sharpness": 5.007758636489136,
    "boominess": 47.552368408969926,
    "reverb": false,
    "name": "AKWF_epiano_0023.wav",
    "SpectralCentroid": 0.06515890932049676,
    "SpectralSpread": 0.0020786843667675047,
    "SpectralKurtosis": 0.9343602643043832,
    "ZeroCrossingRate": 0.4252420127794052,
    "SpectralComplexity": 0.208955223880597,
    "OddToEvenHarmonicEnergyRatio": 0.2449434666705321,
    "Dissonance": 0.726343139102625,
    "PitchSalience": 0.5589179191711915,
    "HNR": 0.4118544468308487,
    "NormalizeMethod": "ess_yeojohnson",
    "dco_brightness": 0.2050144100196588,
    "dco_richness": 0.2497996370473479,
    "dco_flatness": 0.2497996370473479,
    "dco_oddenergy": 0.5503951166064112,
    "dco_zcr": 0.14487511069267625
}