{
    "duration": 0.08163265138864517,
    "lossless": 1.0,
    "codec": "pcm_f32le",
    "bitrate": 1411200.0,
    "samplerate": 44100.0,
    "channels": 1.0,
    "audio_md5": "eddb101f8fd8c1b6c2fbbaf8c91ac704",
    "loudness": -17.991220474243164,
    "dynamic_range": 0.0,
    "temporal_centroid": 0.6041733026504517,
    "log_attack_time": -1.2520934343338013,
    "filesize": 14458,
    "single_event": false,
    "tonality": "D major",
    "tonality_confidence": 0.6099916696548462,
    "loop": false,
    "tempo": 0,
    "tempo_confidence": 0.0,
    "note_midi": 38,
    "note_name": "D2",
    "note_frequency": 73.42839813232422,
    "note_confidence": 0.9858787059783936,
    "hardness": 73.78986593241933,
    "depth": 52.29971009772215,
    "brightness": 64.14197465059567,
    "roughness": 74.18596309207338,
    "warmth": 39.93431223230631,
    "sharpness": 54.113549220722014,
    "boominess": 28.112548253088466,
    "reverb": false,
    "name": "AKWF_0380.wav",
    "SpectralCentroid": 0.8609649131067729,
    "SpectralSpread": 0.9145247610453701,
    "SpectralKurtosis": 0.3863494729488441,
    "ZeroCrossingRate": 0.23302718649526455,
    "SpectralComplexity": 1.0,
    "OddToEvenHarmonicEnergyRatio": 0.5829871042148767,
    "Dissonance": 0.9890070929227731,
    "PitchSalience": 0.7683478683639928,
    "HNR": 0.0,
    "NormalizeMethod": "ess_yeojohnson",
    "dco_brightness": 0.38172375131290914,
    "dco_richness": 0.6670605782933788,
    "dco_flatness": 0.6670605782933788,
    "dco_oddenergy": 0.3298666211370588,
    "dco_zcr": 0.06197413883311543
}