{
    "duration": 0.08163265138864517,
    "lossless": 1.0,
    "codec": "pcm_f32le",
    "bitrate": 1411200.0,
    "samplerate": 44100.0,
    "channels": 1.0,
    "audio_md5": "059a195b8311421f4158507ae71fd4b2",
    "loudness": -19.790719985961914,
    "dynamic_range": 0.0,
    "temporal_centroid": 0.6126084327697754,
    "log_attack_time": -1.1979014873504639,
    "filesize": 14458,
    "single_event": false,
    "tonality": "D major",
    "tonality_confidence": 0.8119121193885803,
    "loop": false,
    "tempo": 0,
    "tempo_confidence": 0.0,
    "note_midi": 38,
    "note_name": "D2",
    "note_frequency": 73.43058776855469,
    "note_confidence": 0.9063446521759033,
    "hardness": 66.20205311365197,
    "depth": 36.986105447380595,
    "brightness": 53.82821296383834,
    "roughness": 64.68754424088053,
    "warmth": 49.53767691733723,
    "sharpness": 41.88274322662341,
    "boominess": 27.509116502132322,
    "reverb": false,
    "name": "AKWF_0893.wav",
    "SpectralCentroid": 0.5808037939107152,
    "SpectralSpread": 0.6310915205542421,
    "SpectralKurtosis": 0.5427949586835851,
    "ZeroCrossingRate": 0.6839313986910882,
    "SpectralComplexity": 1.0,
    "OddToEvenHarmonicEnergyRatio": 0.25197392585548994,
    "Dissonance": 0.9662701793244453,
    "PitchSalience": 0.8584297492418907,
    "HNR": 0.0,
    "NormalizeMethod": "ess_yeojohnson",
    "dco_brightness": 0.3347828261809319,
    "dco_richness": 0.4950862795041858,
    "dco_flatness": 0.4950862795041858,
    "dco_oddenergy": 0.7044328439254577,
    "dco_zcr": 0.26304305328218835
}