{
    "duration": 0.08163265138864517,
    "lossless": 1.0,
    "codec": "pcm_f32le",
    "bitrate": 1411200.0,
    "samplerate": 44100.0,
    "channels": 1.0,
    "audio_md5": "4a09ae6413474d4224374c5bfc1955a1",
    "loudness": -14.37578010559082,
    "dynamic_range": 0.0,
    "temporal_centroid": 0.5801076889038086,
    "log_attack_time": -1.31626296043396,
    "filesize": 14458,
    "single_event": false,
    "tonality": "D minor",
    "tonality_confidence": 0.8287120461463928,
    "loop": false,
    "tempo": 0,
    "tempo_confidence": 0.0,
    "note_midi": 38,
    "note_name": "D2",
    "note_frequency": 73.44934844970703,
    "note_confidence": 0.9573773741722107,
    "hardness": 38.4755130219761,
    "depth": 62.200032571641664,
    "brightness": 39.475635282011126,
    "roughness": 49.92067797971489,
    "warmth": 64.07569182054738,
    "sharpness": 19.276163579661535,
    "boominess": 44.238449934620235,
    "reverb": false,
    "name": "AKWF_linear_0081.wav",
    "SpectralCentroid": 0.13489968108030168,
    "SpectralSpread": 0.08448195125162608,
    "SpectralKurtosis": 0.7233730037009962,
    "ZeroCrossingRate": 0.23302718649526455,
    "SpectralComplexity": 0.8656716417910447,
    "OddToEvenHarmonicEnergyRatio": 0.5517383136332592,
    "Dissonance": 0.8057377345708799,
    "PitchSalience": 0.380012761436945,
    "HNR": 0.0,
    "NormalizeMethod": "ess_yeojohnson",
    "dco_brightness": 0.14453758767919045,
    "dco_richness": 0.28821456552384567,
    "dco_flatness": 0.28821456552384567,
    "dco_oddenergy": 0.1872638809688878,
    "dco_zcr": 0.06197413883311543
}