{
    "duration": 0.08163265138864517,
    "lossless": 1.0,
    "codec": "pcm_f32le",
    "bitrate": 1411200.0,
    "samplerate": 44100.0,
    "channels": 1.0,
    "audio_md5": "864fa8dd1842e7f2a836af9f9de31731",
    "loudness": -13.57841682434082,
    "dynamic_range": 0.0,
    "temporal_centroid": 0.5772626996040344,
    "log_attack_time": -1.3535140752792358,
    "filesize": 14458,
    "single_event": false,
    "tonality": "G minor",
    "tonality_confidence": 0.5001389384269714,
    "loop": false,
    "tempo": 0,
    "tempo_confidence": 0.0,
    "note_midi": 38,
    "note_name": "D2",
    "note_frequency": 73.42842102050781,
    "note_confidence": 0.9780638217926025,
    "hardness": 21.14401595740702,
    "depth": 58.46313664240335,
    "brightness": 21.369352971064167,
    "roughness": 44.64453340085836,
    "warmth": 64.95238185380026,
    "sharpness": 0.0,
    "boominess": 58.06378131987724,
    "reverb": false,
    "name": "AKWF_fmsynth_0070.wav",
    "SpectralCentroid": 0.013825646657872196,
    "SpectralSpread": 0.0088274434331462,
    "SpectralKurtosis": 0.8806564622363859,
    "ZeroCrossingRate": 0.23302718649526455,
    "SpectralComplexity": 0.1791044776119403,
    "OddToEvenHarmonicEnergyRatio": 0.37453945079238643,
    "Dissonance": 0.7954609903834765,
    "PitchSalience": 0.31333236508537854,
    "HNR": 0.0,
    "NormalizeMethod": "ess_yeojohnson",
    "dco_brightness": 0.10302139783338653,
    "dco_richness": 0.2081858007676251,
    "dco_flatness": 0.2081858007676251,
    "dco_oddenergy": 0.1909241503030984,
    "dco_zcr": 0.06197413883311543
}