{
    "duration": 0.08163265138864517,
    "lossless": 1.0,
    "codec": "pcm_f32le",
    "bitrate": 1411200.0,
    "samplerate": 44100.0,
    "channels": 1.0,
    "audio_md5": "aba2bdf290a23fe1e1739e7e5047006d",
    "loudness": -16.63837242126465,
    "dynamic_range": 0.0,
    "temporal_centroid": 0.5958996415138245,
    "log_attack_time": -1.248239278793335,
    "filesize": 14458,
    "single_event": false,
    "tonality": "D major",
    "tonality_confidence": 0.7071931958198547,
    "loop": false,
    "tempo": 0,
    "tempo_confidence": 0.0,
    "note_midi": 38,
    "note_name": "D2",
    "note_frequency": 73.43242645263672,
    "note_confidence": 0.9420652389526367,
    "hardness": 51.64886503330402,
    "depth": 53.12519763958283,
    "brightness": 45.967565691474704,
    "roughness": 58.508995841568044,
    "warmth": 66.91176862353828,
    "sharpness": 22.966954265895836,
    "boominess": 35.66981137268341,
    "reverb": false,
    "name": "AKWF_piano_0027.wav",
    "SpectralCentroid": 0.22225483072110438,
    "SpectralSpread": 0.06867331606145333,
    "SpectralKurtosis": 0.7308647486184062,
    "ZeroCrossingRate": 0.6763055176555212,
    "SpectralComplexity": 0.9253731343283582,
    "OddToEvenHarmonicEnergyRatio": 0.4286681448158744,
    "Dissonance": 0.9775064023605733,
    "PitchSalience": 0.7273616482034078,
    "HNR": 0.7451846106467335,
    "NormalizeMethod": "ess_yeojohnson",
    "dco_brightness": 0.27308756502271203,
    "dco_richness": 0.4105121091913207,
    "dco_flatness": 0.4105121091913207,
    "dco_oddenergy": 0.39404472416471914,
    "dco_zcr": 0.24477676146998018
}