{
    "duration": 0.08163265138864517,
    "lossless": 1.0,
    "codec": "pcm_f32le",
    "bitrate": 1411200.0,
    "samplerate": 44100.0,
    "channels": 1.0,
    "audio_md5": "75c8b6101da5fcb44f2d53ef0c7625be",
    "loudness": -14.147521018981934,
    "dynamic_range": 0.0,
    "temporal_centroid": 0.5820314884185791,
    "log_attack_time": -1.3255409002304077,
    "filesize": 14458,
    "single_event": false,
    "tonality": "D major",
    "tonality_confidence": 0.6142762303352356,
    "loop": false,
    "tempo": 0,
    "tempo_confidence": 0.0,
    "note_midi": 38,
    "note_name": "D2",
    "note_frequency": 73.42839813232422,
    "note_confidence": 0.9538803696632385,
    "hardness": 73.4196366571941,
    "depth": 57.04301536945144,
    "brightness": 60.34501885687913,
    "roughness": 65.24917800582364,
    "warmth": 47.993580935107445,
    "sharpness": 48.673223974261845,
    "boominess": 34.305793537675314,
    "reverb": false,
    "name": "AKWF_1674.wav",
    "SpectralCentroid": 0.8614396763457598,
    "SpectralSpread": 0.9466684893228923,
    "SpectralKurtosis": 0.36489550976835344,
    "ZeroCrossingRate": 0.4252420127794052,
    "SpectralComplexity": 1.0,
    "OddToEvenHarmonicEnergyRatio": 0.6668631199790591,
    "Dissonance": 0.9973394245956841,
    "PitchSalience": 0.5613560479046625,
    "HNR": 0.0,
    "NormalizeMethod": "ess_yeojohnson",
    "dco_brightness": 0.28408789036495863,
    "dco_richness": 0.6397458248812902,
    "dco_flatness": 0.6397458248812902,
    "dco_oddenergy": 0.15998021779197413,
    "dco_zcr": 0.14487511069267625
}