{
    "duration": 0.08163265138864517,
    "lossless": 1.0,
    "codec": "pcm_f32le",
    "bitrate": 1411200.0,
    "samplerate": 44100.0,
    "channels": 1.0,
    "audio_md5": "296048d935c06867f41b2901e1c522fc",
    "loudness": -13.233487129211426,
    "dynamic_range": 0.0,
    "temporal_centroid": 0.58461594581604,
    "log_attack_time": -1.3640879392623901,
    "filesize": 14458,
    "single_event": false,
    "tonality": "D major",
    "tonality_confidence": 0.8817668557167053,
    "loop": false,
    "tempo": 0,
    "tempo_confidence": 0.0,
    "note_midi": 38,
    "note_name": "D2",
    "note_frequency": 73.42845153808594,
    "note_confidence": 0.997317373752594,
    "hardness": 62.873346255167036,
    "depth": 59.31464437139358,
    "brightness": 55.8025114143973,
    "roughness": 64.74314428864031,
    "warmth": 52.14155348829203,
    "sharpness": 48.130044081563426,
    "boominess": 35.240392780843976,
    "reverb": false,
    "name": "AKWF_vgsaw_0004.wav",
    "SpectralCentroid": 0.631325558609005,
    "SpectralSpread": 0.6130232888253605,
    "SpectralKurtosis": 0.5093921302134379,
    "ZeroCrossingRate": 0.23302718649526455,
    "SpectralComplexity": 1.0,
    "OddToEvenHarmonicEnergyRatio": 0.4925747811009509,
    "Dissonance": 0.9863103410449516,
    "PitchSalience": 0.5347802845637983,
    "HNR": 0.0,
    "NormalizeMethod": "ess_yeojohnson",
    "dco_brightness": 0.22772143618356042,
    "dco_richness": 0.522298039675433,
    "dco_flatness": 0.522298039675433,
    "dco_oddenergy": 0.28294916645428303,
    "dco_zcr": 0.06197413883311543
}