{
    "duration": 0.08163265138864517,
    "lossless": 1.0,
    "codec": "pcm_f32le",
    "bitrate": 1411200.0,
    "samplerate": 44100.0,
    "channels": 1.0,
    "audio_md5": "b5757317776b52fdb75fdcf8722b19b4",
    "loudness": -13.797496795654297,
    "dynamic_range": 0.0,
    "temporal_centroid": 0.5787395238876343,
    "log_attack_time": -1.3829377889633179,
    "filesize": 14458,
    "single_event": false,
    "tonality": "G minor",
    "tonality_confidence": 0.46850985288619995,
    "loop": false,
    "tempo": 0,
    "tempo_confidence": 0.0,
    "note_midi": 38,
    "note_name": "D2",
    "note_frequency": 73.4284896850586,
    "note_confidence": 0.9884488582611084,
    "hardness": 20.48892214045391,
    "depth": 54.86142599368734,
    "brightness": 19.702200263914172,
    "roughness": 42.435951707488364,
    "warmth": 59.17383394937716,
    "sharpness": 0.0,
    "boominess": 60.52433834620807,
    "reverb": false,
    "name": "AKWF_1887.wav",
    "SpectralCentroid": 0.019761429820446003,
    "SpectralSpread": 0.003154231907623453,
    "SpectralKurtosis": 0.9254404515933262,
    "ZeroCrossingRate": 0.23302718649526455,
    "SpectralComplexity": 0.22388059701492538,
    "OddToEvenHarmonicEnergyRatio": 0.9283618116800056,
    "Dissonance": 0.6908415464625536,
    "PitchSalience": 0.09738247225153088,
    "HNR": 0.547287590590686,
    "NormalizeMethod": "ess_yeojohnson",
    "dco_brightness": 0.10965026107514383,
    "dco_richness": 0.09914926545340301,
    "dco_flatness": 0.09914926545340301,
    "dco_oddenergy": 0.007675656426499922,
    "dco_zcr": 0.06197413883311543
}