{
    "duration": 0.08163265138864517,
    "lossless": 1.0,
    "codec": "pcm_f32le",
    "bitrate": 1411200.0,
    "samplerate": 44100.0,
    "channels": 1.0,
    "audio_md5": "485d804fd4d33d9e13adbeb31fe0165d",
    "loudness": -14.472729682922363,
    "dynamic_range": 0.0,
    "temporal_centroid": 0.5786102414131165,
    "log_attack_time": -1.3742257356643677,
    "filesize": 14458,
    "single_event": false,
    "tonality": "D# minor",
    "tonality_confidence": 0.6302231550216675,
    "loop": false,
    "tempo": 0,
    "tempo_confidence": 0.0,
    "note_midi": 38,
    "note_name": "D2",
    "note_frequency": 73.42847442626953,
    "note_confidence": 0.9811081886291504,
    "hardness": 21.373286526496486,
    "depth": 63.65849477498313,
    "brightness": 16.35675197773522,
    "roughness": 41.39327760471545,
    "warmth": 51.45487514610657,
    "sharpness": 0.0,
    "boominess": 60.85975262892167,
    "reverb": false,
    "name": "AKWF_0106.wav",
    "SpectralCentroid": 0.01876437979851616,
    "SpectralSpread": 0.012550569317940302,
    "SpectralKurtosis": 0.8823790903452595,
    "ZeroCrossingRate": 0.23302718649526455,
    "SpectralComplexity": 0.1044776119402985,
    "OddToEvenHarmonicEnergyRatio": 0.781593527603007,
    "Dissonance": 0.8513837646988804,
    "PitchSalience": 0.028476412839295223,
    "HNR": 0.0,
    "NormalizeMethod": "ess_yeojohnson",
    "dco_brightness": 0.11192073090730874,
    "dco_richness": 0.11086902320300132,
    "dco_flatness": 0.11086902320300132,
    "dco_oddenergy": 0.046156492976257124,
    "dco_zcr": 0.06197413883311543
}