{
    "duration": 0.08163265138864517,
    "lossless": 1.0,
    "codec": "pcm_f32le",
    "bitrate": 1411200.0,
    "samplerate": 44100.0,
    "channels": 1.0,
    "audio_md5": "b373ec37db166c8ef7fbf966b1864cce",
    "loudness": -17.23556900024414,
    "dynamic_range": 0.0,
    "temporal_centroid": 0.5963980555534363,
    "log_attack_time": -1.2180900573730469,
    "filesize": 14458,
    "single_event": false,
    "tonality": "D minor",
    "tonality_confidence": 0.644323468208313,
    "loop": false,
    "tempo": 0,
    "tempo_confidence": 0.0,
    "note_midi": 38,
    "note_name": "D2",
    "note_frequency": 73.44005584716797,
    "note_confidence": 0.9112145304679871,
    "hardness": 50.4244083247668,
    "depth": 55.19860258927149,
    "brightness": 45.186141405617974,
    "roughness": 50.97430846441116,
    "warmth": 63.19094337380219,
    "sharpness": 28.101005290681858,
    "boominess": 38.62390191588234,
    "reverb": false,
    "name": "AKWF_1179.wav",
    "SpectralCentroid": 0.2108768658686761,
    "SpectralSpread": 0.16199262391937333,
    "SpectralKurtosis": 0.6836389638550908,
    "ZeroCrossingRate": 0.6763055176555212,
    "SpectralComplexity": 0.7611940298507462,
    "OddToEvenHarmonicEnergyRatio": 0.4691283251066952,
    "Dissonance": 0.9491409838016922,
    "PitchSalience": 0.5371469178648522,
    "HNR": 0.0,
    "NormalizeMethod": "ess_yeojohnson",
    "dco_brightness": 0.20703655994609804,
    "dco_richness": 0.3824773758075552,
    "dco_flatness": 0.3824773758075552,
    "dco_oddenergy": 0.2671755615958932,
    "dco_zcr": 0.24477676146998018
}