{
    "duration": 0.08163265138864517,
    "lossless": 1.0,
    "codec": "pcm_f32le",
    "bitrate": 1411200.0,
    "samplerate": 44100.0,
    "channels": 1.0,
    "audio_md5": "8483ca85ed919978ad476938081ef2ad",
    "loudness": -15.636232376098633,
    "dynamic_range": 0.0,
    "temporal_centroid": 0.5907334089279175,
    "log_attack_time": -1.2798875570297241,
    "filesize": 14458,
    "single_event": false,
    "tonality": "D major",
    "tonality_confidence": 0.729548454284668,
    "loop": false,
    "tempo": 0,
    "tempo_confidence": 0.0,
    "note_midi": 38,
    "note_name": "D2",
    "note_frequency": 73.43193817138672,
    "note_confidence": 0.9307141304016113,
    "hardness": 56.76332979263276,
    "depth": 50.5371852143345,
    "brightness": 47.571212999133465,
    "roughness": 56.10790716934608,
    "warmth": 65.23524444311383,
    "sharpness": 28.726694889216187,
    "boominess": 34.640481777796424,
    "reverb": false,
    "name": "AKWF_1618.wav",
    "SpectralCentroid": 0.2808586418380334,
    "SpectralSpread": 0.14348139211995747,
    "SpectralKurtosis": 0.6774739100706674,
    "ZeroCrossingRate": 0.8622249131751906,
    "SpectralComplexity": 0.8955223880597015,
    "OddToEvenHarmonicEnergyRatio": 0.4079966596495244,
    "Dissonance": 0.9902671428346368,
    "PitchSalience": 0.6010561217379745,
    "HNR": 0.0,
    "NormalizeMethod": "ess_yeojohnson",
    "dco_brightness": 0.29606781296433593,
    "dco_richness": 0.42019367204585933,
    "dco_flatness": 0.42019367204585933,
    "dco_oddenergy": 0.5059665938845832,
    "dco_zcr": 0.33406703367500235
}