{
    "duration": 0.08163265138864517,
    "lossless": 1.0,
    "codec": "pcm_f32le",
    "bitrate": 1411200.0,
    "samplerate": 44100.0,
    "channels": 1.0,
    "audio_md5": "8c4436b4c25ef7de940ea68ee9d3b0ad",
    "loudness": -14.531818389892578,
    "dynamic_range": 0.0,
    "temporal_centroid": 0.5747905373573303,
    "log_attack_time": -1.3749256134033203,
    "filesize": 14458,
    "single_event": false,
    "tonality": "D major",
    "tonality_confidence": 0.7667946219444275,
    "loop": false,
    "tempo": 0,
    "tempo_confidence": 0.0,
    "note_midi": 38,
    "note_name": "D2",
    "note_frequency": 73.43136596679688,
    "note_confidence": 0.9705410003662109,
    "hardness": 57.470924145496014,
    "depth": 62.646624720819,
    "brightness": 49.85723975171249,
    "roughness": 53.455217524993635,
    "warmth": 52.38248777208191,
    "sharpness": 44.78848394748362,
    "boominess": 42.53372296873326,
    "reverb": false,
    "name": "AKWF_0246.wav",
    "SpectralCentroid": 0.6491704893047296,
    "SpectralSpread": 0.7957844504976507,
    "SpectralKurtosis": 0.4909293016437301,
    "ZeroCrossingRate": 0.4252420127794052,
    "SpectralComplexity": 1.0,
    "OddToEvenHarmonicEnergyRatio": 0.6171354275790063,
    "Dissonance": 0.9541288880227282,
    "PitchSalience": 0.25720118294204175,
    "HNR": 0.0,
    "NormalizeMethod": "ess_yeojohnson",
    "dco_brightness": 0.1455010622832592,
    "dco_richness": 0.4715969469675484,
    "dco_flatness": 0.4715969469675484,
    "dco_oddenergy": 0.1350617023675451,
    "dco_zcr": 0.17544243846429197
}