{
    "duration": 0.08163265138864517,
    "lossless": 1.0,
    "codec": "pcm_f32le",
    "bitrate": 1411200.0,
    "samplerate": 44100.0,
    "channels": 1.0,
    "audio_md5": "35d82f16a189c13c73b88fb7b375a8f6",
    "loudness": -14.08407974243164,
    "dynamic_range": 0.0,
    "temporal_centroid": 0.5876083374023438,
    "log_attack_time": -1.3274204730987549,
    "filesize": 14458,
    "single_event": false,
    "tonality": "A major",
    "tonality_confidence": 0.6464216709136963,
    "loop": false,
    "tempo": 0,
    "tempo_confidence": 0.0,
    "note_midi": 38,
    "note_name": "D2",
    "note_frequency": 73.43180084228516,
    "note_confidence": 0.9964268207550049,
    "hardness": 28.951523381638196,
    "depth": 54.58736915738273,
    "brightness": 33.379751900670065,
    "roughness": 48.10777387768868,
    "warmth": 64.87566858865566,
    "sharpness": 5.826584034746581,
    "boominess": 50.94219160324343,
    "reverb": false,
    "name": "AKWF_flute_0002.wav",
    "SpectralCentroid": 0.07274315715503765,
    "SpectralSpread": 0.022217883405408204,
    "SpectralKurtosis": 0.8050236131276769,
    "ZeroCrossingRate": 0.23302718649526455,
    "SpectralComplexity": 0.6268656716417911,
    "OddToEvenHarmonicEnergyRatio": 0.9680088219266635,
    "Dissonance": 0.7975604657662615,
    "PitchSalience": 0.28753073264182316,
    "HNR": 0.7076501148057619,
    "NormalizeMethod": "ess_yeojohnson",
    "dco_brightness": 0.1184671039238411,
    "dco_richness": 0.21617869571422912,
    "dco_flatness": 0.21617869571422912,
    "dco_oddenergy": 0.0058751787296995595,
    "dco_zcr": 0.06197413883311543
}