{
    "duration": 0.08163265138864517,
    "lossless": 1.0,
    "codec": "pcm_f32le",
    "bitrate": 1411200.0,
    "samplerate": 44100.0,
    "channels": 1.0,
    "audio_md5": "5f8b8129693c501ee77345eccf1546fd",
    "loudness": -14.448542594909668,
    "dynamic_range": 0.0,
    "temporal_centroid": 0.59492027759552,
    "log_attack_time": -1.2730013132095337,
    "filesize": 14458,
    "single_event": false,
    "tonality": "D major",
    "tonality_confidence": 0.8914499878883362,
    "loop": false,
    "tempo": 0,
    "tempo_confidence": 0.0,
    "note_midi": 38,
    "note_name": "D2",
    "note_frequency": 73.45034790039062,
    "note_confidence": 0.9482520222663879,
    "hardness": 40.773203544264064,
    "depth": 62.95219242449244,
    "brightness": 38.08561930632903,
    "roughness": 46.21793101939825,
    "warmth": 63.64176663322837,
    "sharpness": 27.391962758943155,
    "boominess": 51.06645127879962,
    "reverb": false,
    "name": "AKWF_vgame_0025.wav",
    "SpectralCentroid": 0.3064216412741973,
    "SpectralSpread": 0.41998189208917036,
    "SpectralKurtosis": 0.5985438133774621,
    "ZeroCrossingRate": 0.4252420127794052,
    "SpectralComplexity": 0.9104477611940298,
    "OddToEvenHarmonicEnergyRatio": 0.2611561295151811,
    "Dissonance": 0.7634852181178782,
    "PitchSalience": 0.2831833807829225,
    "HNR": 0.0,
    "NormalizeMethod": "ess_yeojohnson",
    "dco_brightness": 0.15513718742763397,
    "dco_richness": 0.31439416356805766,
    "dco_flatness": 0.31439416356805766,
    "dco_oddenergy": 0.5247050315461608,
    "dco_zcr": 0.2016028048315253
}