{
    "duration": 0.08163265138864517,
    "lossless": 1.0,
    "codec": "pcm_f32le",
    "bitrate": 1411200.0,
    "samplerate": 44100.0,
    "channels": 1.0,
    "audio_md5": "64075f5313358492aed04203da519e59",
    "loudness": -17.176822662353516,
    "dynamic_range": 0.0,
    "temporal_centroid": 0.5977036356925964,
    "log_attack_time": -1.2700568437576294,
    "filesize": 14458,
    "single_event": false,
    "tonality": "D major",
    "tonality_confidence": 0.4000492990016937,
    "loop": false,
    "tempo": 0,
    "tempo_confidence": 0.0,
    "note_midi": 38,
    "note_name": "D2",
    "note_frequency": 73.43260192871094,
    "note_confidence": 0.9056212902069092,
    "hardness": 61.79454553597097,
    "depth": 61.67405699727309,
    "brightness": 50.463074249477145,
    "roughness": 53.75082852114732,
    "warmth": 59.02512227115599,
    "sharpness": 46.315492264887546,
    "boominess": 39.48503722446169,
    "reverb": false,
    "name": "AKWF_1433.wav",
    "SpectralCentroid": 0.5606937709194271,
    "SpectralSpread": 0.5381748000895049,
    "SpectralKurtosis": 0.4600751519427813,
    "ZeroCrossingRate": 0.23302718649526455,
    "SpectralComplexity": 1.0,
    "OddToEvenHarmonicEnergyRatio": 0.5695261067964259,
    "Dissonance": 0.9141769327135097,
    "PitchSalience": 0.4649619573352003,
    "HNR": 0.0,
    "NormalizeMethod": "ess_yeojohnson",
    "dco_brightness": 0.17590868034826526,
    "dco_richness": 0.4826639348313298,
    "dco_flatness": 0.4826639348313298,
    "dco_oddenergy": 0.17979586728851182,
    "dco_zcr": 0.06197413883311543
}