{
    "duration": 0.08163265138864517,
    "lossless": 1.0,
    "codec": "pcm_f32le",
    "bitrate": 1411200.0,
    "samplerate": 44100.0,
    "channels": 1.0,
    "audio_md5": "b1a3c1be599a5022efac481c902875af",
    "loudness": -12.490426063537598,
    "dynamic_range": 0.0,
    "temporal_centroid": 0.5920470952987671,
    "log_attack_time": -1.325332522392273,
    "filesize": 14458,
    "single_event": false,
    "tonality": "G# major",
    "tonality_confidence": 0.5029435753822327,
    "loop": false,
    "tempo": 0,
    "tempo_confidence": 0.0,
    "note_midi": 38,
    "note_name": "D2",
    "note_frequency": 73.42961120605469,
    "note_confidence": 0.9539539813995361,
    "hardness": 56.58358274173463,
    "depth": 44.32367845908611,
    "brightness": 52.54627631414072,
    "roughness": 51.75280968986232,
    "warmth": 53.165363394192184,
    "sharpness": 34.82795087453027,
    "boominess": 26.468856229570022,
    "reverb": false,
    "name": "AKWF_1527.wav",
    "SpectralCentroid": 0.3312757020631787,
    "SpectralSpread": 0.09194626472225965,
    "SpectralKurtosis": 0.6342931698978629,
    "ZeroCrossingRate": 0.7567375429308871,
    "SpectralComplexity": 0.4925373134328358,
    "OddToEvenHarmonicEnergyRatio": 1.0,
    "Dissonance": 0.9816523283353396,
    "PitchSalience": 0.828680180838641,
    "HNR": 0.5854607674573166,
    "NormalizeMethod": "ess_yeojohnson",
    "dco_brightness": 0.3240728744948802,
    "dco_richness": 0.43687263875217164,
    "dco_flatness": 0.43687263875217164,
    "dco_oddenergy": 0.3163150058653216,
    "dco_zcr": 0.2796406039636913
}