{
    "duration": 0.08163265138864517,
    "lossless": 1.0,
    "codec": "pcm_f32le",
    "bitrate": 1411200.0,
    "samplerate": 44100.0,
    "channels": 1.0,
    "audio_md5": "4b1af8721b0f564e9b02fe0fdc3aca72",
    "loudness": -14.158110618591309,
    "dynamic_range": 0.0,
    "temporal_centroid": 0.5813422203063965,
    "log_attack_time": -1.3700498342514038,
    "filesize": 14458,
    "single_event": false,
    "tonality": "D major",
    "tonality_confidence": 0.5902170538902283,
    "loop": false,
    "tempo": 0,
    "tempo_confidence": 0.0,
    "note_midi": 38,
    "note_name": "D2",
    "note_frequency": 73.43675231933594,
    "note_confidence": 0.9934913516044617,
    "hardness": 26.804387667205276,
    "depth": 62.32606336388157,
    "brightness": 31.241957022853445,
    "roughness": 44.41451536007167,
    "warmth": 60.79803790298753,
    "sharpness": 9.58455517561848,
    "boominess": 54.27452819970359,
    "reverb": false,
    "name": "AKWF_0683.wav",
    "SpectralCentroid": 0.06713115565912017,
    "SpectralSpread": 0.07041905883649173,
    "SpectralKurtosis": 0.753147339554795,
    "ZeroCrossingRate": 0.23302718649526455,
    "SpectralComplexity": 0.7910447761194029,
    "OddToEvenHarmonicEnergyRatio": 0.5224849168892539,
    "Dissonance": 0.960159564505278,
    "PitchSalience": 0.16053139903509803,
    "HNR": 0.6581406288015642,
    "NormalizeMethod": "ess_yeojohnson",
    "dco_brightness": 0.09900323243636126,
    "dco_richness": 0.19640944458635382,
    "dco_flatness": 0.19640944458635382,
    "dco_oddenergy": 0.052744306531698815,
    "dco_zcr": 0.06197413883311543
}