{
    "duration": 0.08163265138864517,
    "lossless": 1.0,
    "codec": "pcm_f32le",
    "bitrate": 1411200.0,
    "samplerate": 44100.0,
    "channels": 1.0,
    "audio_md5": "1642f4a65a25a944988305b49982c100",
    "loudness": -14.425488471984863,
    "dynamic_range": 0.0,
    "temporal_centroid": 0.5955871343612671,
    "log_attack_time": -1.2720789909362793,
    "filesize": 14458,
    "single_event": false,
    "tonality": "D major",
    "tonality_confidence": 0.7835618257522583,
    "loop": false,
    "tempo": 0,
    "tempo_confidence": 0.0,
    "note_midi": 38,
    "note_name": "D2",
    "note_frequency": 73.4317855834961,
    "note_confidence": 0.9501948356628418,
    "hardness": 62.313437663851545,
    "depth": 53.982491467460065,
    "brightness": 47.18346980765778,
    "roughness": 56.12284113218606,
    "warmth": 56.433560000342574,
    "sharpness": 44.808866241661065,
    "boominess": 45.020102676630486,
    "reverb": false,
    "name": "AKWF_vgame_0010.wav",
    "SpectralCentroid": 0.6186911030805802,
    "SpectralSpread": 0.7567887311687909,
    "SpectralKurtosis": 0.5034822682332105,
    "ZeroCrossingRate": 0.4252420127794052,
    "SpectralComplexity": 1.0,
    "OddToEvenHarmonicEnergyRatio": 0.2661970110308501,
    "Dissonance": 0.9298468889108022,
    "PitchSalience": 0.293259308710554,
    "HNR": 0.0,
    "NormalizeMethod": "ess_yeojohnson",
    "dco_brightness": 0.17458047411679836,
    "dco_richness": 0.47814394862576004,
    "dco_flatness": 0.47814394862576004,
    "dco_oddenergy": 0.5204916117895135,
    "dco_zcr": 0.14487511069267625
}