{
    "duration": 0.08163265138864517,
    "lossless": 1.0,
    "codec": "pcm_f32le",
    "bitrate": 1411200.0,
    "samplerate": 44100.0,
    "channels": 1.0,
    "audio_md5": "f8d233c0abc85e7f0bbc083d910e0411",
    "loudness": -14.027640342712402,
    "dynamic_range": 0.0,
    "temporal_centroid": 0.5934447646141052,
    "log_attack_time": -1.2882214784622192,
    "filesize": 14458,
    "single_event": false,
    "tonality": "D major",
    "tonality_confidence": 0.8426332473754883,
    "loop": false,
    "tempo": 0,
    "tempo_confidence": 0.0,
    "note_midi": 38,
    "note_name": "D2",
    "note_frequency": 73.43104553222656,
    "note_confidence": 0.953824520111084,
    "hardness": 48.543577515832254,
    "depth": 53.28218202016786,
    "brightness": 45.79886928721443,
    "roughness": 57.20510820453892,
    "warmth": 64.66132443692582,
    "sharpness": 20.137604812082493,
    "boominess": 36.47189241141635,
    "reverb": false,
    "name": "AKWF_clavinet_0023.wav",
    "SpectralCentroid": 0.20067363575871333,
    "SpectralSpread": 0.04677214273585057,
    "SpectralKurtosis": 0.7520738241200289,
    "ZeroCrossingRate": 0.7567375429308871,
    "SpectralComplexity": 0.7313432835820896,
    "OddToEvenHarmonicEnergyRatio": 0.18396739881850765,
    "Dissonance": 0.9864932656327586,
    "PitchSalience": 0.5995196594379649,
    "HNR": 0.7459456323009281,
    "NormalizeMethod": "ess_yeojohnson",
    "dco_brightness": 0.26960615711655644,
    "dco_richness": 0.4159973688359662,
    "dco_flatness": 0.4159973688359662,
    "dco_oddenergy": 0.7174142021369632,
    "dco_zcr": 0.2796406039636913
}