{
    "duration": 0.08163265138864517,
    "lossless": 1.0,
    "codec": "pcm_f32le",
    "bitrate": 1411200.0,
    "samplerate": 44100.0,
    "channels": 1.0,
    "audio_md5": "105d4098658a61c7e4d2ca27e8207cc0",
    "loudness": -16.30320167541504,
    "dynamic_range": 0.0,
    "temporal_centroid": 0.6230530142784119,
    "log_attack_time": -1.2581180334091187,
    "filesize": 14458,
    "single_event": false,
    "tonality": "D major",
    "tonality_confidence": 0.755359411239624,
    "loop": false,
    "tempo": 0,
    "tempo_confidence": 0.0,
    "note_midi": 38,
    "note_name": "D2",
    "note_frequency": 73.42839813232422,
    "note_confidence": 0.9951390027999878,
    "hardness": 80.98095367273294,
    "depth": 48.514998769850614,
    "brightness": 61.536425922293844,
    "roughness": 74.99825004438112,
    "warmth": 45.362121525571304,
    "sharpness": 52.59367118349692,
    "boominess": 28.603028342216852,
    "reverb": false,
    "name": "AKWF_1548.wav",
    "SpectralCentroid": 0.8033447529175766,
    "SpectralSpread": 0.8340293802993384,
    "SpectralKurtosis": 0.43697767691462136,
    "ZeroCrossingRate": 0.568873868296057,
    "SpectralComplexity": 1.0,
    "OddToEvenHarmonicEnergyRatio": 0.3388886680909445,
    "Dissonance": 0.9847839272596146,
    "PitchSalience": 0.7774657019356194,
    "HNR": 0.0,
    "NormalizeMethod": "ess_yeojohnson",
    "dco_brightness": 0.3830928301047909,
    "dco_richness": 0.6376851093204607,
    "dco_flatness": 0.6376851093204607,
    "dco_oddenergy": 0.5557049875531939,
    "dco_zcr": 0.2016028048315253
}