{
    "duration": 0.08163265138864517,
    "lossless": 1.0,
    "codec": "pcm_f32le",
    "bitrate": 1411200.0,
    "samplerate": 44100.0,
    "channels": 1.0,
    "audio_md5": "e34b9d1c17850f7c32062c788bf28b63",
    "loudness": -14.786653518676758,
    "dynamic_range": 0.0,
    "temporal_centroid": 0.5870513319969177,
    "log_attack_time": -1.2713426351547241,
    "filesize": 14458,
    "single_event": false,
    "tonality": "D major",
    "tonality_confidence": 0.8418987989425659,
    "loop": false,
    "tempo": 0,
    "tempo_confidence": 0.0,
    "note_midi": 38,
    "note_name": "D2",
    "note_frequency": 73.43131256103516,
    "note_confidence": 0.986295759677887,
    "hardness": 36.13313635233874,
    "depth": 57.75980240300364,
    "brightness": 33.00762369577859,
    "roughness": 52.95823753077016,
    "warmth": 68.92098246988198,
    "sharpness": 5.995663980548901,
    "boominess": 45.88339227982722,
    "reverb": false,
    "name": "AKWF_epiano_0035.wav",
    "SpectralCentroid": 0.11021691486126553,
    "SpectralSpread": 0.02149993549969421,
    "SpectralKurtosis": 0.82528227524157,
    "ZeroCrossingRate": 0.4252420127794052,
    "SpectralComplexity": 0.43283582089552236,
    "OddToEvenHarmonicEnergyRatio": 0.23872419157420188,
    "Dissonance": 0.9999982495254756,
    "PitchSalience": 0.6595859772571782,
    "HNR": 0.0,
    "NormalizeMethod": "ess_yeojohnson",
    "dco_brightness": 0.2116488591703346,
    "dco_richness": 0.3000500023157412,
    "dco_flatness": 0.3000500023157412,
    "dco_oddenergy": 0.5721118372521776,
    "dco_zcr": 0.14487511069267625
}