{
    "duration": 0.08163265138864517,
    "lossless": 1.0,
    "codec": "pcm_f32le",
    "bitrate": 1411200.0,
    "samplerate": 44100.0,
    "channels": 1.0,
    "audio_md5": "b83d2dd8d728913d5fd68ab438f7c33d",
    "loudness": -13.778017044067383,
    "dynamic_range": 0.0,
    "temporal_centroid": 0.5934250354766846,
    "log_attack_time": -1.2698734998703003,
    "filesize": 14458,
    "single_event": false,
    "tonality": "D major",
    "tonality_confidence": 0.7658370137214661,
    "loop": false,
    "tempo": 0,
    "tempo_confidence": 0.0,
    "note_midi": 38,
    "note_name": "D2",
    "note_frequency": 73.42843627929688,
    "note_confidence": 0.9918109774589539,
    "hardness": 65.56938695551634,
    "depth": 53.751922313177744,
    "brightness": 56.09692987403837,
    "roughness": 67.39200232996352,
    "warmth": 53.220858164498665,
    "sharpness": 48.89373406230241,
    "boominess": 34.524721986438664,
    "reverb": false,
    "name": "AKWF_oscchip_0068.wav",
    "SpectralCentroid": 0.6838853086038976,
    "SpectralSpread": 0.6890896836445805,
    "SpectralKurtosis": 0.48117291203955853,
    "ZeroCrossingRate": 0.4252420127794052,
    "SpectralComplexity": 1.0,
    "OddToEvenHarmonicEnergyRatio": 0.33432895165916393,
    "Dissonance": 0.9864730622392887,
    "PitchSalience": 0.6545681211803451,
    "HNR": 0.8514031005069539,
    "NormalizeMethod": "ess_yeojohnson",
    "dco_brightness": 0.2689745820569448,
    "dco_richness": 0.5562375152183161,
    "dco_flatness": 0.5562375152183161,
    "dco_oddenergy": 0.47791722793740476,
    "dco_zcr": 0.14487511069267625
}