{
    "duration": 0.08163265138864517,
    "lossless": 1.0,
    "codec": "pcm_f32le",
    "bitrate": 1411200.0,
    "samplerate": 44100.0,
    "channels": 1.0,
    "audio_md5": "1cdf365e3f7d05d803a64054825b97d6",
    "loudness": -13.138873100280762,
    "dynamic_range": 0.0,
    "temporal_centroid": 0.5803654789924622,
    "log_attack_time": -1.3728293180465698,
    "filesize": 14458,
    "single_event": false,
    "tonality": "D major",
    "tonality_confidence": 0.7260786294937134,
    "loop": false,
    "tempo": 0,
    "tempo_confidence": 0.0,
    "note_midi": 38,
    "note_name": "D2",
    "note_frequency": 73.4291763305664,
    "note_confidence": 0.9939570426940918,
    "hardness": 51.427920623629745,
    "depth": 62.36425787722181,
    "brightness": 50.155619708962405,
    "roughness": 55.05839632252085,
    "warmth": 53.70424779142127,
    "sharpness": 41.47379666705102,
    "boominess": 40.86023484777799,
    "reverb": false,
    "name": "AKWF_1507.wav",
    "SpectralCentroid": 0.4270013375639446,
    "SpectralSpread": 0.3759181689891957,
    "SpectralKurtosis": 0.5728405795857335,
    "ZeroCrossingRate": 0.23302718649526455,
    "SpectralComplexity": 0.9850746268656716,
    "OddToEvenHarmonicEnergyRatio": 0.04152719368218222,
    "Dissonance": 0.9740311998744327,
    "PitchSalience": 0.21882842596052085,
    "HNR": 0.0,
    "NormalizeMethod": "ess_yeojohnson",
    "dco_brightness": 0.14413904270331415,
    "dco_richness": 0.4006446906920505,
    "dco_flatness": 0.4006446906920505,
    "dco_oddenergy": 0.10063249636960347,
    "dco_zcr": 0.06197413883311543
}