{
    "duration": 0.08163265138864517,
    "lossless": 1.0,
    "codec": "pcm_f32le",
    "bitrate": 1411200.0,
    "samplerate": 44100.0,
    "channels": 1.0,
    "audio_md5": "0119e34c38eb5f0abdb50ec7a09c4948",
    "loudness": -17.287965774536133,
    "dynamic_range": 0.0,
    "temporal_centroid": 0.5949840545654297,
    "log_attack_time": -1.2606232166290283,
    "filesize": 14458,
    "single_event": false,
    "tonality": "D minor",
    "tonality_confidence": 0.7736064195632935,
    "loop": false,
    "tempo": 0,
    "tempo_confidence": 0.0,
    "note_midi": 38,
    "note_name": "D2",
    "note_frequency": 73.43192291259766,
    "note_confidence": 0.880712628364563,
    "hardness": 56.38489579340677,
    "depth": 51.171691959089856,
    "brightness": 52.457742048992884,
    "roughness": 60.75256211260414,
    "warmth": 61.65684177266775,
    "sharpness": 31.785538798548796,
    "boominess": 34.05072251844662,
    "reverb": false,
    "name": "AKWF_clavinet_0015.wav",
    "SpectralCentroid": 0.30177860525905165,
    "SpectralSpread": 0.08170392609070962,
    "SpectralKurtosis": 0.6960562621628021,
    "ZeroCrossingRate": 0.8961704051034269,
    "SpectralComplexity": 0.9701492537313433,
    "OddToEvenHarmonicEnergyRatio": 0.27254086534519506,
    "Dissonance": 0.9531268872303467,
    "PitchSalience": 0.602812551046984,
    "HNR": 0.535227363349287,
    "NormalizeMethod": "ess_yeojohnson",
    "dco_brightness": 0.30639976685272197,
    "dco_richness": 0.46986701228839706,
    "dco_flatness": 0.46986701228839706,
    "dco_oddenergy": 0.6002715632815584,
    "dco_zcr": 0.356183536315725
}