{
    "duration": 0.08163265138864517,
    "lossless": 1.0,
    "codec": "pcm_f32le",
    "bitrate": 1411200.0,
    "samplerate": 44100.0,
    "channels": 1.0,
    "audio_md5": "63ee49b41691dcb058d836268fc45967",
    "loudness": -15.996796607971191,
    "dynamic_range": 0.0,
    "temporal_centroid": 0.59483402967453,
    "log_attack_time": -1.2678616046905518,
    "filesize": 14458,
    "single_event": false,
    "tonality": "A major",
    "tonality_confidence": 0.4376545548439026,
    "loop": false,
    "tempo": 0,
    "tempo_confidence": 0.0,
    "note_midi": 38,
    "note_name": "D2",
    "note_frequency": 73.43167114257812,
    "note_confidence": 0.9967337846755981,
    "hardness": 33.07465474614361,
    "depth": 63.28391590447771,
    "brightness": 36.167285130558405,
    "roughness": 31.764832124650443,
    "warmth": 66.60646554778275,
    "sharpness": 13.324715049545226,
    "boominess": 49.9405158054475,
    "reverb": false,
    "name": "AKWF_tri_0016.wav",
    "SpectralCentroid": 0.0853263439215917,
    "SpectralSpread": 0.02841910816305257,
    "SpectralKurtosis": 0.7343395713030506,
    "ZeroCrossingRate": 0.23302718649526455,
    "SpectralComplexity": 0.4925373134328358,
    "OddToEvenHarmonicEnergyRatio": 1.0,
    "Dissonance": 0.7048916572967655,
    "PitchSalience": 0.34008678859067343,
    "HNR": 0.8371832000205671,
    "NormalizeMethod": "ess_yeojohnson",
    "dco_brightness": 0.12170244972413675,
    "dco_richness": 0.2270597023022171,
    "dco_flatness": 0.2270597023022171,
    "dco_oddenergy": 0.002935048403251317,
    "dco_zcr": 0.06197413883311543
}