{
    "duration": 0.08163265138864517,
    "lossless": 1.0,
    "codec": "pcm_f32le",
    "bitrate": 1411200.0,
    "samplerate": 44100.0,
    "channels": 1.0,
    "audio_md5": "04e93a9ac0b5790f53c7f52c8e40cec0",
    "loudness": -13.820300102233887,
    "dynamic_range": 0.0,
    "temporal_centroid": 0.5839332938194275,
    "log_attack_time": -1.2808266878128052,
    "filesize": 14458,
    "single_event": false,
    "tonality": "D major",
    "tonality_confidence": 0.6309181451797485,
    "loop": false,
    "tempo": 0,
    "tempo_confidence": 0.0,
    "note_midi": 38,
    "note_name": "D2",
    "note_frequency": 73.44794464111328,
    "note_confidence": 0.930755615234375,
    "hardness": 33.404912081613986,
    "depth": 60.27979770081821,
    "brightness": 28.813058765569064,
    "roughness": 48.23352529598103,
    "warmth": 69.92267091462294,
    "sharpness": 5.167504774525412,
    "boominess": 44.73839268152008,
    "reverb": false,
    "name": "AKWF_eorgan_0105.wav",
    "SpectralCentroid": 0.05885342708792628,
    "SpectralSpread": 0.004090629745739208,
    "SpectralKurtosis": 0.9023618126278333,
    "ZeroCrossingRate": 0.4252420127794052,
    "SpectralComplexity": 0.2835820895522388,
    "OddToEvenHarmonicEnergyRatio": 0.1912137375019754,
    "Dissonance": 0.37343941549321663,
    "PitchSalience": 0.4393720739632409,
    "HNR": 0.6733533362227562,
    "NormalizeMethod": "ess_yeojohnson",
    "dco_brightness": 0.19074295849262676,
    "dco_richness": 0.2870687703083352,
    "dco_flatness": 0.2870687703083352,
    "dco_oddenergy": 0.6359829840432258,
    "dco_zcr": 0.14487511069267625
}