{
    "duration": 0.08163265138864517,
    "lossless": 1.0,
    "codec": "pcm_f32le",
    "bitrate": 1411200.0,
    "samplerate": 44100.0,
    "channels": 1.0,
    "audio_md5": "6e584546a4f95bdce59f63d35afbaf3c",
    "loudness": -14.974550247192383,
    "dynamic_range": 0.0,
    "temporal_centroid": 0.6065088510513306,
    "log_attack_time": -1.3117982149124146,
    "filesize": 14458,
    "single_event": false,
    "tonality": "D major",
    "tonality_confidence": 0.7673295140266418,
    "loop": false,
    "tempo": 0,
    "tempo_confidence": 0.0,
    "note_midi": 38,
    "note_name": "D2",
    "note_frequency": 73.42929077148438,
    "note_confidence": 0.9327315092086792,
    "hardness": 72.87656931532081,
    "depth": 47.929212717399366,
    "brightness": 55.463511394962104,
    "roughness": 68.4127289063708,
    "warmth": 56.8196388109691,
    "sharpness": 48.628076863938006,
    "boominess": 33.721275024402715,
    "reverb": false,
    "name": "AKWF_oscchip_0143.wav",
    "SpectralCentroid": 0.6433362450020532,
    "SpectralSpread": 0.5819680634274763,
    "SpectralKurtosis": 0.48219765214332644,
    "ZeroCrossingRate": 0.8170126148854899,
    "SpectralComplexity": 1.0,
    "OddToEvenHarmonicEnergyRatio": 0.3607084356859722,
    "Dissonance": 0.9727982093812597,
    "PitchSalience": 0.7113053324629919,
    "HNR": 0.6210542829064951,
    "NormalizeMethod": "ess_yeojohnson",
    "dco_brightness": 0.29721418684370365,
    "dco_richness": 0.5564589667067769,
    "dco_flatness": 0.5564589667067769,
    "dco_oddenergy": 0.46642335168863613,
    "dco_zcr": 0.33406703367500235
}