{
    "duration": 0.08163265138864517,
    "lossless": 1.0,
    "codec": "pcm_f32le",
    "bitrate": 1411200.0,
    "samplerate": 44100.0,
    "channels": 1.0,
    "audio_md5": "317e4e47223d398c675e09940a7b3db9",
    "loudness": -11.383394241333008,
    "dynamic_range": 0.0,
    "temporal_centroid": 0.5794783234596252,
    "log_attack_time": -1.3913429975509644,
    "filesize": 14458,
    "single_event": false,
    "tonality": "D major",
    "tonality_confidence": 0.5160703659057617,
    "loop": false,
    "tempo": 0,
    "tempo_confidence": 0.0,
    "note_midi": 38,
    "note_name": "D2",
    "note_frequency": 73.43150329589844,
    "note_confidence": 0.9734538197517395,
    "hardness": 43.453537608469986,
    "depth": 52.087788139286,
    "brightness": 41.298926372862,
    "roughness": 55.35399254308973,
    "warmth": 64.71279158019047,
    "sharpness": 15.892061459385108,
    "boominess": 37.10645592400144,
    "reverb": false,
    "name": "AKWF_fmsynth_0061.wav",
    "SpectralCentroid": 0.16131466459421173,
    "SpectralSpread": 0.04225232043562952,
    "SpectralKurtosis": 0.7627915952100046,
    "ZeroCrossingRate": 0.6763055176555212,
    "SpectralComplexity": 0.9402985074626866,
    "OddToEvenHarmonicEnergyRatio": 0.4111116945249153,
    "Dissonance": 0.8416293912841539,
    "PitchSalience": 0.6894524856726872,
    "HNR": 0.0,
    "NormalizeMethod": "ess_yeojohnson",
    "dco_brightness": 0.24453130342782534,
    "dco_richness": 0.36619806816146433,
    "dco_flatness": 0.36619806816146433,
    "dco_oddenergy": 0.34439336264675224,
    "dco_zcr": 0.24477676146998018
}