{
    "duration": 0.08163265138864517,
    "lossless": 1.0,
    "codec": "pcm_f32le",
    "bitrate": 1411200.0,
    "samplerate": 44100.0,
    "channels": 1.0,
    "audio_md5": "3ae2231c2a804b2aa150a6a3d7e3e0ab",
    "loudness": -13.725878715515137,
    "dynamic_range": 0.0,
    "temporal_centroid": 0.5841681361198425,
    "log_attack_time": -1.2778288125991821,
    "filesize": 14458,
    "single_event": false,
    "tonality": "D minor",
    "tonality_confidence": 0.8412386775016785,
    "loop": false,
    "tempo": 0,
    "tempo_confidence": 0.0,
    "note_midi": 38,
    "note_name": "D2",
    "note_frequency": 73.43582153320312,
    "note_confidence": 0.9312559366226196,
    "hardness": 42.245047470490334,
    "depth": 50.38255142306395,
    "brightness": 40.332737685463215,
    "roughness": 54.53227605795187,
    "warmth": 69.14619770013779,
    "sharpness": 19.18968988365328,
    "boominess": 37.15244181935466,
    "reverb": false,
    "name": "AKWF_violin_0002.wav",
    "SpectralCentroid": 0.19352176999127774,
    "SpectralSpread": 0.06216769427089873,
    "SpectralKurtosis": 0.7197829878173635,
    "ZeroCrossingRate": 0.568873868296057,
    "SpectralComplexity": 0.9552238805970149,
    "OddToEvenHarmonicEnergyRatio": 0.08007454647352621,
    "Dissonance": 0.8462593234649359,
    "PitchSalience": 0.5668847892043071,
    "HNR": 0.6403728763079655,
    "NormalizeMethod": "ess_yeojohnson",
    "dco_brightness": 0.24809387148165027,
    "dco_richness": 0.3408669986238588,
    "dco_flatness": 0.3408669986238588,
    "dco_oddenergy": 0.8600267825251897,
    "dco_zcr": 0.2016028048315253
}