{
    "duration": 0.08163265138864517,
    "lossless": 1.0,
    "codec": "pcm_f32le",
    "bitrate": 1411200.0,
    "samplerate": 44100.0,
    "channels": 1.0,
    "audio_md5": "e5b072e034b32f774725b42a6636c8f2",
    "loudness": -14.836591720581055,
    "dynamic_range": 0.0,
    "temporal_centroid": 0.5853172540664673,
    "log_attack_time": -1.2884126901626587,
    "filesize": 14458,
    "single_event": false,
    "tonality": "D major",
    "tonality_confidence": 0.8365357518196106,
    "loop": false,
    "tempo": 0,
    "tempo_confidence": 0.0,
    "note_midi": 38,
    "note_name": "D2",
    "note_frequency": 73.45939636230469,
    "note_confidence": 0.9269632697105408,
    "hardness": 38.38246249323744,
    "depth": 61.764407676415026,
    "brightness": 32.926692167306015,
    "roughness": 48.68222787898824,
    "warmth": 65.8053270852717,
    "sharpness": 13.216541827204882,
    "boominess": 46.16065870086009,
    "reverb": false,
    "name": "AKWF_1906.wav",
    "SpectralCentroid": 0.10045303809793879,
    "SpectralSpread": 0.033020611204987754,
    "SpectralKurtosis": 0.7942433123224782,
    "ZeroCrossingRate": 0.23302718649526455,
    "SpectralComplexity": 0.3880597014925373,
    "OddToEvenHarmonicEnergyRatio": 0.51292666823602,
    "Dissonance": 0.9175699358334388,
    "PitchSalience": 0.4661924829762372,
    "HNR": 0.0,
    "NormalizeMethod": "ess_yeojohnson",
    "dco_brightness": 0.15633177962082107,
    "dco_richness": 0.29468834718998393,
    "dco_flatness": 0.29468834718998393,
    "dco_oddenergy": 0.2313179088564139,
    "dco_zcr": 0.06197413883311543
}