{
    "duration": 0.08163265138864517,
    "lossless": 1.0,
    "codec": "pcm_f32le",
    "bitrate": 1411200.0,
    "samplerate": 44100.0,
    "channels": 1.0,
    "audio_md5": "9ae072752ed747513a4f28a79e96da5c",
    "loudness": -14.667192459106445,
    "dynamic_range": 0.0,
    "temporal_centroid": 0.5842940807342529,
    "log_attack_time": -1.280075192451477,
    "filesize": 14458,
    "single_event": false,
    "tonality": "D major",
    "tonality_confidence": 0.5910137295722961,
    "loop": false,
    "tempo": 0,
    "tempo_confidence": 0.0,
    "note_midi": 38,
    "note_name": "D2",
    "note_frequency": 73.4399642944336,
    "note_confidence": 0.921281099319458,
    "hardness": 34.65140265869961,
    "depth": 54.293991179078425,
    "brightness": 29.47471203834439,
    "roughness": 47.79962061772542,
    "warmth": 62.114995720453564,
    "sharpness": 6.4836613134642676,
    "boominess": 36.838220249666875,
    "reverb": false,
    "name": "AKWF_1713.wav",
    "SpectralCentroid": 0.10409917872227942,
    "SpectralSpread": 0.0069994836538106245,
    "SpectralKurtosis": 0.8819404225418511,
    "ZeroCrossingRate": 0.6763055176555212,
    "SpectralComplexity": 0.2537313432835821,
    "OddToEvenHarmonicEnergyRatio": 0.11896093557021319,
    "Dissonance": 0.9998388104708719,
    "PitchSalience": 0.5007855809380901,
    "HNR": 0.7469517245278154,
    "NormalizeMethod": "ess_yeojohnson",
    "dco_brightness": 0.24599313187124452,
    "dco_richness": 0.3058932785723307,
    "dco_flatness": 0.3058932785723307,
    "dco_oddenergy": 0.7777082411535714,
    "dco_zcr": 0.24477676146998018
}