{
    "duration": 0.08163265138864517,
    "lossless": 1.0,
    "codec": "pcm_f32le",
    "bitrate": 1411200.0,
    "samplerate": 44100.0,
    "channels": 1.0,
    "audio_md5": "2d0acc2439166c1fcdbe7365c8722df3",
    "loudness": -17.0638370513916,
    "dynamic_range": 0.0,
    "temporal_centroid": 0.5972535014152527,
    "log_attack_time": -1.2430380582809448,
    "filesize": 14458,
    "single_event": false,
    "tonality": "D major",
    "tonality_confidence": 0.8092279434204102,
    "loop": false,
    "tempo": 0,
    "tempo_confidence": 0.0,
    "note_midi": 38,
    "note_name": "D2",
    "note_frequency": 73.42845153808594,
    "note_confidence": 0.9978510737419128,
    "hardness": 60.65961903371084,
    "depth": 58.09507151455004,
    "brightness": 55.58871110503757,
    "roughness": 64.12496039281139,
    "warmth": 54.56978800860192,
    "sharpness": 46.94362003481767,
    "boominess": 34.994777912668425,
    "reverb": false,
    "name": "AKWF_saw_0010.wav",
    "SpectralCentroid": 0.5730977273068539,
    "SpectralSpread": 0.48062148690376505,
    "SpectralKurtosis": 0.5206130160994599,
    "ZeroCrossingRate": 0.251274150799389,
    "SpectralComplexity": 1.0,
    "OddToEvenHarmonicEnergyRatio": 0.4869369461640933,
    "Dissonance": 0.9729696829482192,
    "PitchSalience": 0.5322778833859462,
    "HNR": 0.9256988340829759,
    "NormalizeMethod": "ess_yeojohnson",
    "dco_brightness": 0.2288331613444303,
    "dco_richness": 0.5089632716027903,
    "dco_flatness": 0.5089632716027903,
    "dco_oddenergy": 0.2922513978072373,
    "dco_zcr": 0.10810914741925219
}