{
    "duration": 0.08163265138864517,
    "lossless": 1.0,
    "codec": "pcm_f32le",
    "bitrate": 1411200.0,
    "samplerate": 44100.0,
    "channels": 1.0,
    "audio_md5": "67ab92d679a54d9deee1c93aab2fd3ff",
    "loudness": -12.306818008422852,
    "dynamic_range": 0.0,
    "temporal_centroid": 0.5804195404052734,
    "log_attack_time": -1.384605884552002,
    "filesize": 14458,
    "single_event": false,
    "tonality": "D major",
    "tonality_confidence": 0.7848600745201111,
    "loop": false,
    "tempo": 0,
    "tempo_confidence": 0.0,
    "note_midi": 38,
    "note_name": "D2",
    "note_frequency": 73.4416275024414,
    "note_confidence": 0.9637385606765747,
    "hardness": 36.977589216192996,
    "depth": 60.39321950242062,
    "brightness": 36.340699610831464,
    "roughness": 50.40224480965268,
    "warmth": 68.0885207086896,
    "sharpness": 15.90918281403259,
    "boominess": 47.5854970673727,
    "reverb": false,
    "name": "AKWF_linear_0053.wav",
    "SpectralCentroid": 0.15020799629223672,
    "SpectralSpread": 0.09499081000525685,
    "SpectralKurtosis": 0.7180580351880248,
    "ZeroCrossingRate": 0.4252420127794052,
    "SpectralComplexity": 0.8507462686567164,
    "OddToEvenHarmonicEnergyRatio": 0.08506364922563744,
    "Dissonance": 0.9036681047787372,
    "PitchSalience": 0.2740690184429091,
    "HNR": 0.6075715614728633,
    "NormalizeMethod": "ess_yeojohnson",
    "dco_brightness": 0.1780549620661567,
    "dco_richness": 0.2637263081028213,
    "dco_flatness": 0.2637263081028213,
    "dco_oddenergy": 0.8301860097160627,
    "dco_zcr": 0.14487511069267625
}