{
    "duration": 0.08163265138864517,
    "lossless": 1.0,
    "codec": "pcm_f32le",
    "bitrate": 1411200.0,
    "samplerate": 44100.0,
    "channels": 1.0,
    "audio_md5": "080e5788da2a92a41e322aea9a774e97",
    "loudness": -14.170494079589844,
    "dynamic_range": 0.0,
    "temporal_centroid": 0.5811458826065063,
    "log_attack_time": -1.3559658527374268,
    "filesize": 14458,
    "single_event": false,
    "tonality": "D major",
    "tonality_confidence": 0.6807229518890381,
    "loop": false,
    "tempo": 0,
    "tempo_confidence": 0.0,
    "note_midi": 38,
    "note_name": "D2",
    "note_frequency": 73.42986297607422,
    "note_confidence": 0.9642220139503479,
    "hardness": 68.10337569686305,
    "depth": 61.19647204742961,
    "brightness": 53.58222323563918,
    "roughness": 60.353855119982725,
    "warmth": 55.6473479838175,
    "sharpness": 47.47021315647584,
    "boominess": 37.61354680602953,
    "reverb": false,
    "name": "AKWF_oscchip_0002.wav",
    "SpectralCentroid": 0.6152136973722493,
    "SpectralSpread": 0.6188232183264702,
    "SpectralKurtosis": 0.49814892840890734,
    "ZeroCrossingRate": 0.23302718649526455,
    "SpectralComplexity": 1.0,
    "OddToEvenHarmonicEnergyRatio": 0.6769245139770167,
    "Dissonance": 0.9877218070031818,
    "PitchSalience": 0.5012106754264566,
    "HNR": 0.0,
    "NormalizeMethod": "ess_yeojohnson",
    "dco_brightness": 0.18890222848406998,
    "dco_richness": 0.4944622377175433,
    "dco_flatness": 0.4944622377175433,
    "dco_oddenergy": 0.11429575812053683,
    "dco_zcr": 0.06197413883311543
}