{
    "duration": 0.08163265138864517,
    "lossless": 1.0,
    "codec": "pcm_f32le",
    "bitrate": 1411200.0,
    "samplerate": 44100.0,
    "channels": 1.0,
    "audio_md5": "98ac36e0cdfb0fc7c5d8a616bb62244b",
    "loudness": -15.479694366455078,
    "dynamic_range": 0.0,
    "temporal_centroid": 0.5928046107292175,
    "log_attack_time": -1.263504147529602,
    "filesize": 14458,
    "single_event": false,
    "tonality": "D minor",
    "tonality_confidence": 0.82110995054245,
    "loop": false,
    "tempo": 0,
    "tempo_confidence": 0.0,
    "note_midi": 38,
    "note_name": "D2",
    "note_frequency": 73.43409729003906,
    "note_confidence": 0.9503452181816101,
    "hardness": 47.891288382287854,
    "depth": 56.24800806688408,
    "brightness": 43.8458813668347,
    "roughness": 55.4333012090965,
    "warmth": 65.0017405238093,
    "sharpness": 27.813339913666184,
    "boominess": 38.0503839106209,
    "reverb": false,
    "name": "AKWF_0296.wav",
    "SpectralCentroid": 0.2807851370702418,
    "SpectralSpread": 0.21169884575564782,
    "SpectralKurtosis": 0.6542019016211184,
    "ZeroCrossingRate": 0.568873868296057,
    "SpectralComplexity": 0.9701492537313433,
    "OddToEvenHarmonicEnergyRatio": 0.41455209906161455,
    "Dissonance": 0.8879669317857583,
    "PitchSalience": 0.5309837655774547,
    "HNR": 0.3409005788390711,
    "NormalizeMethod": "ess_yeojohnson",
    "dco_brightness": 0.24784376339306935,
    "dco_richness": 0.3542634327461394,
    "dco_flatness": 0.3542634327461394,
    "dco_oddenergy": 0.37393957462377625,
    "dco_zcr": 0.2016028048315253
}