{
    "duration": 0.08163265138864517,
    "lossless": 1.0,
    "codec": "pcm_f32le",
    "bitrate": 1411200.0,
    "samplerate": 44100.0,
    "channels": 1.0,
    "audio_md5": "ef1a0b5b537dfe675465cab46cc4ba96",
    "loudness": -27.359947204589844,
    "dynamic_range": 0.0,
    "temporal_centroid": 0.6452289819717407,
    "log_attack_time": -1.2640464305877686,
    "filesize": 14458,
    "single_event": false,
    "tonality": "D major",
    "tonality_confidence": 0.36832112073898315,
    "loop": false,
    "tempo": 0,
    "tempo_confidence": 0.0,
    "note_midi": 38,
    "note_name": "D2",
    "note_frequency": 73.42838287353516,
    "note_confidence": 0.8271793127059937,
    "hardness": 83.17852708557243,
    "depth": 8.186856212429518,
    "brightness": 81.2820466308743,
    "roughness": 78.00606991376957,
    "warmth": 21.68548385789324,
    "sharpness": 73.09917071169039,
    "boominess": 5.6922988050228085,
    "reverb": false,
    "name": "AKWF_0386.wav",
    "SpectralCentroid": 0.9174116722716709,
    "SpectralSpread": 0.5425418836611807,
    "SpectralKurtosis": 0.3954233307118946,
    "ZeroCrossingRate": 0.568873868296057,
    "SpectralComplexity": 0.9552238805970149,
    "OddToEvenHarmonicEnergyRatio": 0.2738655141716471,
    "Dissonance": 0.9999765144667967,
    "PitchSalience": 0.9995404803688659,
    "HNR": 0.0,
    "NormalizeMethod": "ess_yeojohnson",
    "dco_brightness": 0.7325110075686477,
    "dco_richness": 0.6887928270741609,
    "dco_flatness": 0.6887928270741609,
    "dco_oddenergy": 0.9964981700985007,
    "dco_zcr": 0.22446827716383663
}