{
    "duration": 0.08163265138864517,
    "lossless": 1.0,
    "codec": "pcm_f32le",
    "bitrate": 1411200.0,
    "samplerate": 44100.0,
    "channels": 1.0,
    "audio_md5": "2ab85bd60cb177a5ed932d3aec22d0a2",
    "loudness": -18.2016658782959,
    "dynamic_range": 0.0,
    "temporal_centroid": 0.6072826981544495,
    "log_attack_time": -1.2776422500610352,
    "filesize": 14458,
    "single_event": false,
    "tonality": "D major",
    "tonality_confidence": 0.8711631298065186,
    "loop": false,
    "tempo": 0,
    "tempo_confidence": 0.0,
    "note_midi": 38,
    "note_name": "D2",
    "note_frequency": 73.45178985595703,
    "note_confidence": 0.865226686000824,
    "hardness": 46.823000874669106,
    "depth": 57.259645952903114,
    "brightness": 39.0154929785529,
    "roughness": 52.57862225511887,
    "warmth": 67.22324206494557,
    "sharpness": 20.85331310756888,
    "boominess": 40.947766780362045,
    "reverb": false,
    "name": "AKWF_epiano_0006.wav",
    "SpectralCentroid": 0.16108971464284463,
    "SpectralSpread": 0.06956213048826074,
    "SpectralKurtosis": 0.7169559657970799,
    "ZeroCrossingRate": 0.23302718649526455,
    "SpectralComplexity": 0.9850746268656716,
    "OddToEvenHarmonicEnergyRatio": 0.35999562364351645,
    "Dissonance": 0.8903619456174244,
    "PitchSalience": 0.7761719575452266,
    "HNR": 0.0,
    "NormalizeMethod": "ess_yeojohnson",
    "dco_brightness": 0.21975646297976367,
    "dco_richness": 0.34957150069952714,
    "dco_flatness": 0.34957150069952714,
    "dco_oddenergy": 0.42622413826704775,
    "dco_zcr": 0.06197413883311543
}