{
    "duration": 0.08163265138864517,
    "lossless": 1.0,
    "codec": "pcm_f32le",
    "bitrate": 1411200.0,
    "samplerate": 44100.0,
    "channels": 1.0,
    "audio_md5": "4169299c0d0ce0beef3b1e07ebd283c2",
    "loudness": -16.14849281311035,
    "dynamic_range": 0.0,
    "temporal_centroid": 0.6011736392974854,
    "log_attack_time": -1.2664042711257935,
    "filesize": 14458,
    "single_event": false,
    "tonality": "D major",
    "tonality_confidence": 0.744172990322113,
    "loop": false,
    "tempo": 0,
    "tempo_confidence": 0.0,
    "note_midi": 38,
    "note_name": "D2",
    "note_frequency": 73.42913818359375,
    "note_confidence": 0.99903804063797,
    "hardness": 26.391628361660608,
    "depth": 62.955222428584406,
    "brightness": 22.288353699974472,
    "roughness": 45.098051617636884,
    "warmth": 63.87034249055287,
    "sharpness": 0.0,
    "boominess": 51.702309249333354,
    "reverb": false,
    "name": "AKWF_1961.wav",
    "SpectralCentroid": 0.052295328541051476,
    "SpectralSpread": 0.005268214015297319,
    "SpectralKurtosis": 0.8978253403512712,
    "ZeroCrossingRate": 0.23302718649526455,
    "SpectralComplexity": 0.1791044776119403,
    "OddToEvenHarmonicEnergyRatio": 1.0,
    "Dissonance": 0.5591510140207174,
    "PitchSalience": 0.4349016087837347,
    "HNR": 0.6731937376487839,
    "NormalizeMethod": "ess_yeojohnson",
    "dco_brightness": 0.13092827312480068,
    "dco_richness": 0.24448440433850974,
    "dco_flatness": 0.24448440433850974,
    "dco_oddenergy": 0.005437701416836305,
    "dco_zcr": 0.06197413883311543
}