{
    "duration": 0.08163265138864517,
    "lossless": 1.0,
    "codec": "pcm_f32le",
    "bitrate": 1411200.0,
    "samplerate": 44100.0,
    "channels": 1.0,
    "audio_md5": "eba829ff44479af885b431baa92c8c71",
    "loudness": -15.847912788391113,
    "dynamic_range": 0.0,
    "temporal_centroid": 0.5817775130271912,
    "log_attack_time": -1.3255409002304077,
    "filesize": 14458,
    "single_event": false,
    "tonality": "D major",
    "tonality_confidence": 0.6884293556213379,
    "loop": false,
    "tempo": 0,
    "tempo_confidence": 0.0,
    "note_midi": 38,
    "note_name": "D2",
    "note_frequency": 73.43030548095703,
    "note_confidence": 0.9808018207550049,
    "hardness": 53.56691241955227,
    "depth": 59.00236799069916,
    "brightness": 49.92067570206697,
    "roughness": 56.62042966884919,
    "warmth": 55.047905125359264,
    "sharpness": 38.86233914758541,
    "boominess": 37.78773396873344,
    "reverb": false,
    "name": "AKWF_1403.wav",
    "SpectralCentroid": 0.4866272465525356,
    "SpectralSpread": 0.5661061290899694,
    "SpectralKurtosis": 0.5637214353108393,
    "ZeroCrossingRate": 0.4252420127794052,
    "SpectralComplexity": 1.0,
    "OddToEvenHarmonicEnergyRatio": 0.6847629108947815,
    "Dissonance": 0.9732157704917841,
    "PitchSalience": 0.382779622712625,
    "HNR": 0.0,
    "NormalizeMethod": "ess_yeojohnson",
    "dco_brightness": 0.16932600293273634,
    "dco_richness": 0.42631599920423435,
    "dco_flatness": 0.42631599920423435,
    "dco_oddenergy": 0.1250282163500942,
    "dco_zcr": 0.14487511069267625
}