{
    "duration": 0.08163265138864517,
    "lossless": 1.0,
    "codec": "pcm_f32le",
    "bitrate": 1411200.0,
    "samplerate": 44100.0,
    "channels": 1.0,
    "audio_md5": "a325853ee696f0d08a77f611b5454ff8",
    "loudness": -16.844846725463867,
    "dynamic_range": 0.0,
    "temporal_centroid": 0.5964807271957397,
    "log_attack_time": -1.2674968242645264,
    "filesize": 14458,
    "single_event": false,
    "tonality": "D major",
    "tonality_confidence": 0.6215370893478394,
    "loop": false,
    "tempo": 0,
    "tempo_confidence": 0.0,
    "note_midi": 38,
    "note_name": "D2",
    "note_frequency": 73.46393585205078,
    "note_confidence": 0.8905513882637024,
    "hardness": 35.230459287912296,
    "depth": 59.650251140107,
    "brightness": 27.83390829276253,
    "roughness": 48.93730350724598,
    "warmth": 70.73965551496431,
    "sharpness": 1.7788655534662894,
    "boominess": 47.93287129689147,
    "reverb": false,
    "name": "AKWF_aguitar_0010.wav",
    "SpectralCentroid": 0.0789418354198004,
    "SpectralSpread": 0.022572950454873036,
    "SpectralKurtosis": 0.8224142609761598,
    "ZeroCrossingRate": 0.568873868296057,
    "SpectralComplexity": 0.19402985074626866,
    "OddToEvenHarmonicEnergyRatio": 0.5762491665204212,
    "Dissonance": 0.7381748881592651,
    "PitchSalience": 0.609236825476225,
    "HNR": 0.809010601469391,
    "NormalizeMethod": "ess_yeojohnson",
    "dco_brightness": 0.1854525336936055,
    "dco_richness": 0.27353910646581786,
    "dco_flatness": 0.27353910646581786,
    "dco_oddenergy": 0.1731587783995503,
    "dco_zcr": 0.2016028048315253
}