{
    "duration": 0.08163265138864517,
    "lossless": 1.0,
    "codec": "pcm_f32le",
    "bitrate": 1411200.0,
    "samplerate": 44100.0,
    "channels": 1.0,
    "audio_md5": "97228c70a2ff8487739a944bb057ddd3",
    "loudness": -15.388143539428711,
    "dynamic_range": 0.0,
    "temporal_centroid": 0.5894545912742615,
    "log_attack_time": -1.284413456916809,
    "filesize": 14458,
    "single_event": false,
    "tonality": "D major",
    "tonality_confidence": 0.882905900478363,
    "loop": false,
    "tempo": 0,
    "tempo_confidence": 0.0,
    "note_midi": 38,
    "note_name": "D2",
    "note_frequency": 73.42839813232422,
    "note_confidence": 0.9297789931297302,
    "hardness": 72.87675163470888,
    "depth": 58.96778750380389,
    "brightness": 56.3119480882891,
    "roughness": 65.19769950592497,
    "warmth": 52.74874653213176,
    "sharpness": 48.55631311294951,
    "boominess": 34.842116715799335,
    "reverb": false,
    "name": "AKWF_oscchip_0028.wav",
    "SpectralCentroid": 0.6545135315939901,
    "SpectralSpread": 0.6284968653202981,
    "SpectralKurtosis": 0.4863580696747308,
    "ZeroCrossingRate": 0.23302718649526455,
    "SpectralComplexity": 1.0,
    "OddToEvenHarmonicEnergyRatio": 0.44602266546949293,
    "Dissonance": 0.9833241773790845,
    "PitchSalience": 0.5773904276395213,
    "HNR": 0.0,
    "NormalizeMethod": "ess_yeojohnson",
    "dco_brightness": 0.24530223949212918,
    "dco_richness": 0.5386802169697122,
    "dco_flatness": 0.5386802169697122,
    "dco_oddenergy": 0.33492205256002217,
    "dco_zcr": 0.06197413883311543
}