{
    "duration": 0.08163265138864517,
    "lossless": 1.0,
    "codec": "pcm_f32le",
    "bitrate": 1411200.0,
    "samplerate": 44100.0,
    "channels": 1.0,
    "audio_md5": "26fa5a5238dd0fd6540f8bcf7c03361c",
    "loudness": -16.817110061645508,
    "dynamic_range": 0.0,
    "temporal_centroid": 0.592299222946167,
    "log_attack_time": -1.20891273021698,
    "filesize": 14458,
    "single_event": false,
    "tonality": "D major",
    "tonality_confidence": 0.7430337071418762,
    "loop": false,
    "tempo": 0,
    "tempo_confidence": 0.0,
    "note_midi": 38,
    "note_name": "D2",
    "note_frequency": 73.42855072021484,
    "note_confidence": 0.9856816530227661,
    "hardness": 66.54012693866414,
    "depth": 53.4632675179263,
    "brightness": 61.93228564782927,
    "roughness": 62.776803520112374,
    "warmth": 46.74953794975332,
    "sharpness": 55.82269658879636,
    "boominess": 37.13414517767636,
    "reverb": false,
    "name": "AKWF_1564.wav",
    "SpectralCentroid": 0.8011667126012902,
    "SpectralSpread": 0.8028539162072159,
    "SpectralKurtosis": 0.38182090498242377,
    "ZeroCrossingRate": 0.568873868296057,
    "SpectralComplexity": 1.0,
    "OddToEvenHarmonicEnergyRatio": 0.6604579240882021,
    "Dissonance": 0.9865589084274262,
    "PitchSalience": 0.29344045648991757,
    "HNR": 0.6598776482892361,
    "NormalizeMethod": "ess_yeojohnson",
    "dco_brightness": 0.21880702360540447,
    "dco_richness": 0.5787215257410993,
    "dco_flatness": 0.5787215257410993,
    "dco_oddenergy": 0.12815835928956376,
    "dco_zcr": 0.2016028048315253
}