{
    "duration": 0.08163265138864517,
    "lossless": 1.0,
    "codec": "pcm_f32le",
    "bitrate": 1411200.0,
    "samplerate": 44100.0,
    "channels": 1.0,
    "audio_md5": "7621655a519e9503b0cb23bb14b9cd1b",
    "loudness": -18.118648529052734,
    "dynamic_range": 0.0,
    "temporal_centroid": 0.6077697277069092,
    "log_attack_time": -1.262782096862793,
    "filesize": 14458,
    "single_event": false,
    "tonality": "D major",
    "tonality_confidence": 0.7217258810997009,
    "loop": false,
    "tempo": 0,
    "tempo_confidence": 0.0,
    "note_midi": 38,
    "note_name": "D2",
    "note_frequency": 73.43145751953125,
    "note_confidence": 0.9220214486122131,
    "hardness": 51.608963607994326,
    "depth": 34.46053398452252,
    "brightness": 44.60456732458978,
    "roughness": 56.54080418893588,
    "warmth": 53.08555031528072,
    "sharpness": 26.675031355261844,
    "boominess": 22.362210281297106,
    "reverb": false,
    "name": "AKWF_granular_0043.wav",
    "SpectralCentroid": 0.24358005425103788,
    "SpectralSpread": 0.06335951161643445,
    "SpectralKurtosis": 0.7556867043556046,
    "ZeroCrossingRate": 0.568873868296057,
    "SpectralComplexity": 0.746268656716418,
    "OddToEvenHarmonicEnergyRatio": 0.2780787224010914,
    "Dissonance": 0.9484098689419723,
    "PitchSalience": 0.663162327661325,
    "HNR": 0.4612363169133492,
    "NormalizeMethod": "ess_yeojohnson",
    "dco_brightness": 0.3441697298103051,
    "dco_richness": 0.386446119365594,
    "dco_flatness": 0.386446119365594,
    "dco_oddenergy": 0.7013516436933798,
    "dco_zcr": 0.2796406039636913
}