{
    "duration": 0.08163265138864517,
    "lossless": 1.0,
    "codec": "pcm_f32le",
    "bitrate": 1411200.0,
    "samplerate": 44100.0,
    "channels": 1.0,
    "audio_md5": "8039714c0cd2766fe74a4a347facee05",
    "loudness": -15.583234786987305,
    "dynamic_range": 0.0,
    "temporal_centroid": 0.5689734220504761,
    "log_attack_time": -1.460315227508545,
    "filesize": 14458,
    "single_event": false,
    "tonality": "D minor",
    "tonality_confidence": 0.594351589679718,
    "loop": false,
    "tempo": 0,
    "tempo_confidence": 0.0,
    "note_midi": 38,
    "note_name": "D2",
    "note_frequency": 73.46953582763672,
    "note_confidence": 0.9640673995018005,
    "hardness": 29.2569741831297,
    "depth": 63.34442704473563,
    "brightness": 31.762831309388385,
    "roughness": 47.895927832441814,
    "warmth": 66.51521476704715,
    "sharpness": 3.541154796188053,
    "boominess": 51.72282397263821,
    "reverb": false,
    "name": "AKWF_0015.wav",
    "SpectralCentroid": 0.060626799618881275,
    "SpectralSpread": 0.012038745351975268,
    "SpectralKurtosis": 0.8029231904417206,
    "ZeroCrossingRate": 0.23302718649526455,
    "SpectralComplexity": 0.5970149253731343,
    "OddToEvenHarmonicEnergyRatio": 0.8655150991711951,
    "Dissonance": 0.8391073951130252,
    "PitchSalience": 0.2081690707077867,
    "HNR": 0.8023540094025332,
    "NormalizeMethod": "ess_yeojohnson",
    "dco_brightness": 0.11726810039067774,
    "dco_richness": 0.20568113557244763,
    "dco_flatness": 0.20568113557244763,
    "dco_oddenergy": 0.019963376420863987,
    "dco_zcr": 0.06197413883311543
}