{
    "duration": 0.08163265138864517,
    "lossless": 1.0,
    "codec": "pcm_f32le",
    "bitrate": 1411200.0,
    "samplerate": 44100.0,
    "channels": 1.0,
    "audio_md5": "70db21bbd476638c8a82dcd704998d45",
    "loudness": -14.871668815612793,
    "dynamic_range": 0.0,
    "temporal_centroid": 0.591314971446991,
    "log_attack_time": -1.280450701713562,
    "filesize": 14458,
    "single_event": false,
    "tonality": "D major",
    "tonality_confidence": 0.8056613802909851,
    "loop": false,
    "tempo": 0,
    "tempo_confidence": 0.0,
    "note_midi": 38,
    "note_name": "D2",
    "note_frequency": 73.42952728271484,
    "note_confidence": 0.9848703742027283,
    "hardness": 48.43023701591309,
    "depth": 49.621522256451144,
    "brightness": 48.30348900270515,
    "roughness": 60.71567504003699,
    "warmth": 63.80056983278134,
    "sharpness": 28.363003022340987,
    "boominess": 35.6616112768089,
    "reverb": false,
    "name": "AKWF_0804.wav",
    "SpectralCentroid": 0.2570081979533743,
    "SpectralSpread": 0.07626620226503464,
    "SpectralKurtosis": 0.6949494460134791,
    "ZeroCrossingRate": 0.6763055176555212,
    "SpectralComplexity": 1.0,
    "OddToEvenHarmonicEnergyRatio": 0.3573108425912575,
    "Dissonance": 0.9135559518759544,
    "PitchSalience": 0.7027574561343038,
    "HNR": 0.0,
    "NormalizeMethod": "ess_yeojohnson",
    "dco_brightness": 0.26143591814558415,
    "dco_richness": 0.3909595334665319,
    "dco_flatness": 0.3909595334665319,
    "dco_oddenergy": 0.4659739599295306,
    "dco_zcr": 0.24477676146998018
}