{
    "duration": 0.08163265138864517,
    "lossless": 1.0,
    "codec": "pcm_f32le",
    "bitrate": 1411200.0,
    "samplerate": 44100.0,
    "channels": 1.0,
    "audio_md5": "9e9f088c0364741a43822c7e9d561166",
    "loudness": -16.117830276489258,
    "dynamic_range": 0.0,
    "temporal_centroid": 0.5963600873947144,
    "log_attack_time": -1.298477053642273,
    "filesize": 14458,
    "single_event": false,
    "tonality": "D minor",
    "tonality_confidence": 0.8528733253479004,
    "loop": false,
    "tempo": 0,
    "tempo_confidence": 0.0,
    "note_midi": 38,
    "note_name": "D2",
    "note_frequency": 73.43283081054688,
    "note_confidence": 0.9106744527816772,
    "hardness": 56.10314491425723,
    "depth": 48.78637764215643,
    "brightness": 50.11667937083083,
    "roughness": 61.52402331150428,
    "warmth": 60.4268181124553,
    "sharpness": 28.52068304271421,
    "boominess": 34.61591808416648,
    "reverb": false,
    "name": "AKWF_piano_0009.wav",
    "SpectralCentroid": 0.29136006129015524,
    "SpectralSpread": 0.11532150405455519,
    "SpectralKurtosis": 0.6845743784826802,
    "ZeroCrossingRate": 0.8170126148854899,
    "SpectralComplexity": 1.0,
    "OddToEvenHarmonicEnergyRatio": 0.10379886705889639,
    "Dissonance": 0.9325885696347518,
    "PitchSalience": 0.6409491349902002,
    "HNR": 0.4898773206967171,
    "NormalizeMethod": "ess_yeojohnson",
    "dco_brightness": 0.28417107786268825,
    "dco_richness": 0.44278334589957086,
    "dco_flatness": 0.44278334589957086,
    "dco_oddenergy": 0.9248347538301305,
    "dco_zcr": 0.30888279763685245
}