{
    "duration": 0.08163265138864517,
    "lossless": 1.0,
    "codec": "pcm_f32le",
    "bitrate": 1411200.0,
    "samplerate": 44100.0,
    "channels": 1.0,
    "audio_md5": "9f6d3ccef3c0792b02cd3c1fdf57f764",
    "loudness": -12.6668119430542,
    "dynamic_range": 0.0,
    "temporal_centroid": 0.5837424397468567,
    "log_attack_time": -1.3555189371109009,
    "filesize": 14458,
    "single_event": false,
    "tonality": "A major",
    "tonality_confidence": 0.7286959886550903,
    "loop": false,
    "tempo": 0,
    "tempo_confidence": 0.0,
    "note_midi": 38,
    "note_name": "D2",
    "note_frequency": 73.4461898803711,
    "note_confidence": 0.9514163136482239,
    "hardness": 27.50768019166999,
    "depth": 61.774154059376436,
    "brightness": 26.270695094018873,
    "roughness": 0,
    "warmth": 69.52586686867966,
    "sharpness": 1.2837890267518475,
    "boominess": 47.22759099182953,
    "reverb": false,
    "name": "AKWF_eorgan_0071.wav",
    "SpectralCentroid": 0.04912012139480034,
    "SpectralSpread": 0.014310439444041994,
    "SpectralKurtosis": 0.8608132549485347,
    "ZeroCrossingRate": 0.4252420127794052,
    "SpectralComplexity": 0.13432835820895522,
    "OddToEvenHarmonicEnergyRatio": 1.0,
    "Dissonance": 0.19308109627551537,
    "PitchSalience": 0.5833882996897111,
    "HNR": 0.7503205560431727,
    "NormalizeMethod": "ess_yeojohnson",
    "dco_brightness": 0.1763429463755664,
    "dco_richness": 0.26032829022966725,
    "dco_flatness": 0.26032829022966725,
    "dco_oddenergy": 0.00011976549100511935,
    "dco_zcr": 0.2016028048315253
}