{
    "duration": 0.08163265138864517,
    "lossless": 1.0,
    "codec": "pcm_f32le",
    "bitrate": 1411200.0,
    "samplerate": 44100.0,
    "channels": 1.0,
    "audio_md5": "76f3cfef47bba65a82b483e033efa7eb",
    "loudness": -20.638940811157227,
    "dynamic_range": 0.0,
    "temporal_centroid": 0.6403502225875854,
    "log_attack_time": -1.2609822750091553,
    "filesize": 14458,
    "single_event": false,
    "tonality": "D major",
    "tonality_confidence": 0.8471932411193848,
    "loop": false,
    "tempo": 0,
    "tempo_confidence": 0.0,
    "note_midi": 38,
    "note_name": "D2",
    "note_frequency": 73.43067169189453,
    "note_confidence": 0.967851996421814,
    "hardness": 55.93607637844448,
    "depth": 54.01227249287373,
    "brightness": 46.85863446511441,
    "roughness": 57.68763088460907,
    "warmth": 64.83870965823883,
    "sharpness": 28.581672288208445,
    "boominess": 36.199086271931066,
    "reverb": false,
    "name": "AKWF_1857.wav",
    "SpectralCentroid": 0.23063122097932584,
    "SpectralSpread": 0.08110482449425446,
    "SpectralKurtosis": 0.6772629032170596,
    "ZeroCrossingRate": 0.23302718649526455,
    "SpectralComplexity": 1.0,
    "OddToEvenHarmonicEnergyRatio": 0.2623996014058267,
    "Dissonance": 0.9356411054596717,
    "PitchSalience": 0.8795220911294097,
    "HNR": 0.0,
    "NormalizeMethod": "ess_yeojohnson",
    "dco_brightness": 0.24463279368867707,
    "dco_richness": 0.3948679690715719,
    "dco_flatness": 0.3948679690715719,
    "dco_oddenergy": 0.5411920021117302,
    "dco_zcr": 0.10810914741925219
}