{
    "duration": 0.08163265138864517,
    "lossless": 1.0,
    "codec": "pcm_f32le",
    "bitrate": 1411200.0,
    "samplerate": 44100.0,
    "channels": 1.0,
    "audio_md5": "98b317aa605bab92626cf3112ca0b00b",
    "loudness": -11.481124877929688,
    "dynamic_range": 0.0,
    "temporal_centroid": 0.5647425055503845,
    "log_attack_time": -1.4915390014648438,
    "filesize": 14458,
    "single_event": false,
    "tonality": "D major",
    "tonality_confidence": 0.6404988169670105,
    "loop": false,
    "tempo": 0,
    "tempo_confidence": 0.0,
    "note_midi": 38,
    "note_name": "D2",
    "note_frequency": 73.42839813232422,
    "note_confidence": 0.9587001204490662,
    "hardness": 61.63536054000599,
    "depth": 62.77117000601216,
    "brightness": 50.70063740634781,
    "roughness": 52.63164947631694,
    "warmth": 54.32119781696336,
    "sharpness": 46.048185234509674,
    "boominess": 42.142842268682934,
    "reverb": false,
    "name": "AKWF_oscchip_0140.wav",
    "SpectralCentroid": 0.4619746838773454,
    "SpectralSpread": 0.46927387414254385,
    "SpectralKurtosis": 0.5327867728484098,
    "ZeroCrossingRate": 0.23302718649526455,
    "SpectralComplexity": 1.0,
    "OddToEvenHarmonicEnergyRatio": 0.6154545598854136,
    "Dissonance": 0.9494259464669881,
    "PitchSalience": 0.24677830991553482,
    "HNR": 0.0,
    "NormalizeMethod": "ess_yeojohnson",
    "dco_brightness": 0.134931715361219,
    "dco_richness": 0.4261039449348154,
    "dco_flatness": 0.4261039449348154,
    "dco_oddenergy": 0.09655828040955805,
    "dco_zcr": 0.06197413883311543
}