{
    "duration": 0.08163265138864517,
    "lossless": 1.0,
    "codec": "pcm_f32le",
    "bitrate": 1411200.0,
    "samplerate": 44100.0,
    "channels": 1.0,
    "audio_md5": "87d4319b389df41db6517b1a2c038f30",
    "loudness": -12.828404426574707,
    "dynamic_range": 0.0,
    "temporal_centroid": 0.5869436264038086,
    "log_attack_time": -1.322633147239685,
    "filesize": 14458,
    "single_event": false,
    "tonality": "D minor",
    "tonality_confidence": 0.7318613529205322,
    "loop": false,
    "tempo": 0,
    "tempo_confidence": 0.0,
    "note_midi": 38,
    "note_name": "D2",
    "note_frequency": 73.42897033691406,
    "note_confidence": 0.9847577810287476,
    "hardness": 61.1166594878197,
    "depth": 52.183382008249055,
    "brightness": 52.279396160317546,
    "roughness": 64.59533505189425,
    "warmth": 58.690844138748226,
    "sharpness": 46.70327880624312,
    "boominess": 38.120559918831404,
    "reverb": false,
    "name": "AKWF_1275.wav",
    "SpectralCentroid": 0.564555027372634,
    "SpectralSpread": 0.550106938899074,
    "SpectralKurtosis": 0.5080763897851569,
    "ZeroCrossingRate": 0.7567375429308871,
    "SpectralComplexity": 1.0,
    "OddToEvenHarmonicEnergyRatio": 0.3234481321078973,
    "Dissonance": 0.9422443329845999,
    "PitchSalience": 0.6145187700226193,
    "HNR": 0.0,
    "NormalizeMethod": "ess_yeojohnson",
    "dco_brightness": 0.1947258768698509,
    "dco_richness": 0.49647629136852434,
    "dco_flatness": 0.49647629136852434,
    "dco_oddenergy": 0.3531528332876641,
    "dco_zcr": 0.2796406039636913
}