{
    "duration": 0.08163265138864517,
    "lossless": 1.0,
    "codec": "pcm_f32le",
    "bitrate": 1411200.0,
    "samplerate": 44100.0,
    "channels": 1.0,
    "audio_md5": "2363b546042e6dffd14bc169a12cfee4",
    "loudness": -13.874503135681152,
    "dynamic_range": 0.0,
    "temporal_centroid": 0.5654603838920593,
    "log_attack_time": -1.4499242305755615,
    "filesize": 14458,
    "single_event": false,
    "tonality": "D minor",
    "tonality_confidence": 0.5935295224189758,
    "loop": false,
    "tempo": 0,
    "tempo_confidence": 0.0,
    "note_midi": 38,
    "note_name": "D2",
    "note_frequency": 73.42839813232422,
    "note_confidence": 0.9638999104499817,
    "hardness": 66.29301435309179,
    "depth": 61.570746901122995,
    "brightness": 54.874585868551705,
    "roughness": 60.22316144905511,
    "warmth": 53.71415482138204,
    "sharpness": 46.09714519011027,
    "boominess": 37.116955011085864,
    "reverb": false,
    "name": "AKWF_1781.wav",
    "SpectralCentroid": 0.6055521316015454,
    "SpectralSpread": 0.63877068968957,
    "SpectralKurtosis": 0.5196461417470172,
    "ZeroCrossingRate": 0.23302718649526455,
    "SpectralComplexity": 1.0,
    "OddToEvenHarmonicEnergyRatio": 0.7850314538201184,
    "Dissonance": 0.972300855806995,
    "PitchSalience": 0.4022082866407816,
    "HNR": 0.8816859470166739,
    "NormalizeMethod": "ess_yeojohnson",
    "dco_brightness": 0.17684100069074574,
    "dco_richness": 0.4814227359147074,
    "dco_flatness": 0.4814227359147074,
    "dco_oddenergy": 0.07392050237193226,
    "dco_zcr": 0.06197413883311543
}