{
    "duration": 0.08163265138864517,
    "lossless": 1.0,
    "codec": "pcm_f32le",
    "bitrate": 1411200.0,
    "samplerate": 44100.0,
    "channels": 1.0,
    "audio_md5": "f31c2f20c296ec40b705b2d138552a3f",
    "loudness": -15.084185600280762,
    "dynamic_range": 0.0,
    "temporal_centroid": 0.5894718766212463,
    "log_attack_time": -1.3460222482681274,
    "filesize": 14458,
    "single_event": false,
    "tonality": "D major",
    "tonality_confidence": 0.8835976123809814,
    "loop": false,
    "tempo": 0,
    "tempo_confidence": 0.0,
    "note_midi": 38,
    "note_name": "D2",
    "note_frequency": 73.42841339111328,
    "note_confidence": 0.9985785484313965,
    "hardness": 72.1172326291204,
    "depth": 58.092513242489396,
    "brightness": 59.73445523849344,
    "roughness": 66.21224258954074,
    "warmth": 46.476397541763696,
    "sharpness": 49.79774332450771,
    "boominess": 34.40154133456875,
    "reverb": false,
    "name": "AKWF_1135.wav",
    "SpectralCentroid": 0.8307580972080583,
    "SpectralSpread": 0.9168908359745254,
    "SpectralKurtosis": 0.40181677232686003,
    "ZeroCrossingRate": 0.4252420127794052,
    "SpectralComplexity": 1.0,
    "OddToEvenHarmonicEnergyRatio": 0.49886904590821574,
    "Dissonance": 0.9931350035972252,
    "PitchSalience": 0.5190090029419827,
    "HNR": 0.5904785025942662,
    "NormalizeMethod": "ess_yeojohnson",
    "dco_brightness": 0.28108837310303925,
    "dco_richness": 0.6247518180709787,
    "dco_flatness": 0.6247518180709787,
    "dco_oddenergy": 0.3077047982175345,
    "dco_zcr": 0.14487511069267625
}