{
    "duration": 0.08163265138864517,
    "lossless": 1.0,
    "codec": "pcm_f32le",
    "bitrate": 1411200.0,
    "samplerate": 44100.0,
    "channels": 1.0,
    "audio_md5": "f63b10f0d1f639848c1b57ae37a713ba",
    "loudness": -15.565567970275879,
    "dynamic_range": 0.0,
    "temporal_centroid": 0.5863122344017029,
    "log_attack_time": -1.3659136295318604,
    "filesize": 14458,
    "single_event": false,
    "tonality": "D major",
    "tonality_confidence": 0.8802250623703003,
    "loop": false,
    "tempo": 0,
    "tempo_confidence": 0.0,
    "note_midi": 38,
    "note_name": "D2",
    "note_frequency": 73.42842864990234,
    "note_confidence": 0.9981486201286316,
    "hardness": 62.55744731692249,
    "depth": 58.399907633560304,
    "brightness": 57.10255617881147,
    "roughness": 65.65668924100774,
    "warmth": 49.474391619034826,
    "sharpness": 47.35511478918187,
    "boominess": 34.29167951729903,
    "reverb": false,
    "name": "AKWF_saw_0005.wav",
    "SpectralCentroid": 0.6571801455288899,
    "SpectralSpread": 0.7064444069282999,
    "SpectralKurtosis": 0.5279325992963918,
    "ZeroCrossingRate": 0.23302718649526455,
    "SpectralComplexity": 1.0,
    "OddToEvenHarmonicEnergyRatio": 0.4761577686985002,
    "Dissonance": 0.992802267564699,
    "PitchSalience": 0.5429314145825496,
    "HNR": 0.0,
    "NormalizeMethod": "ess_yeojohnson",
    "dco_brightness": 0.24815208350966092,
    "dco_richness": 0.5414065935770925,
    "dco_flatness": 0.5414065935770925,
    "dco_oddenergy": 0.31287849837335957,
    "dco_zcr": 0.06197413883311543
}