{
    "duration": 0.08163265138864517,
    "lossless": 1.0,
    "codec": "pcm_f32le",
    "bitrate": 1411200.0,
    "samplerate": 44100.0,
    "channels": 1.0,
    "audio_md5": "776544032fe61bc5c9a091ca021b5e8d",
    "loudness": -13.407590866088867,
    "dynamic_range": 0.0,
    "temporal_centroid": 0.5750265717506409,
    "log_attack_time": -1.3877208232879639,
    "filesize": 14458,
    "single_event": false,
    "tonality": "D major",
    "tonality_confidence": 0.46676942706108093,
    "loop": false,
    "tempo": 0,
    "tempo_confidence": 0.0,
    "note_midi": 38,
    "note_name": "D2",
    "note_frequency": 73.45619201660156,
    "note_confidence": 0.9780457019805908,
    "hardness": 30.589787431193074,
    "depth": 63.53014026053321,
    "brightness": 29.719136043138512,
    "roughness": 47.94672075140607,
    "warmth": 62.585608416235026,
    "sharpness": 6.967746778621368,
    "boominess": 52.1915906717908,
    "reverb": false,
    "name": "AKWF_0163.wav",
    "SpectralCentroid": 0.053044682368645735,
    "SpectralSpread": 0.022225161809159392,
    "SpectralKurtosis": 0.8085526724808336,
    "ZeroCrossingRate": 0.23302718649526455,
    "SpectralComplexity": 0.4626865671641791,
    "OddToEvenHarmonicEnergyRatio": 0.6512007945231937,
    "Dissonance": 0.8583049221593153,
    "PitchSalience": 0.13075766167212163,
    "HNR": 0.6711730787597608,
    "NormalizeMethod": "ess_yeojohnson",
    "dco_brightness": 0.10712446534656306,
    "dco_richness": 0.19702982410076156,
    "dco_flatness": 0.19702982410076156,
    "dco_oddenergy": 0.0376700763903105,
    "dco_zcr": 0.06197413883311543
}