{
    "duration": 0.08163265138864517,
    "lossless": 1.0,
    "codec": "pcm_f32le",
    "bitrate": 1411200.0,
    "samplerate": 44100.0,
    "channels": 1.0,
    "audio_md5": "15648c0d4f73b4fc222e5b843243d35b",
    "loudness": -12.04714298248291,
    "dynamic_range": 0.0,
    "temporal_centroid": 0.5831683278083801,
    "log_attack_time": -1.3584314584732056,
    "filesize": 14458,
    "single_event": false,
    "tonality": "D major",
    "tonality_confidence": 0.8868354558944702,
    "loop": false,
    "tempo": 0,
    "tempo_confidence": 0.0,
    "note_midi": 38,
    "note_name": "D2",
    "note_frequency": 73.4320068359375,
    "note_confidence": 0.9498744606971741,
    "hardness": 38.29395469819541,
    "depth": 50.20648857892512,
    "brightness": 37.36772256086272,
    "roughness": 52.55923629032088,
    "warmth": 63.399794483602435,
    "sharpness": 13.358671194898104,
    "boominess": 36.61265040788511,
    "reverb": false,
    "name": "AKWF_fmsynth_0009.wav",
    "SpectralCentroid": 0.1443587970535975,
    "SpectralSpread": 0.021076942764570134,
    "SpectralKurtosis": 0.8133935994824146,
    "ZeroCrossingRate": 0.568873868296057,
    "SpectralComplexity": 0.7313432835820896,
    "OddToEvenHarmonicEnergyRatio": 0.3006171169218729,
    "Dissonance": 0.998286868932053,
    "PitchSalience": 0.7637113605521905,
    "HNR": 0.9193987732742562,
    "NormalizeMethod": "ess_yeojohnson",
    "dco_brightness": 0.2684376791728507,
    "dco_richness": 0.37599583414746285,
    "dco_flatness": 0.37599583414746285,
    "dco_oddenergy": 0.6590514925640154,
    "dco_zcr": 0.2016028048315253
}