{
    "duration": 0.08163265138864517,
    "lossless": 1.0,
    "codec": "pcm_f32le",
    "bitrate": 1411200.0,
    "samplerate": 44100.0,
    "channels": 1.0,
    "audio_md5": "4562ea61c0af49097752ac26dc664011",
    "loudness": -9.942827224731445,
    "dynamic_range": 0.0,
    "temporal_centroid": 0.5540422797203064,
    "log_attack_time": -1.6635266542434692,
    "filesize": 14458,
    "single_event": false,
    "tonality": "A major",
    "tonality_confidence": 0.5877903699874878,
    "loop": false,
    "tempo": 0,
    "tempo_confidence": 0.0,
    "note_midi": 38,
    "note_name": "D2",
    "note_frequency": 73.42951965332031,
    "note_confidence": 0.9663054943084717,
    "hardness": 67.60980467863772,
    "depth": 52.60375477982495,
    "brightness": 55.41140820537589,
    "roughness": 60.243197206471976,
    "warmth": 54.698476713824874,
    "sharpness": 47.429640512762084,
    "boominess": 36.28032319469978,
    "reverb": false,
    "name": "AKWF_vgsqu_0006.wav",
    "SpectralCentroid": 0.6164907714528928,
    "SpectralSpread": 0.6022139814125782,
    "SpectralKurtosis": 0.5115974361857509,
    "ZeroCrossingRate": 0.568873868296057,
    "SpectralComplexity": 1.0,
    "OddToEvenHarmonicEnergyRatio": 0.9120740658191582,
    "Dissonance": 0.9766084818659592,
    "PitchSalience": 0.4720938153236626,
    "HNR": 0.9401376942926969,
    "NormalizeMethod": "ess_yeojohnson",
    "dco_brightness": 0.1875640699101848,
    "dco_richness": 0.49344190441026364,
    "dco_flatness": 0.49344190441026364,
    "dco_oddenergy": 0.05208782873862572,
    "dco_zcr": 0.22446827716383663
}