{
    "duration": 0.08163265138864517,
    "lossless": 1.0,
    "codec": "pcm_f32le",
    "bitrate": 1411200.0,
    "samplerate": 44100.0,
    "channels": 1.0,
    "audio_md5": "be38c342afbe8852cce9a6e08eb4352c",
    "loudness": -14.401662826538086,
    "dynamic_range": 0.0,
    "temporal_centroid": 0.5805173516273499,
    "log_attack_time": -1.374458909034729,
    "filesize": 14458,
    "single_event": false,
    "tonality": "D major",
    "tonality_confidence": 0.8901615142822266,
    "loop": false,
    "tempo": 0,
    "tempo_confidence": 0.0,
    "note_midi": 38,
    "note_name": "D2",
    "note_frequency": 73.4296646118164,
    "note_confidence": 0.9959128499031067,
    "hardness": 42.20861730899631,
    "depth": 62.54067658930892,
    "brightness": 41.53890824416494,
    "roughness": 50.43820733310587,
    "warmth": 58.457920915625664,
    "sharpness": 30.783979652318976,
    "boominess": 45.636399483337286,
    "reverb": false,
    "name": "AKWF_0227.wav",
    "SpectralCentroid": 0.3710031845330417,
    "SpectralSpread": 0.4789403847490037,
    "SpectralKurtosis": 0.5806170686509804,
    "ZeroCrossingRate": 0.23302718649526455,
    "SpectralComplexity": 1.0,
    "OddToEvenHarmonicEnergyRatio": 0.6200323400621276,
    "Dissonance": 0.9177636550141468,
    "PitchSalience": 0.32683944388995634,
    "HNR": 0.0,
    "NormalizeMethod": "ess_yeojohnson",
    "dco_brightness": 0.13619301850538412,
    "dco_richness": 0.3393930991576635,
    "dco_flatness": 0.3393930991576635,
    "dco_oddenergy": 0.13853178272709776,
    "dco_zcr": 0.06197413883311543
}