{
    "duration": 0.08163265138864517,
    "lossless": 1.0,
    "codec": "pcm_f32le",
    "bitrate": 1411200.0,
    "samplerate": 44100.0,
    "channels": 1.0,
    "audio_md5": "5021d53529d8c059a6db01ba99a62a9f",
    "loudness": -25.230850219726562,
    "dynamic_range": 0.0,
    "temporal_centroid": 0.6294913291931152,
    "log_attack_time": -1.2636847496032715,
    "filesize": 14458,
    "single_event": false,
    "tonality": "D major",
    "tonality_confidence": 0.7394029498100281,
    "loop": false,
    "tempo": 0,
    "tempo_confidence": 0.0,
    "note_midi": 38,
    "note_name": "D2",
    "note_frequency": 73.42945098876953,
    "note_confidence": 0.7285659313201904,
    "hardness": 74.67204982553193,
    "depth": 37.402672416490105,
    "brightness": 65.20748946603632,
    "roughness": 73.67657409881686,
    "warmth": 39.100316082628154,
    "sharpness": 50.58922606051522,
    "boominess": 22.42652028167913,
    "reverb": false,
    "name": "AKWF_0362.wav",
    "SpectralCentroid": 0.6448351912991318,
    "SpectralSpread": 0.4398534261424443,
    "SpectralKurtosis": 0.5301439331143006,
    "ZeroCrossingRate": 0.23302718649526455,
    "SpectralComplexity": 1.0,
    "OddToEvenHarmonicEnergyRatio": 0.28594144633943686,
    "Dissonance": 0.9925969514902665,
    "PitchSalience": 0.9658581066597908,
    "HNR": 0.0,
    "NormalizeMethod": "ess_yeojohnson",
    "dco_brightness": 0.4674896725556726,
    "dco_richness": 0.5858300427842342,
    "dco_flatness": 0.5858300427842342,
    "dco_oddenergy": 0.8656494485665417,
    "dco_zcr": 0.06197413883311543
}