{
    "duration": 0.08163265138864517,
    "lossless": 1.0,
    "codec": "pcm_f32le",
    "bitrate": 1411200.0,
    "samplerate": 44100.0,
    "channels": 1.0,
    "audio_md5": "a2034a5712a6a9ea2040d4a12c1c7ca5",
    "loudness": -17.821224212646484,
    "dynamic_range": 0.0,
    "temporal_centroid": 0.60040682554245,
    "log_attack_time": -1.2640464305877686,
    "filesize": 14458,
    "single_event": false,
    "tonality": "D major",
    "tonality_confidence": 0.808116614818573,
    "loop": false,
    "tempo": 0,
    "tempo_confidence": 0.0,
    "note_midi": 38,
    "note_name": "D2",
    "note_frequency": 73.42839813232422,
    "note_confidence": 0.9982720017433167,
    "hardness": 41.488817776725625,
    "depth": 61.447209141386764,
    "brightness": 39.39520533649706,
    "roughness": 50.28939033886419,
    "warmth": 64.2214500110404,
    "sharpness": 24.356938043354802,
    "boominess": 47.5449457232903,
    "reverb": false,
    "name": "AKWF_0787.wav",
    "SpectralCentroid": 0.25886524931119287,
    "SpectralSpread": 0.31450206871279607,
    "SpectralKurtosis": 0.6385118011997116,
    "ZeroCrossingRate": 0.23302718649526455,
    "SpectralComplexity": 1.0,
    "OddToEvenHarmonicEnergyRatio": 0.4441529568848225,
    "Dissonance": 0.9812451971355235,
    "PitchSalience": 0.4639209441514156,
    "HNR": 0.0,
    "NormalizeMethod": "ess_yeojohnson",
    "dco_brightness": 0.1543990174252057,
    "dco_richness": 0.3004564565037926,
    "dco_flatness": 0.3004564565037926,
    "dco_oddenergy": 0.29202209781781474,
    "dco_zcr": 0.06197413883311543
}