{
    "duration": 0.08163265138864517,
    "lossless": 1.0,
    "codec": "pcm_f32le",
    "bitrate": 1411200.0,
    "samplerate": 44100.0,
    "channels": 1.0,
    "audio_md5": "f94a04777c2eb697a76ea793204ce6d3",
    "loudness": -17.58665657043457,
    "dynamic_range": 0.0,
    "temporal_centroid": 0.6008645296096802,
    "log_attack_time": -1.1943435668945312,
    "filesize": 14458,
    "single_event": false,
    "tonality": "D major",
    "tonality_confidence": 0.8898106813430786,
    "loop": false,
    "tempo": 0,
    "tempo_confidence": 0.0,
    "note_midi": 38,
    "note_name": "D2",
    "note_frequency": 73.42839813232422,
    "note_confidence": 0.9504227042198181,
    "hardness": 72.71720033026091,
    "depth": 57.272217801522686,
    "brightness": 56.82385178220953,
    "roughness": 66.11706387741711,
    "warmth": 53.032396225154216,
    "sharpness": 48.50332219183372,
    "boominess": 33.31169826681608,
    "reverb": false,
    "name": "AKWF_1677.wav",
    "SpectralCentroid": 0.6128083368525729,
    "SpectralSpread": 0.5198891824410837,
    "SpectralKurtosis": 0.49942216994816824,
    "ZeroCrossingRate": 0.23302718649526455,
    "SpectralComplexity": 1.0,
    "OddToEvenHarmonicEnergyRatio": 0.41257533724039985,
    "Dissonance": 0.985507237920413,
    "PitchSalience": 0.6566649169394697,
    "HNR": 0.0,
    "NormalizeMethod": "ess_yeojohnson",
    "dco_brightness": 0.26730727127653436,
    "dco_richness": 0.5397813523959272,
    "dco_flatness": 0.5397813523959272,
    "dco_oddenergy": 0.3927161693445652,
    "dco_zcr": 0.06197413883311543
}