{
    "duration": 0.08163265138864517,
    "lossless": 1.0,
    "codec": "pcm_f32le",
    "bitrate": 1411200.0,
    "samplerate": 44100.0,
    "channels": 1.0,
    "audio_md5": "fc3fc0ee2ca03cde269fc9ce390f8cee",
    "loudness": -25.00849723815918,
    "dynamic_range": 0.0,
    "temporal_centroid": 0.6141076683998108,
    "log_attack_time": -1.1740280389785767,
    "filesize": 14458,
    "single_event": false,
    "tonality": "D major",
    "tonality_confidence": 0.7763517498970032,
    "loop": false,
    "tempo": 0,
    "tempo_confidence": 0.0,
    "note_midi": 38,
    "note_name": "D2",
    "note_frequency": 73.42839050292969,
    "note_confidence": 0.7310569882392883,
    "hardness": 89.92067928315734,
    "depth": 15.726760702166281,
    "brightness": 70.70562988202872,
    "roughness": 79.8263177982725,
    "warmth": 20.84676256959364,
    "sharpness": 60.99069039881434,
    "boominess": 6.03625982626583,
    "reverb": false,
    "name": "AKWF_0303.wav",
    "SpectralCentroid": 0.9101464737721551,
    "SpectralSpread": 0.9132793820096876,
    "SpectralKurtosis": 0.353319096573824,
    "ZeroCrossingRate": 0.76244996483678,
    "SpectralComplexity": 1.0,
    "OddToEvenHarmonicEnergyRatio": 0.2779815875170815,
    "Dissonance": 0.9999422343406925,
    "PitchSalience": 0.9754480478464271,
    "HNR": 0.0,
    "NormalizeMethod": "ess_yeojohnson",
    "dco_brightness": 0.5661694945420455,
    "dco_richness": 0.7246833044994233,
    "dco_flatness": 0.7246833044994233,
    "dco_oddenergy": 0.9965995675311388,
    "dco_zcr": 0.40988411249622064
}