{
    "duration": 0.08163265138864517,
    "lossless": 1.0,
    "codec": "pcm_f32le",
    "bitrate": 1411200.0,
    "samplerate": 44100.0,
    "channels": 1.0,
    "audio_md5": "87e0e33127a005977f27401b6ff53a4c",
    "loudness": -21.404193878173828,
    "dynamic_range": 0.0,
    "temporal_centroid": 0.6320499181747437,
    "log_attack_time": -1.2433829307556152,
    "filesize": 14458,
    "single_event": false,
    "tonality": "D minor",
    "tonality_confidence": 0.840029239654541,
    "loop": false,
    "tempo": 0,
    "tempo_confidence": 0.0,
    "note_midi": 38,
    "note_name": "D2",
    "note_frequency": 73.43382263183594,
    "note_confidence": 0.8484734296798706,
    "hardness": 61.00448022841766,
    "depth": 43.90476578755121,
    "brightness": 51.8534955592,
    "roughness": 60.23845565010633,
    "warmth": 53.48354880650774,
    "sharpness": 35.74766248186232,
    "boominess": 32.26026032167739,
    "reverb": false,
    "name": "AKWF_0610.wav",
    "SpectralCentroid": 0.37360924960495295,
    "SpectralSpread": 0.2994508527627554,
    "SpectralKurtosis": 0.6308774676108782,
    "ZeroCrossingRate": 0.23302718649526455,
    "SpectralComplexity": 0.8507462686567164,
    "OddToEvenHarmonicEnergyRatio": 0.27834674316752184,
    "Dissonance": 0.9692651682993731,
    "PitchSalience": 0.7457543765339842,
    "HNR": 0.0,
    "NormalizeMethod": "ess_yeojohnson",
    "dco_brightness": 0.3172952590277587,
    "dco_richness": 0.4546569585839639,
    "dco_flatness": 0.4546569585839639,
    "dco_oddenergy": 0.7417527442476768,
    "dco_zcr": 0.06197413883311543
}