{
    "duration": 0.08163265138864517,
    "lossless": 1.0,
    "codec": "pcm_f32le",
    "bitrate": 1411200.0,
    "samplerate": 44100.0,
    "channels": 1.0,
    "audio_md5": "642ebf4d10e4dfb78e193b48eeef1800",
    "loudness": -16.944034576416016,
    "dynamic_range": 0.0,
    "temporal_centroid": 0.5982373952865601,
    "log_attack_time": -1.2674968242645264,
    "filesize": 14458,
    "single_event": false,
    "tonality": "D major",
    "tonality_confidence": 0.8909221291542053,
    "loop": false,
    "tempo": 0,
    "tempo_confidence": 0.0,
    "note_midi": 38,
    "note_name": "D2",
    "note_frequency": 73.49085998535156,
    "note_confidence": 0.8828813433647156,
    "hardness": 33.52165296204949,
    "depth": 62.1398545978865,
    "brightness": 21.113863881875538,
    "roughness": 45.11410210270115,
    "warmth": 67.02654137545599,
    "sharpness": 0.755083958295252,
    "boominess": 51.45797404570142,
    "reverb": false,
    "name": "AKWF_1889.wav",
    "SpectralCentroid": 0.04774410222050936,
    "SpectralSpread": 0.002663872463664619,
    "SpectralKurtosis": 0.9380103289225418,
    "ZeroCrossingRate": 0.4252420127794052,
    "SpectralComplexity": 0.11940298507462686,
    "OddToEvenHarmonicEnergyRatio": 0.37616201647217845,
    "Dissonance": 0.44041749400900093,
    "PitchSalience": 0.5254827049408234,
    "HNR": 0.0,
    "NormalizeMethod": "ess_yeojohnson",
    "dco_brightness": 0.16851810707146495,
    "dco_richness": 0.24917347704833206,
    "dco_flatness": 0.24917347704833206,
    "dco_oddenergy": 0.36829817779940466,
    "dco_zcr": 0.14487511069267625
}