{
    "duration": 0.08163265138864517,
    "lossless": 1.0,
    "codec": "pcm_f32le",
    "bitrate": 1411200.0,
    "samplerate": 44100.0,
    "channels": 1.0,
    "audio_md5": "4596f59a2095b5d13789ea6bfe0c7c1f",
    "loudness": -17.328514099121094,
    "dynamic_range": 0.0,
    "temporal_centroid": 0.6187711954116821,
    "log_attack_time": -1.175205945968628,
    "filesize": 14458,
    "single_event": false,
    "tonality": "D major",
    "tonality_confidence": 0.6482953429222107,
    "loop": false,
    "tempo": 0,
    "tempo_confidence": 0.0,
    "note_midi": 38,
    "note_name": "D2",
    "note_frequency": 73.43031311035156,
    "note_confidence": 0.7442425489425659,
    "hardness": 84.2578471640415,
    "depth": 51.25723050472708,
    "brightness": 60.033273321816594,
    "roughness": 76.23347879064923,
    "warmth": 45.80864269051826,
    "sharpness": 50.5186150084742,
    "boominess": 29.876936843686035,
    "reverb": false,
    "name": "AKWF_hdrawn_0028.wav",
    "SpectralCentroid": 0.7851698704856084,
    "SpectralSpread": 0.8600644917954032,
    "SpectralKurtosis": 0.4372228606585867,
    "ZeroCrossingRate": 0.6839313986910882,
    "SpectralComplexity": 1.0,
    "OddToEvenHarmonicEnergyRatio": 0.227407608977622,
    "Dissonance": 0.9767073836765917,
    "PitchSalience": 0.8361558847427141,
    "HNR": 0.0,
    "NormalizeMethod": "ess_yeojohnson",
    "dco_brightness": 0.3370286697326777,
    "dco_richness": 0.6250284084734086,
    "dco_flatness": 0.6250284084734086,
    "dco_oddenergy": 0.585202594501225,
    "dco_zcr": 0.2948489535739874
}