{
    "duration": 0.08163265138864517,
    "lossless": 1.0,
    "codec": "pcm_f32le",
    "bitrate": 1411200.0,
    "samplerate": 44100.0,
    "channels": 1.0,
    "audio_md5": "86adbe798bd0b8e66a9f1c796cf02615",
    "loudness": -15.991987228393555,
    "dynamic_range": 0.0,
    "temporal_centroid": 0.5836436748504639,
    "log_attack_time": -1.2674968242645264,
    "filesize": 14458,
    "single_event": false,
    "tonality": "D major",
    "tonality_confidence": 0.8074857592582703,
    "loop": false,
    "tempo": 0,
    "tempo_confidence": 0.0,
    "note_midi": 38,
    "note_name": "D2",
    "note_frequency": 73.42843627929688,
    "note_confidence": 0.9709797501564026,
    "hardness": 27.50693235805636,
    "depth": 62.62857736322297,
    "brightness": 28.862484541675176,
    "roughness": 43.981596612858425,
    "warmth": 64.04829535685676,
    "sharpness": 0.0,
    "boominess": 56.45701444423818,
    "reverb": false,
    "name": "AKWF_1365.wav",
    "SpectralCentroid": 0.05988956686059207,
    "SpectralSpread": 0.037808893439835345,
    "SpectralKurtosis": 0.7903847868726952,
    "ZeroCrossingRate": 0.251274150799389,
    "SpectralComplexity": 0.5373134328358209,
    "OddToEvenHarmonicEnergyRatio": 0.7095446240288248,
    "Dissonance": 0.7221182959013805,
    "PitchSalience": 0.1705065922912885,
    "HNR": 0.0,
    "NormalizeMethod": "ess_yeojohnson",
    "dco_brightness": 0.11724391256572998,
    "dco_richness": 0.16856101394196424,
    "dco_flatness": 0.16856101394196424,
    "dco_oddenergy": 0.07913118012388332,
    "dco_zcr": 0.10810914741925219
}