{
    "duration": 0.08163265138864517,
    "lossless": 1.0,
    "codec": "pcm_f32le",
    "bitrate": 1411200.0,
    "samplerate": 44100.0,
    "channels": 1.0,
    "audio_md5": "b3e8ac842e8fa31946221459ff90663a",
    "loudness": -15.195418357849121,
    "dynamic_range": 0.0,
    "temporal_centroid": 0.5920850038528442,
    "log_attack_time": -1.266950249671936,
    "filesize": 14458,
    "single_event": false,
    "tonality": "D minor",
    "tonality_confidence": 0.7837964296340942,
    "loop": false,
    "tempo": 0,
    "tempo_confidence": 0.0,
    "note_midi": 38,
    "note_name": "D2",
    "note_frequency": 73.43399047851562,
    "note_confidence": 0.938607931137085,
    "hardness": 36.49649191806978,
    "depth": 45.23561947485318,
    "brightness": 34.64143357284376,
    "roughness": 52.61031736960297,
    "warmth": 65.65901155298994,
    "sharpness": 10.212463177897341,
    "boominess": 36.48709032711363,
    "reverb": false,
    "name": "AKWF_0268.wav",
    "SpectralCentroid": 0.13221342250993415,
    "SpectralSpread": 0.0049658344543633305,
    "SpectralKurtosis": 0.8619925760387799,
    "ZeroCrossingRate": 0.7567375429308871,
    "SpectralComplexity": 0.4626865671641791,
    "OddToEvenHarmonicEnergyRatio": 0.04057416369507859,
    "Dissonance": 0.8598214895254522,
    "PitchSalience": 0.809045041417028,
    "HNR": 0.7886136006604559,
    "NormalizeMethod": "ess_yeojohnson",
    "dco_brightness": 0.2814235978226543,
    "dco_richness": 0.3146159570512214,
    "dco_flatness": 0.3146159570512214,
    "dco_oddenergy": 0.9499995043541526,
    "dco_zcr": 0.2796406039636913
}