{
    "duration": 0.08163265138864517,
    "lossless": 1.0,
    "codec": "pcm_f32le",
    "bitrate": 1411200.0,
    "samplerate": 44100.0,
    "channels": 1.0,
    "audio_md5": "8c2baf7fa308d610840eaa45909b596a",
    "loudness": -12.122054100036621,
    "dynamic_range": 0.0,
    "temporal_centroid": 0.571378767490387,
    "log_attack_time": -1.4586131572723389,
    "filesize": 14458,
    "single_event": false,
    "tonality": "C# minor",
    "tonality_confidence": 0.43684202432632446,
    "loop": false,
    "tempo": 0,
    "tempo_confidence": 0.0,
    "note_midi": 38,
    "note_name": "D2",
    "note_frequency": 73.45608520507812,
    "note_confidence": 0.982795000076294,
    "hardness": 20.375524118147297,
    "depth": 54.854070309086836,
    "brightness": 15.19325544330055,
    "roughness": 0,
    "warmth": 55.087294030596425,
    "sharpness": 0.0,
    "boominess": 58.72144363271774,
    "reverb": false,
    "name": "AKWF_0510.wav",
    "SpectralCentroid": 0.012787818740309102,
    "SpectralSpread": 0.0011545432150066688,
    "SpectralKurtosis": 0.9664984721424772,
    "ZeroCrossingRate": 0.251274150799389,
    "SpectralComplexity": 0.014925373134328358,
    "OddToEvenHarmonicEnergyRatio": 2.441652742145049e-11,
    "Dissonance": 0.8895379097350307,
    "PitchSalience": 0.14452584026412066,
    "HNR": 0.0,
    "NormalizeMethod": "ess_yeojohnson",
    "dco_brightness": 0.10998455634123817,
    "dco_richness": 0.11002850776556415,
    "dco_flatness": 0.11002850776556415,
    "dco_oddenergy": 6.094517113197639e-10,
    "dco_zcr": 0.14487511069267625
}