{
    "duration": 0.08163265138864517,
    "lossless": 1.0,
    "codec": "pcm_f32le",
    "bitrate": 1411200.0,
    "samplerate": 44100.0,
    "channels": 1.0,
    "audio_md5": "a7125335ae9212c76f5db73dff362f39",
    "loudness": -12.636804580688477,
    "dynamic_range": 0.0,
    "temporal_centroid": 0.5570165514945984,
    "log_attack_time": -1.5932860374450684,
    "filesize": 14458,
    "single_event": false,
    "tonality": "D minor",
    "tonality_confidence": 0.8212059736251831,
    "loop": false,
    "tempo": 0,
    "tempo_confidence": 0.0,
    "note_midi": 38,
    "note_name": "D2",
    "note_frequency": 73.43094635009766,
    "note_confidence": 0.954636812210083,
    "hardness": 56.12977478412907,
    "depth": 55.57905569189832,
    "brightness": 51.34852139343778,
    "roughness": 58.83433734529877,
    "warmth": 58.882332890893366,
    "sharpness": 30.913144899014025,
    "boominess": 38.3668417353439,
    "reverb": false,
    "name": "AKWF_c604_0009.wav",
    "SpectralCentroid": 0.19147343413537704,
    "SpectralSpread": 0.04472987111641023,
    "SpectralKurtosis": 0.7153042740263185,
    "ZeroCrossingRate": 0.23302718649526455,
    "SpectralComplexity": 0.5223880597014925,
    "OddToEvenHarmonicEnergyRatio": 0.19899023658084034,
    "Dissonance": 0.9824253816472082,
    "PitchSalience": 0.5302237117654518,
    "HNR": 0.0,
    "NormalizeMethod": "ess_yeojohnson",
    "dco_brightness": 0.1512714823472124,
    "dco_richness": 0.4173513142595546,
    "dco_flatness": 0.4173513142595546,
    "dco_oddenergy": 0.39051766472944316,
    "dco_zcr": 0.06197413883311543
}