{
    "duration": 0.08163265138864517,
    "lossless": 1.0,
    "codec": "pcm_f32le",
    "bitrate": 1411200.0,
    "samplerate": 44100.0,
    "channels": 1.0,
    "audio_md5": "44b32dd48c7825751c33973854041721",
    "loudness": -19.449462890625,
    "dynamic_range": 0.0,
    "temporal_centroid": 0.6067777872085571,
    "log_attack_time": -1.2624216079711914,
    "filesize": 14458,
    "single_event": false,
    "tonality": "D major",
    "tonality_confidence": 0.6870689988136292,
    "loop": false,
    "tempo": 0,
    "tempo_confidence": 0.0,
    "note_midi": 38,
    "note_name": "D2",
    "note_frequency": 73.42839813232422,
    "note_confidence": 0.7188078165054321,
    "hardness": 52.33296699911793,
    "depth": 58.17102213699991,
    "brightness": 45.129908926848486,
    "roughness": 56.278283223982825,
    "warmth": 66.93141228754722,
    "sharpness": 29.82066160615143,
    "boominess": 41.20554712182595,
    "reverb": false,
    "name": "AKWF_1858.wav",
    "SpectralCentroid": 0.20537768141629545,
    "SpectralSpread": 0.09543734081142148,
    "SpectralKurtosis": 0.6597048361769439,
    "ZeroCrossingRate": 0.23302718649526455,
    "SpectralComplexity": 1.0,
    "OddToEvenHarmonicEnergyRatio": 0.2289843577006559,
    "Dissonance": 0.9204595316547061,
    "PitchSalience": 0.7172259329160691,
    "HNR": 0.0,
    "NormalizeMethod": "ess_yeojohnson",
    "dco_brightness": 0.1590500250445719,
    "dco_richness": 0.3625969069438884,
    "dco_flatness": 0.3625969069438884,
    "dco_oddenergy": 0.4120472887374509,
    "dco_zcr": 0.10810914741925219
}