{
    "duration": 0.08163265138864517,
    "lossless": 1.0,
    "codec": "pcm_f32le",
    "bitrate": 1411200.0,
    "samplerate": 44100.0,
    "channels": 1.0,
    "audio_md5": "fc56e7f1265477f3ba573d78d8ff27b9",
    "loudness": -14.715730667114258,
    "dynamic_range": 0.0,
    "temporal_centroid": 0.5884245038032532,
    "log_attack_time": -1.2973037958145142,
    "filesize": 14458,
    "single_event": false,
    "tonality": "D major",
    "tonality_confidence": 0.9028462171554565,
    "loop": false,
    "tempo": 0,
    "tempo_confidence": 0.0,
    "note_midi": 38,
    "note_name": "D2",
    "note_frequency": 73.44636535644531,
    "note_confidence": 0.9641035795211792,
    "hardness": 30.042649244434728,
    "depth": 62.65202655816666,
    "brightness": 22.800399350388993,
    "roughness": 46.197882120940235,
    "warmth": 69.07999441604889,
    "sharpness": 0.0,
    "boominess": 53.762904282123415,
    "reverb": false,
    "name": "AKWF_1498.wav",
    "SpectralCentroid": 0.05497244056865926,
    "SpectralSpread": 0.0060861851956638,
    "SpectralKurtosis": 0.8967732294133262,
    "ZeroCrossingRate": 0.4252420127794052,
    "SpectralComplexity": 0.31343283582089554,
    "OddToEvenHarmonicEnergyRatio": 0.17838243235057646,
    "Dissonance": 0.7221185876471347,
    "PitchSalience": 0.31903746926152615,
    "HNR": 0.0,
    "NormalizeMethod": "ess_yeojohnson",
    "dco_brightness": 0.16491939442160028,
    "dco_richness": 0.21589382297287216,
    "dco_flatness": 0.21589382297287216,
    "dco_oddenergy": 0.6583370486710562,
    "dco_zcr": 0.14487511069267625
}