{
    "duration": 0.08163265138864517,
    "lossless": 1.0,
    "codec": "pcm_f32le",
    "bitrate": 1411200.0,
    "samplerate": 44100.0,
    "channels": 1.0,
    "audio_md5": "ad854a398e818915c0fe3e6d77779995",
    "loudness": -14.233682632446289,
    "dynamic_range": 0.0,
    "temporal_centroid": 0.5813563466072083,
    "log_attack_time": -1.3573089838027954,
    "filesize": 14458,
    "single_event": false,
    "tonality": "D major",
    "tonality_confidence": 0.8368421196937561,
    "loop": false,
    "tempo": 0,
    "tempo_confidence": 0.0,
    "note_midi": 38,
    "note_name": "D2",
    "note_frequency": 73.42861938476562,
    "note_confidence": 0.9934743046760559,
    "hardness": 59.88955548227986,
    "depth": 60.79257807969392,
    "brightness": 54.60825455925516,
    "roughness": 61.23333868582783,
    "warmth": 52.998072422384666,
    "sharpness": 47.41623780923227,
    "boominess": 36.53482233313616,
    "reverb": false,
    "name": "AKWF_oscchip_0121.wav",
    "SpectralCentroid": 0.569256699422834,
    "SpectralSpread": 0.540815078624162,
    "SpectralKurtosis": 0.5025838849314302,
    "ZeroCrossingRate": 0.23302718649526455,
    "SpectralComplexity": 1.0,
    "OddToEvenHarmonicEnergyRatio": 0.545357988671371,
    "Dissonance": 0.9934605189223379,
    "PitchSalience": 0.505556679613466,
    "HNR": 0.0,
    "NormalizeMethod": "ess_yeojohnson",
    "dco_brightness": 0.1841450115678824,
    "dco_richness": 0.4914588530425802,
    "dco_flatness": 0.4914588530425802,
    "dco_oddenergy": 0.1543430894218567,
    "dco_zcr": 0.10810914741925219
}