{
    "duration": 0.08163265138864517,
    "lossless": 1.0,
    "codec": "pcm_f32le",
    "bitrate": 1411200.0,
    "samplerate": 44100.0,
    "channels": 1.0,
    "audio_md5": "f70a1df5a051d246dedc581d67e3f5c5",
    "loudness": -14.301986694335938,
    "dynamic_range": 0.0,
    "temporal_centroid": 0.5836589932441711,
    "log_attack_time": -1.3714373111724854,
    "filesize": 14458,
    "single_event": false,
    "tonality": "D major",
    "tonality_confidence": 0.8834665417671204,
    "loop": false,
    "tempo": 0,
    "tempo_confidence": 0.0,
    "note_midi": 38,
    "note_name": "D2",
    "note_frequency": 73.42839813232422,
    "note_confidence": 0.9975951910018921,
    "hardness": 49.269421501909505,
    "depth": 60.9657288710406,
    "brightness": 48.14531458965805,
    "roughness": 57.42261311269974,
    "warmth": 60.70167506411364,
    "sharpness": 35.83818117163225,
    "boominess": 39.734798921462286,
    "reverb": false,
    "name": "AKWF_saw_0003.wav",
    "SpectralCentroid": 0.33006233265873614,
    "SpectralSpread": 0.19476998556219285,
    "SpectralKurtosis": 0.5986665368905716,
    "ZeroCrossingRate": 0.23302718649526455,
    "SpectralComplexity": 1.0,
    "OddToEvenHarmonicEnergyRatio": 0.5225671732073707,
    "Dissonance": 0.9861443377108812,
    "PitchSalience": 0.45588667235013025,
    "HNR": 0.0,
    "NormalizeMethod": "ess_yeojohnson",
    "dco_brightness": 0.1729499599480271,
    "dco_richness": 0.39717548140813325,
    "dco_flatness": 0.39717548140813325,
    "dco_oddenergy": 0.23315365089127704,
    "dco_zcr": 0.06197413883311543
}