{
    "duration": 0.08163265138864517,
    "lossless": 1.0,
    "codec": "pcm_f32le",
    "bitrate": 1411200.0,
    "samplerate": 44100.0,
    "channels": 1.0,
    "audio_md5": "787303572540630e97966974ca42e857",
    "loudness": -12.716300964355469,
    "dynamic_range": 0.0,
    "temporal_centroid": 0.5762965083122253,
    "log_attack_time": -1.3891661167144775,
    "filesize": 14458,
    "single_event": false,
    "tonality": "G# major",
    "tonality_confidence": 0.2461053431034088,
    "loop": false,
    "tempo": 0,
    "tempo_confidence": 0.0,
    "note_midi": 38,
    "note_name": "D2",
    "note_frequency": 73.42875671386719,
    "note_confidence": 0.98581862449646,
    "hardness": 67.2924638747283,
    "depth": 53.14605297752958,
    "brightness": 59.6835721098696,
    "roughness": 58.17035350134438,
    "warmth": 44.56938009597117,
    "sharpness": 49.99528728703203,
    "boominess": 35.48406535037144,
    "reverb": false,
    "name": "AKWF_0726.wav",
    "SpectralCentroid": 0.7765204072213695,
    "SpectralSpread": 0.8704062804266796,
    "SpectralKurtosis": 0.44035731115737065,
    "ZeroCrossingRate": 0.568873868296057,
    "SpectralComplexity": 1.0,
    "OddToEvenHarmonicEnergyRatio": 0.8941765490020505,
    "Dissonance": 0.9961469867623282,
    "PitchSalience": 0.22794269011994833,
    "HNR": 0.0,
    "NormalizeMethod": "ess_yeojohnson",
    "dco_brightness": 0.18182161045068265,
    "dco_richness": 0.5398253186989072,
    "dco_flatness": 0.5398253186989072,
    "dco_oddenergy": 0.05329620137584756,
    "dco_zcr": 0.2016028048315253
}