{
    "duration": 0.08163265138864517,
    "lossless": 1.0,
    "codec": "pcm_f32le",
    "bitrate": 1411200.0,
    "samplerate": 44100.0,
    "channels": 1.0,
    "audio_md5": "5e8478404114e83f1528cb1abc935a62",
    "loudness": -13.135095596313477,
    "dynamic_range": 0.0,
    "temporal_centroid": 0.5770361423492432,
    "log_attack_time": -1.3865201473236084,
    "filesize": 14458,
    "single_event": false,
    "tonality": "E major",
    "tonality_confidence": 0.5316619277000427,
    "loop": false,
    "tempo": 0,
    "tempo_confidence": 0.0,
    "note_midi": 38,
    "note_name": "D2",
    "note_frequency": 73.43267822265625,
    "note_confidence": 0.9850267171859741,
    "hardness": 50.83437624261188,
    "depth": 54.83044761809989,
    "brightness": 50.270312145637405,
    "roughness": 28.44098871682401,
    "warmth": 50.80637501216769,
    "sharpness": 48.036539553038466,
    "boominess": 49.649908112243054,
    "reverb": false,
    "name": "AKWF_vgsin_0007.wav",
    "SpectralCentroid": 0.4349507958214483,
    "SpectralSpread": 0.4224963410695616,
    "SpectralKurtosis": 0.5207076523141312,
    "ZeroCrossingRate": 0.23302718649526455,
    "SpectralComplexity": 1.0,
    "OddToEvenHarmonicEnergyRatio": 0.9904257823809741,
    "Dissonance": 0.9780463508149334,
    "PitchSalience": 0.026840244463448803,
    "HNR": 0.0,
    "NormalizeMethod": "ess_yeojohnson",
    "dco_brightness": 0.11478378054730286,
    "dco_richness": 0.35815152817874535,
    "dco_flatness": 0.35815152817874535,
    "dco_oddenergy": 0.00223877911715864,
    "dco_zcr": 0.06197413883311543
}