{
    "duration": 0.08163265138864517,
    "lossless": 1.0,
    "codec": "pcm_f32le",
    "bitrate": 1411200.0,
    "samplerate": 44100.0,
    "channels": 1.0,
    "audio_md5": "3685e4201116e1a98f5e22febdeb8145",
    "loudness": -12.876778602600098,
    "dynamic_range": 0.0,
    "temporal_centroid": 0.5837224721908569,
    "log_attack_time": -1.2857425212860107,
    "filesize": 14458,
    "single_event": false,
    "tonality": "D major",
    "tonality_confidence": 0.8648079037666321,
    "loop": false,
    "tempo": 0,
    "tempo_confidence": 0.0,
    "note_midi": 50,
    "note_name": "D3",
    "note_frequency": 146.85768127441406,
    "note_confidence": 0.9999992847442627,
    "hardness": 52.777472148869634,
    "depth": 51.59695140885465,
    "brightness": 47.50386201815532,
    "roughness": 46.86658967662469,
    "warmth": 62.71843836853418,
    "sharpness": 32.1856947826081,
    "boominess": 37.63117741277929,
    "reverb": false,
    "name": "AKWF_0586.wav",
    "SpectralCentroid": 0.35701373690327215,
    "SpectralSpread": 0.26054055880923555,
    "SpectralKurtosis": 0.6422834859648483,
    "ZeroCrossingRate": 0.6763055176555212,
    "SpectralComplexity": 0.5074626865671642,
    "OddToEvenHarmonicEnergyRatio": 1.195354849862285e-07,
    "Dissonance": 0.9067053968880064,
    "PitchSalience": 0.5740932748733094,
    "HNR": 0.9609795999153362,
    "NormalizeMethod": "ess_yeojohnson",
    "dco_brightness": 0.24625953467894054,
    "dco_richness": 0.4331514483461262,
    "dco_flatness": 0.4331514483461262,
    "dco_oddenergy": 0.999998210035982,
    "dco_zcr": 0.24477676146998018
}