{
    "duration": 0.08163265138864517,
    "lossless": 1.0,
    "codec": "pcm_f32le",
    "bitrate": 1411200.0,
    "samplerate": 44100.0,
    "channels": 1.0,
    "audio_md5": "5f31ba8e92906222fbe166474d1eab03",
    "loudness": -21.945446014404297,
    "dynamic_range": 0.0,
    "temporal_centroid": 0.6054679751396179,
    "log_attack_time": -1.1792044639587402,
    "filesize": 14458,
    "single_event": false,
    "tonality": "D major",
    "tonality_confidence": 0.8024500608444214,
    "loop": false,
    "tempo": 0,
    "tempo_confidence": 0.0,
    "note_midi": 38,
    "note_name": "D2",
    "note_frequency": 73.4327392578125,
    "note_confidence": 0.7736950516700745,
    "hardness": 69.39504579938506,
    "depth": 46.59768030996557,
    "brightness": 56.485407464833706,
    "roughness": 66.71378535399393,
    "warmth": 52.84214509395546,
    "sharpness": 42.55580182185881,
    "boominess": 29.113137512700117,
    "reverb": false,
    "name": "AKWF_0452.wav",
    "SpectralCentroid": 0.4662608799547956,
    "SpectralSpread": 0.3208077938434074,
    "SpectralKurtosis": 0.5730363682842134,
    "ZeroCrossingRate": 0.23302718649526455,
    "SpectralComplexity": 1.0,
    "OddToEvenHarmonicEnergyRatio": 0.24165609393903878,
    "Dissonance": 0.9921966033792328,
    "PitchSalience": 0.8914996268978782,
    "HNR": 0.0,
    "NormalizeMethod": "ess_yeojohnson",
    "dco_brightness": 0.3130970463664714,
    "dco_richness": 0.5040445268680899,
    "dco_flatness": 0.5040445268680899,
    "dco_oddenergy": 0.6777944910429528,
    "dco_zcr": 0.06197413883311543
}