{
    "duration": 0.08163265138864517,
    "lossless": 1.0,
    "codec": "pcm_f32le",
    "bitrate": 1411200.0,
    "samplerate": 44100.0,
    "channels": 1.0,
    "audio_md5": "91d496e880fc2463a3d301ca966ad14a",
    "loudness": -15.570002555847168,
    "dynamic_range": 0.0,
    "temporal_centroid": 0.5824942588806152,
    "log_attack_time": -1.2899459600448608,
    "filesize": 14458,
    "single_event": false,
    "tonality": "D major",
    "tonality_confidence": 0.8873780369758606,
    "loop": false,
    "tempo": 0,
    "tempo_confidence": 0.0,
    "note_midi": 38,
    "note_name": "D2",
    "note_frequency": 73.43199157714844,
    "note_confidence": 0.9146804809570312,
    "hardness": 67.9075804018587,
    "depth": 59.77188811399469,
    "brightness": 54.21709741888006,
    "roughness": 62.02329883100558,
    "warmth": 52.684175044291834,
    "sharpness": 44.14412944206185,
    "boominess": 35.89117212278592,
    "reverb": false,
    "name": "AKWF_raw_0003.wav",
    "SpectralCentroid": 0.5769578364506182,
    "SpectralSpread": 0.6225914442566254,
    "SpectralKurtosis": 0.542844940533735,
    "ZeroCrossingRate": 0.251274150799389,
    "SpectralComplexity": 1.0,
    "OddToEvenHarmonicEnergyRatio": 0.5041854592668351,
    "Dissonance": 0.9844684771630177,
    "PitchSalience": 0.5250029804871873,
    "HNR": 0.0,
    "NormalizeMethod": "ess_yeojohnson",
    "dco_brightness": 0.21368357683410988,
    "dco_richness": 0.4916804072419876,
    "dco_flatness": 0.4916804072419876,
    "dco_oddenergy": 0.26814610403694916,
    "dco_zcr": 0.10810914741925219
}