{
    "duration": 0.08163265138864517,
    "lossless": 1.0,
    "codec": "pcm_f32le",
    "bitrate": 1411200.0,
    "samplerate": 44100.0,
    "channels": 1.0,
    "audio_md5": "55cded7dd0abf1db48b6e38c80cc9fc6",
    "loudness": -18.007299423217773,
    "dynamic_range": 0.0,
    "temporal_centroid": 0.5917815566062927,
    "log_attack_time": -1.258832335472107,
    "filesize": 14458,
    "single_event": false,
    "tonality": "D minor",
    "tonality_confidence": 0.7651016116142273,
    "loop": false,
    "tempo": 0,
    "tempo_confidence": 0.0,
    "note_midi": 38,
    "note_name": "D2",
    "note_frequency": 73.43065643310547,
    "note_confidence": 0.9673137664794922,
    "hardness": 68.71242870992793,
    "depth": 57.39168371154179,
    "brightness": 56.82378643149133,
    "roughness": 61.55873332754574,
    "warmth": 49.73544268574915,
    "sharpness": 48.66070942213828,
    "boominess": 35.75691128252421,
    "reverb": false,
    "name": "AKWF_0191.wav",
    "SpectralCentroid": 0.7162028688407689,
    "SpectralSpread": 0.8411092115759673,
    "SpectralKurtosis": 0.46506883749084954,
    "ZeroCrossingRate": 0.9999998698475786,
    "SpectralComplexity": 1.0,
    "OddToEvenHarmonicEnergyRatio": 0.3089432446479799,
    "Dissonance": 0.9956372339935151,
    "PitchSalience": 0.473640857297301,
    "HNR": 0.054780106411508524,
    "NormalizeMethod": "ess_yeojohnson",
    "dco_brightness": 0.18089099616795795,
    "dco_richness": 0.5479397584527145,
    "dco_flatness": 0.5479397584527145,
    "dco_oddenergy": 0.2618993169197813,
    "dco_zcr": 0.7548707577485939
}