{
    "duration": 0.08163265138864517,
    "lossless": 1.0,
    "codec": "pcm_f32le",
    "bitrate": 1411200.0,
    "samplerate": 44100.0,
    "channels": 1.0,
    "audio_md5": "7c9a3e6580b7f47264df9549afcb16bd",
    "loudness": -12.622842788696289,
    "dynamic_range": 0.0,
    "temporal_centroid": 0.5775246620178223,
    "log_attack_time": -1.399914026260376,
    "filesize": 14458,
    "single_event": false,
    "tonality": "D major",
    "tonality_confidence": 0.8428727984428406,
    "loop": false,
    "tempo": 0,
    "tempo_confidence": 0.0,
    "note_midi": 38,
    "note_name": "D2",
    "note_frequency": 73.42839813232422,
    "note_confidence": 0.9332087635993958,
    "hardness": 71.55638159497565,
    "depth": 60.70006470785685,
    "brightness": 55.81009799169096,
    "roughness": 62.09485506918472,
    "warmth": 51.84915895383582,
    "sharpness": 48.39767209969528,
    "boominess": 36.015868119677535,
    "reverb": false,
    "name": "AKWF_saw_0018.wav",
    "SpectralCentroid": 0.6595927319100924,
    "SpectralSpread": 0.6665702264573318,
    "SpectralKurtosis": 0.4881971146269089,
    "ZeroCrossingRate": 0.23302718649526455,
    "SpectralComplexity": 1.0,
    "OddToEvenHarmonicEnergyRatio": 0.5602021207134211,
    "Dissonance": 0.9719646917618584,
    "PitchSalience": 0.43862845507604253,
    "HNR": 0.0,
    "NormalizeMethod": "ess_yeojohnson",
    "dco_brightness": 0.2081133916397074,
    "dco_richness": 0.5183165988693379,
    "dco_flatness": 0.5183165988693379,
    "dco_oddenergy": 0.21233687253412947,
    "dco_zcr": 0.06197413883311543
}