{
    "duration": 0.08163265138864517,
    "lossless": 1.0,
    "codec": "pcm_f32le",
    "bitrate": 1411200.0,
    "samplerate": 44100.0,
    "channels": 1.0,
    "audio_md5": "2d251573dc96363c1cbb2a5117a4a3f8",
    "loudness": -14.499316215515137,
    "dynamic_range": 0.0,
    "temporal_centroid": 0.5864701867103577,
    "log_attack_time": -1.3305714130401611,
    "filesize": 14458,
    "single_event": false,
    "tonality": "D major",
    "tonality_confidence": 0.7696741223335266,
    "loop": false,
    "tempo": 0,
    "tempo_confidence": 0.0,
    "note_midi": 38,
    "note_name": "D2",
    "note_frequency": 73.42847442626953,
    "note_confidence": 0.9889890551567078,
    "hardness": 26.401472891210105,
    "depth": 63.13772560459582,
    "brightness": 25.553519434982757,
    "roughness": 42.928316554558926,
    "warmth": 65.78195786836554,
    "sharpness": 0.0,
    "boominess": 52.56971729405753,
    "reverb": false,
    "name": "AKWF_eorgan_0002.wav",
    "SpectralCentroid": 0.042571988207217845,
    "SpectralSpread": 0.005895253745807455,
    "SpectralKurtosis": 0.8745326336413873,
    "ZeroCrossingRate": 0.23302718649526455,
    "SpectralComplexity": 0.29850746268656714,
    "OddToEvenHarmonicEnergyRatio": 0.742917620674093,
    "Dissonance": 0.8926520039140611,
    "PitchSalience": 0.2056520100747598,
    "HNR": 0.8626445576036079,
    "NormalizeMethod": "ess_yeojohnson",
    "dco_brightness": 0.11734424998594889,
    "dco_richness": 0.19198644902080395,
    "dco_flatness": 0.19198644902080395,
    "dco_oddenergy": 0.0628479035300481,
    "dco_zcr": 0.06197413883311543
}