{
    "duration": 0.08163265138864517,
    "lossless": 1.0,
    "codec": "pcm_f32le",
    "bitrate": 1411200.0,
    "samplerate": 44100.0,
    "channels": 1.0,
    "audio_md5": "874657081ffcd35c9799cc3c0a59374d",
    "loudness": -9.870670318603516,
    "dynamic_range": 0.0,
    "temporal_centroid": 0.553926944732666,
    "log_attack_time": -1.6635266542434692,
    "filesize": 14458,
    "single_event": false,
    "tonality": "A major",
    "tonality_confidence": 0.45901867747306824,
    "loop": false,
    "tempo": 0,
    "tempo_confidence": 0.0,
    "note_midi": 38,
    "note_name": "D2",
    "note_frequency": 73.42839813232422,
    "note_confidence": 0.9655394554138184,
    "hardness": 68.51180457856657,
    "depth": 61.041699476278836,
    "brightness": 55.082742810216466,
    "roughness": 52.26381291291287,
    "warmth": 54.983551627645596,
    "sharpness": 47.15789325723023,
    "boominess": 36.3631385801771,
    "reverb": false,
    "name": "AKWF_vgsqu_0012.wav",
    "SpectralCentroid": 0.6192745030923036,
    "SpectralSpread": 0.5646922310136978,
    "SpectralKurtosis": 0.48532933021830865,
    "ZeroCrossingRate": 0.4252420127794052,
    "SpectralComplexity": 1.0,
    "OddToEvenHarmonicEnergyRatio": 0.9828757505115424,
    "Dissonance": 0.9460061756741224,
    "PitchSalience": 0.4789505932538992,
    "HNR": 0.9167669545170422,
    "NormalizeMethod": "ess_yeojohnson",
    "dco_brightness": 0.18953074025055752,
    "dco_richness": 0.4915234108800988,
    "dco_flatness": 0.4915234108800988,
    "dco_oddenergy": 0.05527096240654472,
    "dco_zcr": 0.14487511069267625
}