{
    "duration": 0.08163265138864517,
    "lossless": 1.0,
    "codec": "pcm_f32le",
    "bitrate": 1411200.0,
    "samplerate": 44100.0,
    "channels": 1.0,
    "audio_md5": "681be51bd4bc10e461a5e326514d0bcf",
    "loudness": -14.584510803222656,
    "dynamic_range": 0.0,
    "temporal_centroid": 0.5899673104286194,
    "log_attack_time": -1.2825219631195068,
    "filesize": 14458,
    "single_event": false,
    "tonality": "D minor",
    "tonality_confidence": 0.8743454217910767,
    "loop": false,
    "tempo": 0,
    "tempo_confidence": 0.0,
    "note_midi": 38,
    "note_name": "D2",
    "note_frequency": 73.43511199951172,
    "note_confidence": 0.9220343828201294,
    "hardness": 48.64618979728053,
    "depth": 55.76512384080516,
    "brightness": 47.831955294225494,
    "roughness": 56.324509167162944,
    "warmth": 63.336179692675586,
    "sharpness": 25.299229479275674,
    "boominess": 35.32456417705637,
    "reverb": false,
    "name": "AKWF_ebass_0049.wav",
    "SpectralCentroid": 0.22677226418666288,
    "SpectralSpread": 0.09920295766009582,
    "SpectralKurtosis": 0.719642458018186,
    "ZeroCrossingRate": 0.6763055176555212,
    "SpectralComplexity": 0.9104477611940298,
    "OddToEvenHarmonicEnergyRatio": 0.2951369169399706,
    "Dissonance": 0.9708244034820439,
    "PitchSalience": 0.6343198574509139,
    "HNR": 0.6852603570477682,
    "NormalizeMethod": "ess_yeojohnson",
    "dco_brightness": 0.2508663846472201,
    "dco_richness": 0.3922712379797765,
    "dco_flatness": 0.3922712379797765,
    "dco_oddenergy": 0.48676242456507357,
    "dco_zcr": 0.24477676146998018
}