{
    "duration": 0.08163265138864517,
    "lossless": 1.0,
    "codec": "pcm_f32le",
    "bitrate": 1411200.0,
    "samplerate": 44100.0,
    "channels": 1.0,
    "audio_md5": "0d8e36b82266a2b9f01011b960cfb2e7",
    "loudness": -12.820940971374512,
    "dynamic_range": 0.0,
    "temporal_centroid": 0.5849072933197021,
    "log_attack_time": -1.2988688945770264,
    "filesize": 14458,
    "single_event": false,
    "tonality": "D minor",
    "tonality_confidence": 0.7910723686218262,
    "loop": false,
    "tempo": 0,
    "tempo_confidence": 0.0,
    "note_midi": 38,
    "note_name": "D2",
    "note_frequency": 73.4458999633789,
    "note_confidence": 0.9360906481742859,
    "hardness": 31.31909232423365,
    "depth": 60.7560916052098,
    "brightness": 26.971150077750643,
    "roughness": 46.919925088917,
    "warmth": 76.94861676324062,
    "sharpness": 3.5743356026168307,
    "boominess": 47.20117379959993,
    "reverb": false,
    "name": "AKWF_1872.wav",
    "SpectralCentroid": 0.07248266664749664,
    "SpectralSpread": 0.0030810319492010456,
    "SpectralKurtosis": 0.9014527253219545,
    "ZeroCrossingRate": 0.568873868296057,
    "SpectralComplexity": 0.3283582089552239,
    "OddToEvenHarmonicEnergyRatio": 0.3510153143610258,
    "Dissonance": 0.9412804050131256,
    "PitchSalience": 0.3834185603957715,
    "HNR": 0.5374265089514065,
    "NormalizeMethod": "ess_yeojohnson",
    "dco_brightness": 0.2068667705573425,
    "dco_richness": 0.2153244699895408,
    "dco_flatness": 0.2153244699895408,
    "dco_oddenergy": 0.40072833514819284,
    "dco_zcr": 0.2016028048315253
}