{
    "duration": 0.08163265138864517,
    "lossless": 1.0,
    "codec": "pcm_f32le",
    "bitrate": 1411200.0,
    "samplerate": 44100.0,
    "channels": 1.0,
    "audio_md5": "0efb92a7e9081ede191f3d186a981611",
    "loudness": -15.06540298461914,
    "dynamic_range": 0.0,
    "temporal_centroid": 0.5841082334518433,
    "log_attack_time": -1.2924491167068481,
    "filesize": 14458,
    "single_event": false,
    "tonality": "A major",
    "tonality_confidence": 0.5269237756729126,
    "loop": false,
    "tempo": 0,
    "tempo_confidence": 0.0,
    "note_midi": 38,
    "note_name": "D2",
    "note_frequency": 73.42839813232422,
    "note_confidence": 0.9513262510299683,
    "hardness": 72.78168695273615,
    "depth": 56.18050355963082,
    "brightness": 58.03965770972543,
    "roughness": 66.78627417232572,
    "warmth": 50.178143794328456,
    "sharpness": 49.599833429015966,
    "boominess": 31.959017024541577,
    "reverb": false,
    "name": "AKWF_1181.wav",
    "SpectralCentroid": 0.7299853187546732,
    "SpectralSpread": 0.7797092541499986,
    "SpectralKurtosis": 0.47035916588429594,
    "ZeroCrossingRate": 0.23302718649526455,
    "SpectralComplexity": 1.0,
    "OddToEvenHarmonicEnergyRatio": 0.812713197392874,
    "Dissonance": 0.9647520802930994,
    "PitchSalience": 0.7326318407172552,
    "HNR": 0.0,
    "NormalizeMethod": "ess_yeojohnson",
    "dco_brightness": 0.28085279126896256,
    "dco_richness": 0.5778458882951208,
    "dco_flatness": 0.5778458882951208,
    "dco_oddenergy": 0.17509262685662474,
    "dco_zcr": 0.06197413883311543
}