{
    "duration": 0.08163265138864517,
    "lossless": 1.0,
    "codec": "pcm_f32le",
    "bitrate": 1411200.0,
    "samplerate": 44100.0,
    "channels": 1.0,
    "audio_md5": "4cbecde1916c1cae907a6eb44746841c",
    "loudness": -13.836446762084961,
    "dynamic_range": 0.0,
    "temporal_centroid": 0.5833573341369629,
    "log_attack_time": -1.2990648746490479,
    "filesize": 14458,
    "single_event": false,
    "tonality": "D major",
    "tonality_confidence": 0.639133870601654,
    "loop": false,
    "tempo": 0,
    "tempo_confidence": 0.0,
    "note_midi": 38,
    "note_name": "D2",
    "note_frequency": 73.42839813232422,
    "note_confidence": 0.9198575019836426,
    "hardness": 72.74577798630776,
    "depth": 50.023197814037886,
    "brightness": 54.961669554444725,
    "roughness": 66.0695919643195,
    "warmth": 54.505503160316565,
    "sharpness": 47.42616637150626,
    "boominess": 35.13666693144287,
    "reverb": false,
    "name": "AKWF_oscchip_0150.wav",
    "SpectralCentroid": 0.6139371782179395,
    "SpectralSpread": 0.565103223128787,
    "SpectralKurtosis": 0.49051708724386667,
    "ZeroCrossingRate": 0.6763055176555212,
    "SpectralComplexity": 1.0,
    "OddToEvenHarmonicEnergyRatio": 0.3250056379311172,
    "Dissonance": 0.9601502286411475,
    "PitchSalience": 0.6334449190775918,
    "HNR": 0.7693543972524047,
    "NormalizeMethod": "ess_yeojohnson",
    "dco_brightness": 0.24799712408803726,
    "dco_richness": 0.5308541301809944,
    "dco_flatness": 0.5308541301809944,
    "dco_oddenergy": 0.4726432352090806,
    "dco_zcr": 0.26304305328218835
}