{
    "duration": 0.08163265138864517,
    "lossless": 1.0,
    "codec": "pcm_f32le",
    "bitrate": 1411200.0,
    "samplerate": 44100.0,
    "channels": 1.0,
    "audio_md5": "84a09e4183aee23e52ab442ebab181b6",
    "loudness": -14.45221996307373,
    "dynamic_range": 0.0,
    "temporal_centroid": 0.5949417948722839,
    "log_attack_time": -1.272632122039795,
    "filesize": 14458,
    "single_event": false,
    "tonality": "D major",
    "tonality_confidence": 0.9123299717903137,
    "loop": false,
    "tempo": 0,
    "tempo_confidence": 0.0,
    "note_midi": 38,
    "note_name": "D2",
    "note_frequency": 73.43295288085938,
    "note_confidence": 0.9508760571479797,
    "hardness": 55.9984070363769,
    "depth": 62.88066681828929,
    "brightness": 44.65361535587441,
    "roughness": 52.04783809526303,
    "warmth": 58.32773131866734,
    "sharpness": 42.33553830988944,
    "boominess": 47.270646301859514,
    "reverb": false,
    "name": "AKWF_vgame_0014.wav",
    "SpectralCentroid": 0.5863266727027077,
    "SpectralSpread": 0.7328133630763473,
    "SpectralKurtosis": 0.5073403814799703,
    "ZeroCrossingRate": 0.568873868296057,
    "SpectralComplexity": 1.0,
    "OddToEvenHarmonicEnergyRatio": 0.2626824821055789,
    "Dissonance": 0.8911597243819512,
    "PitchSalience": 0.286833122779862,
    "HNR": 0.0,
    "NormalizeMethod": "ess_yeojohnson",
    "dco_brightness": 0.16488287522799158,
    "dco_richness": 0.4465594141772949,
    "dco_flatness": 0.4465594141772949,
    "dco_oddenergy": 0.5235179016341963,
    "dco_zcr": 0.22446827716383663
}