{
    "duration": 0.08163265138864517,
    "lossless": 1.0,
    "codec": "pcm_f32le",
    "bitrate": 1411200.0,
    "samplerate": 44100.0,
    "channels": 1.0,
    "audio_md5": "ca45220b1bc6c2685d4940429c97c079",
    "loudness": -14.311674118041992,
    "dynamic_range": 0.0,
    "temporal_centroid": 0.5778266191482544,
    "log_attack_time": -1.336087703704834,
    "filesize": 14458,
    "single_event": false,
    "tonality": "D# minor",
    "tonality_confidence": 0.33781251311302185,
    "loop": false,
    "tempo": 0,
    "tempo_confidence": 0.0,
    "note_midi": 38,
    "note_name": "D2",
    "note_frequency": 74.11846923828125,
    "note_confidence": 0.8565168976783752,
    "hardness": 82.70835812116707,
    "depth": 60.216672667034594,
    "brightness": 67.95707733553652,
    "roughness": 66.7473784889742,
    "warmth": 42.018168963865776,
    "sharpness": 50.17455170429311,
    "boominess": 34.43151673958094,
    "reverb": false,
    "name": "AKWF_1067.wav",
    "SpectralCentroid": 0.8745182433228582,
    "SpectralSpread": 0.9694218983746122,
    "SpectralKurtosis": 0.37020533529865657,
    "ZeroCrossingRate": 0.4252420127794052,
    "SpectralComplexity": 1.0,
    "OddToEvenHarmonicEnergyRatio": 0.9662605247342679,
    "Dissonance": 0.9650113693320365,
    "PitchSalience": 0.44583586007835035,
    "HNR": 0.9129608464757237,
    "NormalizeMethod": "ess_yeojohnson",
    "dco_brightness": 0.32413892102981123,
    "dco_richness": 0.6962832884520229,
    "dco_flatness": 0.6962832884520229,
    "dco_oddenergy": 0.08775459498158311,
    "dco_zcr": 0.24477676146998018
}