{
    "duration": 0.08163265138864517,
    "lossless": 1.0,
    "codec": "pcm_f32le",
    "bitrate": 1411200.0,
    "samplerate": 44100.0,
    "channels": 1.0,
    "audio_md5": "424d7ac6863fb36f6a3add99ee149d88",
    "loudness": -15.58626651763916,
    "dynamic_range": 0.0,
    "temporal_centroid": 0.5946547389030457,
    "log_attack_time": -1.2113090753555298,
    "filesize": 14458,
    "single_event": false,
    "tonality": "D major",
    "tonality_confidence": 0.5536712408065796,
    "loop": false,
    "tempo": 0,
    "tempo_confidence": 0.0,
    "note_midi": 38,
    "note_name": "D2",
    "note_frequency": 73.45121765136719,
    "note_confidence": 0.9745584726333618,
    "hardness": 28.868414632813,
    "depth": 54.54945200125036,
    "brightness": 27.34937821934604,
    "roughness": 45.89513283282418,
    "warmth": 68.7464958896642,
    "sharpness": 1.9373136895702672,
    "boominess": 53.982153377294566,
    "reverb": false,
    "name": "AKWF_0916.wav",
    "SpectralCentroid": 0.05185319935888536,
    "SpectralSpread": 0.012420950719986761,
    "SpectralKurtosis": 0.818526751744813,
    "ZeroCrossingRate": 0.23302718649526455,
    "SpectralComplexity": 0.40298507462686567,
    "OddToEvenHarmonicEnergyRatio": 0.5078987480365688,
    "Dissonance": 0.6902697977209988,
    "PitchSalience": 0.19675125242226485,
    "HNR": 0.0,
    "NormalizeMethod": "ess_yeojohnson",
    "dco_brightness": 0.13006895140363525,
    "dco_richness": 0.20003324826131186,
    "dco_flatness": 0.20003324826131186,
    "dco_oddenergy": 0.22629117752735006,
    "dco_zcr": 0.06197413883311543
}