{
    "duration": 0.08163265138864517,
    "lossless": 1.0,
    "codec": "pcm_f32le",
    "bitrate": 1411200.0,
    "samplerate": 44100.0,
    "channels": 1.0,
    "audio_md5": "19370caf23fc3774bc097edc50575929",
    "loudness": -14.353687286376953,
    "dynamic_range": 0.0,
    "temporal_centroid": 0.5870542526245117,
    "log_attack_time": -1.2649518251419067,
    "filesize": 14458,
    "single_event": false,
    "tonality": "D major",
    "tonality_confidence": 0.8447378277778625,
    "loop": false,
    "tempo": 0,
    "tempo_confidence": 0.0,
    "note_midi": 38,
    "note_name": "D2",
    "note_frequency": 73.42839813232422,
    "note_confidence": 0.9915183782577515,
    "hardness": 78.9639447074702,
    "depth": 53.053265095976506,
    "brightness": 58.08438877547548,
    "roughness": 68.76608274224344,
    "warmth": 51.20143998265881,
    "sharpness": 49.87106651531811,
    "boominess": 34.25614226141812,
    "reverb": false,
    "name": "AKWF_vgame_0136.wav",
    "SpectralCentroid": 0.8045110133396701,
    "SpectralSpread": 0.8669515216518581,
    "SpectralKurtosis": 0.42830431073531755,
    "ZeroCrossingRate": 0.4252420127794052,
    "SpectralComplexity": 1.0,
    "OddToEvenHarmonicEnergyRatio": 0.08958345671664589,
    "Dissonance": 0.9785706908714504,
    "PitchSalience": 0.5811435181511019,
    "HNR": 0.5466167996808675,
    "NormalizeMethod": "ess_yeojohnson",
    "dco_brightness": 0.3135777306890499,
    "dco_richness": 0.6139281879444858,
    "dco_flatness": 0.6139281879444858,
    "dco_oddenergy": 0.8485713751040256,
    "dco_zcr": 0.14487511069267625
}