{
    "duration": 0.08163265138864517,
    "lossless": 1.0,
    "codec": "pcm_f32le",
    "bitrate": 1411200.0,
    "samplerate": 44100.0,
    "channels": 1.0,
    "audio_md5": "1f0dd51e1633735694c032ef24d32609",
    "loudness": -14.031732559204102,
    "dynamic_range": 0.0,
    "temporal_centroid": 0.5719903707504272,
    "log_attack_time": -1.3834137916564941,
    "filesize": 14458,
    "single_event": false,
    "tonality": "D major",
    "tonality_confidence": 0.7021048665046692,
    "loop": false,
    "tempo": 0,
    "tempo_confidence": 0.0,
    "note_midi": 38,
    "note_name": "D2",
    "note_frequency": 73.42839813232422,
    "note_confidence": 0.9215447306632996,
    "hardness": 62.88838377315838,
    "depth": 61.74950398481021,
    "brightness": 52.69866588618377,
    "roughness": 56.69640045304435,
    "warmth": 54.85280995189274,
    "sharpness": 44.57431652422045,
    "boominess": 37.858393055712405,
    "reverb": false,
    "name": "AKWF_1789.wav",
    "SpectralCentroid": 0.5372941990741702,
    "SpectralSpread": 0.5968486544742584,
    "SpectralKurtosis": 0.5241152730761947,
    "ZeroCrossingRate": 0.23302718649526455,
    "SpectralComplexity": 1.0,
    "OddToEvenHarmonicEnergyRatio": 0.4246540384700603,
    "Dissonance": 0.9635869936241883,
    "PitchSalience": 0.3676168441050124,
    "HNR": 0.0,
    "NormalizeMethod": "ess_yeojohnson",
    "dco_brightness": 0.13449214724485747,
    "dco_richness": 0.4468171899951789,
    "dco_flatness": 0.4468171899951789,
    "dco_oddenergy": 0.056523073777068666,
    "dco_zcr": 0.06197413883311543
}