{
    "duration": 0.08163265138864517,
    "lossless": 1.0,
    "codec": "pcm_f32le",
    "bitrate": 1411200.0,
    "samplerate": 44100.0,
    "channels": 1.0,
    "audio_md5": "24b05b899e9c6079a939ef0ea8c9d743",
    "loudness": -13.345261573791504,
    "dynamic_range": 0.0,
    "temporal_centroid": 0.5814640522003174,
    "log_attack_time": -1.3111928701400757,
    "filesize": 14458,
    "single_event": false,
    "tonality": "D minor",
    "tonality_confidence": 0.7861118912696838,
    "loop": false,
    "tempo": 0,
    "tempo_confidence": 0.0,
    "note_midi": 38,
    "note_name": "D2",
    "note_frequency": 73.43207550048828,
    "note_confidence": 0.9616018533706665,
    "hardness": 46.01561034200992,
    "depth": 56.58077902927643,
    "brightness": 41.33854464847907,
    "roughness": 48.23368769666962,
    "warmth": 66.03996008580839,
    "sharpness": 19.3753970694779,
    "boominess": 42.698860634273544,
    "reverb": false,
    "name": "AKWF_epiano_0016.wav",
    "SpectralCentroid": 0.1546621068602916,
    "SpectralSpread": 0.06215572304017177,
    "SpectralKurtosis": 0.7385307252707672,
    "ZeroCrossingRate": 0.568873868296057,
    "SpectralComplexity": 0.5373134328358209,
    "OddToEvenHarmonicEnergyRatio": 0.25474259144384526,
    "Dissonance": 0.8789191665874091,
    "PitchSalience": 0.537911060196664,
    "HNR": 0.6161895906470106,
    "NormalizeMethod": "ess_yeojohnson",
    "dco_brightness": 0.23234676504535437,
    "dco_richness": 0.4011939858590367,
    "dco_flatness": 0.4011939858590367,
    "dco_oddenergy": 0.6412133424253941,
    "dco_zcr": 0.2016028048315253
}