{
    "duration": 0.08163265138864517,
    "lossless": 1.0,
    "codec": "pcm_f32le",
    "bitrate": 1411200.0,
    "samplerate": 44100.0,
    "channels": 1.0,
    "audio_md5": "0238dfd0f9e9dfc592eee10ae69af022",
    "loudness": -12.385669708251953,
    "dynamic_range": 0.0,
    "temporal_centroid": 0.5785439610481262,
    "log_attack_time": -1.359106421470642,
    "filesize": 14458,
    "single_event": false,
    "tonality": "A# major",
    "tonality_confidence": 0.4436458945274353,
    "loop": false,
    "tempo": 0,
    "tempo_confidence": 0.0,
    "note_midi": 50,
    "note_name": "D3",
    "note_frequency": 146.7373504638672,
    "note_confidence": 0.8634079098701477,
    "hardness": 24.28946362781052,
    "depth": 59.46843332273246,
    "brightness": 26.66414652643984,
    "roughness": 45.54484094387307,
    "warmth": 70.34310580778177,
    "sharpness": 0.0,
    "boominess": 54.07850855973639,
    "reverb": false,
    "name": "AKWF_violin_0012.wav",
    "SpectralCentroid": 0.055241311730576274,
    "SpectralSpread": 0.019652661253090294,
    "SpectralKurtosis": 0.8351970103908104,
    "ZeroCrossingRate": 0.4252420127794052,
    "SpectralComplexity": 0.47761194029850745,
    "OddToEvenHarmonicEnergyRatio": 0.029636335009448882,
    "Dissonance": 0.5535058066157434,
    "PitchSalience": 0.07017178177300408,
    "HNR": 0.815829537722717,
    "NormalizeMethod": "ess_yeojohnson",
    "dco_brightness": 0.17285062305053664,
    "dco_richness": 0.1348478464439279,
    "dco_flatness": 0.1348478464439279,
    "dco_oddenergy": 0.937582094585657,
    "dco_zcr": 0.14487511069267625
}