{
    "duration": 0.08163265138864517,
    "lossless": 1.0,
    "codec": "pcm_f32le",
    "bitrate": 1411200.0,
    "samplerate": 44100.0,
    "channels": 1.0,
    "audio_md5": "ccb0cedf5feafe3a5bd6b8126591d021",
    "loudness": -14.45402717590332,
    "dynamic_range": 0.0,
    "temporal_centroid": 0.5897401571273804,
    "log_attack_time": -1.2859326601028442,
    "filesize": 14458,
    "single_event": false,
    "tonality": "D major",
    "tonality_confidence": 0.6990166902542114,
    "loop": false,
    "tempo": 0,
    "tempo_confidence": 0.0,
    "note_midi": 38,
    "note_name": "D2",
    "note_frequency": 73.4454574584961,
    "note_confidence": 0.9245256185531616,
    "hardness": 34.07271205038734,
    "depth": 59.34090068583885,
    "brightness": 26.054364570265896,
    "roughness": 48.490139300732594,
    "warmth": 67.01330385592452,
    "sharpness": 5.007056876414957,
    "boominess": 45.30909026084753,
    "reverb": false,
    "name": "AKWF_1947.wav",
    "SpectralCentroid": 0.06802088612527618,
    "SpectralSpread": 0.015520345329812179,
    "SpectralKurtosis": 0.8559873777916821,
    "ZeroCrossingRate": 0.4252420127794052,
    "SpectralComplexity": 0.08955223880597014,
    "OddToEvenHarmonicEnergyRatio": 0.09028864049532806,
    "Dissonance": 0.871304894151723,
    "PitchSalience": 0.5522545375007758,
    "HNR": 0.5720490682547122,
    "NormalizeMethod": "ess_yeojohnson",
    "dco_brightness": 0.2079007954164852,
    "dco_richness": 0.2803669576164184,
    "dco_flatness": 0.2803669576164184,
    "dco_oddenergy": 0.8162403334277093,
    "dco_zcr": 0.14487511069267625
}