{
    "duration": 0.08163265138864517,
    "lossless": 1.0,
    "codec": "pcm_f32le",
    "bitrate": 1411200.0,
    "samplerate": 44100.0,
    "channels": 1.0,
    "audio_md5": "40508243159432005970f0992cd8e30d",
    "loudness": -15.028484344482422,
    "dynamic_range": 0.0,
    "temporal_centroid": 0.5760677456855774,
    "log_attack_time": -1.3772668838500977,
    "filesize": 14458,
    "single_event": false,
    "tonality": "D major",
    "tonality_confidence": 0.8624423146247864,
    "loop": false,
    "tempo": 0,
    "tempo_confidence": 0.0,
    "note_midi": 38,
    "note_name": "D2",
    "note_frequency": 73.43474578857422,
    "note_confidence": 0.961496889591217,
    "hardness": 44.10647811535253,
    "depth": 57.47052022370972,
    "brightness": 42.402279848468915,
    "roughness": 51.63501844208762,
    "warmth": 64.42516218904245,
    "sharpness": 22.671398836945933,
    "boominess": 41.30811787088004,
    "reverb": false,
    "name": "AKWF_linear_0051.wav",
    "SpectralCentroid": 0.19269338009470804,
    "SpectralSpread": 0.12771240559641614,
    "SpectralKurtosis": 0.6968348607130587,
    "ZeroCrossingRate": 0.568873868296057,
    "SpectralComplexity": 0.8507462686567164,
    "OddToEvenHarmonicEnergyRatio": 0.29428962859110286,
    "Dissonance": 0.8942345058206196,
    "PitchSalience": 0.5461129390954063,
    "HNR": 0.817375730308122,
    "NormalizeMethod": "ess_yeojohnson",
    "dco_brightness": 0.19785048385664872,
    "dco_richness": 0.34296964050860906,
    "dco_flatness": 0.34296964050860906,
    "dco_oddenergy": 0.48724986411135096,
    "dco_zcr": 0.2016028048315253
}