{
    "duration": 0.08163265138864517,
    "lossless": 1.0,
    "codec": "pcm_f32le",
    "bitrate": 1411200.0,
    "samplerate": 44100.0,
    "channels": 1.0,
    "audio_md5": "79dff59e748cc5b6ad9c70a188715e36",
    "loudness": -17.745450973510742,
    "dynamic_range": 0.0,
    "temporal_centroid": 0.5912247896194458,
    "log_attack_time": -1.2626017332077026,
    "filesize": 14458,
    "single_event": false,
    "tonality": "D minor",
    "tonality_confidence": 0.8446767926216125,
    "loop": false,
    "tempo": 0,
    "tempo_confidence": 0.0,
    "note_midi": 38,
    "note_name": "D2",
    "note_frequency": 73.42849731445312,
    "note_confidence": 0.9614606499671936,
    "hardness": 80.24902825465199,
    "depth": 44.794300098008975,
    "brightness": 62.60376030885826,
    "roughness": 79.75934942979757,
    "warmth": 43.31045253134581,
    "sharpness": 53.3265539754805,
    "boominess": 27.510994567941466,
    "reverb": false,
    "name": "AKWF_overtone_0039.wav",
    "SpectralCentroid": 0.8596607220847804,
    "SpectralSpread": 0.9021500321299544,
    "SpectralKurtosis": 0.3926892770478077,
    "ZeroCrossingRate": 0.8170126148854899,
    "SpectralComplexity": 1.0,
    "OddToEvenHarmonicEnergyRatio": 0.15254299338678404,
    "Dissonance": 0.9857137939143003,
    "PitchSalience": 0.7446804193388809,
    "HNR": 0.5854481643897952,
    "NormalizeMethod": "ess_yeojohnson",
    "dco_brightness": 0.40814805298641765,
    "dco_richness": 0.6698087241050784,
    "dco_flatness": 0.6698087241050784,
    "dco_oddenergy": 0.8061112080634225,
    "dco_zcr": 0.30888279763685245
}