{
    "duration": 0.08163265138864517,
    "lossless": 1.0,
    "codec": "pcm_f32le",
    "bitrate": 1411200.0,
    "samplerate": 44100.0,
    "channels": 1.0,
    "audio_md5": "3c7b399fa3c766f587a8f72f5e067d27",
    "loudness": -11.105142593383789,
    "dynamic_range": 0.0,
    "temporal_centroid": 0.5732219219207764,
    "log_attack_time": -1.4023942947387695,
    "filesize": 14458,
    "single_event": false,
    "tonality": "D major",
    "tonality_confidence": 0.8197674751281738,
    "loop": false,
    "tempo": 0,
    "tempo_confidence": 0.0,
    "note_midi": 38,
    "note_name": "D2",
    "note_frequency": 73.4437484741211,
    "note_confidence": 0.9653745889663696,
    "hardness": 26.798196220700603,
    "depth": 60.90179380685109,
    "brightness": 27.712533358289708,
    "roughness": 47.48018893723649,
    "warmth": 69.44426905718547,
    "sharpness": 0.0,
    "boominess": 52.69498874392167,
    "reverb": false,
    "name": "AKWF_0140.wav",
    "SpectralCentroid": 0.06431886486693979,
    "SpectralSpread": 0.009149590621439172,
    "SpectralKurtosis": 0.8751188033137851,
    "ZeroCrossingRate": 0.4252420127794052,
    "SpectralComplexity": 0.5223880597014925,
    "OddToEvenHarmonicEnergyRatio": 0.05095681808079529,
    "Dissonance": 0.8474384868664814,
    "PitchSalience": 0.14497661486318336,
    "HNR": 0.7586945136811198,
    "NormalizeMethod": "ess_yeojohnson",
    "dco_brightness": 0.174985678445717,
    "dco_richness": 0.18437302171782066,
    "dco_flatness": 0.18437302171782066,
    "dco_oddenergy": 0.8948402412954004,
    "dco_zcr": 0.14487511069267625
}