{
    "duration": 0.08163265138864517,
    "lossless": 1.0,
    "codec": "pcm_f32le",
    "bitrate": 1411200.0,
    "samplerate": 44100.0,
    "channels": 1.0,
    "audio_md5": "2ecac5a1fa75e632ed77ce1aa8d02b78",
    "loudness": -14.643702507019043,
    "dynamic_range": 0.0,
    "temporal_centroid": 0.593700647354126,
    "log_attack_time": -1.2673145532608032,
    "filesize": 14458,
    "single_event": false,
    "tonality": "D minor",
    "tonality_confidence": 0.7398149371147156,
    "loop": false,
    "tempo": 0,
    "tempo_confidence": 0.0,
    "note_midi": 38,
    "note_name": "D2",
    "note_frequency": 73.42842864990234,
    "note_confidence": 0.991806149482727,
    "hardness": 74.65394527612241,
    "depth": 54.09358784470143,
    "brightness": 61.18210579670495,
    "roughness": 72.81074527799433,
    "warmth": 46.20024802587264,
    "sharpness": 51.72901436440058,
    "boominess": 28.85918327206634,
    "reverb": false,
    "name": "AKWF_vgame_0120.wav",
    "SpectralCentroid": 0.8183100689528188,
    "SpectralSpread": 0.877088272472375,
    "SpectralKurtosis": 0.42060332076605866,
    "ZeroCrossingRate": 0.6763055176555212,
    "SpectralComplexity": 1.0,
    "OddToEvenHarmonicEnergyRatio": 0.26995062836727696,
    "Dissonance": 0.970845336239899,
    "PitchSalience": 0.6390672736612522,
    "HNR": 0.0,
    "NormalizeMethod": "ess_yeojohnson",
    "dco_brightness": 0.3420471426110462,
    "dco_richness": 0.634623913484741,
    "dco_flatness": 0.634623913484741,
    "dco_oddenergy": 0.5487986597843437,
    "dco_zcr": 0.24477676146998018
}