{
    "duration": 0.08163265138864517,
    "lossless": 1.0,
    "codec": "pcm_f32le",
    "bitrate": 1411200.0,
    "samplerate": 44100.0,
    "channels": 1.0,
    "audio_md5": "b799c9f5b988f7af4a9439a726f30e75",
    "loudness": -15.095848083496094,
    "dynamic_range": 0.0,
    "temporal_centroid": 0.5923808217048645,
    "log_attack_time": -1.2620612382888794,
    "filesize": 14458,
    "single_event": false,
    "tonality": "D major",
    "tonality_confidence": 0.6177316904067993,
    "loop": false,
    "tempo": 0,
    "tempo_confidence": 0.0,
    "note_midi": 38,
    "note_name": "D2",
    "note_frequency": 73.4362564086914,
    "note_confidence": 0.9761136174201965,
    "hardness": 36.38551617692356,
    "depth": 53.03113937523054,
    "brightness": 40.125620965732324,
    "roughness": 46.351394369714654,
    "warmth": 72.33147667910626,
    "sharpness": 17.434852183590074,
    "boominess": 45.13469188003255,
    "reverb": false,
    "name": "AKWF_clarinett_0002.wav",
    "SpectralCentroid": 0.13415538348528314,
    "SpectralSpread": 0.050147909280212094,
    "SpectralKurtosis": 0.7309834335433282,
    "ZeroCrossingRate": 0.23302718649526455,
    "SpectralComplexity": 0.9402985074626866,
    "OddToEvenHarmonicEnergyRatio": 0.8745325718024181,
    "Dissonance": 0.8236342214268585,
    "PitchSalience": 0.6340718538877688,
    "HNR": 0.0,
    "NormalizeMethod": "ess_yeojohnson",
    "dco_brightness": 0.1717450194927682,
    "dco_richness": 0.2893141856914327,
    "dco_flatness": 0.2893141856914327,
    "dco_oddenergy": 0.020162047548962114,
    "dco_zcr": 0.06197413883311543
}