{
    "duration": 0.08163265138864517,
    "lossless": 1.0,
    "codec": "pcm_f32le",
    "bitrate": 1411200.0,
    "samplerate": 44100.0,
    "channels": 1.0,
    "audio_md5": "77332f959e9e686a6ce1b34b4a411e2d",
    "loudness": -15.794386863708496,
    "dynamic_range": 0.0,
    "temporal_centroid": 0.5899312496185303,
    "log_attack_time": -1.2689578533172607,
    "filesize": 14458,
    "single_event": false,
    "tonality": "D minor",
    "tonality_confidence": 0.8126758933067322,
    "loop": false,
    "tempo": 0,
    "tempo_confidence": 0.0,
    "note_midi": 38,
    "note_name": "D2",
    "note_frequency": 73.45075225830078,
    "note_confidence": 0.8978306651115417,
    "hardness": 36.58158895482198,
    "depth": 59.04456433429387,
    "brightness": 34.668680509200655,
    "roughness": 44.91787051161289,
    "warmth": 65.77580681142926,
    "sharpness": 6.433943094704691,
    "boominess": 42.953540338683354,
    "reverb": false,
    "name": "AKWF_0548.wav",
    "SpectralCentroid": 0.0795882375639971,
    "SpectralSpread": 0.010410770138004507,
    "SpectralKurtosis": 0.8661908801265943,
    "ZeroCrossingRate": 0.568873868296057,
    "SpectralComplexity": 0.1791044776119403,
    "OddToEvenHarmonicEnergyRatio": 0.127343684614686,
    "Dissonance": 0.5151020001505409,
    "PitchSalience": 0.5254408064579849,
    "HNR": 0.06834980677850193,
    "NormalizeMethod": "ess_yeojohnson",
    "dco_brightness": 0.20870437372062367,
    "dco_richness": 0.2979284321415826,
    "dco_flatness": 0.2979284321415826,
    "dco_oddenergy": 0.7474499868945259,
    "dco_zcr": 0.2016028048315253
}