{
    "duration": 0.08163265138864517,
    "lossless": 1.0,
    "codec": "pcm_f32le",
    "bitrate": 1411200.0,
    "samplerate": 44100.0,
    "channels": 1.0,
    "audio_md5": "f2c3cb06a965b2c0f756e4aaac95f7d0",
    "loudness": -16.741960525512695,
    "dynamic_range": 0.0,
    "temporal_centroid": 0.6078161001205444,
    "log_attack_time": -1.2633235454559326,
    "filesize": 14458,
    "single_event": false,
    "tonality": "D major",
    "tonality_confidence": 0.7696064710617065,
    "loop": false,
    "tempo": 0,
    "tempo_confidence": 0.0,
    "note_midi": 38,
    "note_name": "D2",
    "note_frequency": 73.42852020263672,
    "note_confidence": 0.9980325102806091,
    "hardness": 51.28366596799532,
    "depth": 52.31534249768663,
    "brightness": 47.99556546330221,
    "roughness": 59.10063386933878,
    "warmth": 63.05715728299371,
    "sharpness": 30.59891699665104,
    "boominess": 34.266139788087585,
    "reverb": false,
    "name": "AKWF_1622.wav",
    "SpectralCentroid": 0.2645338592665291,
    "SpectralSpread": 0.10164875165082164,
    "SpectralKurtosis": 0.6272191568694089,
    "ZeroCrossingRate": 0.4252420127794052,
    "SpectralComplexity": 1.0,
    "OddToEvenHarmonicEnergyRatio": 0.2700503923483679,
    "Dissonance": 0.9346804596279308,
    "PitchSalience": 0.8323971821888237,
    "HNR": 0.0,
    "NormalizeMethod": "ess_yeojohnson",
    "dco_brightness": 0.2656845311997031,
    "dco_richness": 0.39826715198586105,
    "dco_flatness": 0.39826715198586105,
    "dco_oddenergy": 0.5873097122371933,
    "dco_zcr": 0.14487511069267625
}