{
    "duration": 0.08163265138864517,
    "lossless": 1.0,
    "codec": "pcm_f32le",
    "bitrate": 1411200.0,
    "samplerate": 44100.0,
    "channels": 1.0,
    "audio_md5": "27c71272a25802cdd62af1a7ee5eabc8",
    "loudness": -18.501436233520508,
    "dynamic_range": 0.0,
    "temporal_centroid": 0.6197505593299866,
    "log_attack_time": -1.236877679824829,
    "filesize": 14458,
    "single_event": false,
    "tonality": "D major",
    "tonality_confidence": 0.8827992081642151,
    "loop": false,
    "tempo": 0,
    "tempo_confidence": 0.0,
    "note_midi": 38,
    "note_name": "D2",
    "note_frequency": 73.42839813232422,
    "note_confidence": 0.9997828006744385,
    "hardness": 71.26342318245668,
    "depth": 55.279525806343486,
    "brightness": 60.02407600104143,
    "roughness": 67.90067280783877,
    "warmth": 48.3099181098735,
    "sharpness": 52.60016507121994,
    "boominess": 34.28961731192422,
    "reverb": false,
    "name": "AKWF_1772.wav",
    "SpectralCentroid": 0.8219437057618946,
    "SpectralSpread": 0.8893273991573631,
    "SpectralKurtosis": 0.4094152334122568,
    "ZeroCrossingRate": 0.23302718649526455,
    "SpectralComplexity": 1.0,
    "OddToEvenHarmonicEnergyRatio": 0.4411055411719041,
    "Dissonance": 0.9770230525825042,
    "PitchSalience": 0.5508008127860816,
    "HNR": 0.0,
    "NormalizeMethod": "ess_yeojohnson",
    "dco_brightness": 0.2807894716662637,
    "dco_richness": 0.6187386433944352,
    "dco_flatness": 0.6187386433944352,
    "dco_oddenergy": 0.3412286292367991,
    "dco_zcr": 0.06197413883311543
}