{
    "duration": 0.08163265138864517,
    "lossless": 1.0,
    "codec": "pcm_f32le",
    "bitrate": 1411200.0,
    "samplerate": 44100.0,
    "channels": 1.0,
    "audio_md5": "78fc9022086ee3fe9e87e327033df1d5",
    "loudness": -14.362565040588379,
    "dynamic_range": 0.0,
    "temporal_centroid": 0.5865867137908936,
    "log_attack_time": -1.3228402137756348,
    "filesize": 14458,
    "single_event": false,
    "tonality": "A minor",
    "tonality_confidence": 0.5608605742454529,
    "loop": false,
    "tempo": 0,
    "tempo_confidence": 0.0,
    "note_midi": 38,
    "note_name": "D2",
    "note_frequency": 73.4363021850586,
    "note_confidence": 0.9949440956115723,
    "hardness": 19.83745786667997,
    "depth": 54.82052434172224,
    "brightness": 23.98125702850304,
    "roughness": 21.388402071101265,
    "warmth": 63.48799677261834,
    "sharpness": 0.0,
    "boominess": 58.01331819094075,
    "reverb": false,
    "name": "AKWF_tri_0007.wav",
    "SpectralCentroid": 0.0263578630596375,
    "SpectralSpread": 0.006978115492274885,
    "SpectralKurtosis": 0.8678099788772805,
    "ZeroCrossingRate": 0.23302718649526455,
    "SpectralComplexity": 0.14925373134328357,
    "OddToEvenHarmonicEnergyRatio": 1.0,
    "Dissonance": 0.5904907805424254,
    "PitchSalience": 0.1818590102329492,
    "HNR": 0.682913721674268,
    "NormalizeMethod": "ess_yeojohnson",
    "dco_brightness": 0.11126629657463115,
    "dco_richness": 0.13556561652259547,
    "dco_flatness": 0.13556561652259547,
    "dco_oddenergy": 0.00028202642870522876,
    "dco_zcr": 0.06197413883311543
}