{
    "duration": 0.08163265138864517,
    "lossless": 1.0,
    "codec": "pcm_f32le",
    "bitrate": 1411200.0,
    "samplerate": 44100.0,
    "channels": 1.0,
    "audio_md5": "0ee49cc1a7116ebe04258e824a57d4fa",
    "loudness": -14.033156394958496,
    "dynamic_range": 0.0,
    "temporal_centroid": 0.5853685736656189,
    "log_attack_time": -1.3618165254592896,
    "filesize": 14458,
    "single_event": false,
    "tonality": "D major",
    "tonality_confidence": 0.8817678689956665,
    "loop": false,
    "tempo": 0,
    "tempo_confidence": 0.0,
    "note_midi": 38,
    "note_name": "D2",
    "note_frequency": 73.42874145507812,
    "note_confidence": 0.997756838798523,
    "hardness": 46.356314236533535,
    "depth": 60.65686091345231,
    "brightness": 46.03775171911618,
    "roughness": 55.549693584973284,
    "warmth": 62.66609134483251,
    "sharpness": 31.091056068213916,
    "boominess": 40.47681756923724,
    "reverb": false,
    "name": "AKWF_0332.wav",
    "SpectralCentroid": 0.26025942267162094,
    "SpectralSpread": 0.12211205721215598,
    "SpectralKurtosis": 0.6270233159820489,
    "ZeroCrossingRate": 0.23302718649526455,
    "SpectralComplexity": 1.0,
    "OddToEvenHarmonicEnergyRatio": 0.5049952209482219,
    "Dissonance": 0.9461896108169989,
    "PitchSalience": 0.4899101877524149,
    "HNR": 0.0,
    "NormalizeMethod": "ess_yeojohnson",
    "dco_brightness": 0.17389669584139297,
    "dco_richness": 0.3730132070260685,
    "dco_flatness": 0.3730132070260685,
    "dco_oddenergy": 0.2507864801978874,
    "dco_zcr": 0.06197413883311543
}