{
    "duration": 0.08163265138864517,
    "lossless": 1.0,
    "codec": "pcm_f32le",
    "bitrate": 1411200.0,
    "samplerate": 44100.0,
    "channels": 1.0,
    "audio_md5": "e97a713d52a26e8a02f083ad0b82deac",
    "loudness": -13.063031196594238,
    "dynamic_range": 0.0,
    "temporal_centroid": 0.5800606608390808,
    "log_attack_time": -1.3093820810317993,
    "filesize": 14458,
    "single_event": false,
    "tonality": "D major",
    "tonality_confidence": 0.8973879814147949,
    "loop": false,
    "tempo": 0,
    "tempo_confidence": 0.0,
    "note_midi": 38,
    "note_name": "D2",
    "note_frequency": 73.43519592285156,
    "note_confidence": 0.9692327976226807,
    "hardness": 49.50298340623641,
    "depth": 58.41801347800112,
    "brightness": 42.42826757760801,
    "roughness": 54.09635304045032,
    "warmth": 63.63031867565582,
    "sharpness": 33.93948776317399,
    "boominess": 45.16508114979645,
    "reverb": false,
    "name": "AKWF_0880.wav",
    "SpectralCentroid": 0.3641433888313806,
    "SpectralSpread": 0.4263284166798547,
    "SpectralKurtosis": 0.5981639257108606,
    "ZeroCrossingRate": 0.4252420127794052,
    "SpectralComplexity": 0.9850746268656716,
    "OddToEvenHarmonicEnergyRatio": 0.27020776989436396,
    "Dissonance": 0.9530481888131841,
    "PitchSalience": 0.39979799146727946,
    "HNR": 0.0,
    "NormalizeMethod": "ess_yeojohnson",
    "dco_brightness": 0.1584843946354673,
    "dco_richness": 0.3630526620499493,
    "dco_flatness": 0.3630526620499493,
    "dco_oddenergy": 0.5049773218165152,
    "dco_zcr": 0.14487511069267625
}