{
    "duration": 0.08163265138864517,
    "lossless": 1.0,
    "codec": "pcm_f32le",
    "bitrate": 1411200.0,
    "samplerate": 44100.0,
    "channels": 1.0,
    "audio_md5": "cc82c2ed5bd7a2b90c165d04f7afbc78",
    "loudness": -17.897451400756836,
    "dynamic_range": 0.0,
    "temporal_centroid": 0.5956457257270813,
    "log_attack_time": -1.4992421865463257,
    "filesize": 14458,
    "single_event": false,
    "tonality": "D major",
    "tonality_confidence": 0.7219752073287964,
    "loop": false,
    "tempo": 0,
    "tempo_confidence": 0.0,
    "note_midi": 38,
    "note_name": "D2",
    "note_frequency": 74.52092742919922,
    "note_confidence": 0.8599963188171387,
    "hardness": 81.76273029984122,
    "depth": 58.49741433852897,
    "brightness": 68.21143170978995,
    "roughness": 66.57669174160618,
    "warmth": 40.45198806415716,
    "sharpness": 57.89563546944288,
    "boominess": 31.017015100878584,
    "reverb": false,
    "name": "AKWF_c604_0030.wav",
    "SpectralCentroid": 0.823710191205851,
    "SpectralSpread": 0.9069216481153076,
    "SpectralKurtosis": 0.4112643829441261,
    "ZeroCrossingRate": 0.9950941796278662,
    "SpectralComplexity": 1.0,
    "OddToEvenHarmonicEnergyRatio": 0.15172981900890326,
    "Dissonance": 0.9864037726226952,
    "PitchSalience": 0.2973306220527763,
    "HNR": 0.92701831901311,
    "NormalizeMethod": "ess_yeojohnson",
    "dco_brightness": 0.20591230286604717,
    "dco_richness": 0.6119245786090713,
    "dco_flatness": 0.6119245786090713,
    "dco_oddenergy": 0.18331709052643774,
    "dco_zcr": 0.5089711911220075
}