{
    "duration": 0.08163265138864517,
    "lossless": 1.0,
    "codec": "pcm_f32le",
    "bitrate": 1411200.0,
    "samplerate": 44100.0,
    "channels": 1.0,
    "audio_md5": "fbeaacee74ef276bbe32236430162d48",
    "loudness": -23.87944793701172,
    "dynamic_range": 0.0,
    "temporal_centroid": 0.6541402339935303,
    "log_attack_time": -1.263684868812561,
    "filesize": 14458,
    "single_event": false,
    "tonality": "A minor",
    "tonality_confidence": 0.642155647277832,
    "loop": false,
    "tempo": 0,
    "tempo_confidence": 0.0,
    "note_midi": 38,
    "note_name": "D2",
    "note_frequency": 73.42845916748047,
    "note_confidence": 0.863201379776001,
    "hardness": 90.82747937329793,
    "depth": 20.147365836033373,
    "brightness": 76.57494368652831,
    "roughness": 80.33115874017838,
    "warmth": 15.015871521806165,
    "sharpness": 62.70403204770416,
    "boominess": 10.21731548814898,
    "reverb": false,
    "name": "AKWF_gapsaw_0030.wav",
    "SpectralCentroid": 0.9266528304483783,
    "SpectralSpread": 0.9362282787758426,
    "SpectralKurtosis": 0.35393433154506254,
    "ZeroCrossingRate": 0.23302718649526455,
    "SpectralComplexity": 1.0,
    "OddToEvenHarmonicEnergyRatio": 0.2786039100966631,
    "Dissonance": 0.9997995706669482,
    "PitchSalience": 0.9975009041384785,
    "HNR": 0.0,
    "NormalizeMethod": "ess_yeojohnson",
    "dco_brightness": 0.6562526467406259,
    "dco_richness": 0.755677956209088,
    "dco_flatness": 0.755677956209088,
    "dco_oddenergy": 0.9951214606831561,
    "dco_zcr": 0.14487511069267625
}