{
    "duration": 0.08163265138864517,
    "lossless": 1.0,
    "codec": "pcm_f32le",
    "bitrate": 1411200.0,
    "samplerate": 44100.0,
    "channels": 1.0,
    "audio_md5": "71f34c12ef8b469dcbd1b5c01cd6c568",
    "loudness": -13.861902236938477,
    "dynamic_range": 0.0,
    "temporal_centroid": 0.5865110158920288,
    "log_attack_time": -1.300439476966858,
    "filesize": 14458,
    "single_event": false,
    "tonality": "D major",
    "tonality_confidence": 0.7853701710700989,
    "loop": false,
    "tempo": 0,
    "tempo_confidence": 0.0,
    "note_midi": 38,
    "note_name": "D2",
    "note_frequency": 73.47439575195312,
    "note_confidence": 0.9523673057556152,
    "hardness": 29.262169766332818,
    "depth": 63.318842590821006,
    "brightness": 20.106311032227474,
    "roughness": 43.19624556736755,
    "warmth": 66.97795075810362,
    "sharpness": 0.2664688551268526,
    "boominess": 54.51025353150447,
    "reverb": false,
    "name": "AKWF_eorgan_0143.wav",
    "SpectralCentroid": 0.03577509823931667,
    "SpectralSpread": 0.0023147331145080665,
    "SpectralKurtosis": 0.9318853193098333,
    "ZeroCrossingRate": 0.4252420127794052,
    "SpectralComplexity": 0.22388059701492538,
    "OddToEvenHarmonicEnergyRatio": 0.46882995288137697,
    "Dissonance": 0.713488967050818,
    "PitchSalience": 0.181302946139418,
    "HNR": 0.0,
    "NormalizeMethod": "ess_yeojohnson",
    "dco_brightness": 0.1315653830204638,
    "dco_richness": 0.19762048208353578,
    "dco_flatness": 0.19762048208353578,
    "dco_oddenergy": 0.2638929518305977,
    "dco_zcr": 0.14487511069267625
}