{
    "duration": 0.08163265138864517,
    "lossless": 1.0,
    "codec": "pcm_f32le",
    "bitrate": 1411200.0,
    "samplerate": 44100.0,
    "channels": 1.0,
    "audio_md5": "17b5e2b1d0bdcb5110b9b375b5374f4e",
    "loudness": -14.785592079162598,
    "dynamic_range": 0.0,
    "temporal_centroid": 0.5805567502975464,
    "log_attack_time": -1.3471158742904663,
    "filesize": 14458,
    "single_event": false,
    "tonality": "D major",
    "tonality_confidence": 0.8526756167411804,
    "loop": false,
    "tempo": 0,
    "tempo_confidence": 0.0,
    "note_midi": 38,
    "note_name": "D2",
    "note_frequency": 73.42840576171875,
    "note_confidence": 0.9913612604141235,
    "hardness": 52.436089815638326,
    "depth": 62.999230479919866,
    "brightness": 46.24816119645676,
    "roughness": 50.972402276428625,
    "warmth": 53.62450296690423,
    "sharpness": 42.23537214876158,
    "boominess": 45.765307510407474,
    "reverb": false,
    "name": "AKWF_0601.wav",
    "SpectralCentroid": 0.6037314962566294,
    "SpectralSpread": 0.7604377927884626,
    "SpectralKurtosis": 0.5067765295492674,
    "ZeroCrossingRate": 0.23302718649526455,
    "SpectralComplexity": 1.0,
    "OddToEvenHarmonicEnergyRatio": 0.6408328291984966,
    "Dissonance": 0.9790286587689147,
    "PitchSalience": 0.1758134046061415,
    "HNR": 0.0,
    "NormalizeMethod": "ess_yeojohnson",
    "dco_brightness": 0.13273339080944074,
    "dco_richness": 0.4286463573070017,
    "dco_flatness": 0.4286463573070017,
    "dco_oddenergy": 0.12240568737942215,
    "dco_zcr": 0.06197413883311543
}