{
    "duration": 0.08163265138864517,
    "lossless": 1.0,
    "codec": "pcm_f32le",
    "bitrate": 1411200.0,
    "samplerate": 44100.0,
    "channels": 1.0,
    "audio_md5": "13160d528bcc71466836393d8c3f688e",
    "loudness": -13.452880859375,
    "dynamic_range": 0.0,
    "temporal_centroid": 0.5839612483978271,
    "log_attack_time": -1.315244197845459,
    "filesize": 14458,
    "single_event": false,
    "tonality": "D major",
    "tonality_confidence": 0.7564073801040649,
    "loop": false,
    "tempo": 0,
    "tempo_confidence": 0.0,
    "note_midi": 38,
    "note_name": "D2",
    "note_frequency": 73.4288101196289,
    "note_confidence": 0.952627420425415,
    "hardness": 76.31882059695829,
    "depth": 55.63793465699632,
    "brightness": 54.841421341113794,
    "roughness": 62.2306354749107,
    "warmth": 55.74259956177906,
    "sharpness": 46.268583818626524,
    "boominess": 31.893304833395725,
    "reverb": false,
    "name": "AKWF_1016.wav",
    "SpectralCentroid": 0.748450660641727,
    "SpectralSpread": 0.840773809503369,
    "SpectralKurtosis": 0.4594815902465476,
    "ZeroCrossingRate": 0.4252420127794052,
    "SpectralComplexity": 1.0,
    "OddToEvenHarmonicEnergyRatio": 0.7041383632728815,
    "Dissonance": 0.9822423841229627,
    "PitchSalience": 0.7599179540454796,
    "HNR": 0.8124472247917125,
    "NormalizeMethod": "ess_yeojohnson",
    "dco_brightness": 0.2875996931262768,
    "dco_richness": 0.5692809601879657,
    "dco_flatness": 0.5692809601879657,
    "dco_oddenergy": 0.17804998304047093,
    "dco_zcr": 0.14487511069267625
}