{
    "duration": 0.08163265138864517,
    "lossless": 1.0,
    "codec": "pcm_f32le",
    "bitrate": 1411200.0,
    "samplerate": 44100.0,
    "channels": 1.0,
    "audio_md5": "ba539b760634fd2b2acfe4eacee55d82",
    "loudness": -15.84581470489502,
    "dynamic_range": 0.0,
    "temporal_centroid": 0.593266487121582,
    "log_attack_time": -1.2604438066482544,
    "filesize": 14458,
    "single_event": false,
    "tonality": "A major",
    "tonality_confidence": 0.7865814566612244,
    "loop": false,
    "tempo": 0,
    "tempo_confidence": 0.0,
    "note_midi": 38,
    "note_name": "D2",
    "note_frequency": 73.42849731445312,
    "note_confidence": 0.9927404522895813,
    "hardness": 40.41429994421949,
    "depth": 57.29677074877783,
    "brightness": 39.07504468190312,
    "roughness": 54.310026356847445,
    "warmth": 73.55079358079448,
    "sharpness": 12.228846741580686,
    "boominess": 41.416404723355626,
    "reverb": false,
    "name": "AKWF_hvoice_0016.wav",
    "SpectralCentroid": 0.15182297436974074,
    "SpectralSpread": 0.017719765432487395,
    "SpectralKurtosis": 0.7931369299349962,
    "ZeroCrossingRate": 0.6763055176555212,
    "SpectralComplexity": 0.5970149253731343,
    "OddToEvenHarmonicEnergyRatio": 0.34361872040747415,
    "Dissonance": 0.9070178565906241,
    "PitchSalience": 0.3919641122098099,
    "HNR": 0.0,
    "NormalizeMethod": "ess_yeojohnson",
    "dco_brightness": 0.23412342298800748,
    "dco_richness": 0.34427603158083314,
    "dco_flatness": 0.34427603158083314,
    "dco_oddenergy": 0.4761613155394868,
    "dco_zcr": 0.24477676146998018
}