{
    "duration": 0.08163265138864517,
    "lossless": 1.0,
    "codec": "pcm_f32le",
    "bitrate": 1411200.0,
    "samplerate": 44100.0,
    "channels": 1.0,
    "audio_md5": "4565896ec9589654c965be285a70d29d",
    "loudness": -15.262205123901367,
    "dynamic_range": 0.0,
    "temporal_centroid": 0.5972229242324829,
    "log_attack_time": -1.2674968242645264,
    "filesize": 14458,
    "single_event": false,
    "tonality": "D minor",
    "tonality_confidence": 0.821855902671814,
    "loop": false,
    "tempo": 0,
    "tempo_confidence": 0.0,
    "note_midi": 38,
    "note_name": "D2",
    "note_frequency": 73.44666290283203,
    "note_confidence": 0.9544552564620972,
    "hardness": 37.937201181180285,
    "depth": 60.655275129297316,
    "brightness": 35.81340646365942,
    "roughness": 48.02302683524443,
    "warmth": 70.92369948420802,
    "sharpness": 15.037580666620968,
    "boominess": 49.39743484823241,
    "reverb": false,
    "name": "AKWF_linear_0078.wav",
    "SpectralCentroid": 0.1311203436085589,
    "SpectralSpread": 0.0666886943839251,
    "SpectralKurtosis": 0.721976918245268,
    "ZeroCrossingRate": 0.4252420127794052,
    "SpectralComplexity": 0.7910447761194029,
    "OddToEvenHarmonicEnergyRatio": 0.13997287776846223,
    "Dissonance": 0.8713762259885951,
    "PitchSalience": 0.33035536932609005,
    "HNR": 0.0,
    "NormalizeMethod": "ess_yeojohnson",
    "dco_brightness": 0.17287802868702073,
    "dco_richness": 0.2546870497387212,
    "dco_flatness": 0.2546870497387212,
    "dco_oddenergy": 0.7269267259403995,
    "dco_zcr": 0.14487511069267625
}