{
    "duration": 0.08163265138864517,
    "lossless": 1.0,
    "codec": "pcm_f32le",
    "bitrate": 1411200.0,
    "samplerate": 44100.0,
    "channels": 1.0,
    "audio_md5": "d532a507ad55fbcd0d70d41dd685c0f2",
    "loudness": -18.65345573425293,
    "dynamic_range": 0.0,
    "temporal_centroid": 0.5906404256820679,
    "log_attack_time": -1.2718948125839233,
    "filesize": 14458,
    "single_event": false,
    "tonality": "D major",
    "tonality_confidence": 0.8523516654968262,
    "loop": false,
    "tempo": 0,
    "tempo_confidence": 0.0,
    "note_midi": 38,
    "note_name": "D2",
    "note_frequency": 73.44754791259766,
    "note_confidence": 0.8574620485305786,
    "hardness": 48.35653736076648,
    "depth": 54.965506616325676,
    "brightness": 38.29066382223591,
    "roughness": 54.588475448628756,
    "warmth": 64.56877381412663,
    "sharpness": 18.303049386575452,
    "boominess": 41.090476378255836,
    "reverb": false,
    "name": "AKWF_1709.wav",
    "SpectralCentroid": 0.18575292913879882,
    "SpectralSpread": 0.11652809940580612,
    "SpectralKurtosis": 0.729782504954805,
    "ZeroCrossingRate": 0.4252420127794052,
    "SpectralComplexity": 0.5522388059701493,
    "OddToEvenHarmonicEnergyRatio": 0.0896996697771532,
    "Dissonance": 0.9150334982474833,
    "PitchSalience": 0.6453378630702851,
    "HNR": 0.5663565326485218,
    "NormalizeMethod": "ess_yeojohnson",
    "dco_brightness": 0.2334368622292245,
    "dco_richness": 0.3685425479576715,
    "dco_flatness": 0.3685425479576715,
    "dco_oddenergy": 0.8493414077343356,
    "dco_zcr": 0.14487511069267625
}