{
    "duration": 0.08163265138864517,
    "lossless": 1.0,
    "codec": "pcm_f32le",
    "bitrate": 1411200.0,
    "samplerate": 44100.0,
    "channels": 1.0,
    "audio_md5": "042861cd960b44895ca58cddcfca71bd",
    "loudness": -19.441579818725586,
    "dynamic_range": 0.0,
    "temporal_centroid": 0.5990608930587769,
    "log_attack_time": -1.2558046579360962,
    "filesize": 14458,
    "single_event": false,
    "tonality": "D major",
    "tonality_confidence": 0.8723020553588867,
    "loop": false,
    "tempo": 0,
    "tempo_confidence": 0.0,
    "note_midi": 38,
    "note_name": "D2",
    "note_frequency": 73.42852020263672,
    "note_confidence": 0.9933522939682007,
    "hardness": 53.92515908274481,
    "depth": 54.474493062506205,
    "brightness": 51.63837821245114,
    "roughness": 63.84157819879754,
    "warmth": 59.81819752231777,
    "sharpness": 37.55286720186863,
    "boominess": 35.78946890353015,
    "reverb": false,
    "name": "AKWF_hvoice_0022.wav",
    "SpectralCentroid": 0.3315698273416387,
    "SpectralSpread": 0.14408922669617524,
    "SpectralKurtosis": 0.6029259622929508,
    "ZeroCrossingRate": 0.8622249131751906,
    "SpectralComplexity": 1.0,
    "OddToEvenHarmonicEnergyRatio": 0.2528313080903777,
    "Dissonance": 0.9758222270587185,
    "PitchSalience": 0.726053255518837,
    "HNR": 0.5600765998129029,
    "NormalizeMethod": "ess_yeojohnson",
    "dco_brightness": 0.2605660230208182,
    "dco_richness": 0.45808726673352745,
    "dco_flatness": 0.45808726673352745,
    "dco_oddenergy": 0.6397718080158072,
    "dco_zcr": 0.33406703367500235
}