{
    "duration": 0.08163265138864517,
    "lossless": 1.0,
    "codec": "pcm_f32le",
    "bitrate": 1411200.0,
    "samplerate": 44100.0,
    "channels": 1.0,
    "audio_md5": "038021f9df5ad11a6440a8f37d3891ba",
    "loudness": -14.137250900268555,
    "dynamic_range": 0.0,
    "temporal_centroid": 0.5838320255279541,
    "log_attack_time": -1.3234620094299316,
    "filesize": 14458,
    "single_event": false,
    "tonality": "E major",
    "tonality_confidence": 0.4753457009792328,
    "loop": false,
    "tempo": 0,
    "tempo_confidence": 0.0,
    "note_midi": 38,
    "note_name": "D2",
    "note_frequency": 73.44246673583984,
    "note_confidence": 0.9916067719459534,
    "hardness": 20.94707475992199,
    "depth": 54.847712041544725,
    "brightness": 21.518869691545078,
    "roughness": 26.635099369105674,
    "warmth": 60.12910951896666,
    "sharpness": 0.0,
    "boominess": 58.682797636432696,
    "reverb": false,
    "name": "AKWF_rAsymSqu_01.wav",
    "SpectralCentroid": 0.02376857715889503,
    "SpectralSpread": 0.005688172689238435,
    "SpectralKurtosis": 0.9013633698217042,
    "ZeroCrossingRate": 0.23302718649526455,
    "SpectralComplexity": 0.1791044776119403,
    "OddToEvenHarmonicEnergyRatio": 6.790783187273026e-05,
    "Dissonance": 0.9388767117452756,
    "PitchSalience": 0.13019340536616839,
    "HNR": 0.6173863180761641,
    "NormalizeMethod": "ess_yeojohnson",
    "dco_brightness": 0.10983567873068356,
    "dco_richness": 0.11591651876782838,
    "dco_flatness": 0.11591651876782838,
    "dco_oddenergy": 0.0001509623666670068,
    "dco_zcr": 0.06197413883311543
}