{
    "duration": 0.08163265138864517,
    "lossless": 1.0,
    "codec": "pcm_f32le",
    "bitrate": 1411200.0,
    "samplerate": 44100.0,
    "channels": 1.0,
    "audio_md5": "6c38e5563154f6fed7e6153cd6b23a96",
    "loudness": -27.445661544799805,
    "dynamic_range": 0.0,
    "temporal_centroid": 0.6523356437683105,
    "log_attack_time": -1.1678967475891113,
    "filesize": 14458,
    "single_event": false,
    "tonality": "D major",
    "tonality_confidence": 0.8452430367469788,
    "loop": false,
    "tempo": 0,
    "tempo_confidence": 0.0,
    "note_midi": 38,
    "note_name": "D2",
    "note_frequency": 73.42839050292969,
    "note_confidence": 0.9992256760597229,
    "hardness": 88.41257688385397,
    "depth": 38.90921638382872,
    "brightness": 73.53135159504299,
    "roughness": 79.60768339044758,
    "warmth": 28.938280696848295,
    "sharpness": 60.42947781900453,
    "boominess": 21.224207901370193,
    "reverb": false,
    "name": "AKWF_overtone_0034.wav",
    "SpectralCentroid": 0.9254499745817343,
    "SpectralSpread": 0.9320471887741693,
    "SpectralKurtosis": 0.3089887348284304,
    "ZeroCrossingRate": 0.23302718649526455,
    "SpectralComplexity": 1.0,
    "OddToEvenHarmonicEnergyRatio": 0.30113070949451737,
    "Dissonance": 0.9930215144988888,
    "PitchSalience": 0.9529380585403429,
    "HNR": 0.0,
    "NormalizeMethod": "ess_yeojohnson",
    "dco_brightness": 0.5949726317673932,
    "dco_richness": 0.7621389536180684,
    "dco_flatness": 0.7621389536180684,
    "dco_oddenergy": 0.8260450997693759,
    "dco_zcr": 0.06197413883311543
}