{
    "duration": 0.08163265138864517,
    "lossless": 1.0,
    "codec": "pcm_f32le",
    "bitrate": 1411200.0,
    "samplerate": 44100.0,
    "channels": 1.0,
    "audio_md5": "f3ff5aa39a92be9e73d32203c250486d",
    "loudness": -14.72989559173584,
    "dynamic_range": 0.0,
    "temporal_centroid": 0.5903421640396118,
    "log_attack_time": -1.2720789909362793,
    "filesize": 14458,
    "single_event": false,
    "tonality": "A minor",
    "tonality_confidence": 0.5914611220359802,
    "loop": false,
    "tempo": 0,
    "tempo_confidence": 0.0,
    "note_midi": 38,
    "note_name": "D2",
    "note_frequency": 73.46623992919922,
    "note_confidence": 0.9510537385940552,
    "hardness": 25.615518089797206,
    "depth": 62.981226542459105,
    "brightness": 19.719459426258304,
    "roughness": 26.324901202028837,
    "warmth": 66.13989385004078,
    "sharpness": 0.0,
    "boominess": 52.186288353652486,
    "reverb": false,
    "name": "AKWF_0742.wav",
    "SpectralCentroid": 0.0324028979204818,
    "SpectralSpread": 0.0023746968613154638,
    "SpectralKurtosis": 0.9410760500952109,
    "ZeroCrossingRate": 0.23302718649526455,
    "SpectralComplexity": 0.1044776119402985,
    "OddToEvenHarmonicEnergyRatio": 1.0,
    "Dissonance": 0.3397762222542494,
    "PitchSalience": 0.48445823894502005,
    "HNR": 0.0,
    "NormalizeMethod": "ess_yeojohnson",
    "dco_brightness": 0.13610049749200212,
    "dco_richness": 0.2326695919432041,
    "dco_flatness": 0.2326695919432041,
    "dco_oddenergy": 3.101014137629754e-05,
    "dco_zcr": 0.06197413883311543
}