{
    "duration": 0.08163265138864517,
    "lossless": 1.0,
    "codec": "pcm_f32le",
    "bitrate": 1411200.0,
    "samplerate": 44100.0,
    "channels": 1.0,
    "audio_md5": "454027375cb0648992e4f72f3f5c79d7",
    "loudness": -15.928845405578613,
    "dynamic_range": 0.0,
    "temporal_centroid": 0.5889862179756165,
    "log_attack_time": -1.2718948125839233,
    "filesize": 14458,
    "single_event": false,
    "tonality": "D major",
    "tonality_confidence": 0.6779636740684509,
    "loop": false,
    "tempo": 0,
    "tempo_confidence": 0.0,
    "note_midi": 38,
    "note_name": "D2",
    "note_frequency": 73.4290542602539,
    "note_confidence": 0.9971728324890137,
    "hardness": 48.81603537844177,
    "depth": 63.20006582410107,
    "brightness": 45.050757906366016,
    "roughness": 47.94893516113972,
    "warmth": 54.16407166268211,
    "sharpness": 38.10466925415687,
    "boominess": 45.11526012479611,
    "reverb": false,
    "name": "AKWF_1803.wav",
    "SpectralCentroid": 0.5255374035598326,
    "SpectralSpread": 0.6904526793593462,
    "SpectralKurtosis": 0.5337577954000629,
    "ZeroCrossingRate": 0.4252420127794052,
    "SpectralComplexity": 1.0,
    "OddToEvenHarmonicEnergyRatio": 0.8404536016579482,
    "Dissonance": 0.923146655922643,
    "PitchSalience": 0.26925314646424686,
    "HNR": 0.7507959235212883,
    "NormalizeMethod": "ess_yeojohnson",
    "dco_brightness": 0.1253942192002796,
    "dco_richness": 0.37939852569333027,
    "dco_flatness": 0.37939852569333027,
    "dco_oddenergy": 0.031029065731936423,
    "dco_zcr": 0.14487511069267625
}