{
    "duration": 0.08163265138864517,
    "lossless": 1.0,
    "codec": "pcm_f32le",
    "bitrate": 1411200.0,
    "samplerate": 44100.0,
    "channels": 1.0,
    "audio_md5": "dbf4254799f27e4f4d8ecb9e43d2da58",
    "loudness": -13.616524696350098,
    "dynamic_range": 0.0,
    "temporal_centroid": 0.5868918895721436,
    "log_attack_time": -1.3107898235321045,
    "filesize": 14458,
    "single_event": false,
    "tonality": "D major",
    "tonality_confidence": 0.6212401986122131,
    "loop": false,
    "tempo": 0,
    "tempo_confidence": 0.0,
    "note_midi": 38,
    "note_name": "D2",
    "note_frequency": 73.4335708618164,
    "note_confidence": 0.9758360385894775,
    "hardness": 29.31094265740701,
    "depth": 59.39061233672537,
    "brightness": 36.552492232376494,
    "roughness": 50.26463428697976,
    "warmth": 74.17622578197695,
    "sharpness": 10.113030097680905,
    "boominess": 43.72813253787899,
    "reverb": false,
    "name": "AKWF_clarinett_0022.wav",
    "SpectralCentroid": 0.11595180005698728,
    "SpectralSpread": 0.03698162340754905,
    "SpectralKurtosis": 0.7717084056869437,
    "ZeroCrossingRate": 0.568873868296057,
    "SpectralComplexity": 0.8805970149253731,
    "OddToEvenHarmonicEnergyRatio": 0.9843113683737752,
    "Dissonance": 0.5555343877802874,
    "PitchSalience": 0.7450508416460154,
    "HNR": 0.0,
    "NormalizeMethod": "ess_yeojohnson",
    "dco_brightness": 0.21391473321643836,
    "dco_richness": 0.28387443819423847,
    "dco_flatness": 0.28387443819423847,
    "dco_oddenergy": 0.005014431137046249,
    "dco_zcr": 0.22446827716383663
}