{
    "duration": 0.08163265138864517,
    "lossless": 1.0,
    "codec": "pcm_f32le",
    "bitrate": 1411200.0,
    "samplerate": 44100.0,
    "channels": 1.0,
    "audio_md5": "65c7639f0e046752e3242037cc880b19",
    "loudness": -13.486882209777832,
    "dynamic_range": 0.0,
    "temporal_centroid": 0.5849010944366455,
    "log_attack_time": -1.3753929138183594,
    "filesize": 14458,
    "single_event": false,
    "tonality": "D minor",
    "tonality_confidence": 0.6842169761657715,
    "loop": false,
    "tempo": 0,
    "tempo_confidence": 0.0,
    "note_midi": 38,
    "note_name": "D2",
    "note_frequency": 73.42941284179688,
    "note_confidence": 0.9990381598472595,
    "hardness": 27.30602159002109,
    "depth": 63.18765214084132,
    "brightness": 31.124121939380935,
    "roughness": 45.81667522554429,
    "warmth": 65.34056819692978,
    "sharpness": 5.7303339899221655,
    "boominess": 53.85280190554187,
    "reverb": false,
    "name": "AKWF_0789.wav",
    "SpectralCentroid": 0.07744536540452997,
    "SpectralSpread": 0.03937976443015808,
    "SpectralKurtosis": 0.766981955800741,
    "ZeroCrossingRate": 0.23302718649526455,
    "SpectralComplexity": 0.8208955223880597,
    "OddToEvenHarmonicEnergyRatio": 0.6483476565913107,
    "Dissonance": 0.8346384336520558,
    "PitchSalience": 0.14680779790462065,
    "HNR": 0.0,
    "NormalizeMethod": "ess_yeojohnson",
    "dco_brightness": 0.12021200182514918,
    "dco_richness": 0.19104988809203588,
    "dco_flatness": 0.19104988809203588,
    "dco_oddenergy": 0.1155703848066123,
    "dco_zcr": 0.06197413883311543
}