{
    "duration": 0.08163265138864517,
    "lossless": 1.0,
    "codec": "pcm_f32le",
    "bitrate": 1411200.0,
    "samplerate": 44100.0,
    "channels": 1.0,
    "audio_md5": "0bdbf4aa41ea659e8ae495690a3a2b97",
    "loudness": -18.286029815673828,
    "dynamic_range": 0.0,
    "temporal_centroid": 0.596720814704895,
    "log_attack_time": -1.2674968242645264,
    "filesize": 14458,
    "single_event": false,
    "tonality": "D major",
    "tonality_confidence": 0.6988585591316223,
    "loop": false,
    "tempo": 0,
    "tempo_confidence": 0.0,
    "note_midi": 38,
    "note_name": "D2",
    "note_frequency": 73.42841339111328,
    "note_confidence": 0.913428783416748,
    "hardness": 54.64624720859186,
    "depth": 48.26957578988333,
    "brightness": 48.521076976128995,
    "roughness": 56.57702538702668,
    "warmth": 60.08381692118651,
    "sharpness": 29.076063720399766,
    "boominess": 32.6714087986881,
    "reverb": false,
    "name": "AKWF_hvoice_0036.wav",
    "SpectralCentroid": 0.24407822045497746,
    "SpectralSpread": 0.09657827857878595,
    "SpectralKurtosis": 0.6715767433840034,
    "ZeroCrossingRate": 0.7567375429308871,
    "SpectralComplexity": 0.9850746268656716,
    "OddToEvenHarmonicEnergyRatio": 0.4017692757245654,
    "Dissonance": 0.9999985412712296,
    "PitchSalience": 0.6260980999323544,
    "HNR": 0.3400894533937212,
    "NormalizeMethod": "ess_yeojohnson",
    "dco_brightness": 0.28269422174727576,
    "dco_richness": 0.4005682053554919,
    "dco_flatness": 0.4005682053554919,
    "dco_oddenergy": 0.37355538683598755,
    "dco_zcr": 0.2796406039636913
}