{
    "duration": 0.08163265138864517,
    "lossless": 1.0,
    "codec": "pcm_f32le",
    "bitrate": 1411200.0,
    "samplerate": 44100.0,
    "channels": 1.0,
    "audio_md5": "a1e35f48cc4a71c7dfd3e46bd69edd55",
    "loudness": -16.084796905517578,
    "dynamic_range": 0.0,
    "temporal_centroid": 0.5795150399208069,
    "log_attack_time": -1.3989259004592896,
    "filesize": 14458,
    "single_event": false,
    "tonality": "D major",
    "tonality_confidence": 0.6168923377990723,
    "loop": false,
    "tempo": 0,
    "tempo_confidence": 0.0,
    "note_midi": 38,
    "note_name": "D2",
    "note_frequency": 73.42953491210938,
    "note_confidence": 0.9578296542167664,
    "hardness": 71.11864275841552,
    "depth": 62.58492874586442,
    "brightness": 60.9487850888592,
    "roughness": 57.713523866870034,
    "warmth": 45.31326446088548,
    "sharpness": 52.0880302492771,
    "boominess": 38.179671145545484,
    "reverb": false,
    "name": "AKWF_0180.wav",
    "SpectralCentroid": 0.7530443398573159,
    "SpectralSpread": 0.865818003869055,
    "SpectralKurtosis": 0.4502947466227978,
    "ZeroCrossingRate": 0.9998829971051144,
    "SpectralComplexity": 1.0,
    "OddToEvenHarmonicEnergyRatio": 0.5246544854847427,
    "Dissonance": 0.9999984683347911,
    "PitchSalience": 0.20240260182634684,
    "HNR": 0.0,
    "NormalizeMethod": "ess_yeojohnson",
    "dco_brightness": 0.15843426540808198,
    "dco_richness": 0.5358388876073349,
    "dco_flatness": 0.5358388876073349,
    "dco_oddenergy": 0.06430399116871188,
    "dco_zcr": 0.6532346456521728
}