{
    "duration": 0.08163265138864517,
    "lossless": 1.0,
    "codec": "pcm_f32le",
    "bitrate": 1411200.0,
    "samplerate": 44100.0,
    "channels": 1.0,
    "audio_md5": "8f80fd47a4d816fdcf0655683281ce15",
    "loudness": -16.449790954589844,
    "dynamic_range": 0.0,
    "temporal_centroid": 0.5843254923820496,
    "log_attack_time": -1.290330171585083,
    "filesize": 14458,
    "single_event": false,
    "tonality": "D major",
    "tonality_confidence": 0.8261071443557739,
    "loop": false,
    "tempo": 0,
    "tempo_confidence": 0.0,
    "note_midi": 38,
    "note_name": "D2",
    "note_frequency": 73.4426498413086,
    "note_confidence": 0.9384347200393677,
    "hardness": 49.70233134963175,
    "depth": 62.102996125718356,
    "brightness": 43.75781830938154,
    "roughness": 49.916951857682385,
    "warmth": 60.43891955938061,
    "sharpness": 34.73517134651728,
    "boominess": 43.06293980090098,
    "reverb": false,
    "name": "AKWF_0023.wav",
    "SpectralCentroid": 0.34597365941896857,
    "SpectralSpread": 0.3449185241584543,
    "SpectralKurtosis": 0.5797371184049505,
    "ZeroCrossingRate": 0.23302718649526455,
    "SpectralComplexity": 1.0,
    "OddToEvenHarmonicEnergyRatio": 0.5297335272567054,
    "Dissonance": 0.9501351803951521,
    "PitchSalience": 0.43262191877951883,
    "HNR": 0.0,
    "NormalizeMethod": "ess_yeojohnson",
    "dco_brightness": 0.153505980058638,
    "dco_richness": 0.35539958845954617,
    "dco_flatness": 0.35539958845954617,
    "dco_oddenergy": 0.21452025810348396,
    "dco_zcr": 0.06197413883311543
}