{
    "duration": 0.08163265138864517,
    "lossless": 1.0,
    "codec": "pcm_f32le",
    "bitrate": 1411200.0,
    "samplerate": 44100.0,
    "channels": 1.0,
    "audio_md5": "b990d04d03d5e0ac24de9a8621d4deae",
    "loudness": -14.470657348632812,
    "dynamic_range": 0.0,
    "temporal_centroid": 0.5942658185958862,
    "log_attack_time": -1.297890067100525,
    "filesize": 14458,
    "single_event": false,
    "tonality": "D minor",
    "tonality_confidence": 0.6196612119674683,
    "loop": false,
    "tempo": 0,
    "tempo_confidence": 0.0,
    "note_midi": 38,
    "note_name": "D2",
    "note_frequency": 73.44317626953125,
    "note_confidence": 0.9294301271438599,
    "hardness": 35.67621803017593,
    "depth": 58.614059497883716,
    "brightness": 25.991304653799,
    "roughness": 34.23460168017733,
    "warmth": 63.44819433529296,
    "sharpness": 10.19463662718092,
    "boominess": 43.60711825643499,
    "reverb": false,
    "name": "AKWF_0929.wav",
    "SpectralCentroid": 0.0708093184954811,
    "SpectralSpread": 0.002312290354819571,
    "SpectralKurtosis": 0.9263761219081033,
    "ZeroCrossingRate": 0.4252420127794052,
    "SpectralComplexity": 0.04477611940298507,
    "OddToEvenHarmonicEnergyRatio": 0.5036769342968087,
    "Dissonance": 0.6491485254294351,
    "PitchSalience": 0.5701668881162686,
    "HNR": 0.313429673842705,
    "NormalizeMethod": "ess_yeojohnson",
    "dco_brightness": 0.20127755161442662,
    "dco_richness": 0.321200406453594,
    "dco_flatness": 0.321200406453594,
    "dco_oddenergy": 0.22954160456459427,
    "dco_zcr": 0.14487511069267625
}