{
    "duration": 0.08163265138864517,
    "lossless": 1.0,
    "codec": "pcm_f32le",
    "bitrate": 1411200.0,
    "samplerate": 44100.0,
    "channels": 1.0,
    "audio_md5": "b72d17bcd9a3cd6252f4c3f6f310b0f8",
    "loudness": -14.747587203979492,
    "dynamic_range": 0.0,
    "temporal_centroid": 0.6247134804725647,
    "log_attack_time": -1.2629624605178833,
    "filesize": 14458,
    "single_event": false,
    "tonality": "D major",
    "tonality_confidence": 0.8505867719650269,
    "loop": false,
    "tempo": 0,
    "tempo_confidence": 0.0,
    "note_midi": 38,
    "note_name": "D2",
    "note_frequency": 73.42945861816406,
    "note_confidence": 0.9076950550079346,
    "hardness": 82.54048589267839,
    "depth": 49.090576976421076,
    "brightness": 56.82595000672224,
    "roughness": 69.55066142147044,
    "warmth": 49.24364465310508,
    "sharpness": 46.86312373709707,
    "boominess": 31.14859639656105,
    "reverb": false,
    "name": "AKWF_distorted_0035.wav",
    "SpectralCentroid": 0.7419427152851299,
    "SpectralSpread": 0.8615296421753134,
    "SpectralKurtosis": 0.4725922295475979,
    "ZeroCrossingRate": 0.23302718649526455,
    "SpectralComplexity": 1.0,
    "OddToEvenHarmonicEnergyRatio": 0.2689681718750037,
    "Dissonance": 0.962773971144011,
    "PitchSalience": 0.8616243307144653,
    "HNR": 0.0,
    "NormalizeMethod": "ess_yeojohnson",
    "dco_brightness": 0.3153188414536038,
    "dco_richness": 0.5977160161501497,
    "dco_flatness": 0.5977160161501497,
    "dco_oddenergy": 0.5846203000279537,
    "dco_zcr": 0.14487511069267625
}