{
    "duration": 0.08163265138864517,
    "lossless": 1.0,
    "codec": "pcm_f32le",
    "bitrate": 1411200.0,
    "samplerate": 44100.0,
    "channels": 1.0,
    "audio_md5": "89cd853b81af2984aaf0769b206ccf3e",
    "loudness": -14.4482421875,
    "dynamic_range": 0.0,
    "temporal_centroid": 0.5947853326797485,
    "log_attack_time": -1.2730013132095337,
    "filesize": 14458,
    "single_event": false,
    "tonality": "D major",
    "tonality_confidence": 0.8853597044944763,
    "loop": false,
    "tempo": 0,
    "tempo_confidence": 0.0,
    "note_midi": 38,
    "note_name": "D2",
    "note_frequency": 73.44011688232422,
    "note_confidence": 0.9474211931228638,
    "hardness": 53.02816687664503,
    "depth": 62.94104248422913,
    "brightness": 40.593267427638814,
    "roughness": 46.04286934232701,
    "warmth": 61.16647766981775,
    "sharpness": 34.014538376423076,
    "boominess": 50.399597953786866,
    "reverb": false,
    "name": "AKWF_vgame_0020.wav",
    "SpectralCentroid": 0.41855116889941735,
    "SpectralSpread": 0.570792367821894,
    "SpectralKurtosis": 0.5524243735669916,
    "ZeroCrossingRate": 0.568873868296057,
    "SpectralComplexity": 0.9552238805970149,
    "OddToEvenHarmonicEnergyRatio": 0.2615795643603963,
    "Dissonance": 0.7996128971462014,
    "PitchSalience": 0.28492409217032416,
    "HNR": 0.0,
    "NormalizeMethod": "ess_yeojohnson",
    "dco_brightness": 0.15747883459122777,
    "dco_richness": 0.38702347100111234,
    "dco_flatness": 0.38702347100111234,
    "dco_oddenergy": 0.5242542395886601,
    "dco_zcr": 0.2016028048315253
}