{
    "duration": 0.08163265138864517,
    "lossless": 1.0,
    "codec": "pcm_f32le",
    "bitrate": 1411200.0,
    "samplerate": 44100.0,
    "channels": 1.0,
    "audio_md5": "9981d891cfddec8cf4bbc1c499d137fa",
    "loudness": -13.990547180175781,
    "dynamic_range": 0.0,
    "temporal_centroid": 0.5894871354103088,
    "log_attack_time": -1.262782096862793,
    "filesize": 14458,
    "single_event": false,
    "tonality": "D major",
    "tonality_confidence": 0.8781172633171082,
    "loop": false,
    "tempo": 0,
    "tempo_confidence": 0.0,
    "note_midi": 38,
    "note_name": "D2",
    "note_frequency": 73.42839813232422,
    "note_confidence": 0.9956874847412109,
    "hardness": 66.00770719619814,
    "depth": 60.80938249581952,
    "brightness": 55.92770230851562,
    "roughness": 62.59826128876763,
    "warmth": 50.759706304265585,
    "sharpness": 49.290452165869716,
    "boominess": 36.796528310770356,
    "reverb": false,
    "name": "AKWF_vgame_0135.wav",
    "SpectralCentroid": 0.7202692901521457,
    "SpectralSpread": 0.7858896013767631,
    "SpectralKurtosis": 0.46781800861993245,
    "ZeroCrossingRate": 0.23302718649526455,
    "SpectralComplexity": 1.0,
    "OddToEvenHarmonicEnergyRatio": 0.5240510401365249,
    "Dissonance": 0.9808875897774622,
    "PitchSalience": 0.4447049322478947,
    "HNR": 0.0,
    "NormalizeMethod": "ess_yeojohnson",
    "dco_brightness": 0.214302204582831,
    "dco_richness": 0.5437597193660294,
    "dco_flatness": 0.5437597193660294,
    "dco_oddenergy": 0.23323181389694392,
    "dco_zcr": 0.06197413883311543
}