{
    "duration": 0.08163265138864517,
    "lossless": 1.0,
    "codec": "pcm_f32le",
    "bitrate": 1411200.0,
    "samplerate": 44100.0,
    "channels": 1.0,
    "audio_md5": "8ff65301d1f4dfdeb079e42da81c48de",
    "loudness": -13.721556663513184,
    "dynamic_range": 0.0,
    "temporal_centroid": 0.5778506398200989,
    "log_attack_time": -1.3843672275543213,
    "filesize": 14458,
    "single_event": false,
    "tonality": "D major",
    "tonality_confidence": 0.8031963109970093,
    "loop": false,
    "tempo": 0,
    "tempo_confidence": 0.0,
    "note_midi": 38,
    "note_name": "D2",
    "note_frequency": 73.4746322631836,
    "note_confidence": 0.9563549757003784,
    "hardness": 38.912727039740915,
    "depth": 63.333826886145296,
    "brightness": 38.23838725621782,
    "roughness": 48.74928078374245,
    "warmth": 61.52599184255092,
    "sharpness": 18.46665860640621,
    "boominess": 48.53026030707647,
    "reverb": false,
    "name": "AKWF_birds_0009.wav",
    "SpectralCentroid": 0.10880938807021713,
    "SpectralSpread": 0.033675113410529825,
    "SpectralKurtosis": 0.7632741472299267,
    "ZeroCrossingRate": 0.23302718649526455,
    "SpectralComplexity": 0.746268656716418,
    "OddToEvenHarmonicEnergyRatio": 0.6730261833595358,
    "Dissonance": 0.9600745206179642,
    "PitchSalience": 0.20341911822227657,
    "HNR": 0.0,
    "NormalizeMethod": "ess_yeojohnson",
    "dco_brightness": 0.12190546495508196,
    "dco_richness": 0.24657494690796186,
    "dco_flatness": 0.24657494690796186,
    "dco_oddenergy": 0.09588196159192419,
    "dco_zcr": 0.06197413883311543
}