{
    "duration": 0.08163265138864517,
    "lossless": 1.0,
    "codec": "pcm_f32le",
    "bitrate": 1411200.0,
    "samplerate": 44100.0,
    "channels": 1.0,
    "audio_md5": "506bf0c302650ed727ead4e612f5c973",
    "loudness": -15.453593254089355,
    "dynamic_range": 0.0,
    "temporal_centroid": 0.6026285290718079,
    "log_attack_time": -1.2687749862670898,
    "filesize": 14458,
    "single_event": false,
    "tonality": "D major",
    "tonality_confidence": 0.6229804754257202,
    "loop": false,
    "tempo": 0,
    "tempo_confidence": 0.0,
    "note_midi": 38,
    "note_name": "D2",
    "note_frequency": 73.45907592773438,
    "note_confidence": 0.9385979771614075,
    "hardness": 33.79381899683921,
    "depth": 62.46906516094723,
    "brightness": 28.643370482844382,
    "roughness": 47.600830190573504,
    "warmth": 67.60283511772718,
    "sharpness": 3.502255279613344,
    "boominess": 51.335853399527124,
    "reverb": false,
    "name": "AKWF_ebass_0042.wav",
    "SpectralCentroid": 0.07410896442237573,
    "SpectralSpread": 0.05149950964611185,
    "SpectralKurtosis": 0.7793434545467951,
    "ZeroCrossingRate": 0.23302718649526455,
    "SpectralComplexity": 0.34328358208955223,
    "OddToEvenHarmonicEnergyRatio": 0.27916928283781156,
    "Dissonance": 0.6846792926449145,
    "PitchSalience": 0.49880314959530914,
    "HNR": 0.0,
    "NormalizeMethod": "ess_yeojohnson",
    "dco_brightness": 0.16121288276792725,
    "dco_richness": 0.24496599366068922,
    "dco_flatness": 0.24496599366068922,
    "dco_oddenergy": 0.4833287411335917,
    "dco_zcr": 0.06197413883311543
}