{
    "duration": 0.08163265138864517,
    "lossless": 1.0,
    "codec": "pcm_f32le",
    "bitrate": 1411200.0,
    "samplerate": 44100.0,
    "channels": 1.0,
    "audio_md5": "3f77d7f840a59159172090ac4ec872c9",
    "loudness": -17.5884952545166,
    "dynamic_range": 0.0,
    "temporal_centroid": 0.6120647192001343,
    "log_attack_time": -1.2533270120620728,
    "filesize": 14458,
    "single_event": false,
    "tonality": "D major",
    "tonality_confidence": 0.8342847228050232,
    "loop": false,
    "tempo": 0,
    "tempo_confidence": 0.0,
    "note_midi": 38,
    "note_name": "D2",
    "note_frequency": 73.42839050292969,
    "note_confidence": 0.9965227246284485,
    "hardness": 78.87330461555945,
    "depth": 48.58745015053699,
    "brightness": 63.07191470517628,
    "roughness": 76.93881936205585,
    "warmth": 43.062956105950526,
    "sharpness": 52.32368608049006,
    "boominess": 29.23514561753536,
    "reverb": false,
    "name": "AKWF_1073.wav",
    "SpectralCentroid": 0.8588272726619898,
    "SpectralSpread": 0.9150433088566939,
    "SpectralKurtosis": 0.3820129873588864,
    "ZeroCrossingRate": 0.8961704051034269,
    "SpectralComplexity": 1.0,
    "OddToEvenHarmonicEnergyRatio": 0.23318149767913846,
    "Dissonance": 0.9999986871441067,
    "PitchSalience": 0.7380415431029141,
    "HNR": 0.0,
    "NormalizeMethod": "ess_yeojohnson",
    "dco_brightness": 0.4065625420312156,
    "dco_richness": 0.6755952386816283,
    "dco_flatness": 0.6755952386816283,
    "dco_oddenergy": 0.7294730289868032,
    "dco_zcr": 0.356183536315725
}