{
    "duration": 0.08163265138864517,
    "lossless": 1.0,
    "codec": "pcm_f32le",
    "bitrate": 1411200.0,
    "samplerate": 44100.0,
    "channels": 1.0,
    "audio_md5": "7c9b10c0f828a477551fd9c8933c94fb",
    "loudness": -15.435215950012207,
    "dynamic_range": 0.0,
    "temporal_centroid": 0.5929082036018372,
    "log_attack_time": -1.2918702363967896,
    "filesize": 14458,
    "single_event": false,
    "tonality": "D major",
    "tonality_confidence": 0.7488164305686951,
    "loop": false,
    "tempo": 0,
    "tempo_confidence": 0.0,
    "note_midi": 38,
    "note_name": "D2",
    "note_frequency": 73.42839813232422,
    "note_confidence": 0.9257847666740417,
    "hardness": 74.25818899916572,
    "depth": 49.853679766127144,
    "brightness": 56.7911493001622,
    "roughness": 66.621136521181,
    "warmth": 51.25446289009816,
    "sharpness": 50.842340583357824,
    "boominess": 34.74620601226988,
    "reverb": false,
    "name": "AKWF_overtone_0022.wav",
    "SpectralCentroid": 0.8451625286244709,
    "SpectralSpread": 0.9031404649477113,
    "SpectralKurtosis": 0.3972222684633931,
    "ZeroCrossingRate": 0.568873868296057,
    "SpectralComplexity": 1.0,
    "OddToEvenHarmonicEnergyRatio": 0.051075421871214735,
    "Dissonance": 0.9688954534925176,
    "PitchSalience": 0.5513539416481371,
    "HNR": 0.7764478000481118,
    "NormalizeMethod": "ess_yeojohnson",
    "dco_brightness": 0.30533025382364115,
    "dco_richness": 0.6214809203071492,
    "dco_flatness": 0.6214809203071492,
    "dco_oddenergy": 0.9360506843139441,
    "dco_zcr": 0.2016028048315253
}