{
    "duration": 0.08163265138864517,
    "lossless": 1.0,
    "codec": "pcm_f32le",
    "bitrate": 1411200.0,
    "samplerate": 44100.0,
    "channels": 1.0,
    "audio_md5": "948c5b3cc7c83bfb5f06069130274c43",
    "loudness": -13.765941619873047,
    "dynamic_range": 0.0,
    "temporal_centroid": 0.6060271859169006,
    "log_attack_time": -1.2752227783203125,
    "filesize": 14458,
    "single_event": false,
    "tonality": "D major",
    "tonality_confidence": 0.7812513113021851,
    "loop": false,
    "tempo": 0,
    "tempo_confidence": 0.0,
    "note_midi": 38,
    "note_name": "D2",
    "note_frequency": 73.42839813232422,
    "note_confidence": 0.8952984809875488,
    "hardness": 75.37648037742642,
    "depth": 56.29827311115844,
    "brightness": 56.46500114796152,
    "roughness": 67.70444552362333,
    "warmth": 52.601710199074816,
    "sharpness": 49.221867690403116,
    "boominess": 33.42677981091444,
    "reverb": false,
    "name": "AKWF_oscchip_0117.wav",
    "SpectralCentroid": 0.6946180087140034,
    "SpectralSpread": 0.7024581655140726,
    "SpectralKurtosis": 0.4809582613957497,
    "ZeroCrossingRate": 0.568873868296057,
    "SpectralComplexity": 0.9701492537313433,
    "OddToEvenHarmonicEnergyRatio": 0.2782640624745206,
    "Dissonance": 0.9544767218980279,
    "PitchSalience": 0.6159576043092274,
    "HNR": 0.0,
    "NormalizeMethod": "ess_yeojohnson",
    "dco_brightness": 0.3029935829746794,
    "dco_richness": 0.5731692872466032,
    "dco_flatness": 0.5731692872466032,
    "dco_oddenergy": 0.5688252273487208,
    "dco_zcr": 0.2016028048315253
}