{
    "duration": 0.08163265138864517,
    "lossless": 1.0,
    "codec": "pcm_f32le",
    "bitrate": 1411200.0,
    "samplerate": 44100.0,
    "channels": 1.0,
    "audio_md5": "dc5004ac5176f7e698edc6e6d4563c15",
    "loudness": -15.312435150146484,
    "dynamic_range": 0.0,
    "temporal_centroid": 0.5934725403785706,
    "log_attack_time": -1.3136191368103027,
    "filesize": 14458,
    "single_event": false,
    "tonality": "D minor",
    "tonality_confidence": 0.7035430669784546,
    "loop": false,
    "tempo": 0,
    "tempo_confidence": 0.0,
    "note_midi": 38,
    "note_name": "D2",
    "note_frequency": 73.43175506591797,
    "note_confidence": 0.970203161239624,
    "hardness": 40.95176102645826,
    "depth": 51.462516117559765,
    "brightness": 34.94983915139133,
    "roughness": 47.361430248978316,
    "warmth": 59.19656859110727,
    "sharpness": 16.160530254615928,
    "boominess": 38.118448523471905,
    "reverb": false,
    "name": "AKWF_eorgan_0125.wav",
    "SpectralCentroid": 0.09807642490833016,
    "SpectralSpread": 0.007225923382277715,
    "SpectralKurtosis": 0.8741702997946976,
    "ZeroCrossingRate": 0.4252420127794052,
    "SpectralComplexity": 0.19402985074626866,
    "OddToEvenHarmonicEnergyRatio": 0.28217344649126885,
    "Dissonance": 0.6106265619338309,
    "PitchSalience": 0.44345995673081723,
    "HNR": 0.16590401087313608,
    "NormalizeMethod": "ess_yeojohnson",
    "dco_brightness": 0.22642895125907556,
    "dco_richness": 0.378159938211534,
    "dco_flatness": 0.378159938211534,
    "dco_oddenergy": 0.49422646958289373,
    "dco_zcr": 0.14487511069267625
}