{
    "duration": 0.08163265138864517,
    "lossless": 1.0,
    "codec": "pcm_f32le",
    "bitrate": 1411200.0,
    "samplerate": 44100.0,
    "channels": 1.0,
    "audio_md5": "bfcc46cca9b60df2c9eb2cc5f14199fa",
    "loudness": -27.73600196838379,
    "dynamic_range": 0.0,
    "temporal_centroid": 0.6314345598220825,
    "log_attack_time": -1.2624216079711914,
    "filesize": 14458,
    "single_event": false,
    "tonality": "D minor",
    "tonality_confidence": 0.7086594700813293,
    "loop": false,
    "tempo": 0,
    "tempo_confidence": 0.0,
    "note_midi": 38,
    "note_name": "D2",
    "note_frequency": 73.42840576171875,
    "note_confidence": 0.8830350637435913,
    "hardness": 87.28933950580688,
    "depth": 18.696871829033874,
    "brightness": 76.13238868682201,
    "roughness": 79.68835980634942,
    "warmth": 21.192513504989332,
    "sharpness": 64.178678383141,
    "boominess": 9.326413198694336,
    "reverb": false,
    "name": "AKWF_0302.wav",
    "SpectralCentroid": 0.93992781783409,
    "SpectralSpread": 0.9254595725674107,
    "SpectralKurtosis": 0.29624442317974303,
    "ZeroCrossingRate": 0.9971515268293176,
    "SpectralComplexity": 1.0,
    "OddToEvenHarmonicEnergyRatio": 0.2776539789865623,
    "Dissonance": 0.9993708502813304,
    "PitchSalience": 0.9928299080108942,
    "HNR": 0.0,
    "NormalizeMethod": "ess_yeojohnson",
    "dco_brightness": 0.6553138956551225,
    "dco_richness": 0.7719694186127942,
    "dco_flatness": 0.7719694186127942,
    "dco_oddenergy": 0.9879108281094812,
    "dco_zcr": 0.6019166416429328
}