{
    "duration": 0.08163265138864517,
    "lossless": 1.0,
    "codec": "pcm_f32le",
    "bitrate": 1411200.0,
    "samplerate": 44100.0,
    "channels": 1.0,
    "audio_md5": "b9251f72d6967292e9b5427b1f2f8dc6",
    "loudness": -15.200705528259277,
    "dynamic_range": 0.0,
    "temporal_centroid": 0.5979021191596985,
    "log_attack_time": -1.3220125436782837,
    "filesize": 14458,
    "single_event": false,
    "tonality": "D major",
    "tonality_confidence": 0.8377113342285156,
    "loop": false,
    "tempo": 0,
    "tempo_confidence": 0.0,
    "note_midi": 38,
    "note_name": "D2",
    "note_frequency": 73.43167877197266,
    "note_confidence": 0.9852719306945801,
    "hardness": 47.77740097702744,
    "depth": 52.45245744116811,
    "brightness": 43.883695292514645,
    "roughness": 53.05300383809258,
    "warmth": 65.70525310857664,
    "sharpness": 29.467508839333746,
    "boominess": 41.91306113813304,
    "reverb": false,
    "name": "AKWF_0372.wav",
    "SpectralCentroid": 0.2558928541750019,
    "SpectralSpread": 0.20389643704382315,
    "SpectralKurtosis": 0.6479751507992522,
    "ZeroCrossingRate": 0.4252420127794052,
    "SpectralComplexity": 0.9701492537313433,
    "OddToEvenHarmonicEnergyRatio": 0.616410149355071,
    "Dissonance": 0.9638466473453179,
    "PitchSalience": 0.6356320544737238,
    "HNR": 0.7358383808532736,
    "NormalizeMethod": "ess_yeojohnson",
    "dco_brightness": 0.17713133400258513,
    "dco_richness": 0.34876738662526385,
    "dco_flatness": 0.34876738662526385,
    "dco_oddenergy": 0.14046938040936785,
    "dco_zcr": 0.14487511069267625
}