{
    "duration": 0.08163265138864517,
    "lossless": 1.0,
    "codec": "pcm_f32le",
    "bitrate": 1411200.0,
    "samplerate": 44100.0,
    "channels": 1.0,
    "audio_md5": "e57c466dfd1ee9f6e3c8baed3656b12a",
    "loudness": -12.801130294799805,
    "dynamic_range": 0.0,
    "temporal_centroid": 0.5760313272476196,
    "log_attack_time": -1.3714373111724854,
    "filesize": 14458,
    "single_event": false,
    "tonality": "D major",
    "tonality_confidence": 0.5752686262130737,
    "loop": false,
    "tempo": 0,
    "tempo_confidence": 0.0,
    "note_midi": 38,
    "note_name": "D2",
    "note_frequency": 73.42839813232422,
    "note_confidence": 0.929338276386261,
    "hardness": 53.71616301292431,
    "depth": 59.50829170289214,
    "brightness": 47.572263111615385,
    "roughness": 58.825509415056025,
    "warmth": 62.8776931672799,
    "sharpness": 27.859067887561128,
    "boominess": 40.19113456029524,
    "reverb": false,
    "name": "AKWF_vgame_0098.wav",
    "SpectralCentroid": 0.24380074757401848,
    "SpectralSpread": 0.09553032163740507,
    "SpectralKurtosis": 0.6862065096224838,
    "ZeroCrossingRate": 0.23302718649526455,
    "SpectralComplexity": 0.9701492537313433,
    "OddToEvenHarmonicEnergyRatio": 0.5032321729599538,
    "Dissonance": 0.9813286364211898,
    "PitchSalience": 0.3978530902573139,
    "HNR": 0.8129600259729765,
    "NormalizeMethod": "ess_yeojohnson",
    "dco_brightness": 0.17016140840792313,
    "dco_richness": 0.3821744182568964,
    "dco_flatness": 0.3821744182568964,
    "dco_oddenergy": 0.257390745096863,
    "dco_zcr": 0.06197413883311543
}