{
    "duration": 0.08163265138864517,
    "lossless": 1.0,
    "codec": "pcm_f32le",
    "bitrate": 1411200.0,
    "samplerate": 44100.0,
    "channels": 1.0,
    "audio_md5": "19a301560f46a8107dc1bef1cd137f44",
    "loudness": -11.569754600524902,
    "dynamic_range": 0.0,
    "temporal_centroid": 0.5796360373497009,
    "log_attack_time": -1.3373706340789795,
    "filesize": 14458,
    "single_event": false,
    "tonality": "D major",
    "tonality_confidence": 0.896729052066803,
    "loop": false,
    "tempo": 0,
    "tempo_confidence": 0.0,
    "note_midi": 38,
    "note_name": "D2",
    "note_frequency": 73.43136596679688,
    "note_confidence": 0.9486340880393982,
    "hardness": 52.35676239062758,
    "depth": 50.02344866914805,
    "brightness": 47.85428366074464,
    "roughness": 59.931727674593894,
    "warmth": 65.9586896138456,
    "sharpness": 28.58188536414336,
    "boominess": 37.58834998829917,
    "reverb": false,
    "name": "AKWF_fmsynth_0103.wav",
    "SpectralCentroid": 0.3021574314085858,
    "SpectralSpread": 0.10351240937376925,
    "SpectralKurtosis": 0.6696048884475375,
    "ZeroCrossingRate": 0.6763055176555212,
    "SpectralComplexity": 1.0,
    "OddToEvenHarmonicEnergyRatio": 0.05472996050724179,
    "Dissonance": 0.9551416834080105,
    "PitchSalience": 0.5019592181087515,
    "HNR": 0.7683917488671914,
    "NormalizeMethod": "ess_yeojohnson",
    "dco_brightness": 0.256485820455019,
    "dco_richness": 0.42995170673368566,
    "dco_flatness": 0.42995170673368566,
    "dco_oddenergy": 0.9937481158775909,
    "dco_zcr": 0.24477676146998018
}