{
    "duration": 0.08163265138864517,
    "lossless": 1.0,
    "codec": "pcm_f32le",
    "bitrate": 1411200.0,
    "samplerate": 44100.0,
    "channels": 1.0,
    "audio_md5": "f4b7ef08355456dfe141ba91beac852a",
    "loudness": -14.483306884765625,
    "dynamic_range": 0.0,
    "temporal_centroid": 0.5838728547096252,
    "log_attack_time": -1.3709743022918701,
    "filesize": 14458,
    "single_event": false,
    "tonality": "D major",
    "tonality_confidence": 0.8484418988227844,
    "loop": false,
    "tempo": 0,
    "tempo_confidence": 0.0,
    "note_midi": 38,
    "note_name": "D2",
    "note_frequency": 73.42839813232422,
    "note_confidence": 0.9969156384468079,
    "hardness": 73.19189459441881,
    "depth": 58.52169130011682,
    "brightness": 63.56682615663319,
    "roughness": 69.96286839050808,
    "warmth": 43.20404688772571,
    "sharpness": 53.00123909955279,
    "boominess": 32.64668546318879,
    "reverb": false,
    "name": "AKWF_1532.wav",
    "SpectralCentroid": 0.8703532701686778,
    "SpectralSpread": 0.936961890653761,
    "SpectralKurtosis": 0.3610799812215089,
    "ZeroCrossingRate": 0.4252420127794052,
    "SpectralComplexity": 1.0,
    "OddToEvenHarmonicEnergyRatio": 0.5476243110448106,
    "Dissonance": 0.9725562062782519,
    "PitchSalience": 0.49703596788293847,
    "HNR": 0.7712138330398824,
    "NormalizeMethod": "ess_yeojohnson",
    "dco_brightness": 0.31015873789903564,
    "dco_richness": 0.6588967535537338,
    "dco_flatness": 0.6588967535537338,
    "dco_oddenergy": 0.2446752756314704,
    "dco_zcr": 0.14487511069267625
}