{
    "duration": 0.08163265138864517,
    "lossless": 1.0,
    "codec": "pcm_f32le",
    "bitrate": 1411200.0,
    "samplerate": 44100.0,
    "channels": 1.0,
    "audio_md5": "ed5daec664e45e52a2f04cef9cccdfc5",
    "loudness": -14.35610580444336,
    "dynamic_range": 0.0,
    "temporal_centroid": 0.5850061178207397,
    "log_attack_time": -1.3659136295318604,
    "filesize": 14458,
    "single_event": false,
    "tonality": "D major",
    "tonality_confidence": 0.8824030756950378,
    "loop": false,
    "tempo": 0,
    "tempo_confidence": 0.0,
    "note_midi": 38,
    "note_name": "D2",
    "note_frequency": 73.42839813232422,
    "note_confidence": 0.9979321360588074,
    "hardness": 66.43728589019247,
    "depth": 59.33696420327881,
    "brightness": 58.107782450350285,
    "roughness": 65.62494148440152,
    "warmth": 49.40988001872695,
    "sharpness": 50.59127074828721,
    "boominess": 34.925613009068535,
    "reverb": false,
    "name": "AKWF_1530.wav",
    "SpectralCentroid": 0.7249104951447151,
    "SpectralSpread": 0.7477759610802108,
    "SpectralKurtosis": 0.45827879923711257,
    "ZeroCrossingRate": 0.23302718649526455,
    "SpectralComplexity": 1.0,
    "OddToEvenHarmonicEnergyRatio": 0.49783730474399335,
    "Dissonance": 0.9745747222142802,
    "PitchSalience": 0.5069186918964281,
    "HNR": 0.0,
    "NormalizeMethod": "ess_yeojohnson",
    "dco_brightness": 0.24651199174038332,
    "dco_richness": 0.5670725843331422,
    "dco_flatness": 0.5670725843331422,
    "dco_oddenergy": 0.28119398078456526,
    "dco_zcr": 0.06197413883311543
}