{
    "duration": 0.08163265138864517,
    "lossless": 1.0,
    "codec": "pcm_f32le",
    "bitrate": 1411200.0,
    "samplerate": 44100.0,
    "channels": 1.0,
    "audio_md5": "496cb82f0d0068ba2d2b985484b48a9c",
    "loudness": -10.534420013427734,
    "dynamic_range": 0.0,
    "temporal_centroid": 0.5643614530563354,
    "log_attack_time": -1.6345629692077637,
    "filesize": 14458,
    "single_event": false,
    "tonality": "D major",
    "tonality_confidence": 0.7344546318054199,
    "loop": false,
    "tempo": 0,
    "tempo_confidence": 0.0,
    "note_midi": 38,
    "note_name": "D2",
    "note_frequency": 73.42852020263672,
    "note_confidence": 0.9955270886421204,
    "hardness": 63.25263110122225,
    "depth": 61.24293866460623,
    "brightness": 56.6637550940594,
    "roughness": 59.937976473012746,
    "warmth": 49.800186966690205,
    "sharpness": 48.482824239240955,
    "boominess": 36.14259825034899,
    "reverb": false,
    "name": "AKWF_squ_0084.wav",
    "SpectralCentroid": 0.6888940744163605,
    "SpectralSpread": 0.768736390962623,
    "SpectralKurtosis": 0.4827271681918516,
    "ZeroCrossingRate": 0.23302718649526455,
    "SpectralComplexity": 1.0,
    "OddToEvenHarmonicEnergyRatio": 0.7613829108407482,
    "Dissonance": 0.9745540812021792,
    "PitchSalience": 0.4097924776201224,
    "HNR": 1.0,
    "NormalizeMethod": "ess_yeojohnson",
    "dco_brightness": 0.18472571940058058,
    "dco_richness": 0.5144890939528887,
    "dco_flatness": 0.5144890939528887,
    "dco_oddenergy": 0.07135605656421018,
    "dco_zcr": 0.14487511069267625
}