{
    "duration": 0.08163265138864517,
    "lossless": 1.0,
    "codec": "pcm_f32le",
    "bitrate": 1411200.0,
    "samplerate": 44100.0,
    "channels": 1.0,
    "audio_md5": "a6a237a406e54c560ff51c00532b7407",
    "loudness": -16.276823043823242,
    "dynamic_range": 0.0,
    "temporal_centroid": 0.6027075052261353,
    "log_attack_time": -1.2684093713760376,
    "filesize": 14458,
    "single_event": false,
    "tonality": "D major",
    "tonality_confidence": 0.8004782199859619,
    "loop": false,
    "tempo": 0,
    "tempo_confidence": 0.0,
    "note_midi": 38,
    "note_name": "D2",
    "note_frequency": 73.43356323242188,
    "note_confidence": 0.9736214876174927,
    "hardness": 45.61184061902691,
    "depth": 62.657829029772515,
    "brightness": 40.655065358732415,
    "roughness": 49.78629227157624,
    "warmth": 61.488207412689555,
    "sharpness": 31.384697684844795,
    "boominess": 47.474847239536366,
    "reverb": false,
    "name": "AKWF_0578.wav",
    "SpectralCentroid": 0.42738560703309836,
    "SpectralSpread": 0.5817012490638072,
    "SpectralKurtosis": 0.5700363003367961,
    "ZeroCrossingRate": 0.23302718649526455,
    "SpectralComplexity": 1.0,
    "OddToEvenHarmonicEnergyRatio": 0.28883416484795904,
    "Dissonance": 0.9120444171240754,
    "PitchSalience": 0.3218791459678381,
    "HNR": 0.0,
    "NormalizeMethod": "ess_yeojohnson",
    "dco_brightness": 0.1588300488177266,
    "dco_richness": 0.35860223770663163,
    "dco_flatness": 0.35860223770663163,
    "dco_oddenergy": 0.4866323103907585,
    "dco_zcr": 0.06197413883311543
}