{
    "duration": 0.08163265138864517,
    "lossless": 1.0,
    "codec": "pcm_f32le",
    "bitrate": 1411200.0,
    "samplerate": 44100.0,
    "channels": 1.0,
    "audio_md5": "8dfa1a627473b7dd7836defd0402c7f7",
    "loudness": -19.602272033691406,
    "dynamic_range": 0.0,
    "temporal_centroid": 0.588936984539032,
    "log_attack_time": -1.2382391691207886,
    "filesize": 14458,
    "single_event": false,
    "tonality": "D major",
    "tonality_confidence": 0.8048578500747681,
    "loop": false,
    "tempo": 0,
    "tempo_confidence": 0.0,
    "note_midi": 38,
    "note_name": "D2",
    "note_frequency": 73.42911529541016,
    "note_confidence": 0.9527002573013306,
    "hardness": 68.31107712249477,
    "depth": 51.28320803945608,
    "brightness": 55.03266597230033,
    "roughness": 67.60918607214303,
    "warmth": 51.92182732945479,
    "sharpness": 46.61474086688156,
    "boominess": 33.54458947143104,
    "reverb": false,
    "name": "AKWF_1044.wav",
    "SpectralCentroid": 0.7320862024569617,
    "SpectralSpread": 0.8339300323528146,
    "SpectralKurtosis": 0.4657721875467935,
    "ZeroCrossingRate": 0.4252420127794052,
    "SpectralComplexity": 1.0,
    "OddToEvenHarmonicEnergyRatio": 0.25505948717162175,
    "Dissonance": 0.9842466045170412,
    "PitchSalience": 0.7384460124960095,
    "HNR": 0.0,
    "NormalizeMethod": "ess_yeojohnson",
    "dco_brightness": 0.2832695130334654,
    "dco_richness": 0.5758536247582491,
    "dco_flatness": 0.5758536247582491,
    "dco_oddenergy": 0.5738228910007543,
    "dco_zcr": 0.14487511069267625
}