{
    "duration": 0.08163265138864517,
    "lossless": 1.0,
    "codec": "pcm_f32le",
    "bitrate": 1411200.0,
    "samplerate": 44100.0,
    "channels": 1.0,
    "audio_md5": "958353de618b92de7254c231d6534f34",
    "loudness": -13.70193862915039,
    "dynamic_range": 0.0,
    "temporal_centroid": 0.5903668999671936,
    "log_attack_time": -1.2988687753677368,
    "filesize": 14458,
    "single_event": false,
    "tonality": "F# minor",
    "tonality_confidence": 0.5328755378723145,
    "loop": false,
    "tempo": 0,
    "tempo_confidence": 0.0,
    "note_midi": 38,
    "note_name": "D2",
    "note_frequency": 73.4346694946289,
    "note_confidence": 0.9342756271362305,
    "hardness": 36.60614292309907,
    "depth": 43.587732616476714,
    "brightness": 27.286369243574008,
    "roughness": 34.23478719205649,
    "warmth": 54.474127775246174,
    "sharpness": 12.811239875013477,
    "boominess": 35.20672478310893,
    "reverb": false,
    "name": "AKWF_sinharm_0011.wav",
    "SpectralCentroid": 0.10070459180253824,
    "SpectralSpread": 0.0026161477385870063,
    "SpectralKurtosis": 0.9376603288008166,
    "ZeroCrossingRate": 0.76244996483678,
    "SpectralComplexity": 0.04477611940298507,
    "OddToEvenHarmonicEnergyRatio": 0.025668287846445578,
    "Dissonance": 0.9938126560475102,
    "PitchSalience": 0.4871275352723854,
    "HNR": 0.818412788389907,
    "NormalizeMethod": "ess_yeojohnson",
    "dco_brightness": 0.2759049653012326,
    "dco_richness": 0.2608534714437811,
    "dco_flatness": 0.2608534714437811,
    "dco_oddenergy": 0.0541948406388737,
    "dco_zcr": 0.30888279763685245
}