{
    "duration": 0.08163265138864517,
    "lossless": 1.0,
    "codec": "pcm_f32le",
    "bitrate": 1411200.0,
    "samplerate": 44100.0,
    "channels": 1.0,
    "audio_md5": "ee80792b56a807a9dabdc45a8e226c95",
    "loudness": -10.657663345336914,
    "dynamic_range": 0.0,
    "temporal_centroid": 0.5775642395019531,
    "log_attack_time": -1.3824623823165894,
    "filesize": 14458,
    "single_event": false,
    "tonality": "A minor",
    "tonality_confidence": 0.4205343723297119,
    "loop": false,
    "tempo": 0,
    "tempo_confidence": 0.0,
    "note_midi": 50,
    "note_name": "D3",
    "note_frequency": 146.91876220703125,
    "note_confidence": 0.9439353346824646,
    "hardness": 45.87404080111878,
    "depth": 33.938217644008795,
    "brightness": 43.80484634088721,
    "roughness": 48.2045184361587,
    "warmth": 52.606780270852624,
    "sharpness": 20.984919570770494,
    "boominess": 27.68136582034457,
    "reverb": false,
    "name": "AKWF_fmsynth_0013.wav",
    "SpectralCentroid": 0.20690718877716663,
    "SpectralSpread": 0.025906853646522864,
    "SpectralKurtosis": 0.7864368953837494,
    "ZeroCrossingRate": 0.8170126148854899,
    "SpectralComplexity": 0.6865671641791045,
    "OddToEvenHarmonicEnergyRatio": 0.012841811112219674,
    "Dissonance": 0.9998233479459057,
    "PitchSalience": 0.3315772474531196,
    "HNR": 0.865666660762538,
    "NormalizeMethod": "ess_yeojohnson",
    "dco_brightness": 0.32813423673051517,
    "dco_richness": 0.3569729413670298,
    "dco_flatness": 0.3569729413670298,
    "dco_oddenergy": 0.986173437864218,
    "dco_zcr": 0.30888279763685245
}