{
    "duration": 0.08163265138864517,
    "lossless": 1.0,
    "codec": "pcm_f32le",
    "bitrate": 1411200.0,
    "samplerate": 44100.0,
    "channels": 1.0,
    "audio_md5": "4a8ae357f5d2f37a0002226c1d1c65e5",
    "loudness": -12.37331485748291,
    "dynamic_range": 0.0,
    "temporal_centroid": 0.5884185433387756,
    "log_attack_time": -1.3350213766098022,
    "filesize": 14458,
    "single_event": false,
    "tonality": "D major",
    "tonality_confidence": 0.6713201999664307,
    "loop": false,
    "tempo": 0,
    "tempo_confidence": 0.0,
    "note_midi": 38,
    "note_name": "D2",
    "note_frequency": 73.42886352539062,
    "note_confidence": 0.9736452698707581,
    "hardness": 66.74450752844336,
    "depth": 51.36106600101002,
    "brightness": 52.89293435282856,
    "roughness": 64.2865038436829,
    "warmth": 56.60221347219431,
    "sharpness": 45.39453205352674,
    "boominess": 33.426577875367244,
    "reverb": false,
    "name": "AKWF_0633.wav",
    "SpectralCentroid": 0.7127508185793743,
    "SpectralSpread": 0.7926229111455404,
    "SpectralKurtosis": 0.4781667876689807,
    "ZeroCrossingRate": 0.568873868296057,
    "SpectralComplexity": 1.0,
    "OddToEvenHarmonicEnergyRatio": 0.4701883877723504,
    "Dissonance": 0.958995207200752,
    "PitchSalience": 0.5741658916898356,
    "HNR": 0.3832093765481277,
    "NormalizeMethod": "ess_yeojohnson",
    "dco_brightness": 0.2785306055935744,
    "dco_richness": 0.5470088945673321,
    "dco_flatness": 0.5470088945673321,
    "dco_oddenergy": 0.28080730615072014,
    "dco_zcr": 0.30888279763685245
}