{
    "duration": 0.08163265138864517,
    "lossless": 1.0,
    "codec": "pcm_f32le",
    "bitrate": 1411200.0,
    "samplerate": 44100.0,
    "channels": 1.0,
    "audio_md5": "3f5f8c8af622d08a2fc2e3b74eb4736d",
    "loudness": -19.879634857177734,
    "dynamic_range": 0.0,
    "temporal_centroid": 0.5884550213813782,
    "log_attack_time": -1.281202793121338,
    "filesize": 14458,
    "single_event": false,
    "tonality": "D major",
    "tonality_confidence": 0.8776080012321472,
    "loop": false,
    "tempo": 0,
    "tempo_confidence": 0.0,
    "note_midi": 38,
    "note_name": "D2",
    "note_frequency": 73.42839813232422,
    "note_confidence": 0.9107741117477417,
    "hardness": 73.1490980779788,
    "depth": 53.25081829336493,
    "brightness": 63.684014212095924,
    "roughness": 67.74253656063311,
    "warmth": 43.67811353946345,
    "sharpness": 50.51731695246807,
    "boominess": 29.498299605208036,
    "reverb": false,
    "name": "AKWF_bsaw_0009.wav",
    "SpectralCentroid": 0.5953531213134972,
    "SpectralSpread": 0.3599823116030519,
    "SpectralKurtosis": 0.5273131731033284,
    "ZeroCrossingRate": 0.23302718649526455,
    "SpectralComplexity": 1.0,
    "OddToEvenHarmonicEnergyRatio": 0.14612169798310912,
    "Dissonance": 0.9913435387943081,
    "PitchSalience": 0.6349595711386766,
    "HNR": 0.557528651966472,
    "NormalizeMethod": "ess_yeojohnson",
    "dco_brightness": 0.3516699387404174,
    "dco_richness": 0.5776712053245753,
    "dco_flatness": 0.5776712053245753,
    "dco_oddenergy": 0.4293558225946891,
    "dco_zcr": 0.06197413883311543
}