{
    "duration": 0.08163265138864517,
    "lossless": 1.0,
    "codec": "pcm_f32le",
    "bitrate": 1411200.0,
    "samplerate": 44100.0,
    "channels": 1.0,
    "audio_md5": "3a82c4c7f7e9fbb333104b1a4beaafd5",
    "loudness": -17.453554153442383,
    "dynamic_range": 0.0,
    "temporal_centroid": 0.6079894304275513,
    "log_attack_time": -1.2611619234085083,
    "filesize": 14458,
    "single_event": false,
    "tonality": "D minor",
    "tonality_confidence": 0.7761635780334473,
    "loop": false,
    "tempo": 0,
    "tempo_confidence": 0.0,
    "note_midi": 38,
    "note_name": "D2",
    "note_frequency": 73.428955078125,
    "note_confidence": 0.9942945837974548,
    "hardness": 33.493567062245575,
    "depth": 58.92885039721205,
    "brightness": 33.66940427938009,
    "roughness": 50.84166632975899,
    "warmth": 67.37566406430709,
    "sharpness": 11.157400311939874,
    "boominess": 38.87238106078448,
    "reverb": false,
    "name": "AKWF_birds_0014.wav",
    "SpectralCentroid": 0.06828981906414941,
    "SpectralSpread": 0.017601695570178256,
    "SpectralKurtosis": 0.7981843241637206,
    "ZeroCrossingRate": 0.568873868296057,
    "SpectralComplexity": 0.29850746268656714,
    "OddToEvenHarmonicEnergyRatio": 0.1386145309699658,
    "Dissonance": 0.8786170638590611,
    "PitchSalience": 0.5653073237030444,
    "HNR": 0.560832129660431,
    "NormalizeMethod": "ess_yeojohnson",
    "dco_brightness": 0.15611825917770236,
    "dco_richness": 0.3596959607209378,
    "dco_flatness": 0.3596959607209378,
    "dco_oddenergy": 0.3968029653012175,
    "dco_zcr": 0.2016028048315253
}