{
    "duration": 0.08163265138864517,
    "lossless": 1.0,
    "codec": "pcm_f32le",
    "bitrate": 1411200.0,
    "samplerate": 44100.0,
    "channels": 1.0,
    "audio_md5": "80e9136fecfbad5f75cbb3376db21fcc",
    "loudness": -14.409553527832031,
    "dynamic_range": 0.0,
    "temporal_centroid": 0.584863543510437,
    "log_attack_time": -1.3189228773117065,
    "filesize": 14458,
    "single_event": false,
    "tonality": "D minor",
    "tonality_confidence": 0.6873143911361694,
    "loop": false,
    "tempo": 0,
    "tempo_confidence": 0.0,
    "note_midi": 38,
    "note_name": "D2",
    "note_frequency": 73.43988800048828,
    "note_confidence": 0.9915260076522827,
    "hardness": 22.042063705513073,
    "depth": 54.82140286703602,
    "brightness": 22.582020170895795,
    "roughness": 41.83827358466538,
    "warmth": 59.597116015859555,
    "sharpness": 0.0,
    "boominess": 59.366511343938086,
    "reverb": false,
    "name": "AKWF_violin_0014.wav",
    "SpectralCentroid": 0.027032469607957597,
    "SpectralSpread": 0.01175783208363211,
    "SpectralKurtosis": 0.8681473357507207,
    "ZeroCrossingRate": 0.23302718649526455,
    "SpectralComplexity": 0.3880597014925373,
    "OddToEvenHarmonicEnergyRatio": 0.7181717689445671,
    "Dissonance": 0.6768292896399333,
    "PitchSalience": 0.050646153299857215,
    "HNR": 0.6932938611639963,
    "NormalizeMethod": "ess_yeojohnson",
    "dco_brightness": 0.11424562857584243,
    "dco_richness": 0.13430760694059693,
    "dco_flatness": 0.13430760694059693,
    "dco_oddenergy": 0.07397102367955133,
    "dco_zcr": 0.06197413883311543
}