{
    "duration": 0.08163265138864517,
    "lossless": 1.0,
    "codec": "pcm_f32le",
    "bitrate": 1411200.0,
    "samplerate": 44100.0,
    "channels": 1.0,
    "audio_md5": "a5f1f931981644d1f1902f84bbf8844a",
    "loudness": -13.703817367553711,
    "dynamic_range": 0.0,
    "temporal_centroid": 0.578932523727417,
    "log_attack_time": -1.3800930976867676,
    "filesize": 14458,
    "single_event": false,
    "tonality": "F# major",
    "tonality_confidence": 0.6170223355293274,
    "loop": false,
    "tempo": 0,
    "tempo_confidence": 0.0,
    "note_midi": 38,
    "note_name": "D2",
    "note_frequency": 73.45875549316406,
    "note_confidence": 0.9823530316352844,
    "hardness": 20.861590264758433,
    "depth": 63.64261972166101,
    "brightness": 16.329256532581134,
    "roughness": 26.889833162387752,
    "warmth": 55.571986637333815,
    "sharpness": 0.0,
    "boominess": 57.44737979958826,
    "reverb": false,
    "name": "AKWF_1023.wav",
    "SpectralCentroid": 0.023171170676566176,
    "SpectralSpread": 0.005776021180046761,
    "SpectralKurtosis": 0.9074418147956477,
    "ZeroCrossingRate": 0.23302718649526455,
    "SpectralComplexity": 0.1044776119402985,
    "OddToEvenHarmonicEnergyRatio": 1.0,
    "Dissonance": 0.8812866104453149,
    "PitchSalience": 0.06746905373408242,
    "HNR": 0.5562363536078986,
    "NormalizeMethod": "ess_yeojohnson",
    "dco_brightness": 0.10942040054579678,
    "dco_richness": 0.12506430359704507,
    "dco_flatness": 0.12506430359704507,
    "dco_oddenergy": 0.0006630031569957451,
    "dco_zcr": 0.06197413883311543
}