{
    "duration": 0.08163265138864517,
    "lossless": 1.0,
    "codec": "pcm_f32le",
    "bitrate": 1411200.0,
    "samplerate": 44100.0,
    "channels": 1.0,
    "audio_md5": "ea05786649b5f0f6079e94de90758f13",
    "loudness": -14.70578384399414,
    "dynamic_range": 0.0,
    "temporal_centroid": 0.5920814871788025,
    "log_attack_time": -1.31321382522583,
    "filesize": 14458,
    "single_event": false,
    "tonality": "D major",
    "tonality_confidence": 0.5893874168395996,
    "loop": false,
    "tempo": 0,
    "tempo_confidence": 0.0,
    "note_midi": 38,
    "note_name": "D2",
    "note_frequency": 73.4375228881836,
    "note_confidence": 0.9893237948417664,
    "hardness": 30.42398300046716,
    "depth": 54.358138654715844,
    "brightness": 29.58271651527411,
    "roughness": 46.51557148234723,
    "warmth": 66.23363205109577,
    "sharpness": 0.0,
    "boominess": 52.664704890912176,
    "reverb": false,
    "name": "AKWF_theremin_0007.wav",
    "SpectralCentroid": 0.06299760117839723,
    "SpectralSpread": 0.015260660071033333,
    "SpectralKurtosis": 0.8382023527347721,
    "ZeroCrossingRate": 0.23302718649526455,
    "SpectralComplexity": 0.43283582089552236,
    "OddToEvenHarmonicEnergyRatio": 0.5772492829985102,
    "Dissonance": 0.7751667910476064,
    "PitchSalience": 0.3373941824259662,
    "HNR": 0.8831093731012934,
    "NormalizeMethod": "ess_yeojohnson",
    "dco_brightness": 0.13141976099500122,
    "dco_richness": 0.22732051247280408,
    "dco_flatness": 0.22732051247280408,
    "dco_oddenergy": 0.16435378712777204,
    "dco_zcr": 0.06197413883311543
}