{
    "duration": 0.08163265138864517,
    "lossless": 1.0,
    "codec": "pcm_f32le",
    "bitrate": 1411200.0,
    "samplerate": 44100.0,
    "channels": 1.0,
    "audio_md5": "66ebbe4673c6f09bcd2c3d3b1d7afd39",
    "loudness": -15.929903984069824,
    "dynamic_range": 0.0,
    "temporal_centroid": 0.5883715152740479,
    "log_attack_time": -1.2759658098220825,
    "filesize": 14458,
    "single_event": false,
    "tonality": "D major",
    "tonality_confidence": 0.7551833391189575,
    "loop": false,
    "tempo": 0,
    "tempo_confidence": 0.0,
    "note_midi": 38,
    "note_name": "D2",
    "note_frequency": 73.42845916748047,
    "note_confidence": 0.8868851661682129,
    "hardness": 47.497803395504434,
    "depth": 51.10041805825445,
    "brightness": 44.1048269668853,
    "roughness": 56.80651399753297,
    "warmth": 63.813448424293355,
    "sharpness": 18.140881095367924,
    "boominess": 35.346429381130804,
    "reverb": false,
    "name": "AKWF_piano_0002.wav",
    "SpectralCentroid": 0.17903944165558958,
    "SpectralSpread": 0.03612414326408243,
    "SpectralKurtosis": 0.7617092609953422,
    "ZeroCrossingRate": 0.6763055176555212,
    "SpectralComplexity": 0.6865671641791045,
    "OddToEvenHarmonicEnergyRatio": 0.3992134742641423,
    "Dissonance": 0.9290183309692203,
    "PitchSalience": 0.7640307046641869,
    "HNR": 0.7595966048556749,
    "NormalizeMethod": "ess_yeojohnson",
    "dco_brightness": 0.2667048036453891,
    "dco_richness": 0.38440440967579387,
    "dco_flatness": 0.38440440967579387,
    "dco_oddenergy": 0.49042749546675135,
    "dco_zcr": 0.24477676146998018
}