{
    "duration": 0.08163265138864517,
    "lossless": 1.0,
    "codec": "pcm_f32le",
    "bitrate": 1411200.0,
    "samplerate": 44100.0,
    "channels": 1.0,
    "audio_md5": "33bf92a462ca013b91affdd0b683a1c8",
    "loudness": -14.081560134887695,
    "dynamic_range": 0.0,
    "temporal_centroid": 0.5825140476226807,
    "log_attack_time": -1.3109912872314453,
    "filesize": 14458,
    "single_event": false,
    "tonality": "D major",
    "tonality_confidence": 0.4406898319721222,
    "loop": false,
    "tempo": 0,
    "tempo_confidence": 0.0,
    "note_midi": 38,
    "note_name": "D2",
    "note_frequency": 73.43354034423828,
    "note_confidence": 0.9768243432044983,
    "hardness": 50.781260258614566,
    "depth": 63.58583029532561,
    "brightness": 45.021881579760475,
    "roughness": 45.660637815671926,
    "warmth": 50.49815927937554,
    "sharpness": 44.29049834484867,
    "boominess": 49.48719688110479,
    "reverb": false,
    "name": "AKWF_vgame_0045.wav",
    "SpectralCentroid": 0.5365042055490825,
    "SpectralSpread": 0.7054245975000043,
    "SpectralKurtosis": 0.5243571576915728,
    "ZeroCrossingRate": 0.23302718649526455,
    "SpectralComplexity": 1.0,
    "OddToEvenHarmonicEnergyRatio": 0.7470573505416963,
    "Dissonance": 0.9191013092965952,
    "PitchSalience": 0.07988924894333059,
    "HNR": 0.26388861753277265,
    "NormalizeMethod": "ess_yeojohnson",
    "dco_brightness": 0.11989715023746092,
    "dco_richness": 0.39495527940589237,
    "dco_flatness": 0.39495527940589237,
    "dco_oddenergy": 0.06097209676878834,
    "dco_zcr": 0.06197413883311543
}