{
    "duration": 0.08163265138864517,
    "lossless": 1.0,
    "codec": "pcm_f32le",
    "bitrate": 1411200.0,
    "samplerate": 44100.0,
    "channels": 1.0,
    "audio_md5": "323028113069364bb6e1c58afc538820",
    "loudness": -11.263876914978027,
    "dynamic_range": 0.0,
    "temporal_centroid": 0.5656599402427673,
    "log_attack_time": -1.5321687459945679,
    "filesize": 14458,
    "single_event": false,
    "tonality": "B major",
    "tonality_confidence": 0.47348013520240784,
    "loop": false,
    "tempo": 0,
    "tempo_confidence": 0.0,
    "note_midi": 38,
    "note_name": "D2",
    "note_frequency": 73.43760681152344,
    "note_confidence": 0.9825925230979919,
    "hardness": 39.957614634067696,
    "depth": 54.33163158631252,
    "brightness": 41.28001897842868,
    "roughness": 35.62282843898046,
    "warmth": 59.909315325805586,
    "sharpness": 28.273760408309595,
    "boominess": 45.91901513355809,
    "reverb": false,
    "name": "AKWF_0228.wav",
    "SpectralCentroid": 0.23398073798493937,
    "SpectralSpread": 0.24625091659334594,
    "SpectralKurtosis": 0.6304910590262361,
    "ZeroCrossingRate": 0.23302718649526455,
    "SpectralComplexity": 0.4925373134328358,
    "OddToEvenHarmonicEnergyRatio": 0.0028357619369681745,
    "Dissonance": 0.9859569640003244,
    "PitchSalience": 0.33184315247040935,
    "HNR": 0.0,
    "NormalizeMethod": "ess_yeojohnson",
    "dco_brightness": 0.12513924467249568,
    "dco_richness": 0.28906378801974225,
    "dco_flatness": 0.28906378801974225,
    "dco_oddenergy": 0.006969566597274102,
    "dco_zcr": 0.06197413883311543
}