{
    "duration": 0.08163265138864517,
    "lossless": 1.0,
    "codec": "pcm_f32le",
    "bitrate": 1411200.0,
    "samplerate": 44100.0,
    "channels": 1.0,
    "audio_md5": "d7f3eebeb73f0fafe38238e93e15ef4e",
    "loudness": -13.939254760742188,
    "dynamic_range": 0.0,
    "temporal_centroid": 0.5856518745422363,
    "log_attack_time": -1.3613636493682861,
    "filesize": 14458,
    "single_event": false,
    "tonality": "D major",
    "tonality_confidence": 0.8822678923606873,
    "loop": false,
    "tempo": 0,
    "tempo_confidence": 0.0,
    "note_midi": 38,
    "note_name": "D2",
    "note_frequency": 73.42882537841797,
    "note_confidence": 0.9978375434875488,
    "hardness": 41.84979872533273,
    "depth": 60.70325829107744,
    "brightness": 42.19162075718473,
    "roughness": 53.77379341676511,
    "warmth": 63.12603115316269,
    "sharpness": 24.14639571558319,
    "boominess": 42.33979201949906,
    "reverb": false,
    "name": "AKWF_0247.wav",
    "SpectralCentroid": 0.219462652020223,
    "SpectralSpread": 0.15402264818007189,
    "SpectralKurtosis": 0.6882681359756696,
    "ZeroCrossingRate": 0.251274150799389,
    "SpectralComplexity": 0.9850746268656716,
    "OddToEvenHarmonicEnergyRatio": 0.5044104507954633,
    "Dissonance": 0.9487601097197432,
    "PitchSalience": 0.48987507140860637,
    "HNR": 0.0,
    "NormalizeMethod": "ess_yeojohnson",
    "dco_brightness": 0.17047508800125727,
    "dco_richness": 0.3498959001718213,
    "dco_flatness": 0.3498959001718213,
    "dco_oddenergy": 0.25012236948805733,
    "dco_zcr": 0.10810914741925219
}