{
    "duration": 0.08163265138864517,
    "lossless": 1.0,
    "codec": "pcm_f32le",
    "bitrate": 1411200.0,
    "samplerate": 44100.0,
    "channels": 1.0,
    "audio_md5": "ef81a5ac6ec9a27ff1cb31dc52982249",
    "loudness": -15.293245315551758,
    "dynamic_range": 0.0,
    "temporal_centroid": 0.5972232818603516,
    "log_attack_time": -1.2994571924209595,
    "filesize": 14458,
    "single_event": false,
    "tonality": "D major",
    "tonality_confidence": 0.7990188598632812,
    "loop": false,
    "tempo": 0,
    "tempo_confidence": 0.0,
    "note_midi": 38,
    "note_name": "D2",
    "note_frequency": 73.4377670288086,
    "note_confidence": 0.9106906056404114,
    "hardness": 40.72319025207706,
    "depth": 50.98726714492254,
    "brightness": 39.60268860908663,
    "roughness": 52.28995522795637,
    "warmth": 70.47650146605697,
    "sharpness": 14.631517536192781,
    "boominess": 39.50682762984585,
    "reverb": false,
    "name": "AKWF_eorgan_0034.wav",
    "SpectralCentroid": 0.12641210836084826,
    "SpectralSpread": 0.018175047014563774,
    "SpectralKurtosis": 0.757931589906753,
    "ZeroCrossingRate": 0.7567375429308871,
    "SpectralComplexity": 0.7910447761194029,
    "OddToEvenHarmonicEnergyRatio": 0.2584170880969771,
    "Dissonance": 0.9729959400660863,
    "PitchSalience": 0.5234776002810717,
    "HNR": 0.5366217148785907,
    "NormalizeMethod": "ess_yeojohnson",
    "dco_brightness": 0.25300506252668337,
    "dco_richness": 0.3473166242476127,
    "dco_flatness": 0.3473166242476127,
    "dco_oddenergy": 0.5302769442886239,
    "dco_zcr": 0.2796406039636913
}