{
    "duration": 0.08163265138864517,
    "lossless": 1.0,
    "codec": "pcm_f32le",
    "bitrate": 1411200.0,
    "samplerate": 44100.0,
    "channels": 1.0,
    "audio_md5": "1c7c164ec5dd17fc69e588ee8a32a682",
    "loudness": -15.310150146484375,
    "dynamic_range": 0.0,
    "temporal_centroid": 0.5947226881980896,
    "log_attack_time": -1.2912920713424683,
    "filesize": 14458,
    "single_event": false,
    "tonality": "D minor",
    "tonality_confidence": 0.7823522090911865,
    "loop": false,
    "tempo": 0,
    "tempo_confidence": 0.0,
    "note_midi": 38,
    "note_name": "D2",
    "note_frequency": 73.44197845458984,
    "note_confidence": 0.9049928784370422,
    "hardness": 37.20616503993372,
    "depth": 47.78967335160189,
    "brightness": 25.968991013341743,
    "roughness": 36.97747888237643,
    "warmth": 61.398046121228326,
    "sharpness": 10.706277587657794,
    "boominess": 42.52785434656357,
    "reverb": false,
    "name": "AKWF_0977.wav",
    "SpectralCentroid": 0.08865247291615605,
    "SpectralSpread": 0.002443224528176453,
    "SpectralKurtosis": 0.9340306298137375,
    "ZeroCrossingRate": 0.568873868296057,
    "SpectralComplexity": 0.05970149253731343,
    "OddToEvenHarmonicEnergyRatio": 0.08157306394465016,
    "Dissonance": 0.8353470840887117,
    "PitchSalience": 0.5166417082206343,
    "HNR": 0.6391407239508825,
    "NormalizeMethod": "ess_yeojohnson",
    "dco_brightness": 0.23696525432557156,
    "dco_richness": 0.3125647711071602,
    "dco_flatness": 0.3125647711071602,
    "dco_oddenergy": 0.8335395716498311,
    "dco_zcr": 0.2016028048315253
}