{
    "duration": 0.08163265138864517,
    "lossless": 1.0,
    "codec": "pcm_f32le",
    "bitrate": 1411200.0,
    "samplerate": 44100.0,
    "channels": 1.0,
    "audio_md5": "eab07bdea8c509d70cb63de08b8d760f",
    "loudness": -14.988639831542969,
    "dynamic_range": 0.0,
    "temporal_centroid": 0.5964697599411011,
    "log_attack_time": -1.2878391742706299,
    "filesize": 14458,
    "single_event": false,
    "tonality": "D major",
    "tonality_confidence": 0.7666029930114746,
    "loop": false,
    "tempo": 0,
    "tempo_confidence": 0.0,
    "note_midi": 38,
    "note_name": "D2",
    "note_frequency": 73.43070983886719,
    "note_confidence": 0.9197737574577332,
    "hardness": 67.50289661640016,
    "depth": 57.3374759498428,
    "brightness": 53.1963666737739,
    "roughness": 66.31820606931119,
    "warmth": 55.806991643572935,
    "sharpness": 45.533937255534106,
    "boominess": 35.999843143813415,
    "reverb": false,
    "name": "AKWF_0635.wav",
    "SpectralCentroid": 0.7278740232608962,
    "SpectralSpread": 0.83688787651531,
    "SpectralKurtosis": 0.464071313233815,
    "ZeroCrossingRate": 0.568873868296057,
    "SpectralComplexity": 1.0,
    "OddToEvenHarmonicEnergyRatio": 0.3831665394717326,
    "Dissonance": 0.9424867737062389,
    "PitchSalience": 0.7301670308521685,
    "HNR": 0.0,
    "NormalizeMethod": "ess_yeojohnson",
    "dco_brightness": 0.25542375363960673,
    "dco_richness": 0.5579459161579794,
    "dco_flatness": 0.5579459161579794,
    "dco_oddenergy": 0.381678146043943,
    "dco_zcr": 0.2948489535739874
}