{
    "duration": 0.08163265138864517,
    "lossless": 1.0,
    "codec": "pcm_f32le",
    "bitrate": 1411200.0,
    "samplerate": 44100.0,
    "channels": 1.0,
    "audio_md5": "ea4bd894a509619d4bcad5a7e7948bb9",
    "loudness": -15.351845741271973,
    "dynamic_range": 0.0,
    "temporal_centroid": 0.6027853488922119,
    "log_attack_time": -1.2116296291351318,
    "filesize": 14458,
    "single_event": false,
    "tonality": "D minor",
    "tonality_confidence": 0.7823222279548645,
    "loop": false,
    "tempo": 0,
    "tempo_confidence": 0.0,
    "note_midi": 38,
    "note_name": "D2",
    "note_frequency": 73.44940948486328,
    "note_confidence": 0.9195178151130676,
    "hardness": 32.263811423803546,
    "depth": 53.79772128237375,
    "brightness": 22.479723456443224,
    "roughness": 40.96969629139041,
    "warmth": 63.25865456767315,
    "sharpness": 4.965647504353569,
    "boominess": 47.967279186385966,
    "reverb": false,
    "name": "AKWF_1268.wav",
    "SpectralCentroid": 0.06578332717485665,
    "SpectralSpread": 0.00601467792349201,
    "SpectralKurtosis": 0.9124307382520254,
    "ZeroCrossingRate": 0.4252420127794052,
    "SpectralComplexity": 0.04477611940298507,
    "OddToEvenHarmonicEnergyRatio": 0.17141366678624972,
    "Dissonance": 0.2923468232680076,
    "PitchSalience": 0.3462939457264531,
    "HNR": 0.0,
    "NormalizeMethod": "ess_yeojohnson",
    "dco_brightness": 0.20607425751582903,
    "dco_richness": 0.22179554170970409,
    "dco_flatness": 0.22179554170970409,
    "dco_oddenergy": 0.6694521655832035,
    "dco_zcr": 0.14487511069267625
}