{
    "duration": 0.08163265138864517,
    "lossless": 1.0,
    "codec": "pcm_f32le",
    "bitrate": 1411200.0,
    "samplerate": 44100.0,
    "channels": 1.0,
    "audio_md5": "76cdc2ee2f8d8c30b8f0abe86c988108",
    "loudness": -13.101449966430664,
    "dynamic_range": 0.0,
    "temporal_centroid": 0.5794323682785034,
    "log_attack_time": -1.3284682035446167,
    "filesize": 14458,
    "single_event": false,
    "tonality": "D major",
    "tonality_confidence": 0.8446082472801208,
    "loop": false,
    "tempo": 0,
    "tempo_confidence": 0.0,
    "note_midi": 38,
    "note_name": "D2",
    "note_frequency": 73.4325942993164,
    "note_confidence": 0.9641760587692261,
    "hardness": 52.125406063993836,
    "depth": 60.938336744401774,
    "brightness": 47.241039975491894,
    "roughness": 51.0982900297229,
    "warmth": 57.97137766632176,
    "sharpness": 40.47542822546791,
    "boominess": 41.493054285926505,
    "reverb": false,
    "name": "AKWF_1825.wav",
    "SpectralCentroid": 0.5795609116444452,
    "SpectralSpread": 0.6889282095869388,
    "SpectralKurtosis": 0.4926153880453055,
    "ZeroCrossingRate": 0.23302718649526455,
    "SpectralComplexity": 0.9850746268656716,
    "OddToEvenHarmonicEnergyRatio": 0.4466836070505946,
    "Dissonance": 0.8961671755685103,
    "PitchSalience": 0.5354390457432285,
    "HNR": 0.47311289717574445,
    "NormalizeMethod": "ess_yeojohnson",
    "dco_brightness": 0.1796155424291792,
    "dco_richness": 0.45474886986475427,
    "dco_flatness": 0.45474886986475427,
    "dco_oddenergy": 0.292505448805907,
    "dco_zcr": 0.06197413883311543
}