{
    "duration": 0.08163265138864517,
    "lossless": 1.0,
    "codec": "pcm_f32le",
    "bitrate": 1411200.0,
    "samplerate": 44100.0,
    "channels": 1.0,
    "audio_md5": "0d61eeb48d367ce0eaa16b9b42543ba8",
    "loudness": -13.618982315063477,
    "dynamic_range": 0.0,
    "temporal_centroid": 0.578277587890625,
    "log_attack_time": -1.3793847560882568,
    "filesize": 14458,
    "single_event": false,
    "tonality": "D major",
    "tonality_confidence": 0.7077280282974243,
    "loop": false,
    "tempo": 0,
    "tempo_confidence": 0.0,
    "note_midi": 38,
    "note_name": "D2",
    "note_frequency": 73.43905639648438,
    "note_confidence": 0.9866793155670166,
    "hardness": 32.84963624472839,
    "depth": 54.30322840084247,
    "brightness": 36.788640517353116,
    "roughness": 50.42716228077984,
    "warmth": 65.29834611990213,
    "sharpness": 13.174084495993657,
    "boominess": 47.19670000609099,
    "reverb": false,
    "name": "AKWF_1257.wav",
    "SpectralCentroid": 0.09545180411700552,
    "SpectralSpread": 0.0287183258933263,
    "SpectralKurtosis": 0.7423510179851651,
    "ZeroCrossingRate": 0.23302718649526455,
    "SpectralComplexity": 0.8805970149253731,
    "OddToEvenHarmonicEnergyRatio": 0.7376631224873931,
    "Dissonance": 0.9928408509406759,
    "PitchSalience": 0.2652072389155419,
    "HNR": 0.4282421164379516,
    "NormalizeMethod": "ess_yeojohnson",
    "dco_brightness": 0.1232287605073997,
    "dco_richness": 0.24863777454110383,
    "dco_flatness": 0.24863777454110383,
    "dco_oddenergy": 0.05904934745121149,
    "dco_zcr": 0.06197413883311543
}