{
    "duration": 0.08163265138864517,
    "lossless": 1.0,
    "codec": "pcm_f32le",
    "bitrate": 1411200.0,
    "samplerate": 44100.0,
    "channels": 1.0,
    "audio_md5": "d8c6d4564a4cb58c324df43de87c1cfb",
    "loudness": -14.503151893615723,
    "dynamic_range": 0.0,
    "temporal_centroid": 0.5841259360313416,
    "log_attack_time": -1.284413456916809,
    "filesize": 14458,
    "single_event": false,
    "tonality": "D major",
    "tonality_confidence": 0.8435262441635132,
    "loop": false,
    "tempo": 0,
    "tempo_confidence": 0.0,
    "note_midi": 38,
    "note_name": "D2",
    "note_frequency": 73.43135070800781,
    "note_confidence": 0.9118445515632629,
    "hardness": 66.47557433000031,
    "depth": 59.569406101087694,
    "brightness": 53.267605687448935,
    "roughness": 61.53748333692894,
    "warmth": 55.604654721574285,
    "sharpness": 43.216803378471035,
    "boominess": 36.08462006314568,
    "reverb": false,
    "name": "AKWF_R_asym_saw_24.wav",
    "SpectralCentroid": 0.46538635379332915,
    "SpectralSpread": 0.3236657214956845,
    "SpectralKurtosis": 0.5440048531543925,
    "ZeroCrossingRate": 0.23302718649526455,
    "SpectralComplexity": 1.0,
    "OddToEvenHarmonicEnergyRatio": 0.4869354681667604,
    "Dissonance": 0.9698064296096267,
    "PitchSalience": 0.5303592037947553,
    "HNR": 0.0,
    "NormalizeMethod": "ess_yeojohnson",
    "dco_brightness": 0.21298431279358984,
    "dco_richness": 0.4693378325445258,
    "dco_flatness": 0.4693378325445258,
    "dco_oddenergy": 0.28812528730182063,
    "dco_zcr": 0.06197413883311543
}