{
    "duration": 0.08163265138864517,
    "lossless": 1.0,
    "codec": "pcm_f32le",
    "bitrate": 1411200.0,
    "samplerate": 44100.0,
    "channels": 1.0,
    "audio_md5": "a88b0ef8b2f1c1ac6ba41c67e1138c74",
    "loudness": -17.25328826904297,
    "dynamic_range": 0.0,
    "temporal_centroid": 0.5966829061508179,
    "log_attack_time": -1.2538567781448364,
    "filesize": 14458,
    "single_event": false,
    "tonality": "D major",
    "tonality_confidence": 0.8421961665153503,
    "loop": false,
    "tempo": 0,
    "tempo_confidence": 0.0,
    "note_midi": 38,
    "note_name": "D2",
    "note_frequency": 73.4284896850586,
    "note_confidence": 0.9923138618469238,
    "hardness": 39.815671357612956,
    "depth": 57.406029900326544,
    "brightness": 41.93518712583646,
    "roughness": 52.8006559466289,
    "warmth": 69.03654892299025,
    "sharpness": 18.61021237442482,
    "boominess": 43.13263008494751,
    "reverb": false,
    "name": "AKWF_1876.wav",
    "SpectralCentroid": 0.14436027121455663,
    "SpectralSpread": 0.026131896089149214,
    "SpectralKurtosis": 0.7203507907316803,
    "ZeroCrossingRate": 0.568873868296057,
    "SpectralComplexity": 0.9402985074626866,
    "OddToEvenHarmonicEnergyRatio": 0.24495399803019838,
    "Dissonance": 0.9661305060446803,
    "PitchSalience": 0.6502588042867751,
    "HNR": 0.4965764332900942,
    "NormalizeMethod": "ess_yeojohnson",
    "dco_brightness": 0.212543256199462,
    "dco_richness": 0.3373566641285167,
    "dco_flatness": 0.3373566641285167,
    "dco_oddenergy": 0.5962824533071405,
    "dco_zcr": 0.2016028048315253
}