{
    "duration": 0.08163265138864517,
    "lossless": 1.0,
    "codec": "pcm_f32le",
    "bitrate": 1411200.0,
    "samplerate": 44100.0,
    "channels": 1.0,
    "audio_md5": "d056e07b8f7a6f1124e02e1d5984dafd",
    "loudness": -13.848573684692383,
    "dynamic_range": 0.0,
    "temporal_centroid": 0.5806035995483398,
    "log_attack_time": -1.3350213766098022,
    "filesize": 14458,
    "single_event": false,
    "tonality": "D major",
    "tonality_confidence": 0.7299639582633972,
    "loop": false,
    "tempo": 0,
    "tempo_confidence": 0.0,
    "note_midi": 38,
    "note_name": "D2",
    "note_frequency": 73.44796752929688,
    "note_confidence": 0.9878585338592529,
    "hardness": 21.352265247423276,
    "depth": 54.821143824353385,
    "brightness": 19.6698036192931,
    "roughness": 44.05808442016332,
    "warmth": 60.81234553003726,
    "sharpness": 0.0,
    "boominess": 56.49198841202113,
    "reverb": false,
    "name": "AKWF_eorgan_0004.wav",
    "SpectralCentroid": 0.027256612507093842,
    "SpectralSpread": 0.004582387498878345,
    "SpectralKurtosis": 0.9079712358145133,
    "ZeroCrossingRate": 0.23302718649526455,
    "SpectralComplexity": 0.2835820895522388,
    "OddToEvenHarmonicEnergyRatio": 0.8804279663231166,
    "Dissonance": 0.8549901798379177,
    "PitchSalience": 0.10876933174535101,
    "HNR": 0.32388388052723227,
    "NormalizeMethod": "ess_yeojohnson",
    "dco_brightness": 0.11058018205849192,
    "dco_richness": 0.1303293050064218,
    "dco_flatness": 0.1303293050064218,
    "dco_oddenergy": 0.016395744333295825,
    "dco_zcr": 0.06197413883311543
}