{
    "duration": 0.08163265138864517,
    "lossless": 1.0,
    "codec": "pcm_f32le",
    "bitrate": 1411200.0,
    "samplerate": 44100.0,
    "channels": 1.0,
    "audio_md5": "fef797608c8f46e2e2aac3e09c7fac09",
    "loudness": -18.574922561645508,
    "dynamic_range": 0.0,
    "temporal_centroid": 0.6151634454727173,
    "log_attack_time": -1.1841423511505127,
    "filesize": 14458,
    "single_event": false,
    "tonality": "D major",
    "tonality_confidence": 0.9085233807563782,
    "loop": false,
    "tempo": 0,
    "tempo_confidence": 0.0,
    "note_midi": 38,
    "note_name": "D2",
    "note_frequency": 73.43256378173828,
    "note_confidence": 0.8416029214859009,
    "hardness": 61.3204766544836,
    "depth": 32.44449621495596,
    "brightness": 52.65497077296314,
    "roughness": 62.61326193943162,
    "warmth": 55.65857948097778,
    "sharpness": 39.127067342713815,
    "boominess": 27.068863858687152,
    "reverb": false,
    "name": "AKWF_0803.wav",
    "SpectralCentroid": 0.3937695081365138,
    "SpectralSpread": 0.18827223477049737,
    "SpectralKurtosis": 0.5815055933469419,
    "ZeroCrossingRate": 0.6763055176555212,
    "SpectralComplexity": 1.0,
    "OddToEvenHarmonicEnergyRatio": 0.2633485624166541,
    "Dissonance": 0.9689745165918727,
    "PitchSalience": 0.9109849914101124,
    "HNR": 0.0,
    "NormalizeMethod": "ess_yeojohnson",
    "dco_brightness": 0.33599360831011277,
    "dco_richness": 0.44483223889322837,
    "dco_flatness": 0.44483223889322837,
    "dco_oddenergy": 0.7348056008676651,
    "dco_zcr": 0.2796406039636913
}