{
    "duration": 0.08163265138864517,
    "lossless": 1.0,
    "codec": "pcm_f32le",
    "bitrate": 1411200.0,
    "samplerate": 44100.0,
    "channels": 1.0,
    "audio_md5": "8c1958065632bfb2f612f5c1d84c3e04",
    "loudness": -11.419618606567383,
    "dynamic_range": 0.0,
    "temporal_centroid": 0.5666720867156982,
    "log_attack_time": -1.5235357284545898,
    "filesize": 14458,
    "single_event": false,
    "tonality": "D major",
    "tonality_confidence": 0.7621167898178101,
    "loop": false,
    "tempo": 0,
    "tempo_confidence": 0.0,
    "note_midi": 38,
    "note_name": "D2",
    "note_frequency": 73.42839813232422,
    "note_confidence": 0.989825427532196,
    "hardness": 56.225806606758425,
    "depth": 61.92632045059516,
    "brightness": 53.167328006070726,
    "roughness": 58.25431905704477,
    "warmth": 51.178960580591394,
    "sharpness": 43.891187152544006,
    "boominess": 38.198725512941316,
    "reverb": false,
    "name": "AKWF_0552.wav",
    "SpectralCentroid": 0.5786911935006183,
    "SpectralSpread": 0.6511281638934642,
    "SpectralKurtosis": 0.5286594412624842,
    "ZeroCrossingRate": 0.23302718649526455,
    "SpectralComplexity": 1.0,
    "OddToEvenHarmonicEnergyRatio": 0.7688296828444159,
    "Dissonance": 0.9712952081926876,
    "PitchSalience": 0.3173729799763824,
    "HNR": 0.0,
    "NormalizeMethod": "ess_yeojohnson",
    "dco_brightness": 0.15617563012802627,
    "dco_richness": 0.4504417192537504,
    "dco_flatness": 0.4504417192537504,
    "dco_oddenergy": 0.06302607801653803,
    "dco_zcr": 0.06197413883311543
}