{
    "duration": 0.08163265138864517,
    "lossless": 1.0,
    "codec": "pcm_f32le",
    "bitrate": 1411200.0,
    "samplerate": 44100.0,
    "channels": 1.0,
    "audio_md5": "001108da9a52320ced8a2acac13514eb",
    "loudness": -14.426708221435547,
    "dynamic_range": 0.0,
    "temporal_centroid": 0.5949075818061829,
    "log_attack_time": -1.2731859683990479,
    "filesize": 14458,
    "single_event": false,
    "tonality": "D major",
    "tonality_confidence": 0.8348749279975891,
    "loop": false,
    "tempo": 0,
    "tempo_confidence": 0.0,
    "note_midi": 38,
    "note_name": "D2",
    "note_frequency": 73.45360565185547,
    "note_confidence": 0.9488483667373657,
    "hardness": 40.09219082686201,
    "depth": 62.95282394057022,
    "brightness": 37.10892366140047,
    "roughness": 46.13896914384687,
    "warmth": 63.47773987867485,
    "sharpness": 24.389049875052134,
    "boominess": 51.2715007006686,
    "reverb": false,
    "name": "AKWF_vgame_0023.wav",
    "SpectralCentroid": 0.2805291462273709,
    "SpectralSpread": 0.3976553131746076,
    "SpectralKurtosis": 0.6106757647751184,
    "ZeroCrossingRate": 0.568873868296057,
    "SpectralComplexity": 0.8955223880597015,
    "OddToEvenHarmonicEnergyRatio": 0.2612930574702663,
    "Dissonance": 0.7722241704355356,
    "PitchSalience": 0.28335413940110876,
    "HNR": 0.0,
    "NormalizeMethod": "ess_yeojohnson",
    "dco_brightness": 0.15479218298346187,
    "dco_richness": 0.29245639763119136,
    "dco_flatness": 0.29245639763119136,
    "dco_oddenergy": 0.5244924531072376,
    "dco_zcr": 0.2016028048315253
}