{
    "duration": 0.08163265138864517,
    "lossless": 1.0,
    "codec": "pcm_f32le",
    "bitrate": 1411200.0,
    "samplerate": 44100.0,
    "channels": 1.0,
    "audio_md5": "7f62230e73c259f4f2ef66bb6d1cacfb",
    "loudness": -14.555112838745117,
    "dynamic_range": 0.0,
    "temporal_centroid": 0.5824780464172363,
    "log_attack_time": -1.368666648864746,
    "filesize": 14458,
    "single_event": false,
    "tonality": "D major",
    "tonality_confidence": 0.5820074677467346,
    "loop": false,
    "tempo": 0,
    "tempo_confidence": 0.0,
    "note_midi": 38,
    "note_name": "D2",
    "note_frequency": 73.42841339111328,
    "note_confidence": 0.9945988655090332,
    "hardness": 29.598700532604937,
    "depth": 62.27929306658937,
    "brightness": 36.90458501966372,
    "roughness": 44.81433336282967,
    "warmth": 60.81954212804182,
    "sharpness": 25.74462153334774,
    "boominess": 50.66647507411575,
    "reverb": false,
    "name": "AKWF_1062.wav",
    "SpectralCentroid": 0.11116748520923099,
    "SpectralSpread": 0.078706995459427,
    "SpectralKurtosis": 0.6610763238295049,
    "ZeroCrossingRate": 0.23302718649526455,
    "SpectralComplexity": 0.9701492537313433,
    "OddToEvenHarmonicEnergyRatio": 0.521951610774002,
    "Dissonance": 0.9398166436284769,
    "PitchSalience": 0.16275795887849182,
    "HNR": 0.2025991769420553,
    "NormalizeMethod": "ess_yeojohnson",
    "dco_brightness": 0.10012960959893964,
    "dco_richness": 0.22723616234638103,
    "dco_flatness": 0.22723616234638103,
    "dco_oddenergy": 0.05469680768055307,
    "dco_zcr": 0.06197413883311543
}