{
    "duration": 0.08163265138864517,
    "lossless": 1.0,
    "codec": "pcm_f32le",
    "bitrate": 1411200.0,
    "samplerate": 44100.0,
    "channels": 1.0,
    "audio_md5": "2418baec81b270c714586386a3e8ce96",
    "loudness": -13.784991264343262,
    "dynamic_range": 0.0,
    "temporal_centroid": 0.5779940485954285,
    "log_attack_time": -1.3559658527374268,
    "filesize": 14458,
    "single_event": false,
    "tonality": "D major",
    "tonality_confidence": 0.7791402339935303,
    "loop": false,
    "tempo": 0,
    "tempo_confidence": 0.0,
    "note_midi": 38,
    "note_name": "D2",
    "note_frequency": 73.43551635742188,
    "note_confidence": 0.9666526913642883,
    "hardness": 41.52936663757001,
    "depth": 55.34581302005144,
    "brightness": 40.83381223720367,
    "roughness": 49.80477106911719,
    "warmth": 66.53258810438123,
    "sharpness": 20.698157801398516,
    "boominess": 42.94353632725743,
    "reverb": false,
    "name": "AKWF_linear_0034.wav",
    "SpectralCentroid": 0.1715302730869565,
    "SpectralSpread": 0.11660745148131492,
    "SpectralKurtosis": 0.7064425632974927,
    "ZeroCrossingRate": 0.568873868296057,
    "SpectralComplexity": 0.7910447761194029,
    "OddToEvenHarmonicEnergyRatio": 0.2537021042785644,
    "Dissonance": 0.8083611853279893,
    "PitchSalience": 0.5030529883367821,
    "HNR": 0.8966647738374063,
    "NormalizeMethod": "ess_yeojohnson",
    "dco_brightness": 0.18786610416736818,
    "dco_richness": 0.32252511927005106,
    "dco_flatness": 0.32252511927005106,
    "dco_oddenergy": 0.5411159851085607,
    "dco_zcr": 0.2016028048315253
}