{
    "duration": 0.08163265138864517,
    "lossless": 1.0,
    "codec": "pcm_f32le",
    "bitrate": 1411200.0,
    "samplerate": 44100.0,
    "channels": 1.0,
    "audio_md5": "06085ef2c353c3bc3deedec34502d4fa",
    "loudness": -14.219978332519531,
    "dynamic_range": 0.0,
    "temporal_centroid": 0.5840746164321899,
    "log_attack_time": -1.35129714012146,
    "filesize": 14458,
    "single_event": false,
    "tonality": "D major",
    "tonality_confidence": 0.7225871682167053,
    "loop": false,
    "tempo": 0,
    "tempo_confidence": 0.0,
    "note_midi": 38,
    "note_name": "D2",
    "note_frequency": 73.42842102050781,
    "note_confidence": 0.9810768365859985,
    "hardness": 26.454735831775537,
    "depth": 61.85947443728978,
    "brightness": 28.19347729558693,
    "roughness": 48.58020293076636,
    "warmth": 68.63205440937175,
    "sharpness": 0.0,
    "boominess": 50.719593551846216,
    "reverb": false,
    "name": "AKWF_0238.wav",
    "SpectralCentroid": 0.07041438943204674,
    "SpectralSpread": 0.023273644138506595,
    "SpectralKurtosis": 0.8295980446305787,
    "ZeroCrossingRate": 0.23302718649526455,
    "SpectralComplexity": 0.26865671641791045,
    "OddToEvenHarmonicEnergyRatio": 0.7515408399891643,
    "Dissonance": 0.6699044124211339,
    "PitchSalience": 0.5448421091663368,
    "HNR": 0.8133942682773634,
    "NormalizeMethod": "ess_yeojohnson",
    "dco_brightness": 0.15516567331936773,
    "dco_richness": 0.26942681516815414,
    "dco_flatness": 0.26942681516815414,
    "dco_oddenergy": 0.06041618607497601,
    "dco_zcr": 0.06197413883311543
}