{
    "duration": 0.08163265138864517,
    "lossless": 1.0,
    "codec": "pcm_f32le",
    "bitrate": 1411200.0,
    "samplerate": 44100.0,
    "channels": 1.0,
    "audio_md5": "c254fe6a80206f2e782fe025f14a33c6",
    "loudness": -14.444026947021484,
    "dynamic_range": 0.0,
    "temporal_centroid": 0.5934017896652222,
    "log_attack_time": -1.2684093713760376,
    "filesize": 14458,
    "single_event": false,
    "tonality": "D major",
    "tonality_confidence": 0.688393235206604,
    "loop": false,
    "tempo": 0,
    "tempo_confidence": 0.0,
    "note_midi": 38,
    "note_name": "D2",
    "note_frequency": 73.43600463867188,
    "note_confidence": 0.9824864268302917,
    "hardness": 35.76757235459149,
    "depth": 59.983361053917655,
    "brightness": 37.928966617210826,
    "roughness": 52.12249908484918,
    "warmth": 70.15095818169357,
    "sharpness": 15.599027418396165,
    "boominess": 45.80920693488948,
    "reverb": false,
    "name": "AKWF_0146.wav",
    "SpectralCentroid": 0.12230469378047508,
    "SpectralSpread": 0.04327945181494438,
    "SpectralKurtosis": 0.722735843104608,
    "ZeroCrossingRate": 0.23302718649526455,
    "SpectralComplexity": 0.9552238805970149,
    "OddToEvenHarmonicEnergyRatio": 0.3430999157351049,
    "Dissonance": 0.9511160296203629,
    "PitchSalience": 0.42654484371526674,
    "HNR": 0.46745193141496716,
    "NormalizeMethod": "ess_yeojohnson",
    "dco_brightness": 0.162174311311991,
    "dco_richness": 0.2972185422960758,
    "dco_flatness": 0.2972185422960758,
    "dco_oddenergy": 0.4100762059246771,
    "dco_zcr": 0.06197413883311543
}