{
    "duration": 0.08163265138864517,
    "lossless": 1.0,
    "codec": "pcm_f32le",
    "bitrate": 1411200.0,
    "samplerate": 44100.0,
    "channels": 1.0,
    "audio_md5": "bb7d5397aa9de3953212931c0f067036",
    "loudness": -14.412761688232422,
    "dynamic_range": 0.0,
    "temporal_centroid": 0.5881322026252747,
    "log_attack_time": -1.3284683227539062,
    "filesize": 14458,
    "single_event": false,
    "tonality": "A major",
    "tonality_confidence": 0.3167016804218292,
    "loop": false,
    "tempo": 0,
    "tempo_confidence": 0.0,
    "note_midi": 38,
    "note_name": "D2",
    "note_frequency": 73.42928314208984,
    "note_confidence": 0.9980936646461487,
    "hardness": 46.62626541958207,
    "depth": 62.508046802023784,
    "brightness": 43.00447899712093,
    "roughness": 49.76782620086016,
    "warmth": 63.15263266412758,
    "sharpness": 20.937042299520144,
    "boominess": 43.62199540010468,
    "reverb": false,
    "name": "AKWF_0159.wav",
    "SpectralCentroid": 0.14776272680198263,
    "SpectralSpread": 0.04604864013184127,
    "SpectralKurtosis": 0.718264516156051,
    "ZeroCrossingRate": 0.23302718649526455,
    "SpectralComplexity": 0.8507462686567164,
    "OddToEvenHarmonicEnergyRatio": 0.9402944925335708,
    "Dissonance": 0.8836752058703914,
    "PitchSalience": 0.2767510236261739,
    "HNR": 0.8298458592961454,
    "NormalizeMethod": "ess_yeojohnson",
    "dco_brightness": 0.13350318965696054,
    "dco_richness": 0.3081514645928139,
    "dco_flatness": 0.3081514645928139,
    "dco_oddenergy": 0.030179753008267585,
    "dco_zcr": 0.06197413883311543
}