{
    "duration": 0.08163265138864517,
    "lossless": 1.0,
    "codec": "pcm_f32le",
    "bitrate": 1411200.0,
    "samplerate": 44100.0,
    "channels": 1.0,
    "audio_md5": "d2b5d96c194c53557ac08ba44b85a938",
    "loudness": -13.607658386230469,
    "dynamic_range": 0.0,
    "temporal_centroid": 0.5878870487213135,
    "log_attack_time": -1.3069792985916138,
    "filesize": 14458,
    "single_event": false,
    "tonality": "D major",
    "tonality_confidence": 0.8915791511535645,
    "loop": false,
    "tempo": 0,
    "tempo_confidence": 0.0,
    "note_midi": 38,
    "note_name": "D2",
    "note_frequency": 73.42913055419922,
    "note_confidence": 0.9562247395515442,
    "hardness": 67.90630118724965,
    "depth": 59.746581858019766,
    "brightness": 55.12844987964371,
    "roughness": 55.34646721110707,
    "warmth": 49.17302182459103,
    "sharpness": 47.792537776279005,
    "boominess": 37.26248941250148,
    "reverb": false,
    "name": "AKWF_blended_0039.wav",
    "SpectralCentroid": 0.6731323496474862,
    "SpectralSpread": 0.7582368009483065,
    "SpectralKurtosis": 0.48405546046419623,
    "ZeroCrossingRate": 0.8170126148854899,
    "SpectralComplexity": 0.2537313432835821,
    "OddToEvenHarmonicEnergyRatio": 0.18770278333387758,
    "Dissonance": 0.971666454664752,
    "PitchSalience": 0.3303828241600886,
    "HNR": 0.0,
    "NormalizeMethod": "ess_yeojohnson",
    "dco_brightness": 0.24610100409685742,
    "dco_richness": 0.5616301361979826,
    "dco_flatness": 0.5616301361979826,
    "dco_oddenergy": 0.6435039217647515,
    "dco_zcr": 0.30888279763685245
}