{
    "duration": 0.08163265138864517,
    "lossless": 1.0,
    "codec": "pcm_f32le",
    "bitrate": 1411200.0,
    "samplerate": 44100.0,
    "channels": 1.0,
    "audio_md5": "cd5505bddfe54f4940b2e0fa0031fd36",
    "loudness": -14.306198120117188,
    "dynamic_range": 0.0,
    "temporal_centroid": 0.5803869962692261,
    "log_attack_time": -1.3267930746078491,
    "filesize": 14458,
    "single_event": false,
    "tonality": "D minor",
    "tonality_confidence": 0.4612749218940735,
    "loop": false,
    "tempo": 0,
    "tempo_confidence": 0.0,
    "note_midi": 38,
    "note_name": "D2",
    "note_frequency": 73.43399047851562,
    "note_confidence": 0.9899135231971741,
    "hardness": 38.81929806389985,
    "depth": 62.899299802444276,
    "brightness": 42.99319359215998,
    "roughness": 50.994744419440366,
    "warmth": 59.46350668042196,
    "sharpness": 19.746385170247397,
    "boominess": 44.71594800342554,
    "reverb": false,
    "name": "AKWF_altosax_0012.wav",
    "SpectralCentroid": 0.1394776608628267,
    "SpectralSpread": 0.045848004823512485,
    "SpectralKurtosis": 0.7373261727931513,
    "ZeroCrossingRate": 0.4252420127794052,
    "SpectralComplexity": 0.8656716417910447,
    "OddToEvenHarmonicEnergyRatio": 0.8173941542168254,
    "Dissonance": 0.9561625018015301,
    "PitchSalience": 0.1749917490454375,
    "HNR": 0.37979767088576677,
    "NormalizeMethod": "ess_yeojohnson",
    "dco_brightness": 0.12436318149713356,
    "dco_richness": 0.28608648395171266,
    "dco_flatness": 0.28608648395171266,
    "dco_oddenergy": 0.040091467303605244,
    "dco_zcr": 0.14487511069267625
}