{
    "duration": 0.08163265138864517,
    "lossless": 1.0,
    "codec": "pcm_f32le",
    "bitrate": 1411200.0,
    "samplerate": 44100.0,
    "channels": 1.0,
    "audio_md5": "ff4c9a6677c7fec25c7b323c93f0e96e",
    "loudness": -15.246607780456543,
    "dynamic_range": 0.0,
    "temporal_centroid": 0.5554569363594055,
    "log_attack_time": -1.6303383111953735,
    "filesize": 14458,
    "single_event": false,
    "tonality": "D major",
    "tonality_confidence": 0.6028609275817871,
    "loop": false,
    "tempo": 0,
    "tempo_confidence": 0.0,
    "note_midi": 38,
    "note_name": "D2",
    "note_frequency": 73.42839813232422,
    "note_confidence": 0.9634785056114197,
    "hardness": 68.5063737228212,
    "depth": 61.346390364601106,
    "brightness": 60.62548281538314,
    "roughness": 60.21397209081208,
    "warmth": 46.99994055282426,
    "sharpness": 52.185309391269385,
    "boominess": 35.92781284154871,
    "reverb": false,
    "name": "AKWF_1597.wav",
    "SpectralCentroid": 0.8203444304437575,
    "SpectralSpread": 0.8887585815559185,
    "SpectralKurtosis": 0.4052205614030495,
    "ZeroCrossingRate": 0.23302718649526455,
    "SpectralComplexity": 1.0,
    "OddToEvenHarmonicEnergyRatio": 0.009333815825744763,
    "Dissonance": 0.9540410725507507,
    "PitchSalience": 0.460070949628216,
    "HNR": 0.8262358287008063,
    "NormalizeMethod": "ess_yeojohnson",
    "dco_brightness": 0.22614669612406965,
    "dco_richness": 0.5891913459532581,
    "dco_flatness": 0.5891913459532581,
    "dco_oddenergy": 0.04938721997629891,
    "dco_zcr": 0.10810914741925219
}