{
    "duration": 0.08163265138864517,
    "lossless": 1.0,
    "codec": "pcm_f32le",
    "bitrate": 1411200.0,
    "samplerate": 44100.0,
    "channels": 1.0,
    "audio_md5": "b5239ad21bc509ab706ce56653573102",
    "loudness": -14.260580062866211,
    "dynamic_range": 0.0,
    "temporal_centroid": 0.5828347206115723,
    "log_attack_time": -1.3230472803115845,
    "filesize": 14458,
    "single_event": false,
    "tonality": "A major",
    "tonality_confidence": 0.5817345976829529,
    "loop": false,
    "tempo": 0,
    "tempo_confidence": 0.0,
    "note_midi": 38,
    "note_name": "D2",
    "note_frequency": 73.43995666503906,
    "note_confidence": 0.9926061630249023,
    "hardness": 19.64123477534619,
    "depth": 54.86128799404036,
    "brightness": 23.72374138278203,
    "roughness": 39.0295105364401,
    "warmth": 59.514463126657006,
    "sharpness": 0.0,
    "boominess": 60.5742455042615,
    "reverb": false,
    "name": "AKWF_flute_0008.wav",
    "SpectralCentroid": 0.026690546616183183,
    "SpectralSpread": 0.013201137199502517,
    "SpectralKurtosis": 0.8589946568680316,
    "ZeroCrossingRate": 0.23302718649526455,
    "SpectralComplexity": 0.3880597014925373,
    "OddToEvenHarmonicEnergyRatio": 0.9378968211246411,
    "Dissonance": 0.618686986563941,
    "PitchSalience": 0.1193386124722987,
    "HNR": 0.4417405060527728,
    "NormalizeMethod": "ess_yeojohnson",
    "dco_brightness": 0.10990793049855217,
    "dco_richness": 0.10618968905799545,
    "dco_flatness": 0.10618968905799545,
    "dco_oddenergy": 0.006352111123896442,
    "dco_zcr": 0.06197413883311543
}