{
    "duration": 0.08163265138864517,
    "lossless": 1.0,
    "codec": "pcm_f32le",
    "bitrate": 1411200.0,
    "samplerate": 44100.0,
    "channels": 1.0,
    "audio_md5": "4c42805a97694f46f9c0c28775d4d45f",
    "loudness": -14.415042877197266,
    "dynamic_range": 0.0,
    "temporal_centroid": 0.5788655877113342,
    "log_attack_time": -1.3195390701293945,
    "filesize": 14458,
    "single_event": false,
    "tonality": "D major",
    "tonality_confidence": 0.7740806937217712,
    "loop": false,
    "tempo": 0,
    "tempo_confidence": 0.0,
    "note_midi": 38,
    "note_name": "D2",
    "note_frequency": 73.44561767578125,
    "note_confidence": 0.9428578019142151,
    "hardness": 44.40470041405274,
    "depth": 59.894799914277684,
    "brightness": 43.683118528794225,
    "roughness": 51.36504236999413,
    "warmth": 63.756758598735686,
    "sharpness": 29.59022027502838,
    "boominess": 41.041021887957015,
    "reverb": false,
    "name": "AKWF_1109.wav",
    "SpectralCentroid": 0.22695032192694192,
    "SpectralSpread": 0.18663075482393798,
    "SpectralKurtosis": 0.6419088641135736,
    "ZeroCrossingRate": 0.23302718649526455,
    "SpectralComplexity": 0.9850746268656716,
    "OddToEvenHarmonicEnergyRatio": 0.4315942554626583,
    "Dissonance": 0.9683005838999522,
    "PitchSalience": 0.48170588450568924,
    "HNR": 0.7912033999856697,
    "NormalizeMethod": "ess_yeojohnson",
    "dco_brightness": 0.15777433518353795,
    "dco_richness": 0.33122090035817314,
    "dco_flatness": 0.33122090035817314,
    "dco_oddenergy": 0.2832483309378955,
    "dco_zcr": 0.06197413883311543
}