{
    "duration": 0.08163265138864517,
    "lossless": 1.0,
    "codec": "pcm_f32le",
    "bitrate": 1411200.0,
    "samplerate": 44100.0,
    "channels": 1.0,
    "audio_md5": "fff8810e5a1c4a9d8e24e9433f483f5d",
    "loudness": -15.004982948303223,
    "dynamic_range": 0.0,
    "temporal_centroid": 0.5907602310180664,
    "log_attack_time": -1.2673145532608032,
    "filesize": 14458,
    "single_event": false,
    "tonality": "D major",
    "tonality_confidence": 0.6171738505363464,
    "loop": false,
    "tempo": 0,
    "tempo_confidence": 0.0,
    "note_midi": 38,
    "note_name": "D2",
    "note_frequency": 73.4334716796875,
    "note_confidence": 0.8910701274871826,
    "hardness": 63.87333469018125,
    "depth": 58.097796147189165,
    "brightness": 53.88347485364167,
    "roughness": 61.36256103016695,
    "warmth": 56.936949231120295,
    "sharpness": 42.01139554810916,
    "boominess": 36.95012908040976,
    "reverb": false,
    "name": "AKWF_vgame_0073.wav",
    "SpectralCentroid": 0.4600697980862289,
    "SpectralSpread": 0.3058150287280434,
    "SpectralKurtosis": 0.5667522730935112,
    "ZeroCrossingRate": 0.23302718649526455,
    "SpectralComplexity": 1.0,
    "OddToEvenHarmonicEnergyRatio": 0.40582832947841363,
    "Dissonance": 0.973653607932217,
    "PitchSalience": 0.38870039083745217,
    "HNR": 0.30551478893885187,
    "NormalizeMethod": "ess_yeojohnson",
    "dco_brightness": 0.21931067447069416,
    "dco_richness": 0.47871343931053534,
    "dco_flatness": 0.47871343931053534,
    "dco_oddenergy": 0.3750293281680912,
    "dco_zcr": 0.06197413883311543
}