{
    "duration": 0.08163265138864517,
    "lossless": 1.0,
    "codec": "pcm_f32le",
    "bitrate": 1411200.0,
    "samplerate": 44100.0,
    "channels": 1.0,
    "audio_md5": "6acb41ce22fb5ddc926ba1b24e530161",
    "loudness": -14.828811645507812,
    "dynamic_range": 0.0,
    "temporal_centroid": 0.6041788458824158,
    "log_attack_time": -1.3408106565475464,
    "filesize": 14458,
    "single_event": false,
    "tonality": "D minor",
    "tonality_confidence": 0.372957319021225,
    "loop": false,
    "tempo": 0,
    "tempo_confidence": 0.0,
    "note_midi": 38,
    "note_name": "D2",
    "note_frequency": 73.4312515258789,
    "note_confidence": 0.9940553903579712,
    "hardness": 42.507128884699966,
    "depth": 59.00440577147006,
    "brightness": 38.06952994340217,
    "roughness": 51.920192213109445,
    "warmth": 70.33787720236354,
    "sharpness": 16.107964801304895,
    "boominess": 49.79208788633804,
    "reverb": false,
    "name": "AKWF_hvoice_0024.wav",
    "SpectralCentroid": 0.11588591359736275,
    "SpectralSpread": 0.026974932338523095,
    "SpectralKurtosis": 0.710533685340811,
    "ZeroCrossingRate": 0.4252420127794052,
    "SpectralComplexity": 0.7313432835820896,
    "OddToEvenHarmonicEnergyRatio": 0.30465215747966795,
    "Dissonance": 0.9957022932966745,
    "PitchSalience": 0.0959410347364415,
    "HNR": 0.0,
    "NormalizeMethod": "ess_yeojohnson",
    "dco_brightness": 0.1486170235525566,
    "dco_richness": 0.2837387911518715,
    "dco_flatness": 0.2837387911518715,
    "dco_oddenergy": 0.46677879656704,
    "dco_zcr": 0.14487511069267625
}