{
    "duration": 0.08163265138864517,
    "lossless": 1.0,
    "codec": "pcm_f32le",
    "bitrate": 1411200.0,
    "samplerate": 44100.0,
    "channels": 1.0,
    "audio_md5": "646403a2df71d1674f0a662ea9a15c78",
    "loudness": -13.13651180267334,
    "dynamic_range": 0.0,
    "temporal_centroid": 0.5776932239532471,
    "log_attack_time": -1.3850836753845215,
    "filesize": 14458,
    "single_event": false,
    "tonality": "D major",
    "tonality_confidence": 0.7023038268089294,
    "loop": false,
    "tempo": 0,
    "tempo_confidence": 0.0,
    "note_midi": 38,
    "note_name": "D2",
    "note_frequency": 73.44345092773438,
    "note_confidence": 0.985920250415802,
    "hardness": 35.46745779599935,
    "depth": 54.836758904827335,
    "brightness": 37.975408982688734,
    "roughness": 36.29057117379155,
    "warmth": 56.12790028082854,
    "sharpness": 16.41697626952101,
    "boominess": 55.90161197497085,
    "reverb": false,
    "name": "AKWF_fmsynth_0039.wav",
    "SpectralCentroid": 0.08469939494640426,
    "SpectralSpread": 0.05741354907734542,
    "SpectralKurtosis": 0.7299438328888976,
    "ZeroCrossingRate": 0.23302718649526455,
    "SpectralComplexity": 0.5970149253731343,
    "OddToEvenHarmonicEnergyRatio": 1.0,
    "Dissonance": 0.9919451185392173,
    "PitchSalience": 0.042765997210071106,
    "HNR": 0.0,
    "NormalizeMethod": "ess_yeojohnson",
    "dco_brightness": 0.11087401971810538,
    "dco_richness": 0.23537540762268705,
    "dco_flatness": 0.23537540762268705,
    "dco_oddenergy": 0.0020179960983922607,
    "dco_zcr": 0.06197413883311543
}