{
    "duration": 0.08163265138864517,
    "lossless": 1.0,
    "codec": "pcm_f32le",
    "bitrate": 1411200.0,
    "samplerate": 44100.0,
    "channels": 1.0,
    "audio_md5": "1bffae8cdfbcb2b6fab05faf17dd36ab",
    "loudness": -14.348024368286133,
    "dynamic_range": 0.0,
    "temporal_centroid": 0.5822488069534302,
    "log_attack_time": -1.2836558818817139,
    "filesize": 14458,
    "single_event": false,
    "tonality": "D major",
    "tonality_confidence": 0.7735074162483215,
    "loop": false,
    "tempo": 0,
    "tempo_confidence": 0.0,
    "note_midi": 38,
    "note_name": "D2",
    "note_frequency": 73.42904663085938,
    "note_confidence": 0.9404789209365845,
    "hardness": 73.55970103264875,
    "depth": 53.101260033066325,
    "brightness": 59.015497203067206,
    "roughness": 66.13536150278132,
    "warmth": 49.08394538418759,
    "sharpness": 49.28913784157946,
    "boominess": 29.769569981633055,
    "reverb": false,
    "name": "AKWF_oscchip_0042.wav",
    "SpectralCentroid": 0.631821430662645,
    "SpectralSpread": 0.5494113402509532,
    "SpectralKurtosis": 0.4952167829382189,
    "ZeroCrossingRate": 0.4252420127794052,
    "SpectralComplexity": 1.0,
    "OddToEvenHarmonicEnergyRatio": 0.5290308639106186,
    "Dissonance": 0.9687987397750407,
    "PitchSalience": 0.5743056272443249,
    "HNR": 0.0,
    "NormalizeMethod": "ess_yeojohnson",
    "dco_brightness": 0.2843376152815477,
    "dco_richness": 0.5517475419376268,
    "dco_flatness": 0.5517475419376268,
    "dco_oddenergy": 0.2872765733310494,
    "dco_zcr": 0.14487511069267625
}