{
    "duration": 0.08163265138864517,
    "lossless": 1.0,
    "codec": "pcm_f32le",
    "bitrate": 1411200.0,
    "samplerate": 44100.0,
    "channels": 1.0,
    "audio_md5": "979aa0e51d9ce802ed27ea6dbd39740c",
    "loudness": -16.120342254638672,
    "dynamic_range": 0.0,
    "temporal_centroid": 0.5888514518737793,
    "log_attack_time": -1.278576374053955,
    "filesize": 14458,
    "single_event": false,
    "tonality": "D major",
    "tonality_confidence": 0.757638156414032,
    "loop": false,
    "tempo": 0,
    "tempo_confidence": 0.0,
    "note_midi": 38,
    "note_name": "D2",
    "note_frequency": 73.4321517944336,
    "note_confidence": 0.9036684632301331,
    "hardness": 58.814619947154085,
    "depth": 53.164452832556734,
    "brightness": 50.93128614143517,
    "roughness": 60.92038635966491,
    "warmth": 62.68432217047675,
    "sharpness": 37.029270155273636,
    "boominess": 35.04547337707426,
    "reverb": false,
    "name": "AKWF_0429.wav",
    "SpectralCentroid": 0.37459627144994717,
    "SpectralSpread": 0.2056440283316749,
    "SpectralKurtosis": 0.5822961349418725,
    "ZeroCrossingRate": 0.8622249131751906,
    "SpectralComplexity": 1.0,
    "OddToEvenHarmonicEnergyRatio": 0.25151102510420176,
    "Dissonance": 0.9726960254308938,
    "PitchSalience": 0.6343506538592172,
    "HNR": 0.7832253791078648,
    "NormalizeMethod": "ess_yeojohnson",
    "dco_brightness": 0.2904031281728731,
    "dco_richness": 0.4622254748114702,
    "dco_flatness": 0.4622254748114702,
    "dco_oddenergy": 0.6178648806426403,
    "dco_zcr": 0.33406703367500235
}