{
    "duration": 0.08163265138864517,
    "lossless": 1.0,
    "codec": "pcm_f32le",
    "bitrate": 1411200.0,
    "samplerate": 44100.0,
    "channels": 1.0,
    "audio_md5": "f71a35afc9d50e79e510e990cadd8721",
    "loudness": -14.115463256835938,
    "dynamic_range": 0.0,
    "temporal_centroid": 0.5858311653137207,
    "log_attack_time": -1.284413456916809,
    "filesize": 14458,
    "single_event": false,
    "tonality": "D major",
    "tonality_confidence": 0.9135863780975342,
    "loop": false,
    "tempo": 0,
    "tempo_confidence": 0.0,
    "note_midi": 38,
    "note_name": "D2",
    "note_frequency": 73.43011474609375,
    "note_confidence": 0.9179980754852295,
    "hardness": 74.1873563148801,
    "depth": 59.189970539417686,
    "brightness": 56.12183966579128,
    "roughness": 63.27870531274164,
    "warmth": 48.18023080602704,
    "sharpness": 45.711219506251375,
    "boominess": 35.15404964239663,
    "reverb": false,
    "name": "AKWF_gapsaw_0002.wav",
    "SpectralCentroid": 0.7226345622901914,
    "SpectralSpread": 0.8548162798335963,
    "SpectralKurtosis": 0.48248459322049275,
    "ZeroCrossingRate": 0.23302718649526455,
    "SpectralComplexity": 1.0,
    "OddToEvenHarmonicEnergyRatio": 0.13738357629571088,
    "Dissonance": 0.9854954222173727,
    "PitchSalience": 0.5388415397433931,
    "HNR": 0.0,
    "NormalizeMethod": "ess_yeojohnson",
    "dco_brightness": 0.2397419899343091,
    "dco_richness": 0.5648440581098227,
    "dco_flatness": 0.5648440581098227,
    "dco_oddenergy": 0.3167409514345416,
    "dco_zcr": 0.14487511069267625
}