{
    "duration": 0.08163265138864517,
    "lossless": 1.0,
    "codec": "pcm_f32le",
    "bitrate": 1411200.0,
    "samplerate": 44100.0,
    "channels": 1.0,
    "audio_md5": "e7776519760e7fc94601c660db617e3e",
    "loudness": -15.349574089050293,
    "dynamic_range": 0.0,
    "temporal_centroid": 0.585237979888916,
    "log_attack_time": -1.2515658140182495,
    "filesize": 14458,
    "single_event": false,
    "tonality": "D minor",
    "tonality_confidence": 0.8776859045028687,
    "loop": false,
    "tempo": 0,
    "tempo_confidence": 0.0,
    "note_midi": 38,
    "note_name": "D2",
    "note_frequency": 73.42853546142578,
    "note_confidence": 0.9733245372772217,
    "hardness": 32.66683434081551,
    "depth": 60.890270170744465,
    "brightness": 32.90364163713111,
    "roughness": 52.08393206463319,
    "warmth": 72.19877024013297,
    "sharpness": 6.7215264750083215,
    "boominess": 48.17821479543814,
    "reverb": false,
    "name": "AKWF_cello_0019.wav",
    "SpectralCentroid": 0.10906681963577763,
    "SpectralSpread": 0.031017494440797374,
    "SpectralKurtosis": 0.7816183246464715,
    "ZeroCrossingRate": 0.568873868296057,
    "SpectralComplexity": 0.5970149253731343,
    "OddToEvenHarmonicEnergyRatio": 0.1498181696782614,
    "Dissonance": 0.999998322461914,
    "PitchSalience": 0.4405030767642752,
    "HNR": 0.8597871297974681,
    "NormalizeMethod": "ess_yeojohnson",
    "dco_brightness": 0.18238375006910348,
    "dco_richness": 0.3029263271338076,
    "dco_flatness": 0.3029263271338076,
    "dco_oddenergy": 0.7215600238281288,
    "dco_zcr": 0.2016028048315253
}