{
    "duration": 0.08163265138864517,
    "lossless": 1.0,
    "codec": "pcm_f32le",
    "bitrate": 1411200.0,
    "samplerate": 44100.0,
    "channels": 1.0,
    "audio_md5": "4adeea07b6396279e62d6aaa2f82a5ce",
    "loudness": -17.006677627563477,
    "dynamic_range": 0.0,
    "temporal_centroid": 0.6058933734893799,
    "log_attack_time": -1.2167901992797852,
    "filesize": 14458,
    "single_event": false,
    "tonality": "D major",
    "tonality_confidence": 0.8950537443161011,
    "loop": false,
    "tempo": 0,
    "tempo_confidence": 0.0,
    "note_midi": 38,
    "note_name": "D2",
    "note_frequency": 73.61278533935547,
    "note_confidence": 0.9442314505577087,
    "hardness": 79.3822612942534,
    "depth": 55.32360960129424,
    "brightness": 60.17745860458991,
    "roughness": 76.24400373678546,
    "warmth": 48.26202850945266,
    "sharpness": 50.121778558305074,
    "boominess": 32.97435183197962,
    "reverb": false,
    "name": "AKWF_1682.wav",
    "SpectralCentroid": 0.8784880015546489,
    "SpectralSpread": 0.9566670371660914,
    "SpectralKurtosis": 0.3573764518604822,
    "ZeroCrossingRate": 0.8961704051034269,
    "SpectralComplexity": 1.0,
    "OddToEvenHarmonicEnergyRatio": 0.151839826974207,
    "Dissonance": 0.9847006338468253,
    "PitchSalience": 0.7110195235581831,
    "HNR": 0.9004677626439636,
    "NormalizeMethod": "ess_yeojohnson",
    "dco_brightness": 0.3517499725183959,
    "dco_richness": 0.6793342806928826,
    "dco_flatness": 0.6793342806928826,
    "dco_oddenergy": 0.7422097780882028,
    "dco_zcr": 0.356183536315725
}