{
    "duration": 0.08163265138864517,
    "lossless": 1.0,
    "codec": "pcm_f32le",
    "bitrate": 1411200.0,
    "samplerate": 44100.0,
    "channels": 1.0,
    "audio_md5": "36a0f557cf7050ea29201b8094966c8e",
    "loudness": -14.781593322753906,
    "dynamic_range": 0.0,
    "temporal_centroid": 0.5861647725105286,
    "log_attack_time": -1.3220125436782837,
    "filesize": 14458,
    "single_event": false,
    "tonality": "D major",
    "tonality_confidence": 0.578982949256897,
    "loop": false,
    "tempo": 0,
    "tempo_confidence": 0.0,
    "note_midi": 38,
    "note_name": "D2",
    "note_frequency": 73.43062591552734,
    "note_confidence": 0.9916647672653198,
    "hardness": 50.74488811305463,
    "depth": 54.738914867849864,
    "brightness": 48.7613960834039,
    "roughness": 35.43036500647763,
    "warmth": 54.33041655890216,
    "sharpness": 45.38795923503259,
    "boominess": 46.48625626210406,
    "reverb": false,
    "name": "AKWF_vgtri_0007.wav",
    "SpectralCentroid": 0.44204405313581696,
    "SpectralSpread": 0.43146865220559394,
    "SpectralKurtosis": 0.5263863046704661,
    "ZeroCrossingRate": 0.568873868296057,
    "SpectralComplexity": 0.9850746268656716,
    "OddToEvenHarmonicEnergyRatio": 0.9969271203114268,
    "Dissonance": 0.930155701791494,
    "PitchSalience": 0.17216837847669025,
    "HNR": 0.7576454642793099,
    "NormalizeMethod": "ess_yeojohnson",
    "dco_brightness": 0.11848476701447806,
    "dco_richness": 0.37107538076194363,
    "dco_flatness": 0.37107538076194363,
    "dco_oddenergy": 0.0027921536829473848,
    "dco_zcr": 0.22446827716383663
}