{
    "duration": 0.08163265138864517,
    "lossless": 1.0,
    "codec": "pcm_f32le",
    "bitrate": 1411200.0,
    "samplerate": 44100.0,
    "channels": 1.0,
    "audio_md5": "4065601e5e2d82045cdb93bf603cbc21",
    "loudness": -18.8234806060791,
    "dynamic_range": 0.0,
    "temporal_centroid": 0.560620903968811,
    "log_attack_time": -1.5769957304000854,
    "filesize": 14458,
    "single_event": false,
    "tonality": "C# minor",
    "tonality_confidence": 0.3030616044998169,
    "loop": false,
    "tempo": 0,
    "tempo_confidence": 0.0,
    "note_midi": 38,
    "note_name": "D2",
    "note_frequency": 73.44044494628906,
    "note_confidence": 0.9766897559165955,
    "hardness": 39.48994385632923,
    "depth": 62.846513741469934,
    "brightness": 40.847816201589566,
    "roughness": 37.08089374867842,
    "warmth": 63.90470992958669,
    "sharpness": 22.924672611885946,
    "boominess": 45.258972987272045,
    "reverb": false,
    "name": "AKWF_0067.wav",
    "SpectralCentroid": 0.15517693427752102,
    "SpectralSpread": 0.0907875762719984,
    "SpectralKurtosis": 0.6905974320960526,
    "ZeroCrossingRate": 0.23302718649526455,
    "SpectralComplexity": 0.4925373134328358,
    "OddToEvenHarmonicEnergyRatio": 0.004173225648165561,
    "Dissonance": 0.9901590510327508,
    "PitchSalience": 0.38020411464415915,
    "HNR": 0.0,
    "NormalizeMethod": "ess_yeojohnson",
    "dco_brightness": 0.13066361278743413,
    "dco_richness": 0.28306668294383314,
    "dco_flatness": 0.28306668294383314,
    "dco_oddenergy": 0.010146928796635035,
    "dco_zcr": 0.06197413883311543
}