{
    "duration": 0.08163265138864517,
    "lossless": 1.0,
    "codec": "pcm_f32le",
    "bitrate": 1411200.0,
    "samplerate": 44100.0,
    "channels": 1.0,
    "audio_md5": "b7c77371d691d85ae31f4609517f6481",
    "loudness": -13.333269119262695,
    "dynamic_range": 0.0,
    "temporal_centroid": 0.5819775462150574,
    "log_attack_time": -1.2982813119888306,
    "filesize": 14458,
    "single_event": false,
    "tonality": "D major",
    "tonality_confidence": 0.7794612050056458,
    "loop": false,
    "tempo": 0,
    "tempo_confidence": 0.0,
    "note_midi": 38,
    "note_name": "D2",
    "note_frequency": 73.46255493164062,
    "note_confidence": 0.9363675117492676,
    "hardness": 42.09968767605581,
    "depth": 62.45797484108898,
    "brightness": 37.789479177519965,
    "roughness": 49.164441972182075,
    "warmth": 66.64806560270299,
    "sharpness": 16.880572172494062,
    "boominess": 46.5301730355274,
    "reverb": false,
    "name": "AKWF_R_sym_saw_11.wav",
    "SpectralCentroid": 0.11393237263044867,
    "SpectralSpread": 0.02828720593936935,
    "SpectralKurtosis": 0.7222593578567067,
    "ZeroCrossingRate": 0.23302718649526455,
    "SpectralComplexity": 0.8955223880597015,
    "OddToEvenHarmonicEnergyRatio": 0.09307260701969038,
    "Dissonance": 0.8792052962357212,
    "PitchSalience": 0.39221496170971576,
    "HNR": 0.0,
    "NormalizeMethod": "ess_yeojohnson",
    "dco_brightness": 0.14447081275717594,
    "dco_richness": 0.2811092558107216,
    "dco_flatness": 0.2811092558107216,
    "dco_oddenergy": 0.19487647314843204,
    "dco_zcr": 0.06197413883311543
}