{
    "duration": 0.08163265138864517,
    "lossless": 1.0,
    "codec": "pcm_f32le",
    "bitrate": 1411200.0,
    "samplerate": 44100.0,
    "channels": 1.0,
    "audio_md5": "16b7134b0775e6ea45c0d324b71acc1a",
    "loudness": -15.332161903381348,
    "dynamic_range": 0.0,
    "temporal_centroid": 0.577823281288147,
    "log_attack_time": -1.3245002031326294,
    "filesize": 14458,
    "single_event": false,
    "tonality": "A major",
    "tonality_confidence": 0.5429394841194153,
    "loop": false,
    "tempo": 0,
    "tempo_confidence": 0.0,
    "note_midi": 38,
    "note_name": "D2",
    "note_frequency": 73.44781494140625,
    "note_confidence": 0.9878434538841248,
    "hardness": 21.305586377738408,
    "depth": 54.87187335106054,
    "brightness": 25.57793366822172,
    "roughness": 38.989485950694785,
    "warmth": 57.30581895576343,
    "sharpness": 0.0,
    "boominess": 60.038296499541346,
    "reverb": false,
    "name": "AKWF_0957.wav",
    "SpectralCentroid": 0.05253112602557036,
    "SpectralSpread": 0.05616235954192304,
    "SpectralKurtosis": 0.757368036843395,
    "ZeroCrossingRate": 0.251274150799389,
    "SpectralComplexity": 0.31343283582089554,
    "OddToEvenHarmonicEnergyRatio": 0.9041605331214908,
    "Dissonance": 0.6145626497749765,
    "PitchSalience": 0.0742356103698267,
    "HNR": 0.0,
    "NormalizeMethod": "ess_yeojohnson",
    "dco_brightness": 0.10959358828570648,
    "dco_richness": 0.1007926295270141,
    "dco_flatness": 0.1007926295270141,
    "dco_oddenergy": 0.01159797696540621,
    "dco_zcr": 0.10810914741925219
}