{
    "duration": 0.08163265138864517,
    "lossless": 1.0,
    "codec": "pcm_f32le",
    "bitrate": 1411200.0,
    "samplerate": 44100.0,
    "channels": 1.0,
    "audio_md5": "c52215e98c2fab15bc86d0239c61030a",
    "loudness": -13.224308013916016,
    "dynamic_range": 0.0,
    "temporal_centroid": 0.5806153416633606,
    "log_attack_time": -1.3749256134033203,
    "filesize": 14458,
    "single_event": false,
    "tonality": "D minor",
    "tonality_confidence": 0.8626140356063843,
    "loop": false,
    "tempo": 0,
    "tempo_confidence": 0.0,
    "note_midi": 38,
    "note_name": "D2",
    "note_frequency": 73.44342803955078,
    "note_confidence": 0.9477788805961609,
    "hardness": 35.0903051000446,
    "depth": 60.712916947645624,
    "brightness": 29.508755021747625,
    "roughness": 42.14905099996846,
    "warmth": 66.26124299592576,
    "sharpness": 9.859700750526905,
    "boominess": 43.06058033814891,
    "reverb": false,
    "name": "AKWF_eorgan_0103.wav",
    "SpectralCentroid": 0.06655788563342496,
    "SpectralSpread": 0.00552259939755884,
    "SpectralKurtosis": 0.887161687761886,
    "ZeroCrossingRate": 0.4252420127794052,
    "SpectralComplexity": 0.2835820895522388,
    "OddToEvenHarmonicEnergyRatio": 0.3720489958021733,
    "Dissonance": 0.7857304671841459,
    "PitchSalience": 0.4035599691355389,
    "HNR": 0.0,
    "NormalizeMethod": "ess_yeojohnson",
    "dco_brightness": 0.1719321996747355,
    "dco_richness": 0.31938068875553843,
    "dco_flatness": 0.31938068875553843,
    "dco_oddenergy": 0.37338212766403145,
    "dco_zcr": 0.14487511069267625
}