{
    "duration": 0.08163265138864517,
    "lossless": 1.0,
    "codec": "pcm_f32le",
    "bitrate": 1411200.0,
    "samplerate": 44100.0,
    "channels": 1.0,
    "audio_md5": "1a3259281cf367d6cd101baa27aff824",
    "loudness": -18.351238250732422,
    "dynamic_range": 0.0,
    "temporal_centroid": 0.5838338136672974,
    "log_attack_time": -1.365456461906433,
    "filesize": 14458,
    "single_event": false,
    "tonality": "D major",
    "tonality_confidence": 0.8844080567359924,
    "loop": false,
    "tempo": 0,
    "tempo_confidence": 0.0,
    "note_midi": 38,
    "note_name": "D2",
    "note_frequency": 73.42839813232422,
    "note_confidence": 0.9974140524864197,
    "hardness": 72.52401347072419,
    "depth": 58.90131802098729,
    "brightness": 63.135036057468646,
    "roughness": 73.06584939379084,
    "warmth": 43.26391137253092,
    "sharpness": 51.25553385998555,
    "boominess": 34.10112810935135,
    "reverb": false,
    "name": "AKWF_saw_0050.wav",
    "SpectralCentroid": 0.8640371780374282,
    "SpectralSpread": 0.9527774449516724,
    "SpectralKurtosis": 0.3905473561365712,
    "ZeroCrossingRate": 0.4252420127794052,
    "SpectralComplexity": 1.0,
    "OddToEvenHarmonicEnergyRatio": 0.11011700390870052,
    "Dissonance": 0.9819383121107746,
    "PitchSalience": 0.5169277036032168,
    "HNR": 0.0,
    "NormalizeMethod": "ess_yeojohnson",
    "dco_brightness": 0.3078709546084036,
    "dco_richness": 0.6664120745930853,
    "dco_flatness": 0.6664120745930853,
    "dco_oddenergy": 0.27479398566628566,
    "dco_zcr": 0.14487511069267625
}