{
    "duration": 0.08163265138864517,
    "lossless": 1.0,
    "codec": "pcm_f32le",
    "bitrate": 1411200.0,
    "samplerate": 44100.0,
    "channels": 1.0,
    "audio_md5": "5c8949883c9004eabdba000dda86ebf7",
    "loudness": -12.808736801147461,
    "dynamic_range": 0.0,
    "temporal_centroid": 0.574976921081543,
    "log_attack_time": -1.392071008682251,
    "filesize": 14458,
    "single_event": false,
    "tonality": "E minor",
    "tonality_confidence": 0.4451390504837036,
    "loop": false,
    "tempo": 0,
    "tempo_confidence": 0.0,
    "note_midi": 38,
    "note_name": "D2",
    "note_frequency": 73.45560455322266,
    "note_confidence": 0.9843942523002625,
    "hardness": 20.36795965357517,
    "depth": 54.88086670893753,
    "brightness": 13.720229096691654,
    "roughness": 21.312828992112088,
    "warmth": 57.9274103321965,
    "sharpness": 0.0,
    "boominess": 60.40733126056581,
    "reverb": false,
    "name": "AKWF_0080.wav",
    "SpectralCentroid": 0.012948483789322576,
    "SpectralSpread": 0.001593446335935064,
    "SpectralKurtosis": 0.9520215290326992,
    "ZeroCrossingRate": 0.23302718649526455,
    "SpectralComplexity": 0.11940298507462686,
    "OddToEvenHarmonicEnergyRatio": 4.390810271797916e-06,
    "Dissonance": 0.796371601818393,
    "PitchSalience": 0.07615730005977579,
    "HNR": 0.0,
    "NormalizeMethod": "ess_yeojohnson",
    "dco_brightness": 0.1086378763895094,
    "dco_richness": 0.07087850285906078,
    "dco_flatness": 0.07087850285906078,
    "dco_oddenergy": 9.863899889217542e-06,
    "dco_zcr": 0.06197413883311543
}