{
    "duration": 0.08163265138864517,
    "lossless": 1.0,
    "codec": "pcm_f32le",
    "bitrate": 1411200.0,
    "samplerate": 44100.0,
    "channels": 1.0,
    "audio_md5": "9c715a3501a8a28bb2ede47a0f71a280",
    "loudness": -14.546981811523438,
    "dynamic_range": 0.0,
    "temporal_centroid": 0.5871896743774414,
    "log_attack_time": -1.2859326601028442,
    "filesize": 14458,
    "single_event": false,
    "tonality": "D major",
    "tonality_confidence": 0.7407585978507996,
    "loop": false,
    "tempo": 0,
    "tempo_confidence": 0.0,
    "note_midi": 38,
    "note_name": "D2",
    "note_frequency": 73.45308685302734,
    "note_confidence": 0.9068502187728882,
    "hardness": 33.99811121084696,
    "depth": 58.42182660806792,
    "brightness": 31.893562504452913,
    "roughness": 47.63328842145004,
    "warmth": 69.1652200775542,
    "sharpness": 7.996851742466266,
    "boominess": 46.93021160660959,
    "reverb": false,
    "name": "AKWF_aguitar_0019.wav",
    "SpectralCentroid": 0.10756434628762268,
    "SpectralSpread": 0.03580763941833234,
    "SpectralKurtosis": 0.7811905122823897,
    "ZeroCrossingRate": 0.4252420127794052,
    "SpectralComplexity": 0.47761194029850745,
    "OddToEvenHarmonicEnergyRatio": 0.07725201809256772,
    "Dissonance": 0.9398533306570522,
    "PitchSalience": 0.4075359601727492,
    "HNR": 0.6449679639608346,
    "NormalizeMethod": "ess_yeojohnson",
    "dco_brightness": 0.20252632950233493,
    "dco_richness": 0.279137377287584,
    "dco_flatness": 0.279137377287584,
    "dco_oddenergy": 0.8486475522609549,
    "dco_zcr": 0.14487511069267625
}