{
    "duration": 0.08163265138864517,
    "lossless": 1.0,
    "codec": "pcm_f32le",
    "bitrate": 1411200.0,
    "samplerate": 44100.0,
    "channels": 1.0,
    "audio_md5": "2a0059a89a8af59c5d5cbb2146ba6633",
    "loudness": -10.005550384521484,
    "dynamic_range": 0.0,
    "temporal_centroid": 0.5547851920127869,
    "log_attack_time": -1.593672275543213,
    "filesize": 14458,
    "single_event": false,
    "tonality": "A major",
    "tonality_confidence": 0.619515597820282,
    "loop": false,
    "tempo": 0,
    "tempo_confidence": 0.0,
    "note_midi": 38,
    "note_name": "D2",
    "note_frequency": 73.42852020263672,
    "note_confidence": 0.9613537192344666,
    "hardness": 69.75660285409984,
    "depth": 60.80626871481069,
    "brightness": 56.16168755821575,
    "roughness": 60.619806787644244,
    "warmth": 53.814503062971426,
    "sharpness": 47.095718899446695,
    "boominess": 35.662654068011236,
    "reverb": false,
    "name": "AKWF_squ_0065.wav",
    "SpectralCentroid": 0.6360049908142045,
    "SpectralSpread": 0.6449597322483849,
    "SpectralKurtosis": 0.5088957758585587,
    "ZeroCrossingRate": 0.23302718649526455,
    "SpectralComplexity": 1.0,
    "OddToEvenHarmonicEnergyRatio": 0.8203428713298655,
    "Dissonance": 0.9772861343162442,
    "PitchSalience": 0.4809573698072631,
    "HNR": 0.0,
    "NormalizeMethod": "ess_yeojohnson",
    "dco_brightness": 0.19830298425648515,
    "dco_richness": 0.5012762376652881,
    "dco_flatness": 0.5012762376652881,
    "dco_oddenergy": 0.06921257881319198,
    "dco_zcr": 0.06197413883311543
}