{
    "duration": 0.08163265138864517,
    "lossless": 1.0,
    "codec": "pcm_f32le",
    "bitrate": 1411200.0,
    "samplerate": 44100.0,
    "channels": 1.0,
    "audio_md5": "bd53e4b2dac4705b97f6b2e9dd5be341",
    "loudness": -14.78347396850586,
    "dynamic_range": 0.0,
    "temporal_centroid": 0.5890752077102661,
    "log_attack_time": -1.293222188949585,
    "filesize": 14458,
    "single_event": false,
    "tonality": "D major",
    "tonality_confidence": 0.7009894251823425,
    "loop": false,
    "tempo": 0,
    "tempo_confidence": 0.0,
    "note_midi": 38,
    "note_name": "D2",
    "note_frequency": 73.43392181396484,
    "note_confidence": 0.9465354084968567,
    "hardness": 44.785237449174815,
    "depth": 49.41850746534223,
    "brightness": 43.1167696335402,
    "roughness": 53.607439799084055,
    "warmth": 64.89734787796722,
    "sharpness": 22.764235754072025,
    "boominess": 37.128354803429886,
    "reverb": false,
    "name": "AKWF_0769.wav",
    "SpectralCentroid": 0.19371154033445195,
    "SpectralSpread": 0.07552281255568212,
    "SpectralKurtosis": 0.6766639050531319,
    "ZeroCrossingRate": 0.568873868296057,
    "SpectralComplexity": 0.9701492537313433,
    "OddToEvenHarmonicEnergyRatio": 0.3294091133652536,
    "Dissonance": 0.8623164262778902,
    "PitchSalience": 0.7157426013713442,
    "HNR": 0.41291038897062454,
    "NormalizeMethod": "ess_yeojohnson",
    "dco_brightness": 0.2517218691434518,
    "dco_richness": 0.35116035723890743,
    "dco_flatness": 0.35116035723890743,
    "dco_oddenergy": 0.4660902100336334,
    "dco_zcr": 0.2016028048315253
}