{
    "duration": 0.08163265138864517,
    "lossless": 1.0,
    "codec": "pcm_f32le",
    "bitrate": 1411200.0,
    "samplerate": 44100.0,
    "channels": 1.0,
    "audio_md5": "133aa5d1143e750acaad82fddea85b5d",
    "loudness": -13.267648696899414,
    "dynamic_range": 0.0,
    "temporal_centroid": 0.5743562579154968,
    "log_attack_time": -1.383890151977539,
    "filesize": 14458,
    "single_event": false,
    "tonality": "D major",
    "tonality_confidence": 0.6483247876167297,
    "loop": false,
    "tempo": 0,
    "tempo_confidence": 0.0,
    "note_midi": 38,
    "note_name": "D2",
    "note_frequency": 73.42962646484375,
    "note_confidence": 0.9514169096946716,
    "hardness": 71.64630269620619,
    "depth": 60.353270657489155,
    "brightness": 55.96052217972343,
    "roughness": 62.922921764327015,
    "warmth": 53.488002480797554,
    "sharpness": 48.2507853249805,
    "boominess": 35.33172706451561,
    "reverb": false,
    "name": "AKWF_oscchip_0103.wav",
    "SpectralCentroid": 0.666131503159261,
    "SpectralSpread": 0.6899147140774388,
    "SpectralKurtosis": 0.48739719281964516,
    "ZeroCrossingRate": 0.4252420127794052,
    "SpectralComplexity": 1.0,
    "OddToEvenHarmonicEnergyRatio": 0.681273781443084,
    "Dissonance": 0.9673579533685257,
    "PitchSalience": 0.5410512585180302,
    "HNR": 0.0,
    "NormalizeMethod": "ess_yeojohnson",
    "dco_brightness": 0.2169399144431156,
    "dco_richness": 0.526923788289039,
    "dco_flatness": 0.526923788289039,
    "dco_oddenergy": 0.13560208422304632,
    "dco_zcr": 0.14487511069267625
}