{
    "duration": 0.08163265138864517,
    "lossless": 1.0,
    "codec": "pcm_f32le",
    "bitrate": 1411200.0,
    "samplerate": 44100.0,
    "channels": 1.0,
    "audio_md5": "bee44c69bdbfdd263d3cf1f6fa4be432",
    "loudness": -12.484569549560547,
    "dynamic_range": 0.0,
    "temporal_centroid": 0.5703179240226746,
    "log_attack_time": -1.4643126726150513,
    "filesize": 14458,
    "single_event": false,
    "tonality": "D major",
    "tonality_confidence": 0.7030348181724548,
    "loop": false,
    "tempo": 0,
    "tempo_confidence": 0.0,
    "note_midi": 38,
    "note_name": "D2",
    "note_frequency": 73.4380111694336,
    "note_confidence": 0.9709638953208923,
    "hardness": 48.33995852311088,
    "depth": 63.01048382743021,
    "brightness": 47.79101077519016,
    "roughness": 52.3124016229993,
    "warmth": 59.09088272816034,
    "sharpness": 32.48823325068323,
    "boominess": 42.78648743179248,
    "reverb": false,
    "name": "AKWF_eguitar_0008.wav",
    "SpectralCentroid": 0.2726751678388509,
    "SpectralSpread": 0.1608066793165325,
    "SpectralKurtosis": 0.6350290299761684,
    "ZeroCrossingRate": 0.23302718649526455,
    "SpectralComplexity": 1.0,
    "OddToEvenHarmonicEnergyRatio": 0.924668843418017,
    "Dissonance": 0.9668014483426215,
    "PitchSalience": 0.2188393924129805,
    "HNR": 0.0,
    "NormalizeMethod": "ess_yeojohnson",
    "dco_brightness": 0.1277460985244985,
    "dco_richness": 0.33403588776858234,
    "dco_flatness": 0.33403588776858234,
    "dco_oddenergy": 0.019207333815299932,
    "dco_zcr": 0.06197413883311543
}