{
    "duration": 0.08163265138864517,
    "lossless": 1.0,
    "codec": "pcm_f32le",
    "bitrate": 1411200.0,
    "samplerate": 44100.0,
    "channels": 1.0,
    "audio_md5": "6b792008e500f38c45ef69dcdf913773",
    "loudness": -15.548471450805664,
    "dynamic_range": 0.0,
    "temporal_centroid": 0.5902307629585266,
    "log_attack_time": -1.2691408395767212,
    "filesize": 14458,
    "single_event": false,
    "tonality": "A major",
    "tonality_confidence": 0.3066415786743164,
    "loop": false,
    "tempo": 0,
    "tempo_confidence": 0.0,
    "note_midi": 38,
    "note_name": "D2",
    "note_frequency": 73.43439483642578,
    "note_confidence": 0.9873335361480713,
    "hardness": 40.782514975494706,
    "depth": 62.8024993991387,
    "brightness": 42.185977841412274,
    "roughness": 32.660478170721625,
    "warmth": 58.122142711120105,
    "sharpness": 29.55643553234325,
    "boominess": 45.431286805970046,
    "reverb": false,
    "name": "AKWF_0627.wav",
    "SpectralCentroid": 0.30821171145515275,
    "SpectralSpread": 0.42616633404811766,
    "SpectralKurtosis": 0.6099170006517401,
    "ZeroCrossingRate": 0.23302718649526455,
    "SpectralComplexity": 0.4925373134328358,
    "OddToEvenHarmonicEnergyRatio": 0.0015973740794205965,
    "Dissonance": 0.9308410125678236,
    "PitchSalience": 0.403399355684976,
    "HNR": 0.0,
    "NormalizeMethod": "ess_yeojohnson",
    "dco_brightness": 0.13224280947792447,
    "dco_richness": 0.3264115674489162,
    "dco_flatness": 0.3264115674489162,
    "dco_oddenergy": 0.004434668900033301,
    "dco_zcr": 0.14487511069267625
}