{
    "duration": 0.08163265138864517,
    "lossless": 1.0,
    "codec": "pcm_f32le",
    "bitrate": 1411200.0,
    "samplerate": 44100.0,
    "channels": 1.0,
    "audio_md5": "ce27fbaa49998df1759974e81e948013",
    "loudness": -14.119956016540527,
    "dynamic_range": 0.0,
    "temporal_centroid": 0.5808461904525757,
    "log_attack_time": -1.3234620094299316,
    "filesize": 14458,
    "single_event": false,
    "tonality": "D minor",
    "tonality_confidence": 0.48788338899612427,
    "loop": false,
    "tempo": 0,
    "tempo_confidence": 0.0,
    "note_midi": 38,
    "note_name": "D2",
    "note_frequency": 73.44164276123047,
    "note_confidence": 0.9537914991378784,
    "hardness": 35.03339085030346,
    "depth": 60.65162925725141,
    "brightness": 30.289682330849814,
    "roughness": 42.37985870884528,
    "warmth": 63.72610111312739,
    "sharpness": 10.836492865938308,
    "boominess": 41.413151955273364,
    "reverb": false,
    "name": "AKWF_eorgan_0102.wav",
    "SpectralCentroid": 0.06693486073552334,
    "SpectralSpread": 0.0057019352130004974,
    "SpectralKurtosis": 0.886076166950496,
    "ZeroCrossingRate": 0.4252420127794052,
    "SpectralComplexity": 0.23880597014925373,
    "OddToEvenHarmonicEnergyRatio": 0.44457043675418173,
    "Dissonance": 0.9014977351777111,
    "PitchSalience": 0.4260124374715225,
    "HNR": 0.0,
    "NormalizeMethod": "ess_yeojohnson",
    "dco_brightness": 0.16870605502424754,
    "dco_richness": 0.3237849646707972,
    "dco_flatness": 0.3237849646707972,
    "dco_oddenergy": 0.28935413117170006,
    "dco_zcr": 0.17544243846429197
}