{
    "duration": 0.08163265138864517,
    "lossless": 1.0,
    "codec": "pcm_f32le",
    "bitrate": 1411200.0,
    "samplerate": 44100.0,
    "channels": 1.0,
    "audio_md5": "396fe3205ce9a5dacb284c922c71b216",
    "loudness": -12.38318157196045,
    "dynamic_range": 0.0,
    "temporal_centroid": 0.5712479948997498,
    "log_attack_time": -1.4588963985443115,
    "filesize": 14458,
    "single_event": false,
    "tonality": "C# minor",
    "tonality_confidence": 0.8032878041267395,
    "loop": false,
    "tempo": 0,
    "tempo_confidence": 0.0,
    "note_midi": 38,
    "note_name": "D2",
    "note_frequency": 73.45497131347656,
    "note_confidence": 0.9830482006072998,
    "hardness": 21.28335682645144,
    "depth": 54.84315884490056,
    "brightness": 15.643323898453502,
    "roughness": 24.0495022473554,
    "warmth": 58.720767870368405,
    "sharpness": 0.0,
    "boominess": 58.17947632661793,
    "reverb": false,
    "name": "AKWF_0395.wav",
    "SpectralCentroid": 0.017516666965882364,
    "SpectralSpread": 0.0016462893490119873,
    "SpectralKurtosis": 0.9514946227498882,
    "ZeroCrossingRate": 0.23302718649526455,
    "SpectralComplexity": 0.1044776119402985,
    "OddToEvenHarmonicEnergyRatio": 1.0,
    "Dissonance": 0.6060343378917635,
    "PitchSalience": 0.1517943928250296,
    "HNR": 0.0,
    "NormalizeMethod": "ess_yeojohnson",
    "dco_brightness": 0.11026609131830746,
    "dco_richness": 0.11869279729286362,
    "dco_flatness": 0.11869279729286362,
    "dco_oddenergy": 1.970874289702884e-05,
    "dco_zcr": 0.06197413883311543
}