{
    "duration": 0.08163265138864517,
    "lossless": 1.0,
    "codec": "pcm_f32le",
    "bitrate": 1411200.0,
    "samplerate": 44100.0,
    "channels": 1.0,
    "audio_md5": "23e62fedcdae3cdf9ff6bf4446a84e6a",
    "loudness": -13.231300354003906,
    "dynamic_range": 0.0,
    "temporal_centroid": 0.582321047782898,
    "log_attack_time": -1.3345955610275269,
    "filesize": 14458,
    "single_event": false,
    "tonality": "D# minor",
    "tonality_confidence": 0.5204529166221619,
    "loop": false,
    "tempo": 0,
    "tempo_confidence": 0.0,
    "note_midi": 38,
    "note_name": "D2",
    "note_frequency": 73.42839813232422,
    "note_confidence": 0.9208512902259827,
    "hardness": 80.45273384724098,
    "depth": 58.072893571179776,
    "brightness": 61.65228773390243,
    "roughness": 63.04096981334686,
    "warmth": 45.327089947195965,
    "sharpness": 51.56555413610795,
    "boominess": 32.328101243501294,
    "reverb": false,
    "name": "AKWF_1078.wav",
    "SpectralCentroid": 0.8053194538702231,
    "SpectralSpread": 0.8847877100224819,
    "SpectralKurtosis": 0.4242931023591103,
    "ZeroCrossingRate": 0.568873868296057,
    "SpectralComplexity": 0.4925373134328358,
    "OddToEvenHarmonicEnergyRatio": 1.0,
    "Dissonance": 0.9340866840819432,
    "PitchSalience": 0.5937891708052608,
    "HNR": 0.7821460583285265,
    "NormalizeMethod": "ess_yeojohnson",
    "dco_brightness": 0.29004849966879925,
    "dco_richness": 0.6213632494556042,
    "dco_flatness": 0.6213632494556042,
    "dco_oddenergy": 0.14527824237524767,
    "dco_zcr": 0.22446827716383663
}