{
    "duration": 0.08163265138864517,
    "lossless": 1.0,
    "codec": "pcm_f32le",
    "bitrate": 1411200.0,
    "samplerate": 44100.0,
    "channels": 1.0,
    "audio_md5": "e06f33ebcb40f02a839f70f3ae487e2e",
    "loudness": -15.838090896606445,
    "dynamic_range": 0.0,
    "temporal_centroid": 0.587049663066864,
    "log_attack_time": -1.3063807487487793,
    "filesize": 14458,
    "single_event": false,
    "tonality": "D major",
    "tonality_confidence": 0.40112876892089844,
    "loop": false,
    "tempo": 0,
    "tempo_confidence": 0.0,
    "note_midi": 38,
    "note_name": "D2",
    "note_frequency": 73.44490051269531,
    "note_confidence": 0.9855233430862427,
    "hardness": 28.043911866730497,
    "depth": 54.70074094382625,
    "brightness": 27.36629277798294,
    "roughness": 46.76392561108621,
    "warmth": 64.57745905967741,
    "sharpness": 0.0,
    "boominess": 54.79995484438446,
    "reverb": false,
    "name": "AKWF_R_asym_saw_03.wav",
    "SpectralCentroid": 0.050087577530164205,
    "SpectralSpread": 0.010337005592197263,
    "SpectralKurtosis": 0.8551884819546045,
    "ZeroCrossingRate": 0.23302718649526455,
    "SpectralComplexity": 0.44776119402985076,
    "OddToEvenHarmonicEnergyRatio": 0.7200639051881007,
    "Dissonance": 0.7798293987528453,
    "PitchSalience": 0.1817778204826408,
    "HNR": 0.7303880048090722,
    "NormalizeMethod": "ess_yeojohnson",
    "dco_brightness": 0.11780202366928375,
    "dco_richness": 0.18085527966659462,
    "dco_flatness": 0.18085527966659462,
    "dco_oddenergy": 0.07402020763635031,
    "dco_zcr": 0.06197413883311543
}