{
    "duration": 0.08163265138864517,
    "lossless": 1.0,
    "codec": "pcm_f32le",
    "bitrate": 1411200.0,
    "samplerate": 44100.0,
    "channels": 1.0,
    "audio_md5": "e5f96fed2a6b6d3c1fa0a15d8b8da05b",
    "loudness": -18.74237823486328,
    "dynamic_range": 0.0,
    "temporal_centroid": 0.5895592570304871,
    "log_attack_time": -1.280075192451477,
    "filesize": 14458,
    "single_event": false,
    "tonality": "D minor",
    "tonality_confidence": 0.8227904438972473,
    "loop": false,
    "tempo": 0,
    "tempo_confidence": 0.0,
    "note_midi": 38,
    "note_name": "D2",
    "note_frequency": 73.42839813232422,
    "note_confidence": 0.9123613834381104,
    "hardness": 74.5503056509213,
    "depth": 54.66802173147497,
    "brightness": 62.38738164322692,
    "roughness": 69.10204419724028,
    "warmth": 46.13266962728551,
    "sharpness": 51.76672665596428,
    "boominess": 30.022426851676332,
    "reverb": false,
    "name": "AKWF_bsaw_0003.wav",
    "SpectralCentroid": 0.6310243054647962,
    "SpectralSpread": 0.4270809614997819,
    "SpectralKurtosis": 0.4847102828908879,
    "ZeroCrossingRate": 0.23302718649526455,
    "SpectralComplexity": 1.0,
    "OddToEvenHarmonicEnergyRatio": 0.14206203453616256,
    "Dissonance": 0.9860681191326282,
    "PitchSalience": 0.6251937717846746,
    "HNR": 0.0,
    "NormalizeMethod": "ess_yeojohnson",
    "dco_brightness": 0.3249090330960947,
    "dco_richness": 0.5799845733321781,
    "dco_flatness": 0.5799845733321781,
    "dco_oddenergy": 0.3984501810622394,
    "dco_zcr": 0.06197413883311543
}