{
    "duration": 0.08163265138864517,
    "lossless": 1.0,
    "codec": "pcm_f32le",
    "bitrate": 1411200.0,
    "samplerate": 44100.0,
    "channels": 1.0,
    "audio_md5": "88f8d544764408f93cb60c6fd17b4ccd",
    "loudness": -15.963407516479492,
    "dynamic_range": 0.0,
    "temporal_centroid": 0.5842534899711609,
    "log_attack_time": -1.3721327781677246,
    "filesize": 14458,
    "single_event": false,
    "tonality": "D major",
    "tonality_confidence": 0.6927558183670044,
    "loop": false,
    "tempo": 0,
    "tempo_confidence": 0.0,
    "note_midi": 38,
    "note_name": "D2",
    "note_frequency": 73.43061065673828,
    "note_confidence": 0.9621149897575378,
    "hardness": 65.3657404988715,
    "depth": 61.855145828040094,
    "brightness": 55.865493732098734,
    "roughness": 60.347761233715744,
    "warmth": 51.37395477995549,
    "sharpness": 47.89548316319039,
    "boominess": 36.74755154248139,
    "reverb": false,
    "name": "AKWF_oscchip_0081.wav",
    "SpectralCentroid": 0.6375188709258764,
    "SpectralSpread": 0.6650725378721929,
    "SpectralKurtosis": 0.4968401207548564,
    "ZeroCrossingRate": 0.23302718649526455,
    "SpectralComplexity": 0.9850746268656716,
    "OddToEvenHarmonicEnergyRatio": 0.6413631535370135,
    "Dissonance": 0.9892171498657094,
    "PitchSalience": 0.23957429389034263,
    "HNR": 0.7326844710340418,
    "NormalizeMethod": "ess_yeojohnson",
    "dco_brightness": 0.17529504055422948,
    "dco_richness": 0.49370118190909207,
    "dco_flatness": 0.49370118190909207,
    "dco_oddenergy": 0.13713515250056074,
    "dco_zcr": 0.06197413883311543
}