{
    "duration": 0.08163265138864517,
    "lossless": 1.0,
    "codec": "pcm_f32le",
    "bitrate": 1411200.0,
    "samplerate": 44100.0,
    "channels": 1.0,
    "audio_md5": "2a0ed0be6300af4e34c43055f644c4dc",
    "loudness": -17.164316177368164,
    "dynamic_range": 0.0,
    "temporal_centroid": 0.6009209156036377,
    "log_attack_time": -1.2695070505142212,
    "filesize": 14458,
    "single_event": false,
    "tonality": "D major",
    "tonality_confidence": 0.922162652015686,
    "loop": false,
    "tempo": 0,
    "tempo_confidence": 0.0,
    "note_midi": 38,
    "note_name": "D2",
    "note_frequency": 73.46977996826172,
    "note_confidence": 0.8904116153717041,
    "hardness": 41.873287381442935,
    "depth": 61.703466869673406,
    "brightness": 38.49971944769628,
    "roughness": 49.9773976731407,
    "warmth": 67.26486306032386,
    "sharpness": 19.067487933425845,
    "boominess": 46.109552713424165,
    "reverb": false,
    "name": "AKWF_1995.wav",
    "SpectralCentroid": 0.15116133469565032,
    "SpectralSpread": 0.10153823683695733,
    "SpectralKurtosis": 0.7163485234668925,
    "ZeroCrossingRate": 0.23302718649526455,
    "SpectralComplexity": 0.8507462686567164,
    "OddToEvenHarmonicEnergyRatio": 0.4054213422417128,
    "Dissonance": 0.8356861655913891,
    "PitchSalience": 0.566040636129432,
    "HNR": 0.0,
    "NormalizeMethod": "ess_yeojohnson",
    "dco_brightness": 0.17157073159971828,
    "dco_richness": 0.2921580337521753,
    "dco_flatness": 0.2921580337521753,
    "dco_oddenergy": 0.3367628664920612,
    "dco_zcr": 0.06197413883311543
}