{
    "duration": 0.08163265138864517,
    "lossless": 1.0,
    "codec": "pcm_f32le",
    "bitrate": 1411200.0,
    "samplerate": 44100.0,
    "channels": 1.0,
    "audio_md5": "038f1f69c97e35599d508cf1c98abb1a",
    "loudness": -12.03226089477539,
    "dynamic_range": 0.0,
    "temporal_centroid": 0.5712485909461975,
    "log_attack_time": -1.4021456241607666,
    "filesize": 14458,
    "single_event": false,
    "tonality": "D minor",
    "tonality_confidence": 0.506636381149292,
    "loop": false,
    "tempo": 0,
    "tempo_confidence": 0.0,
    "note_midi": 38,
    "note_name": "D2",
    "note_frequency": 73.44236755371094,
    "note_confidence": 0.9530149102210999,
    "hardness": 32.14251727354362,
    "depth": 59.55635974889073,
    "brightness": 35.59666846810909,
    "roughness": 44.79733732912509,
    "warmth": 68.72148042305469,
    "sharpness": 9.90732734623888,
    "boominess": 45.13391427255111,
    "reverb": false,
    "name": "AKWF_fmsynth_0043.wav",
    "SpectralCentroid": 0.11374834858383913,
    "SpectralSpread": 0.06058680738365364,
    "SpectralKurtosis": 0.7296383715221972,
    "ZeroCrossingRate": 0.568873868296057,
    "SpectralComplexity": 1.0,
    "OddToEvenHarmonicEnergyRatio": 0.31781788565102204,
    "Dissonance": 0.9358454004239649,
    "PitchSalience": 0.55680949603043,
    "HNR": 0.8000560238096496,
    "NormalizeMethod": "ess_yeojohnson",
    "dco_brightness": 0.17994349414065738,
    "dco_richness": 0.30444818030277937,
    "dco_flatness": 0.30444818030277937,
    "dco_oddenergy": 0.46231372448358743,
    "dco_zcr": 0.2016028048315253
}