{
    "duration": 0.08163265138864517,
    "lossless": 1.0,
    "codec": "pcm_f32le",
    "bitrate": 1411200.0,
    "samplerate": 44100.0,
    "channels": 1.0,
    "audio_md5": "4c375e4d446ac67c8e0d85ade08c76d3",
    "loudness": -13.526405334472656,
    "dynamic_range": 0.0,
    "temporal_centroid": 0.5921189785003662,
    "log_attack_time": -1.3158551454544067,
    "filesize": 14458,
    "single_event": false,
    "tonality": "D major",
    "tonality_confidence": 0.7535668611526489,
    "loop": false,
    "tempo": 0,
    "tempo_confidence": 0.0,
    "note_midi": 50,
    "note_name": "D3",
    "note_frequency": 146.98545837402344,
    "note_confidence": 0.9930221438407898,
    "hardness": 33.427202762635545,
    "depth": 55.28421054226395,
    "brightness": 31.59337980518851,
    "roughness": 48.41194132192076,
    "warmth": 68.35637088529822,
    "sharpness": 7.217765587027355,
    "boominess": 44.99120103849296,
    "reverb": false,
    "name": "AKWF_granular_0033.wav",
    "SpectralCentroid": 0.11374340385632292,
    "SpectralSpread": 0.06573745404492581,
    "SpectralKurtosis": 0.7510394756623077,
    "ZeroCrossingRate": 0.4252420127794052,
    "SpectralComplexity": 0.43283582089552236,
    "OddToEvenHarmonicEnergyRatio": 0.0014372290464943682,
    "Dissonance": 0.7418244087334674,
    "PitchSalience": 0.622582814991123,
    "HNR": 0.923694992899624,
    "NormalizeMethod": "ess_yeojohnson",
    "dco_brightness": 0.2113175177961769,
    "dco_richness": 0.26449565691202515,
    "dco_flatness": 0.26449565691202515,
    "dco_oddenergy": 0.9969382450901735,
    "dco_zcr": 0.14487511069267625
}