{
    "duration": 0.08163265138864517,
    "lossless": 1.0,
    "codec": "pcm_f32le",
    "bitrate": 1411200.0,
    "samplerate": 44100.0,
    "channels": 1.0,
    "audio_md5": "06739fdb0fd93c145d8158b3988b6ee5",
    "loudness": -13.689062118530273,
    "dynamic_range": 0.0,
    "temporal_centroid": 0.5919274687767029,
    "log_attack_time": -1.3130112886428833,
    "filesize": 14458,
    "single_event": false,
    "tonality": "D major",
    "tonality_confidence": 0.823684811592102,
    "loop": false,
    "tempo": 0,
    "tempo_confidence": 0.0,
    "note_midi": 38,
    "note_name": "D2",
    "note_frequency": 73.4296646118164,
    "note_confidence": 0.9499223232269287,
    "hardness": 67.59145725463816,
    "depth": 49.07191600303524,
    "brightness": 52.09446420046521,
    "roughness": 61.88698355068548,
    "warmth": 53.79879882568485,
    "sharpness": 44.62320256874068,
    "boominess": 35.6260213280089,
    "reverb": false,
    "name": "AKWF_1627.wav",
    "SpectralCentroid": 0.7292395403214326,
    "SpectralSpread": 0.8250947473254029,
    "SpectralKurtosis": 0.4680482844655995,
    "ZeroCrossingRate": 0.568873868296057,
    "SpectralComplexity": 0.9850746268656716,
    "OddToEvenHarmonicEnergyRatio": 0.054102702275307724,
    "Dissonance": 0.9438616985087708,
    "PitchSalience": 0.6305299475680194,
    "HNR": 0.7286763375750366,
    "NormalizeMethod": "ess_yeojohnson",
    "dco_brightness": 0.26163962701363264,
    "dco_richness": 0.5457023743214633,
    "dco_flatness": 0.5457023743214633,
    "dco_oddenergy": 0.9355106525068758,
    "dco_zcr": 0.2016028048315253
}