{
    "duration": 0.08163265138864517,
    "lossless": 1.0,
    "codec": "pcm_f32le",
    "bitrate": 1411200.0,
    "samplerate": 44100.0,
    "channels": 1.0,
    "audio_md5": "1a56780ec037884fce7ee9cb3ef9bc44",
    "loudness": -15.318045616149902,
    "dynamic_range": 0.0,
    "temporal_centroid": 0.5862829089164734,
    "log_attack_time": -1.2700568437576294,
    "filesize": 14458,
    "single_event": false,
    "tonality": "D major",
    "tonality_confidence": 0.6154260635375977,
    "loop": false,
    "tempo": 0,
    "tempo_confidence": 0.0,
    "note_midi": 38,
    "note_name": "D2",
    "note_frequency": 73.42840576171875,
    "note_confidence": 0.9077377319335938,
    "hardness": 46.81040202755483,
    "depth": 58.377212062407104,
    "brightness": 41.70422657829819,
    "roughness": 52.45019776512785,
    "warmth": 66.68892930426885,
    "sharpness": 25.801803432604466,
    "boominess": 41.7821051915962,
    "reverb": false,
    "name": "AKWF_hdrawn_0017.wav",
    "SpectralCentroid": 0.3266278009363388,
    "SpectralSpread": 0.3759729414665788,
    "SpectralKurtosis": 0.6192171823012252,
    "ZeroCrossingRate": 0.76244996483678,
    "SpectralComplexity": 1.0,
    "OddToEvenHarmonicEnergyRatio": 0.637925402631302,
    "Dissonance": 0.8694920589723197,
    "PitchSalience": 0.4902448670375698,
    "HNR": 0.5738592584783023,
    "NormalizeMethod": "ess_yeojohnson",
    "dco_brightness": 0.21601558262753143,
    "dco_richness": 0.3304784733856405,
    "dco_flatness": 0.3304784733856405,
    "dco_oddenergy": 0.13394926650084427,
    "dco_zcr": 0.32191061147110395
}