{
    "duration": 0.08163265138864517,
    "lossless": 1.0,
    "codec": "pcm_f32le",
    "bitrate": 1411200.0,
    "samplerate": 44100.0,
    "channels": 1.0,
    "audio_md5": "9940a686a7f55a15556958a4f964a711",
    "loudness": -14.611784934997559,
    "dynamic_range": 0.0,
    "temporal_centroid": 0.5871825218200684,
    "log_attack_time": -1.27097487449646,
    "filesize": 14458,
    "single_event": false,
    "tonality": "D major",
    "tonality_confidence": 0.8264778852462769,
    "loop": false,
    "tempo": 0,
    "tempo_confidence": 0.0,
    "note_midi": 38,
    "note_name": "D2",
    "note_frequency": 73.44268798828125,
    "note_confidence": 0.8759641051292419,
    "hardness": 50.38578776523261,
    "depth": 56.47178301997947,
    "brightness": 41.417538616765,
    "roughness": 57.1330105360809,
    "warmth": 64.71284757089333,
    "sharpness": 22.015926920215982,
    "boominess": 41.04027963357642,
    "reverb": false,
    "name": "AKWF_epiano_0054.wav",
    "SpectralCentroid": 0.17088235182968242,
    "SpectralSpread": 0.03617547829447741,
    "SpectralKurtosis": 0.7771003030679403,
    "ZeroCrossingRate": 0.568873868296057,
    "SpectralComplexity": 0.6567164179104478,
    "OddToEvenHarmonicEnergyRatio": 0.21633371690251646,
    "Dissonance": 0.9103309943103743,
    "PitchSalience": 0.5911985174346035,
    "HNR": 0.6456889451355367,
    "NormalizeMethod": "ess_yeojohnson",
    "dco_brightness": 0.2295566048048917,
    "dco_richness": 0.36354987493282737,
    "dco_flatness": 0.36354987493282737,
    "dco_oddenergy": 0.631466442421853,
    "dco_zcr": 0.2016028048315253
}