{
    "duration": 0.08163265138864517,
    "lossless": 1.0,
    "codec": "pcm_f32le",
    "bitrate": 1411200.0,
    "samplerate": 44100.0,
    "channels": 1.0,
    "audio_md5": "be45c4206b0d4cf64f070a10a375827f",
    "loudness": -15.319366455078125,
    "dynamic_range": 0.0,
    "temporal_centroid": 0.5957726240158081,
    "log_attack_time": -1.2990648746490479,
    "filesize": 14458,
    "single_event": false,
    "tonality": "D major",
    "tonality_confidence": 0.8043991923332214,
    "loop": false,
    "tempo": 0,
    "tempo_confidence": 0.0,
    "note_midi": 38,
    "note_name": "D2",
    "note_frequency": 73.43303680419922,
    "note_confidence": 0.9221615791320801,
    "hardness": 44.73718354454235,
    "depth": 41.10936217731938,
    "brightness": 38.790583963101746,
    "roughness": 53.06326415572382,
    "warmth": 61.68986776904663,
    "sharpness": 18.452916316307572,
    "boominess": 32.39944760007991,
    "reverb": false,
    "name": "AKWF_0274.wav",
    "SpectralCentroid": 0.1587451474678057,
    "SpectralSpread": 0.010376446559531434,
    "SpectralKurtosis": 0.8110319394724579,
    "ZeroCrossingRate": 0.7567375429308871,
    "SpectralComplexity": 0.6268656716417911,
    "OddToEvenHarmonicEnergyRatio": 0.10247984072150704,
    "Dissonance": 0.8546751673599519,
    "PitchSalience": 0.8434259439347099,
    "HNR": 0.6758841744222454,
    "NormalizeMethod": "ess_yeojohnson",
    "dco_brightness": 0.3018296807382621,
    "dco_richness": 0.3235128671376571,
    "dco_flatness": 0.3235128671376571,
    "dco_oddenergy": 0.8073088287504159,
    "dco_zcr": 0.2796406039636913
}