{
    "duration": 0.08163265138864517,
    "lossless": 1.0,
    "codec": "pcm_f32le",
    "bitrate": 1411200.0,
    "samplerate": 44100.0,
    "channels": 1.0,
    "audio_md5": "77221d703a390411529c189dd5333308",
    "loudness": -13.386628150939941,
    "dynamic_range": 0.0,
    "temporal_centroid": 0.5866895318031311,
    "log_attack_time": -1.2836558818817139,
    "filesize": 14458,
    "single_event": false,
    "tonality": "D minor",
    "tonality_confidence": 0.767360270023346,
    "loop": false,
    "tempo": 0,
    "tempo_confidence": 0.0,
    "note_midi": 38,
    "note_name": "D2",
    "note_frequency": 73.42893981933594,
    "note_confidence": 0.9557395577430725,
    "hardness": 70.6268361977821,
    "depth": 58.52359188515145,
    "brightness": 55.150939693585315,
    "roughness": 65.62391110023066,
    "warmth": 52.80328460221845,
    "sharpness": 48.202228464123124,
    "boominess": 34.087266441848215,
    "reverb": false,
    "name": "AKWF_vgame_0128.wav",
    "SpectralCentroid": 0.7554845515152728,
    "SpectralSpread": 0.843233901740192,
    "SpectralKurtosis": 0.4515314577435542,
    "ZeroCrossingRate": 0.4252420127794052,
    "SpectralComplexity": 1.0,
    "OddToEvenHarmonicEnergyRatio": 0.195426106678535,
    "Dissonance": 0.9859255283953225,
    "PitchSalience": 0.5418784884273198,
    "HNR": 0.0,
    "NormalizeMethod": "ess_yeojohnson",
    "dco_brightness": 0.2626276067998568,
    "dco_richness": 0.5762928367050298,
    "dco_flatness": 0.5762928367050298,
    "dco_oddenergy": 0.653200396423403,
    "dco_zcr": 0.14487511069267625
}