{
    "duration": 0.08163265138864517,
    "lossless": 1.0,
    "codec": "pcm_f32le",
    "bitrate": 1411200.0,
    "samplerate": 44100.0,
    "channels": 1.0,
    "audio_md5": "de0977830a255778ee11c94d78d378c5",
    "loudness": -10.410079956054688,
    "dynamic_range": 0.0,
    "temporal_centroid": 0.557306706905365,
    "log_attack_time": -1.6324454545974731,
    "filesize": 14458,
    "single_event": false,
    "tonality": "A minor",
    "tonality_confidence": 0.2563285827636719,
    "loop": false,
    "tempo": 0,
    "tempo_confidence": 0.0,
    "note_midi": 38,
    "note_name": "D2",
    "note_frequency": 73.44566345214844,
    "note_confidence": 0.9681560397148132,
    "hardness": 39.36901258754493,
    "depth": 62.63193560821826,
    "brightness": 39.56068618229645,
    "roughness": 33.47710155490636,
    "warmth": 62.660519197998504,
    "sharpness": 19.714059212755508,
    "boominess": 45.69322877288724,
    "reverb": false,
    "name": "AKWF_1737.wav",
    "SpectralCentroid": 0.1534198967065814,
    "SpectralSpread": 0.12645027114338792,
    "SpectralKurtosis": 0.7031615762677327,
    "ZeroCrossingRate": 0.23302718649526455,
    "SpectralComplexity": 0.7910447761194029,
    "OddToEvenHarmonicEnergyRatio": 1.0,
    "Dissonance": 0.7677277848736829,
    "PitchSalience": 0.41893719773346605,
    "HNR": 0.0,
    "NormalizeMethod": "ess_yeojohnson",
    "dco_brightness": 0.13455545568088145,
    "dco_richness": 0.2797018916832107,
    "dco_flatness": 0.2797018916832107,
    "dco_oddenergy": 0.011332964996549788,
    "dco_zcr": 0.06197413883311543
}