{
    "duration": 0.08163265138864517,
    "lossless": 1.0,
    "codec": "pcm_f32le",
    "bitrate": 1411200.0,
    "samplerate": 44100.0,
    "channels": 1.0,
    "audio_md5": "91cf03c1641801b1d8054963952dc7ef",
    "loudness": -15.378661155700684,
    "dynamic_range": 0.0,
    "temporal_centroid": 0.5856239199638367,
    "log_attack_time": -1.2700568437576294,
    "filesize": 14458,
    "single_event": false,
    "tonality": "D major",
    "tonality_confidence": 0.7483473420143127,
    "loop": false,
    "tempo": 0,
    "tempo_confidence": 0.0,
    "note_midi": 38,
    "note_name": "D2",
    "note_frequency": 73.42838287353516,
    "note_confidence": 0.9735108017921448,
    "hardness": 48.15641853395795,
    "depth": 51.42539393647505,
    "brightness": 44.679911517955375,
    "roughness": 54.974458873788706,
    "warmth": 61.182291869906116,
    "sharpness": 32.49352457217728,
    "boominess": 39.02302132876494,
    "reverb": false,
    "name": "AKWF_0130.wav",
    "SpectralCentroid": 0.43179140322155674,
    "SpectralSpread": 0.48379064131925564,
    "SpectralKurtosis": 0.552394351190552,
    "ZeroCrossingRate": 0.7567375429308871,
    "SpectralComplexity": 0.9552238805970149,
    "OddToEvenHarmonicEnergyRatio": 0.11412812320045482,
    "Dissonance": 0.9467604843212915,
    "PitchSalience": 0.6087145461614457,
    "HNR": 0.34577634372767524,
    "NormalizeMethod": "ess_yeojohnson",
    "dco_brightness": 0.23515112512065056,
    "dco_richness": 0.42121737768404305,
    "dco_flatness": 0.42121737768404305,
    "dco_oddenergy": 0.8055414962160728,
    "dco_zcr": 0.2796406039636913
}