{
    "duration": 0.08163265138864517,
    "lossless": 1.0,
    "codec": "pcm_f32le",
    "bitrate": 1411200.0,
    "samplerate": 44100.0,
    "channels": 1.0,
    "audio_md5": "f6b93153b252fa26a70af76738e31989",
    "loudness": -12.036396026611328,
    "dynamic_range": 0.0,
    "temporal_centroid": 0.5886510610580444,
    "log_attack_time": -1.3453673124313354,
    "filesize": 14458,
    "single_event": false,
    "tonality": "D major",
    "tonality_confidence": 0.7901875972747803,
    "loop": false,
    "tempo": 0,
    "tempo_confidence": 0.0,
    "note_midi": 38,
    "note_name": "D2",
    "note_frequency": 73.43040466308594,
    "note_confidence": 0.9498568177223206,
    "hardness": 51.981746292566925,
    "depth": 44.514762521300455,
    "brightness": 47.53006301016327,
    "roughness": 57.25319365270549,
    "warmth": 58.52147156695629,
    "sharpness": 27.3119593171781,
    "boominess": 28.59152469198257,
    "reverb": false,
    "name": "AKWF_fmsynth_0092.wav",
    "SpectralCentroid": 0.248995590763542,
    "SpectralSpread": 0.07320232792420674,
    "SpectralKurtosis": 0.7047070824409981,
    "ZeroCrossingRate": 0.7567375429308871,
    "SpectralComplexity": 1.0,
    "OddToEvenHarmonicEnergyRatio": 0.2700524317974416,
    "Dissonance": 0.9988219306450323,
    "PitchSalience": 0.7372977034221778,
    "HNR": 0.8047444053402839,
    "NormalizeMethod": "ess_yeojohnson",
    "dco_brightness": 0.3147528744353203,
    "dco_richness": 0.38080694938672743,
    "dco_flatness": 0.38080694938672743,
    "dco_oddenergy": 0.875532536355359,
    "dco_zcr": 0.2796406039636913
}