{
    "duration": 0.08163265138864517,
    "lossless": 1.0,
    "codec": "pcm_f32le",
    "bitrate": 1411200.0,
    "samplerate": 44100.0,
    "channels": 1.0,
    "audio_md5": "8af5b108107cd79cbab2e5f42cacab17",
    "loudness": -12.0042142868042,
    "dynamic_range": 0.0,
    "temporal_centroid": 0.5796063542366028,
    "log_attack_time": -1.3544039726257324,
    "filesize": 14458,
    "single_event": false,
    "tonality": "D major",
    "tonality_confidence": 0.6201492547988892,
    "loop": false,
    "tempo": 0,
    "tempo_confidence": 0.0,
    "note_midi": 38,
    "note_name": "D2",
    "note_frequency": 73.42951965332031,
    "note_confidence": 0.9723218083381653,
    "hardness": 63.22597007539221,
    "depth": 60.06080475808517,
    "brightness": 49.29861014283381,
    "roughness": 59.13555611190381,
    "warmth": 59.211837564766626,
    "sharpness": 42.77680626905109,
    "boominess": 39.90660318448285,
    "reverb": false,
    "name": "AKWF_bitreduced_0007.wav",
    "SpectralCentroid": 0.6664730334894194,
    "SpectralSpread": 0.8159174687204547,
    "SpectralKurtosis": 0.4817327649997504,
    "ZeroCrossingRate": 0.4252420127794052,
    "SpectralComplexity": 1.0,
    "OddToEvenHarmonicEnergyRatio": 0.3484818617892598,
    "Dissonance": 0.9301195982544268,
    "PitchSalience": 0.6971650840043416,
    "HNR": 0.0,
    "NormalizeMethod": "ess_yeojohnson",
    "dco_brightness": 0.21134685461808464,
    "dco_richness": 0.5185035258458648,
    "dco_flatness": 0.5185035258458648,
    "dco_oddenergy": 0.3902492476304281,
    "dco_zcr": 0.24477676146998018
}