{
    "duration": 0.08163265138864517,
    "lossless": 1.0,
    "codec": "pcm_f32le",
    "bitrate": 1411200.0,
    "samplerate": 44100.0,
    "channels": 1.0,
    "audio_md5": "adac3ebf5cb3ab3645823a6fae690221",
    "loudness": -18.19051170349121,
    "dynamic_range": 0.0,
    "temporal_centroid": 0.6185303330421448,
    "log_attack_time": -1.2581180334091187,
    "filesize": 14458,
    "single_event": false,
    "tonality": "D major",
    "tonality_confidence": 0.8248389363288879,
    "loop": false,
    "tempo": 0,
    "tempo_confidence": 0.0,
    "note_midi": 38,
    "note_name": "D2",
    "note_frequency": 73.42839813232422,
    "note_confidence": 0.8926807045936584,
    "hardness": 76.98274831432121,
    "depth": 42.17705758346244,
    "brightness": 58.979890794368394,
    "roughness": 71.35595090768204,
    "warmth": 50.6495564868566,
    "sharpness": 49.798110046056,
    "boominess": 28.77226217300791,
    "reverb": false,
    "name": "AKWF_1669.wav",
    "SpectralCentroid": 0.6743738627862335,
    "SpectralSpread": 0.6127172280408036,
    "SpectralKurtosis": 0.5117623865462887,
    "ZeroCrossingRate": 0.23302718649526455,
    "SpectralComplexity": 1.0,
    "OddToEvenHarmonicEnergyRatio": 0.27806742184903505,
    "Dissonance": 0.9730494754119596,
    "PitchSalience": 0.8720839615361493,
    "HNR": 0.0,
    "NormalizeMethod": "ess_yeojohnson",
    "dco_brightness": 0.356095159093053,
    "dco_richness": 0.5792826342051639,
    "dco_flatness": 0.5792826342051639,
    "dco_oddenergy": 0.6309290215262455,
    "dco_zcr": 0.10810914741925219
}