{
    "duration": 0.08163265138864517,
    "lossless": 1.0,
    "codec": "pcm_f32le",
    "bitrate": 1411200.0,
    "samplerate": 44100.0,
    "channels": 1.0,
    "audio_md5": "ba2ff6b307e1564326cf68b89394c07e",
    "loudness": -14.437545776367188,
    "dynamic_range": 0.0,
    "temporal_centroid": 0.5786460638046265,
    "log_attack_time": -1.3326847553253174,
    "filesize": 14458,
    "single_event": false,
    "tonality": "A major",
    "tonality_confidence": 0.5641934275627136,
    "loop": false,
    "tempo": 0,
    "tempo_confidence": 0.0,
    "note_midi": 38,
    "note_name": "D2",
    "note_frequency": 73.43090057373047,
    "note_confidence": 0.9211768507957458,
    "hardness": 66.17776822265859,
    "depth": 60.55486513207869,
    "brightness": 55.54170409578067,
    "roughness": 61.133011302993545,
    "warmth": 56.06934248606873,
    "sharpness": 45.73398815953243,
    "boominess": 35.66580890236605,
    "reverb": false,
    "name": "AKWF_squ_0022.wav",
    "SpectralCentroid": 0.5246526198814384,
    "SpectralSpread": 0.3931901882949212,
    "SpectralKurtosis": 0.5257678817067948,
    "ZeroCrossingRate": 0.23302718649526455,
    "SpectralComplexity": 0.9850746268656716,
    "OddToEvenHarmonicEnergyRatio": 0.8320505474297996,
    "Dissonance": 0.9729216178352348,
    "PitchSalience": 0.5019521241064264,
    "HNR": 0.0,
    "NormalizeMethod": "ess_yeojohnson",
    "dco_brightness": 0.1984916044060362,
    "dco_richness": 0.4822548588447294,
    "dco_flatness": 0.4822548588447294,
    "dco_oddenergy": 0.07205276517847203,
    "dco_zcr": 0.06197413883311543
}