{
    "duration": 0.08163265138864517,
    "lossless": 1.0,
    "codec": "pcm_f32le",
    "bitrate": 1411200.0,
    "samplerate": 44100.0,
    "channels": 1.0,
    "audio_md5": "794c262c8b053d7d7435b329103f4a41",
    "loudness": -13.847015380859375,
    "dynamic_range": 0.0,
    "temporal_centroid": 0.5854616761207581,
    "log_attack_time": -1.3620431423187256,
    "filesize": 14458,
    "single_event": false,
    "tonality": "D major",
    "tonality_confidence": 0.881598949432373,
    "loop": false,
    "tempo": 0,
    "tempo_confidence": 0.0,
    "note_midi": 38,
    "note_name": "D2",
    "note_frequency": 73.42839813232422,
    "note_confidence": 0.9974875450134277,
    "hardness": 60.727516523455705,
    "depth": 60.01897811506441,
    "brightness": 54.54808255047073,
    "roughness": 63.266397235123414,
    "warmth": 53.77883567044317,
    "sharpness": 48.17496899835834,
    "boominess": 36.28159630110387,
    "reverb": false,
    "name": "AKWF_vgsaw_0006.wav",
    "SpectralCentroid": 0.6082281135024373,
    "SpectralSpread": 0.5697700591810829,
    "SpectralKurtosis": 0.5006037199325092,
    "ZeroCrossingRate": 0.568873868296057,
    "SpectralComplexity": 1.0,
    "OddToEvenHarmonicEnergyRatio": 0.48567996228705185,
    "Dissonance": 0.9646038005135892,
    "PitchSalience": 0.5174150721030555,
    "HNR": 0.0,
    "NormalizeMethod": "ess_yeojohnson",
    "dco_brightness": 0.21234328114767564,
    "dco_richness": 0.5115288392736607,
    "dco_flatness": 0.5115288392736607,
    "dco_oddenergy": 0.279113882368897,
    "dco_zcr": 0.22446827716383663
}