{
    "duration": 0.08163265138864517,
    "lossless": 1.0,
    "codec": "pcm_f32le",
    "bitrate": 1411200.0,
    "samplerate": 44100.0,
    "channels": 1.0,
    "audio_md5": "b837565de727023e73f485fb2e9c9813",
    "loudness": -14.665942192077637,
    "dynamic_range": 0.0,
    "temporal_centroid": 0.5771828293800354,
    "log_attack_time": -1.3877208232879639,
    "filesize": 14458,
    "single_event": false,
    "tonality": "D major",
    "tonality_confidence": 0.32332006096839905,
    "loop": false,
    "tempo": 0,
    "tempo_confidence": 0.0,
    "note_midi": 38,
    "note_name": "D2",
    "note_frequency": 73.4565200805664,
    "note_confidence": 0.983715832233429,
    "hardness": 25.064924008123583,
    "depth": 63.702661095983316,
    "brightness": 29.567585821818806,
    "roughness": 40.11600744178974,
    "warmth": 59.688889779499874,
    "sharpness": 12.973074441452678,
    "boominess": 58.108038806971024,
    "reverb": false,
    "name": "AKWF_0062.wav",
    "SpectralCentroid": 0.054024393379581745,
    "SpectralSpread": 0.021654453712917365,
    "SpectralKurtosis": 0.7197497846872019,
    "ZeroCrossingRate": 0.23302718649526455,
    "SpectralComplexity": 0.835820895522388,
    "OddToEvenHarmonicEnergyRatio": 0.9975110627907484,
    "Dissonance": 0.991779698696655,
    "PitchSalience": 0.046321711505213206,
    "HNR": 0.0,
    "NormalizeMethod": "ess_yeojohnson",
    "dco_brightness": 0.10851094904436742,
    "dco_richness": 0.11651891735985677,
    "dco_flatness": 0.11651891735985677,
    "dco_oddenergy": 0.0011576013520415707,
    "dco_zcr": 0.06197413883311543
}