{
    "duration": 0.08163265138864517,
    "lossless": 1.0,
    "codec": "pcm_f32le",
    "bitrate": 1411200.0,
    "samplerate": 44100.0,
    "channels": 1.0,
    "audio_md5": "6d9b81755350eafe82a64a01d4b0bd30",
    "loudness": -15.808506965637207,
    "dynamic_range": 0.0,
    "temporal_centroid": 0.6083688735961914,
    "log_attack_time": -1.285172462463379,
    "filesize": 14458,
    "single_event": false,
    "tonality": "D minor",
    "tonality_confidence": 0.7412146329879761,
    "loop": false,
    "tempo": 0,
    "tempo_confidence": 0.0,
    "note_midi": 38,
    "note_name": "D2",
    "note_frequency": 73.45687866210938,
    "note_confidence": 0.8923677802085876,
    "hardness": 34.71014554186226,
    "depth": 60.09208490815105,
    "brightness": 24.850586160398606,
    "roughness": 36.000568322256704,
    "warmth": 65.85742192565786,
    "sharpness": 5.519175236073348,
    "boominess": 45.858915281649374,
    "reverb": false,
    "name": "AKWF_eorgan_0057.wav",
    "SpectralCentroid": 0.05823402756059083,
    "SpectralSpread": 0.006836589772060568,
    "SpectralKurtosis": 0.8997316643936951,
    "ZeroCrossingRate": 0.6763055176555212,
    "SpectralComplexity": 0.05970149253731343,
    "OddToEvenHarmonicEnergyRatio": 0.27824964654333934,
    "Dissonance": 0.7352467089620212,
    "PitchSalience": 0.5825914249071027,
    "HNR": 0.0,
    "NormalizeMethod": "ess_yeojohnson",
    "dco_brightness": 0.20163302054044596,
    "dco_richness": 0.2727936826121388,
    "dco_flatness": 0.2727936826121388,
    "dco_oddenergy": 0.4999286267592633,
    "dco_zcr": 0.24477676146998018
}