{
    "duration": 0.08163265138864517,
    "lossless": 1.0,
    "codec": "pcm_f32le",
    "bitrate": 1411200.0,
    "samplerate": 44100.0,
    "channels": 1.0,
    "audio_md5": "12a6d1429eb9ac06094e0e0d6bbc92d4",
    "loudness": -12.365660667419434,
    "dynamic_range": 0.0,
    "temporal_centroid": 0.5735189318656921,
    "log_attack_time": -1.3855619430541992,
    "filesize": 14458,
    "single_event": false,
    "tonality": "D major",
    "tonality_confidence": 0.6863705515861511,
    "loop": false,
    "tempo": 0,
    "tempo_confidence": 0.0,
    "note_midi": 38,
    "note_name": "D2",
    "note_frequency": 73.45136260986328,
    "note_confidence": 0.9486011266708374,
    "hardness": 33.53197281095008,
    "depth": 60.99238637834705,
    "brightness": 33.152930755336165,
    "roughness": 48.377999592645054,
    "warmth": 66.63869866961993,
    "sharpness": 9.594281952877932,
    "boominess": 45.31630120581447,
    "reverb": false,
    "name": "AKWF_1914.wav",
    "SpectralCentroid": 0.0904363158642665,
    "SpectralSpread": 0.030395023733448295,
    "SpectralKurtosis": 0.8008914032064356,
    "ZeroCrossingRate": 0.23302718649526455,
    "SpectralComplexity": 0.582089552238806,
    "OddToEvenHarmonicEnergyRatio": 0.49118356003663294,
    "Dissonance": 0.9488338484590865,
    "PitchSalience": 0.4475216187942672,
    "HNR": 0.0,
    "NormalizeMethod": "ess_yeojohnson",
    "dco_brightness": 0.15147830962341635,
    "dco_richness": 0.28847669088285033,
    "dco_flatness": 0.28847669088285033,
    "dco_oddenergy": 0.24876315864151743,
    "dco_zcr": 0.06197413883311543
}