{
    "duration": 0.08163265138864517,
    "lossless": 1.0,
    "codec": "pcm_f32le",
    "bitrate": 1411200.0,
    "samplerate": 44100.0,
    "channels": 1.0,
    "audio_md5": "63b9b0ae44f8083aad7b67dfb573771e",
    "loudness": -25.946928024291992,
    "dynamic_range": 0.0,
    "temporal_centroid": 0.5970618724822998,
    "log_attack_time": -1.202743411064148,
    "filesize": 14458,
    "single_event": false,
    "tonality": "A# minor",
    "tonality_confidence": 0.6058638095855713,
    "loop": false,
    "tempo": 0,
    "tempo_confidence": 0.0,
    "note_midi": 38,
    "note_name": "D2",
    "note_frequency": 73.42843627929688,
    "note_confidence": 0.9783323407173157,
    "hardness": 80.22182164649823,
    "depth": 39.41350800380156,
    "brightness": 67.43877689038422,
    "roughness": 70.30236530746296,
    "warmth": 35.27400860258849,
    "sharpness": 55.55414533662247,
    "boominess": 24.0207144436233,
    "reverb": false,
    "name": "AKWF_0110.wav",
    "SpectralCentroid": 0.8239450735182252,
    "SpectralSpread": 0.8358606249222731,
    "SpectralKurtosis": 0.4373350244718087,
    "ZeroCrossingRate": 0.23302718649526455,
    "SpectralComplexity": 0.4925373134328358,
    "OddToEvenHarmonicEnergyRatio": 1.0,
    "Dissonance": 0.9748025027117768,
    "PitchSalience": 0.8329516920672481,
    "HNR": 0.3612710368578975,
    "NormalizeMethod": "ess_yeojohnson",
    "dco_brightness": 0.44715580804596144,
    "dco_richness": 0.6661886576157439,
    "dco_flatness": 0.6661886576157439,
    "dco_oddenergy": 0.47110110147990836,
    "dco_zcr": 0.06197413883311543
}