{
    "duration": 0.08163265138864517,
    "lossless": 1.0,
    "codec": "pcm_f32le",
    "bitrate": 1411200.0,
    "samplerate": 44100.0,
    "channels": 1.0,
    "audio_md5": "9f7a380f4025ad15f4e1fd9481a48b64",
    "loudness": -14.025430679321289,
    "dynamic_range": 0.0,
    "temporal_centroid": 0.5817549824714661,
    "log_attack_time": -1.3573089838027954,
    "filesize": 14458,
    "single_event": false,
    "tonality": "D minor",
    "tonality_confidence": 0.5022925734519958,
    "loop": false,
    "tempo": 0,
    "tempo_confidence": 0.0,
    "note_midi": 38,
    "note_name": "D2",
    "note_frequency": 73.4438247680664,
    "note_confidence": 0.9722722768783569,
    "hardness": 36.17947103849792,
    "depth": 62.23575751139096,
    "brightness": 37.236559586834964,
    "roughness": 46.54600953370268,
    "warmth": 68.27004573991715,
    "sharpness": 14.947822620921233,
    "boominess": 48.45094377836112,
    "reverb": false,
    "name": "AKWF_linear_0072.wav",
    "SpectralCentroid": 0.1184521389239083,
    "SpectralSpread": 0.08187892956185243,
    "SpectralKurtosis": 0.7351423177012639,
    "ZeroCrossingRate": 0.4252420127794052,
    "SpectralComplexity": 0.7611940298507462,
    "OddToEvenHarmonicEnergyRatio": 0.5737481306885025,
    "Dissonance": 0.733066930560426,
    "PitchSalience": 0.5517745766239315,
    "HNR": 0.0,
    "NormalizeMethod": "ess_yeojohnson",
    "dco_brightness": 0.15802664091601568,
    "dco_richness": 0.27295828812980216,
    "dco_flatness": 0.27295828812980216,
    "dco_oddenergy": 0.16892006314535712,
    "dco_zcr": 0.14487511069267625
}