{
    "duration": 0.08163265138864517,
    "lossless": 1.0,
    "codec": "pcm_f32le",
    "bitrate": 1411200.0,
    "samplerate": 44100.0,
    "channels": 1.0,
    "audio_md5": "576fa90ab35c4e64a3de00977b080991",
    "loudness": -15.229716300964355,
    "dynamic_range": 0.0,
    "temporal_centroid": 0.5917941927909851,
    "log_attack_time": -1.2819560766220093,
    "filesize": 14458,
    "single_event": false,
    "tonality": "D major",
    "tonality_confidence": 0.721703052520752,
    "loop": false,
    "tempo": 0,
    "tempo_confidence": 0.0,
    "note_midi": 38,
    "note_name": "D2",
    "note_frequency": 73.4284439086914,
    "note_confidence": 0.9703506827354431,
    "hardness": 74.03883898793254,
    "depth": 55.08235557726862,
    "brightness": 57.19621925169933,
    "roughness": 68.47434581889257,
    "warmth": 54.40454136308263,
    "sharpness": 48.767595748814145,
    "boominess": 30.96861541027177,
    "reverb": false,
    "name": "AKWF_1574.wav",
    "SpectralCentroid": 0.6495975029834273,
    "SpectralSpread": 0.6018112775215536,
    "SpectralKurtosis": 0.49766057678867365,
    "ZeroCrossingRate": 0.568873868296057,
    "SpectralComplexity": 1.0,
    "OddToEvenHarmonicEnergyRatio": 0.5416274170530504,
    "Dissonance": 0.968941841067416,
    "PitchSalience": 0.754409871585249,
    "HNR": 0.0,
    "NormalizeMethod": "ess_yeojohnson",
    "dco_brightness": 0.2955534884563675,
    "dco_richness": 0.5544347738385371,
    "dco_flatness": 0.5544347738385371,
    "dco_oddenergy": 0.2729411444351021,
    "dco_zcr": 0.2016028048315253
}