{
    "duration": 0.08163265138864517,
    "lossless": 1.0,
    "codec": "pcm_f32le",
    "bitrate": 1411200.0,
    "samplerate": 44100.0,
    "channels": 1.0,
    "audio_md5": "07d4ebf55e0391b4f4cb02513dc73d5c",
    "loudness": -20.0694637298584,
    "dynamic_range": 0.0,
    "temporal_centroid": 0.6068646311759949,
    "log_attack_time": -1.2579395771026611,
    "filesize": 14458,
    "single_event": false,
    "tonality": "D major",
    "tonality_confidence": 0.5678038597106934,
    "loop": false,
    "tempo": 0,
    "tempo_confidence": 0.0,
    "note_midi": 38,
    "note_name": "D2",
    "note_frequency": 73.42913055419922,
    "note_confidence": 0.8053967952728271,
    "hardness": 71.88256649280675,
    "depth": 13.344775909597423,
    "brightness": 68.40038321487549,
    "roughness": 64.55961422257872,
    "warmth": 18.909377871354877,
    "sharpness": 52.07651601307245,
    "boominess": 9.774252205161211,
    "reverb": false,
    "name": "AKWF_hvoice_0058.wav",
    "SpectralCentroid": 0.6420234831824724,
    "SpectralSpread": 0.4732745200779673,
    "SpectralKurtosis": 0.6031732021478183,
    "ZeroCrossingRate": 0.9997429260006989,
    "SpectralComplexity": 0.9850746268656716,
    "OddToEvenHarmonicEnergyRatio": 0.26264411614739813,
    "Dissonance": 0.9997148914618271,
    "PitchSalience": 0.8948035337569463,
    "HNR": 0.6428800736706493,
    "NormalizeMethod": "ess_yeojohnson",
    "dco_brightness": 0.5346401949356326,
    "dco_richness": 0.5280463250746033,
    "dco_flatness": 0.5280463250746033,
    "dco_oddenergy": 0.9990454720241028,
    "dco_zcr": 0.5849811511265909
}