{
    "duration": 0.08163265138864517,
    "lossless": 1.0,
    "codec": "pcm_f32le",
    "bitrate": 1411200.0,
    "samplerate": 44100.0,
    "channels": 1.0,
    "audio_md5": "bbb21ec386f7172ca0f41df3488f4d02",
    "loudness": -10.736644744873047,
    "dynamic_range": 0.0,
    "temporal_centroid": 0.5680350065231323,
    "log_attack_time": -1.5591480731964111,
    "filesize": 14458,
    "single_event": false,
    "tonality": "D major",
    "tonality_confidence": 0.7707421779632568,
    "loop": false,
    "tempo": 0,
    "tempo_confidence": 0.0,
    "note_midi": 38,
    "note_name": "D2",
    "note_frequency": 73.42847442626953,
    "note_confidence": 0.9972153902053833,
    "hardness": 63.05570327511097,
    "depth": 61.09853997478699,
    "brightness": 56.738828178541574,
    "roughness": 60.800558300758375,
    "warmth": 49.84183435623315,
    "sharpness": 48.550737799814144,
    "boominess": 35.96573786958944,
    "reverb": false,
    "name": "AKWF_squ_0088.wav",
    "SpectralCentroid": 0.6866399536789292,
    "SpectralSpread": 0.7675471510631467,
    "SpectralKurtosis": 0.483403747893585,
    "ZeroCrossingRate": 0.23302718649526455,
    "SpectralComplexity": 1.0,
    "OddToEvenHarmonicEnergyRatio": 0.7071694748679267,
    "Dissonance": 0.9825564484272278,
    "PitchSalience": 0.4281579000985427,
    "HNR": 1.0,
    "NormalizeMethod": "ess_yeojohnson",
    "dco_brightness": 0.18651059738262565,
    "dco_richness": 0.517319222809879,
    "dco_flatness": 0.517319222809879,
    "dco_oddenergy": 0.07971324117223022,
    "dco_zcr": 0.14487511069267625
}