{
    "duration": 0.08163265138864517,
    "lossless": 1.0,
    "codec": "pcm_f32le",
    "bitrate": 1411200.0,
    "samplerate": 44100.0,
    "channels": 1.0,
    "audio_md5": "7bff3e4c04060256efb71ca3eb3b6791",
    "loudness": -13.556203842163086,
    "dynamic_range": 0.0,
    "temporal_centroid": 0.5790759921073914,
    "log_attack_time": -1.3775017261505127,
    "filesize": 14458,
    "single_event": false,
    "tonality": "D# major",
    "tonality_confidence": 0.45196348428726196,
    "loop": false,
    "tempo": 0,
    "tempo_confidence": 0.0,
    "note_midi": 38,
    "note_name": "D2",
    "note_frequency": 73.44514465332031,
    "note_confidence": 0.9902198910713196,
    "hardness": 19.020698021189986,
    "depth": 54.8892985104122,
    "brightness": 15.049255085023738,
    "roughness": 34.87569898136079,
    "warmth": 52.20338305866976,
    "sharpness": 0.0,
    "boominess": 62.52763118860818,
    "reverb": false,
    "name": "AKWF_clavinet_0018.wav",
    "SpectralCentroid": 0.014105158301473512,
    "SpectralSpread": 0.011685334064766463,
    "SpectralKurtosis": 0.8765492600611159,
    "ZeroCrossingRate": 0.23302718649526455,
    "SpectralComplexity": 0.1044776119402985,
    "OddToEvenHarmonicEnergyRatio": 0.9557674644726389,
    "Dissonance": 0.20367945368857074,
    "PitchSalience": 0.008221905788128514,
    "HNR": 0.0,
    "NormalizeMethod": "ess_yeojohnson",
    "dco_brightness": 0.10848240768948793,
    "dco_richness": 0.04744560403219515,
    "dco_flatness": 0.04744560403219515,
    "dco_oddenergy": 0.004287480455384962,
    "dco_zcr": 0.06197413883311543
}