{
    "duration": 0.08163265138864517,
    "lossless": 1.0,
    "codec": "pcm_f32le",
    "bitrate": 1411200.0,
    "samplerate": 44100.0,
    "channels": 1.0,
    "audio_md5": "2d2f8ea3924485e3d32736694a52d16b",
    "loudness": -13.942224502563477,
    "dynamic_range": 0.0,
    "temporal_centroid": 0.5757381319999695,
    "log_attack_time": -1.3700498342514038,
    "filesize": 14458,
    "single_event": false,
    "tonality": "D major",
    "tonality_confidence": 0.6473474502563477,
    "loop": false,
    "tempo": 0,
    "tempo_confidence": 0.0,
    "note_midi": 38,
    "note_name": "D2",
    "note_frequency": 73.47382354736328,
    "note_confidence": 0.9233689904212952,
    "hardness": 45.01423021271509,
    "depth": 60.780295228747,
    "brightness": 41.16245143486754,
    "roughness": 52.83327170445523,
    "warmth": 66.36975305392697,
    "sharpness": 18.89418697525921,
    "boominess": 44.94714844398358,
    "reverb": false,
    "name": "AKWF_theremin_0019.wav",
    "SpectralCentroid": 0.1550615004949106,
    "SpectralSpread": 0.050288363510451704,
    "SpectralKurtosis": 0.7256910490802465,
    "ZeroCrossingRate": 0.23302718649526455,
    "SpectralComplexity": 0.8955223880597015,
    "OddToEvenHarmonicEnergyRatio": 0.5276190202430405,
    "Dissonance": 0.9731748531497747,
    "PitchSalience": 0.31075151263604495,
    "HNR": 0.0,
    "NormalizeMethod": "ess_yeojohnson",
    "dco_brightness": 0.14409292723116202,
    "dco_richness": 0.31251018837123634,
    "dco_flatness": 0.31251018837123634,
    "dco_oddenergy": 0.21564745511478733,
    "dco_zcr": 0.06197413883311543
}