{
    "duration": 0.08163265138864517,
    "lossless": 1.0,
    "codec": "pcm_f32le",
    "bitrate": 1411200.0,
    "samplerate": 44100.0,
    "channels": 1.0,
    "audio_md5": "b6eb7bc25ba52f0ca4d8a2c76d5f712d",
    "loudness": -13.636643409729004,
    "dynamic_range": 0.0,
    "temporal_centroid": 0.5809066295623779,
    "log_attack_time": -1.3356608152389526,
    "filesize": 14458,
    "single_event": false,
    "tonality": "F# minor",
    "tonality_confidence": 0.6085443496704102,
    "loop": false,
    "tempo": 0,
    "tempo_confidence": 0.0,
    "note_midi": 38,
    "note_name": "D2",
    "note_frequency": 73.44127655029297,
    "note_confidence": 0.9623225331306458,
    "hardness": 38.743031082044084,
    "depth": 61.71114352662446,
    "brightness": 39.86859984592532,
    "roughness": 50.35538362745779,
    "warmth": 68.57891171089359,
    "sharpness": 19.394941597035093,
    "boominess": 44.30035452926954,
    "reverb": false,
    "name": "AKWF_linear_0050.wav",
    "SpectralCentroid": 0.1584139999376977,
    "SpectralSpread": 0.09978516106309818,
    "SpectralKurtosis": 0.7110982642689098,
    "ZeroCrossingRate": 0.4252420127794052,
    "SpectralComplexity": 0.7910447761194029,
    "OddToEvenHarmonicEnergyRatio": 0.8777292693627846,
    "Dissonance": 0.8360740415714359,
    "PitchSalience": 0.6055825189536748,
    "HNR": 0.0,
    "NormalizeMethod": "ess_yeojohnson",
    "dco_brightness": 0.16125482783551345,
    "dco_richness": 0.3030507691756961,
    "dco_flatness": 0.3030507691756961,
    "dco_oddenergy": 0.021665663648791522,
    "dco_zcr": 0.14487511069267625
}