{
    "duration": 0.08163265138864517,
    "lossless": 1.0,
    "codec": "pcm_f32le",
    "bitrate": 1411200.0,
    "samplerate": 44100.0,
    "channels": 1.0,
    "audio_md5": "bacb99e624461d2aba7d5ed253171043",
    "loudness": -24.010507583618164,
    "dynamic_range": 0.0,
    "temporal_centroid": 0.6483727097511292,
    "log_attack_time": -1.2609822750091553,
    "filesize": 14458,
    "single_event": false,
    "tonality": "D minor",
    "tonality_confidence": 0.6487362384796143,
    "loop": false,
    "tempo": 0,
    "tempo_confidence": 0.0,
    "note_midi": 38,
    "note_name": "D2",
    "note_frequency": 73.42868041992188,
    "note_confidence": 0.9387960433959961,
    "hardness": 69.4776865381395,
    "depth": 28.429134497281673,
    "brightness": 61.420777343168,
    "roughness": 64.84169156426574,
    "warmth": 43.767855503938605,
    "sharpness": 42.518427350798476,
    "boominess": 19.568864799400178,
    "reverb": false,
    "name": "AKWF_overtone_0032.wav",
    "SpectralCentroid": 0.4522731206715094,
    "SpectralSpread": 0.11694979767281283,
    "SpectralKurtosis": 0.6136306612915238,
    "ZeroCrossingRate": 0.23302718649526455,
    "SpectralComplexity": 1.0,
    "OddToEvenHarmonicEnergyRatio": 0.2785951629263698,
    "Dissonance": 0.9978229931830687,
    "PitchSalience": 0.984690178383302,
    "HNR": 0.0,
    "NormalizeMethod": "ess_yeojohnson",
    "dco_brightness": 0.44968550921573197,
    "dco_richness": 0.5036203489381351,
    "dco_flatness": 0.5036203489381351,
    "dco_oddenergy": 0.9340970697774703,
    "dco_zcr": 0.06197413883311543
}