{
    "duration": 0.08163265138864517,
    "lossless": 1.0,
    "codec": "pcm_f32le",
    "bitrate": 1411200.0,
    "samplerate": 44100.0,
    "channels": 1.0,
    "audio_md5": "9cd3578a36b6e08119a858e102087c0f",
    "loudness": -24.531370162963867,
    "dynamic_range": 0.0,
    "temporal_centroid": 0.6260578632354736,
    "log_attack_time": -1.1778675317764282,
    "filesize": 14458,
    "single_event": false,
    "tonality": "D major",
    "tonality_confidence": 0.7221823930740356,
    "loop": false,
    "tempo": 0,
    "tempo_confidence": 0.0,
    "note_midi": 38,
    "note_name": "D2",
    "note_frequency": 73.42839050292969,
    "note_confidence": 0.7265845537185669,
    "hardness": 77.37204593488383,
    "depth": 35.804777545490026,
    "brightness": 68.40264763004654,
    "roughness": 75.0487613225201,
    "warmth": 34.02953230204587,
    "sharpness": 55.2725793524746,
    "boominess": 20.1975474841811,
    "reverb": false,
    "name": "AKWF_squ_0050.wav",
    "SpectralCentroid": 0.6884324294679071,
    "SpectralSpread": 0.41963865019052865,
    "SpectralKurtosis": 0.4701268517126974,
    "ZeroCrossingRate": 0.23302718649526455,
    "SpectralComplexity": 0.9850746268656716,
    "OddToEvenHarmonicEnergyRatio": 0.28338805737463774,
    "Dissonance": 0.9939778570807569,
    "PitchSalience": 0.9747504669080507,
    "HNR": 0.0,
    "NormalizeMethod": "ess_yeojohnson",
    "dco_brightness": 0.5136656068843529,
    "dco_richness": 0.6229885060640478,
    "dco_flatness": 0.6229885060640478,
    "dco_oddenergy": 0.8980388364892665,
    "dco_zcr": 0.06197413883311543
}