{
    "duration": 0.08163265138864517,
    "lossless": 1.0,
    "codec": "pcm_f32le",
    "bitrate": 1411200.0,
    "samplerate": 44100.0,
    "channels": 1.0,
    "audio_md5": "254141ab14dff1c1450eabce09cff4cf",
    "loudness": -13.78337287902832,
    "dynamic_range": 0.0,
    "temporal_centroid": 0.5891899466514587,
    "log_attack_time": -1.273740530014038,
    "filesize": 14458,
    "single_event": false,
    "tonality": "D major",
    "tonality_confidence": 0.8656598925590515,
    "loop": false,
    "tempo": 0,
    "tempo_confidence": 0.0,
    "note_midi": 38,
    "note_name": "D2",
    "note_frequency": 73.43685150146484,
    "note_confidence": 0.9758094549179077,
    "hardness": 29.894435252062962,
    "depth": 61.71697055815248,
    "brightness": 33.78086982998365,
    "roughness": 48.242448332795874,
    "warmth": 72.63048476167243,
    "sharpness": 5.454120699946934,
    "boominess": 49.77432241296623,
    "reverb": false,
    "name": "AKWF_0876.wav",
    "SpectralCentroid": 0.10628542800472197,
    "SpectralSpread": 0.03164048763414038,
    "SpectralKurtosis": 0.7642661871635551,
    "ZeroCrossingRate": 0.4252420127794052,
    "SpectralComplexity": 0.7313432835820896,
    "OddToEvenHarmonicEnergyRatio": 0.046222196002070996,
    "Dissonance": 0.9191261076856918,
    "PitchSalience": 0.29104962674185414,
    "HNR": 0.7751119449497869,
    "NormalizeMethod": "ess_yeojohnson",
    "dco_brightness": 0.18621042502318694,
    "dco_richness": 0.235418010965967,
    "dco_flatness": 0.235418010965967,
    "dco_oddenergy": 0.9047323979384088,
    "dco_zcr": 0.14487511069267625
}