{
    "duration": 0.08163265138864517,
    "lossless": 1.0,
    "codec": "pcm_f32le",
    "bitrate": 1411200.0,
    "samplerate": 44100.0,
    "channels": 1.0,
    "audio_md5": "e767268f59a498ef0947abfbca6a0477",
    "loudness": -13.545143127441406,
    "dynamic_range": 0.0,
    "temporal_centroid": 0.5831979513168335,
    "log_attack_time": -1.3707430362701416,
    "filesize": 14458,
    "single_event": false,
    "tonality": "D major",
    "tonality_confidence": 0.570309579372406,
    "loop": false,
    "tempo": 0,
    "tempo_confidence": 0.0,
    "note_midi": 38,
    "note_name": "D2",
    "note_frequency": 73.44534301757812,
    "note_confidence": 0.9612832069396973,
    "hardness": 37.54867828634413,
    "depth": 62.24983024882305,
    "brightness": 36.581527296903154,
    "roughness": 49.38904157688276,
    "warmth": 69.60307071549232,
    "sharpness": 15.827760067406537,
    "boominess": 48.49202739604075,
    "reverb": false,
    "name": "AKWF_2000.wav",
    "SpectralCentroid": 0.13640874979996773,
    "SpectralSpread": 0.09438049682467256,
    "SpectralKurtosis": 0.7238820832899779,
    "ZeroCrossingRate": 0.4252420127794052,
    "SpectralComplexity": 0.8507462686567164,
    "OddToEvenHarmonicEnergyRatio": 0.30867275209265566,
    "Dissonance": 0.849390776516334,
    "PitchSalience": 0.46110923391002406,
    "HNR": 0.0,
    "NormalizeMethod": "ess_yeojohnson",
    "dco_brightness": 0.168797552578094,
    "dco_richness": 0.2663748913193539,
    "dco_flatness": 0.2663748913193539,
    "dco_oddenergy": 0.4585976681647739,
    "dco_zcr": 0.14487511069267625
}