{
    "duration": 0.08163265138864517,
    "lossless": 1.0,
    "codec": "pcm_f32le",
    "bitrate": 1411200.0,
    "samplerate": 44100.0,
    "channels": 1.0,
    "audio_md5": "f9a490b19dfb8d3e0b343300ecf465c0",
    "loudness": -17.849281311035156,
    "dynamic_range": 0.0,
    "temporal_centroid": 0.5936132073402405,
    "log_attack_time": -1.239092230796814,
    "filesize": 14458,
    "single_event": false,
    "tonality": "D major",
    "tonality_confidence": 0.7400654554367065,
    "loop": false,
    "tempo": 0,
    "tempo_confidence": 0.0,
    "note_midi": 38,
    "note_name": "D2",
    "note_frequency": 73.43316650390625,
    "note_confidence": 0.9159333109855652,
    "hardness": 49.41720160647586,
    "depth": 52.36962020847167,
    "brightness": 44.861342652856344,
    "roughness": 56.5797056786205,
    "warmth": 60.984767422697985,
    "sharpness": 20.597518749710183,
    "boominess": 36.729627916978664,
    "reverb": false,
    "name": "AKWF_1706.wav",
    "SpectralCentroid": 0.19687018056114966,
    "SpectralSpread": 0.046655646597967976,
    "SpectralKurtosis": 0.7725091722171188,
    "ZeroCrossingRate": 0.6763055176555212,
    "SpectralComplexity": 0.6268656716417911,
    "OddToEvenHarmonicEnergyRatio": 0.4102914412786489,
    "Dissonance": 0.994864253618085,
    "PitchSalience": 0.6252986713042415,
    "HNR": 0.0,
    "NormalizeMethod": "ess_yeojohnson",
    "dco_brightness": 0.25550595576189816,
    "dco_richness": 0.4304492997761702,
    "dco_flatness": 0.4304492997761702,
    "dco_oddenergy": 0.39815181146819323,
    "dco_zcr": 0.24477676146998018
}