{
    "duration": 0.08163265138864517,
    "lossless": 1.0,
    "codec": "pcm_f32le",
    "bitrate": 1411200.0,
    "samplerate": 44100.0,
    "channels": 1.0,
    "audio_md5": "ac31a3e7c70942cda35467d95df6ec66",
    "loudness": -12.133795738220215,
    "dynamic_range": 0.0,
    "temporal_centroid": 0.5628093481063843,
    "log_attack_time": -1.5328400135040283,
    "filesize": 14458,
    "single_event": false,
    "tonality": "D major",
    "tonality_confidence": 0.7352913618087769,
    "loop": false,
    "tempo": 0,
    "tempo_confidence": 0.0,
    "note_midi": 38,
    "note_name": "D2",
    "note_frequency": 73.42839813232422,
    "note_confidence": 0.9738062620162964,
    "hardness": 34.54760573612505,
    "depth": 63.16365265885762,
    "brightness": 35.61463503840146,
    "roughness": 47.720010983884336,
    "warmth": 64.88557083204712,
    "sharpness": 14.749401236062365,
    "boominess": 48.82997895845422,
    "reverb": false,
    "name": "AKWF_1991.wav",
    "SpectralCentroid": 0.08729274296847338,
    "SpectralSpread": 0.060200251228308854,
    "SpectralKurtosis": 0.750062689118992,
    "ZeroCrossingRate": 0.23302718649526455,
    "SpectralComplexity": 0.8955223880597015,
    "OddToEvenHarmonicEnergyRatio": 0.4910855476475629,
    "Dissonance": 0.9185740517825374,
    "PitchSalience": 0.3288630636474975,
    "HNR": 0.0,
    "NormalizeMethod": "ess_yeojohnson",
    "dco_brightness": 0.11522225235899254,
    "dco_richness": 0.24359059259274543,
    "dco_flatness": 0.24359059259274543,
    "dco_oddenergy": 0.1319063294724776,
    "dco_zcr": 0.06197413883311543
}