{
    "duration": 0.08163265138864517,
    "lossless": 1.0,
    "codec": "pcm_f32le",
    "bitrate": 1411200.0,
    "samplerate": 44100.0,
    "channels": 1.0,
    "audio_md5": "aadcbb6eff493b373a3ad0b76ae4a18b",
    "loudness": -13.72418212890625,
    "dynamic_range": 0.0,
    "temporal_centroid": 0.5862888097763062,
    "log_attack_time": -1.3636326789855957,
    "filesize": 14458,
    "single_event": false,
    "tonality": "D major",
    "tonality_confidence": 0.8811002373695374,
    "loop": false,
    "tempo": 0,
    "tempo_confidence": 0.0,
    "note_midi": 38,
    "note_name": "D2",
    "note_frequency": 73.42839813232422,
    "note_confidence": 0.9980192184448242,
    "hardness": 63.836196688694116,
    "depth": 58.93593619259326,
    "brightness": 56.915901530945376,
    "roughness": 65.29797976698148,
    "warmth": 49.726954014149335,
    "sharpness": 48.957396584471276,
    "boominess": 34.52909067120799,
    "reverb": false,
    "name": "AKWF_1529.wav",
    "SpectralCentroid": 0.6940928006521955,
    "SpectralSpread": 0.7166672449657995,
    "SpectralKurtosis": 0.48375417134145265,
    "ZeroCrossingRate": 0.23302718649526455,
    "SpectralComplexity": 1.0,
    "OddToEvenHarmonicEnergyRatio": 0.4854633371953867,
    "Dissonance": 0.9947512750748182,
    "PitchSalience": 0.5355149900555456,
    "HNR": 0.0,
    "NormalizeMethod": "ess_yeojohnson",
    "dco_brightness": 0.24122696961382625,
    "dco_richness": 0.545147083479464,
    "dco_flatness": 0.545147083479464,
    "dco_oddenergy": 0.295744559336391,
    "dco_zcr": 0.06197413883311543
}