{
    "duration": 0.08163265138864517,
    "lossless": 1.0,
    "codec": "pcm_f32le",
    "bitrate": 1411200.0,
    "samplerate": 44100.0,
    "channels": 1.0,
    "audio_md5": "1937ad3cf38262c6d47db40cb861bcff",
    "loudness": -14.559419631958008,
    "dynamic_range": 0.0,
    "temporal_centroid": 0.5851476192474365,
    "log_attack_time": -1.2914847135543823,
    "filesize": 14458,
    "single_event": false,
    "tonality": "D major",
    "tonality_confidence": 0.7759631276130676,
    "loop": false,
    "tempo": 0,
    "tempo_confidence": 0.0,
    "note_midi": 38,
    "note_name": "D2",
    "note_frequency": 73.44242858886719,
    "note_confidence": 0.9389203190803528,
    "hardness": 43.47616473510482,
    "depth": 58.47908550099032,
    "brightness": 40.07397661671317,
    "roughness": 51.517962449387234,
    "warmth": 68.79654066665033,
    "sharpness": 20.094461851812504,
    "boominess": 43.261779859297874,
    "reverb": false,
    "name": "AKWF_1924.wav",
    "SpectralCentroid": 0.1651621975596707,
    "SpectralSpread": 0.1078680532611512,
    "SpectralKurtosis": 0.7091945318755754,
    "ZeroCrossingRate": 0.4252420127794052,
    "SpectralComplexity": 0.7910447761194029,
    "OddToEvenHarmonicEnergyRatio": 0.1125016414519911,
    "Dissonance": 0.7660107152380558,
    "PitchSalience": 0.5774674379792658,
    "HNR": 0.34731750774829506,
    "NormalizeMethod": "ess_yeojohnson",
    "dco_brightness": 0.1978759054072354,
    "dco_richness": 0.31372995027572936,
    "dco_flatness": 0.31372995027572936,
    "dco_oddenergy": 0.7986694363118196,
    "dco_zcr": 0.14487511069267625
}