{
    "duration": 0.08163265138864517,
    "lossless": 1.0,
    "codec": "pcm_f32le",
    "bitrate": 1411200.0,
    "samplerate": 44100.0,
    "channels": 1.0,
    "audio_md5": "434db50ffbc0d3dbf8858700602b2dc4",
    "loudness": -13.385202407836914,
    "dynamic_range": 0.0,
    "temporal_centroid": 0.5851395130157471,
    "log_attack_time": -1.2815792560577393,
    "filesize": 14458,
    "single_event": false,
    "tonality": "D major",
    "tonality_confidence": 0.8637723922729492,
    "loop": false,
    "tempo": 0,
    "tempo_confidence": 0.0,
    "note_midi": 38,
    "note_name": "D2",
    "note_frequency": 73.43022918701172,
    "note_confidence": 0.9336490631103516,
    "hardness": 70.15273416674145,
    "depth": 60.824174369626355,
    "brightness": 53.25998913420058,
    "roughness": 59.36312728495972,
    "warmth": 53.28431306362184,
    "sharpness": 46.42778818465561,
    "boominess": 36.5538613655973,
    "reverb": false,
    "name": "AKWF_vgame_0126.wav",
    "SpectralCentroid": 0.6879621329282122,
    "SpectralSpread": 0.7938229147326971,
    "SpectralKurtosis": 0.4824603716765005,
    "ZeroCrossingRate": 0.4252420127794052,
    "SpectralComplexity": 0.9850746268656716,
    "OddToEvenHarmonicEnergyRatio": 0.520530781993642,
    "Dissonance": 0.9797791747212807,
    "PitchSalience": 0.4832302764924215,
    "HNR": 0.0,
    "NormalizeMethod": "ess_yeojohnson",
    "dco_brightness": 0.200023253099699,
    "dco_richness": 0.5217731925391081,
    "dco_flatness": 0.5217731925391081,
    "dco_oddenergy": 0.22823977758135106,
    "dco_zcr": 0.14487511069267625
}