{
    "duration": 0.08163265138864517,
    "lossless": 1.0,
    "codec": "pcm_f32le",
    "bitrate": 1411200.0,
    "samplerate": 44100.0,
    "channels": 1.0,
    "audio_md5": "e77f56d810102bee2c800e0fc877da64",
    "loudness": -14.198742866516113,
    "dynamic_range": 0.0,
    "temporal_centroid": 0.5841037034988403,
    "log_attack_time": -1.2992609739303589,
    "filesize": 14458,
    "single_event": false,
    "tonality": "D major",
    "tonality_confidence": 0.8698006272315979,
    "loop": false,
    "tempo": 0,
    "tempo_confidence": 0.0,
    "note_midi": 38,
    "note_name": "D2",
    "note_frequency": 73.44441986083984,
    "note_confidence": 0.9482558369636536,
    "hardness": 48.97366738029885,
    "depth": 62.86234158279305,
    "brightness": 43.52474773972963,
    "roughness": 49.49101529728877,
    "warmth": 60.679420069809254,
    "sharpness": 37.95173353636216,
    "boominess": 44.865189344543175,
    "reverb": false,
    "name": "AKWF_1525.wav",
    "SpectralCentroid": 0.3005221719818411,
    "SpectralSpread": 0.23409064100929716,
    "SpectralKurtosis": 0.5604403163266466,
    "ZeroCrossingRate": 0.23302718649526455,
    "SpectralComplexity": 0.9850746268656716,
    "OddToEvenHarmonicEnergyRatio": 0.0939559150419811,
    "Dissonance": 0.9375833298810086,
    "PitchSalience": 0.296703605870765,
    "HNR": 0.0,
    "NormalizeMethod": "ess_yeojohnson",
    "dco_brightness": 0.14021506821236496,
    "dco_richness": 0.3495624813859673,
    "dco_flatness": 0.3495624813859673,
    "dco_oddenergy": 0.1945830890823066,
    "dco_zcr": 0.06197413883311543
}