{
    "duration": 0.08163265138864517,
    "lossless": 1.0,
    "codec": "pcm_f32le",
    "bitrate": 1411200.0,
    "samplerate": 44100.0,
    "channels": 1.0,
    "audio_md5": "6cbda621c0da1567ef5c21fc1434edd7",
    "loudness": -12.451047897338867,
    "dynamic_range": 0.0,
    "temporal_centroid": 0.5918444395065308,
    "log_attack_time": -1.314430832862854,
    "filesize": 14458,
    "single_event": false,
    "tonality": "D minor",
    "tonality_confidence": 0.7892029881477356,
    "loop": false,
    "tempo": 0,
    "tempo_confidence": 0.0,
    "note_midi": 38,
    "note_name": "D2",
    "note_frequency": 73.42839813232422,
    "note_confidence": 0.9894028902053833,
    "hardness": 71.94793938125449,
    "depth": 45.88454309897891,
    "brightness": 58.776340280761694,
    "roughness": 70.5870301028688,
    "warmth": 48.18215924075364,
    "sharpness": 50.019718066312315,
    "boominess": 31.831272522868375,
    "reverb": false,
    "name": "AKWF_1136.wav",
    "SpectralCentroid": 0.82966221557973,
    "SpectralSpread": 0.8936940346289609,
    "SpectralKurtosis": 0.4125656891471984,
    "ZeroCrossingRate": 0.6763055176555212,
    "SpectralComplexity": 1.0,
    "OddToEvenHarmonicEnergyRatio": 0.10707791538862571,
    "Dissonance": 0.9730009726803441,
    "PitchSalience": 0.6922023270545593,
    "HNR": 0.45652838535905294,
    "NormalizeMethod": "ess_yeojohnson",
    "dco_brightness": 0.3385844875301039,
    "dco_richness": 0.6324053783525796,
    "dco_flatness": 0.6324053783525796,
    "dco_oddenergy": 0.9045667231845802,
    "dco_zcr": 0.24477676146998018
}