{
    "duration": 0.08163265138864517,
    "lossless": 1.0,
    "codec": "pcm_f32le",
    "bitrate": 1411200.0,
    "samplerate": 44100.0,
    "channels": 1.0,
    "audio_md5": "15f80fbd1574f248c2a9aac1d8245ef3",
    "loudness": -14.130339622497559,
    "dynamic_range": 0.0,
    "temporal_centroid": 0.5842647552490234,
    "log_attack_time": -1.3218058347702026,
    "filesize": 14458,
    "single_event": false,
    "tonality": "F# minor",
    "tonality_confidence": 0.4363672435283661,
    "loop": false,
    "tempo": 0,
    "tempo_confidence": 0.0,
    "note_midi": 38,
    "note_name": "D2",
    "note_frequency": 73.43928527832031,
    "note_confidence": 0.9531813859939575,
    "hardness": 50.70786582095698,
    "depth": 62.88132594352235,
    "brightness": 46.872202023259796,
    "roughness": 34.528061841768675,
    "warmth": 55.49812227203527,
    "sharpness": 37.90961315293915,
    "boominess": 42.8574066138701,
    "reverb": false,
    "name": "AKWF_0644.wav",
    "SpectralCentroid": 0.4423692624784055,
    "SpectralSpread": 0.5715147404710483,
    "SpectralKurtosis": 0.5659359349391859,
    "ZeroCrossingRate": 0.23302718649526455,
    "SpectralComplexity": 0.4925373134328358,
    "OddToEvenHarmonicEnergyRatio": 0.005673964783421021,
    "Dissonance": 0.9999984683347911,
    "PitchSalience": 0.35383262866526893,
    "HNR": 0.0,
    "NormalizeMethod": "ess_yeojohnson",
    "dco_brightness": 0.1341414731656262,
    "dco_richness": 0.39025676985562235,
    "dco_flatness": 0.39025676985562235,
    "dco_oddenergy": 0.014234331555175395,
    "dco_zcr": 0.14487511069267625
}