{
    "duration": 0.08163265138864517,
    "lossless": 1.0,
    "codec": "pcm_f32le",
    "bitrate": 1411200.0,
    "samplerate": 44100.0,
    "channels": 1.0,
    "audio_md5": "854b826ad2e3bfeaff3b17767b9873b7",
    "loudness": -13.152594566345215,
    "dynamic_range": 0.0,
    "temporal_centroid": 0.577253520488739,
    "log_attack_time": -1.3862804174423218,
    "filesize": 14458,
    "single_event": false,
    "tonality": "E minor",
    "tonality_confidence": 0.3573863208293915,
    "loop": false,
    "tempo": 0,
    "tempo_confidence": 0.0,
    "note_midi": 38,
    "note_name": "D2",
    "note_frequency": 73.43270111083984,
    "note_confidence": 0.9849913120269775,
    "hardness": 49.42065368683413,
    "depth": 63.65932996963071,
    "brightness": 49.358627564531474,
    "roughness": 32.413369753055534,
    "warmth": 51.10737771111816,
    "sharpness": 48.07909905391318,
    "boominess": 50.37489236677679,
    "reverb": false,
    "name": "AKWF_vgsin_0008.wav",
    "SpectralCentroid": 0.4184404770547941,
    "SpectralSpread": 0.41852314352314696,
    "SpectralKurtosis": 0.5235607479308432,
    "ZeroCrossingRate": 0.23302718649526455,
    "SpectralComplexity": 0.9850746268656716,
    "OddToEvenHarmonicEnergyRatio": 0.9983209157225801,
    "Dissonance": 0.9778591229772537,
    "PitchSalience": 0.021012927767770646,
    "HNR": 0.0,
    "NormalizeMethod": "ess_yeojohnson",
    "dco_brightness": 0.1139024749429601,
    "dco_richness": 0.3565291024255837,
    "dco_flatness": 0.3565291024255837,
    "dco_oddenergy": 0.0018308093553039972,
    "dco_zcr": 0.06197413883311543
}