{
    "duration": 0.08163265138864517,
    "lossless": 1.0,
    "codec": "pcm_f32le",
    "bitrate": 1411200.0,
    "samplerate": 44100.0,
    "channels": 1.0,
    "audio_md5": "5bf4fc8284cfda3cd399136c00c6f3db",
    "loudness": -11.911885261535645,
    "dynamic_range": 0.0,
    "temporal_centroid": 0.577925980091095,
    "log_attack_time": -1.3679767847061157,
    "filesize": 14458,
    "single_event": false,
    "tonality": "D major",
    "tonality_confidence": 0.8393794298171997,
    "loop": false,
    "tempo": 0,
    "tempo_confidence": 0.0,
    "note_midi": 50,
    "note_name": "D3",
    "note_frequency": 146.8782958984375,
    "note_confidence": 0.999975860118866,
    "hardness": 30.236203583529317,
    "depth": 56.739036733006806,
    "brightness": 33.68893719989613,
    "roughness": 28.142975964837092,
    "warmth": 70.7380136329478,
    "sharpness": 13.989097544312106,
    "boominess": 50.76017269109887,
    "reverb": false,
    "name": "AKWF_0919.wav",
    "SpectralCentroid": 0.13577655910550024,
    "SpectralSpread": 0.10009629041811818,
    "SpectralKurtosis": 0.6887513388655381,
    "ZeroCrossingRate": 0.4252420127794052,
    "SpectralComplexity": 0.5373134328358209,
    "OddToEvenHarmonicEnergyRatio": 4.9510801313868805e-06,
    "Dissonance": 0.587712631599216,
    "PitchSalience": 0.113925959732909,
    "HNR": 0.9717818136714982,
    "NormalizeMethod": "ess_yeojohnson",
    "dco_brightness": 0.1766532206149275,
    "dco_richness": 0.17093702862326976,
    "dco_flatness": 0.17093702862326976,
    "dco_oddenergy": 0.9999892402732068,
    "dco_zcr": 0.14487511069267625
}