{
    "duration": 0.08163265138864517,
    "lossless": 1.0,
    "codec": "pcm_f32le",
    "bitrate": 1411200.0,
    "samplerate": 44100.0,
    "channels": 1.0,
    "audio_md5": "c8f03cff53103dae9287988475b5a984",
    "loudness": -13.342968940734863,
    "dynamic_range": 0.0,
    "temporal_centroid": 0.5760999917984009,
    "log_attack_time": -1.3867599964141846,
    "filesize": 14458,
    "single_event": false,
    "tonality": "D major",
    "tonality_confidence": 0.7157634496688843,
    "loop": false,
    "tempo": 0,
    "tempo_confidence": 0.0,
    "note_midi": 38,
    "note_name": "D2",
    "note_frequency": 73.46141052246094,
    "note_confidence": 0.9781126976013184,
    "hardness": 30.345762238381923,
    "depth": 63.60608460514995,
    "brightness": 32.2400795653291,
    "roughness": 40.31554302600699,
    "warmth": 58.85333209274084,
    "sharpness": 11.209322444101467,
    "boominess": 52.74291189958479,
    "reverb": false,
    "name": "AKWF_1727.wav",
    "SpectralCentroid": 0.07832337357486659,
    "SpectralSpread": 0.06482707422388194,
    "SpectralKurtosis": 0.7562193868859198,
    "ZeroCrossingRate": 0.23302718649526455,
    "SpectralComplexity": 0.5074626865671642,
    "OddToEvenHarmonicEnergyRatio": 0.9077620773020394,
    "Dissonance": 0.8247087210391284,
    "PitchSalience": 0.08667188891548472,
    "HNR": 0.7281913553169626,
    "NormalizeMethod": "ess_yeojohnson",
    "dco_brightness": 0.11060944662413164,
    "dco_richness": 0.164762261630523,
    "dco_flatness": 0.164762261630523,
    "dco_oddenergy": 0.010951400806308853,
    "dco_zcr": 0.06197413883311543
}