{
    "duration": 0.08163265138864517,
    "lossless": 1.0,
    "codec": "pcm_f32le",
    "bitrate": 1411200.0,
    "samplerate": 44100.0,
    "channels": 1.0,
    "audio_md5": "ec614d9b9ed9d78fa96757f5e33b8f05",
    "loudness": -10.45133113861084,
    "dynamic_range": 0.0,
    "temporal_centroid": 0.5586442351341248,
    "log_attack_time": -1.5688916444778442,
    "filesize": 14458,
    "single_event": false,
    "tonality": "D major",
    "tonality_confidence": 0.672882080078125,
    "loop": false,
    "tempo": 0,
    "tempo_confidence": 0.0,
    "note_midi": 38,
    "note_name": "D2",
    "note_frequency": 73.42839813232422,
    "note_confidence": 0.9725903868675232,
    "hardness": 67.29455007223507,
    "depth": 62.421130675549804,
    "brightness": 54.252988478400596,
    "roughness": 55.36559936777486,
    "warmth": 53.05679462140512,
    "sharpness": 47.10550998570843,
    "boominess": 39.18396265781993,
    "reverb": false,
    "name": "AKWF_distorted_0030.wav",
    "SpectralCentroid": 0.6986505249732291,
    "SpectralSpread": 0.8027745659858881,
    "SpectralKurtosis": 0.4764445290969321,
    "ZeroCrossingRate": 0.4252420127794052,
    "SpectralComplexity": 1.0,
    "OddToEvenHarmonicEnergyRatio": 0.8869568019079678,
    "Dissonance": 0.9503737554855496,
    "PitchSalience": 0.39700261972367706,
    "HNR": 0.7452227857650651,
    "NormalizeMethod": "ess_yeojohnson",
    "dco_brightness": 0.16300283351527858,
    "dco_richness": 0.49794427238314576,
    "dco_flatness": 0.49794427238314576,
    "dco_oddenergy": 0.02801332915804189,
    "dco_zcr": 0.14487511069267625
}