{
    "duration": 0.08163265138864517,
    "lossless": 1.0,
    "codec": "pcm_f32le",
    "bitrate": 1411200.0,
    "samplerate": 44100.0,
    "channels": 1.0,
    "audio_md5": "f6f36c153c30a2963dc16b95ab1691a8",
    "loudness": -14.727402687072754,
    "dynamic_range": 0.0,
    "temporal_centroid": 0.581582248210907,
    "log_attack_time": -1.2905223369598389,
    "filesize": 14458,
    "single_event": false,
    "tonality": "A major",
    "tonality_confidence": 0.5034847259521484,
    "loop": false,
    "tempo": 0,
    "tempo_confidence": 0.0,
    "note_midi": 38,
    "note_name": "D2",
    "note_frequency": 73.47537994384766,
    "note_confidence": 0.9287686347961426,
    "hardness": 32.32678163068968,
    "depth": 62.744620707305806,
    "brightness": 31.49456137102866,
    "roughness": 45.97925662052879,
    "warmth": 69.58280965577603,
    "sharpness": 5.748409153534592,
    "boominess": 49.66529304567555,
    "reverb": false,
    "name": "AKWF_altosax_0020.wav",
    "SpectralCentroid": 0.0667859522387624,
    "SpectralSpread": 0.019994115554148886,
    "SpectralKurtosis": 0.825199190690075,
    "ZeroCrossingRate": 0.23302718649526455,
    "SpectralComplexity": 0.5522388059701493,
    "OddToEvenHarmonicEnergyRatio": 0.7035327412502426,
    "Dissonance": 0.7648406688913253,
    "PitchSalience": 0.48079582009339505,
    "HNR": 0.7770404970609833,
    "NormalizeMethod": "ess_yeojohnson",
    "dco_brightness": 0.14349910800066848,
    "dco_richness": 0.24863409695841626,
    "dco_flatness": 0.24863409695841626,
    "dco_oddenergy": 0.08346828510175663,
    "dco_zcr": 0.06197413883311543
}