{
    "duration": 0.08163265138864517,
    "lossless": 1.0,
    "codec": "pcm_f32le",
    "bitrate": 1411200.0,
    "samplerate": 44100.0,
    "channels": 1.0,
    "audio_md5": "a10043e0fcb28c1145a13979e7c07cb1",
    "loudness": -20.245302200317383,
    "dynamic_range": 0.0,
    "temporal_centroid": 0.6382755041122437,
    "log_attack_time": -1.2620612382888794,
    "filesize": 14458,
    "single_event": false,
    "tonality": "F# minor",
    "tonality_confidence": 0.5327113270759583,
    "loop": false,
    "tempo": 0,
    "tempo_confidence": 0.0,
    "note_midi": 38,
    "note_name": "D2",
    "note_frequency": 73.42875671386719,
    "note_confidence": 0.8641303181648254,
    "hardness": 87.76028253153342,
    "depth": 30.545874182709518,
    "brightness": 65.59349231339655,
    "roughness": 78.96420013509453,
    "warmth": 31.228691735608532,
    "sharpness": 52.73455281145349,
    "boominess": 18.79872045223177,
    "reverb": false,
    "name": "AKWF_gapsaw_0027.wav",
    "SpectralCentroid": 0.8414019358159713,
    "SpectralSpread": 0.910139057348087,
    "SpectralKurtosis": 0.42925713118051156,
    "ZeroCrossingRate": 0.23302718649526455,
    "SpectralComplexity": 1.0,
    "OddToEvenHarmonicEnergyRatio": 0.2783164710887153,
    "Dissonance": 0.9949350748998874,
    "PitchSalience": 0.9736873119054245,
    "HNR": 0.0,
    "NormalizeMethod": "ess_yeojohnson",
    "dco_brightness": 0.4792170841562217,
    "dco_richness": 0.6830326267372463,
    "dco_flatness": 0.6830326267372463,
    "dco_oddenergy": 0.8929817956460046,
    "dco_zcr": 0.14487511069267625
}