{
    "duration": 0.08163265138864517,
    "lossless": 1.0,
    "codec": "pcm_f32le",
    "bitrate": 1411200.0,
    "samplerate": 44100.0,
    "channels": 1.0,
    "audio_md5": "2b49e0468e6916b2d4129535d252d839",
    "loudness": -17.997251510620117,
    "dynamic_range": 0.0,
    "temporal_centroid": 0.6048010587692261,
    "log_attack_time": -1.201488733291626,
    "filesize": 14458,
    "single_event": false,
    "tonality": "D major",
    "tonality_confidence": 0.8336407542228699,
    "loop": false,
    "tempo": 0,
    "tempo_confidence": 0.0,
    "note_midi": 38,
    "note_name": "D2",
    "note_frequency": 73.43696594238281,
    "note_confidence": 0.9598304033279419,
    "hardness": 46.36235292382935,
    "depth": 61.59313252329734,
    "brightness": 42.281571611917016,
    "roughness": 52.724616672848484,
    "warmth": 67.90407293751682,
    "sharpness": 28.683339500150247,
    "boominess": 44.54400673902096,
    "reverb": false,
    "name": "AKWF_1478.wav",
    "SpectralCentroid": 0.21929311489142078,
    "SpectralSpread": 0.102852081235949,
    "SpectralKurtosis": 0.6231953846390136,
    "ZeroCrossingRate": 0.4252420127794052,
    "SpectralComplexity": 0.9850746268656716,
    "OddToEvenHarmonicEnergyRatio": 0.21811787846669178,
    "Dissonance": 0.9093078419508221,
    "PitchSalience": 0.4404461773735986,
    "HNR": 0.0,
    "NormalizeMethod": "ess_yeojohnson",
    "dco_brightness": 0.18010458319047598,
    "dco_richness": 0.333480834216071,
    "dco_flatness": 0.333480834216071,
    "dco_oddenergy": 0.6025845105923343,
    "dco_zcr": 0.14487511069267625
}