{
    "duration": 0.08163265138864517,
    "lossless": 1.0,
    "codec": "pcm_f32le",
    "bitrate": 1411200.0,
    "samplerate": 44100.0,
    "channels": 1.0,
    "audio_md5": "fba260738cc4bb8636a7f85162bd5243",
    "loudness": -18.641550064086914,
    "dynamic_range": 0.0,
    "temporal_centroid": 0.6265426278114319,
    "log_attack_time": -1.2609822750091553,
    "filesize": 14458,
    "single_event": false,
    "tonality": "D major",
    "tonality_confidence": 0.7057767510414124,
    "loop": false,
    "tempo": 0,
    "tempo_confidence": 0.0,
    "note_midi": 38,
    "note_name": "D2",
    "note_frequency": 73.42839813232422,
    "note_confidence": 0.999760091304779,
    "hardness": 76.30482721407341,
    "depth": 49.327878480469714,
    "brightness": 59.03645275356911,
    "roughness": 66.23663860175205,
    "warmth": 50.09555199417392,
    "sharpness": 50.34694091193617,
    "boominess": 32.474715885611005,
    "reverb": false,
    "name": "AKWF_1144.wav",
    "SpectralCentroid": 0.8124794330774194,
    "SpectralSpread": 0.8867855259116343,
    "SpectralKurtosis": 0.4210069239521835,
    "ZeroCrossingRate": 0.23302718649526455,
    "SpectralComplexity": 1.0,
    "OddToEvenHarmonicEnergyRatio": 0.6875416497902076,
    "Dissonance": 0.9629399744780814,
    "PitchSalience": 0.7103528634989438,
    "HNR": 0.0,
    "NormalizeMethod": "ess_yeojohnson",
    "dco_brightness": 0.28544193082729663,
    "dco_richness": 0.6111810879799611,
    "dco_flatness": 0.6111810879799611,
    "dco_oddenergy": 0.13486924409269552,
    "dco_zcr": 0.06197413883311543
}