{
    "duration": 0.08163265138864517,
    "lossless": 1.0,
    "codec": "pcm_f32le",
    "bitrate": 1411200.0,
    "samplerate": 44100.0,
    "channels": 1.0,
    "audio_md5": "c66f0017da84c4657b3d63c27a6dba67",
    "loudness": -15.214296340942383,
    "dynamic_range": 0.0,
    "temporal_centroid": 0.5845953822135925,
    "log_attack_time": -1.2629624605178833,
    "filesize": 14458,
    "single_event": false,
    "tonality": "D major",
    "tonality_confidence": 0.5828947424888611,
    "loop": false,
    "tempo": 0,
    "tempo_confidence": 0.0,
    "note_midi": 38,
    "note_name": "D2",
    "note_frequency": 73.42839813232422,
    "note_confidence": 0.9937920570373535,
    "hardness": 72.97458016153104,
    "depth": 51.04503740336192,
    "brightness": 59.337504172123175,
    "roughness": 72.86607909682826,
    "warmth": 49.286499124762756,
    "sharpness": 50.872466346894484,
    "boominess": 32.70644060269319,
    "reverb": false,
    "name": "AKWF_vgame_0134.wav",
    "SpectralCentroid": 0.7757373805564058,
    "SpectralSpread": 0.8182453440740477,
    "SpectralKurtosis": 0.4474385977711115,
    "ZeroCrossingRate": 0.4252420127794052,
    "SpectralComplexity": 1.0,
    "OddToEvenHarmonicEnergyRatio": 0.329720767797686,
    "Dissonance": 0.9843388691117684,
    "PitchSalience": 0.6398900051732805,
    "HNR": 0.0,
    "NormalizeMethod": "ess_yeojohnson",
    "dco_brightness": 0.31915760955676425,
    "dco_richness": 0.6090851646426056,
    "dco_flatness": 0.6090851646426056,
    "dco_oddenergy": 0.5053521640340302,
    "dco_zcr": 0.14487511069267625
}