{
    "duration": 0.08163265138864517,
    "lossless": 1.0,
    "codec": "pcm_f32le",
    "bitrate": 1411200.0,
    "samplerate": 44100.0,
    "channels": 1.0,
    "audio_md5": "44633a9bbe4a5cdb6832520cc5dae652",
    "loudness": -14.473308563232422,
    "dynamic_range": 0.0,
    "temporal_centroid": 0.5870386958122253,
    "log_attack_time": -1.2664042711257935,
    "filesize": 14458,
    "single_event": false,
    "tonality": "D major",
    "tonality_confidence": 0.557554304599762,
    "loop": false,
    "tempo": 0,
    "tempo_confidence": 0.0,
    "note_midi": 38,
    "note_name": "D2",
    "note_frequency": 73.43455505371094,
    "note_confidence": 0.9398664832115173,
    "hardness": 41.433037952524316,
    "depth": 43.90272444716304,
    "brightness": 39.873304887718746,
    "roughness": 53.38089402679128,
    "warmth": 66.66591561425517,
    "sharpness": 18.585610188044214,
    "boominess": 32.95432849706538,
    "reverb": false,
    "name": "AKWF_0371.wav",
    "SpectralCentroid": 0.17843211353175228,
    "SpectralSpread": 0.029643986742521864,
    "SpectralKurtosis": 0.7761167578336295,
    "ZeroCrossingRate": 0.6763055176555212,
    "SpectralComplexity": 0.7164179104477612,
    "OddToEvenHarmonicEnergyRatio": 0.557745440469334,
    "Dissonance": 0.8681993335359994,
    "PitchSalience": 0.6201903087591403,
    "HNR": 0.5552520994127059,
    "NormalizeMethod": "ess_yeojohnson",
    "dco_brightness": 0.2705568499114684,
    "dco_richness": 0.303761496993799,
    "dco_flatness": 0.303761496993799,
    "dco_oddenergy": 0.1959430381508508,
    "dco_zcr": 0.24477676146998018
}