{
    "duration": 0.08163265138864517,
    "lossless": 1.0,
    "codec": "pcm_f32le",
    "bitrate": 1411200.0,
    "samplerate": 44100.0,
    "channels": 1.0,
    "audio_md5": "29832ce6724b07d265f6afc0bf4b1f8f",
    "loudness": -11.821944236755371,
    "dynamic_range": 0.0,
    "temporal_centroid": 0.5887000560760498,
    "log_attack_time": -1.3548495769500732,
    "filesize": 14458,
    "single_event": false,
    "tonality": "D major",
    "tonality_confidence": 0.7741363644599915,
    "loop": false,
    "tempo": 0,
    "tempo_confidence": 0.0,
    "note_midi": 38,
    "note_name": "D2",
    "note_frequency": 73.43461608886719,
    "note_confidence": 0.9529340267181396,
    "hardness": 43.90415430224576,
    "depth": 53.40235633023992,
    "brightness": 39.43936339710113,
    "roughness": 54.520678948174904,
    "warmth": 73.14953468258787,
    "sharpness": 15.977718728647847,
    "boominess": 40.994903565588224,
    "reverb": false,
    "name": "AKWF_fmsynth_0110.wav",
    "SpectralCentroid": 0.1451865995546148,
    "SpectralSpread": 0.023848317638110676,
    "SpectralKurtosis": 0.7562396399106937,
    "ZeroCrossingRate": 0.568873868296057,
    "SpectralComplexity": 0.9253731343283582,
    "OddToEvenHarmonicEnergyRatio": 0.4658362147780445,
    "Dissonance": 0.844649251584617,
    "PitchSalience": 0.7525942249702082,
    "HNR": 0.0,
    "NormalizeMethod": "ess_yeojohnson",
    "dco_brightness": 0.22885250459030163,
    "dco_richness": 0.33615352340697235,
    "dco_flatness": 0.33615352340697235,
    "dco_oddenergy": 0.30779842629564236,
    "dco_zcr": 0.2016028048315253
}