{
    "duration": 0.08163265138864517,
    "lossless": 1.0,
    "codec": "pcm_f32le",
    "bitrate": 1411200.0,
    "samplerate": 44100.0,
    "channels": 1.0,
    "audio_md5": "05a10241088a02996815d2b0e89d72e7",
    "loudness": -24.41532325744629,
    "dynamic_range": 0.0,
    "temporal_centroid": 0.6281372904777527,
    "log_attack_time": -1.26386559009552,
    "filesize": 14458,
    "single_event": false,
    "tonality": "D major",
    "tonality_confidence": 0.7675241231918335,
    "loop": false,
    "tempo": 0,
    "tempo_confidence": 0.0,
    "note_midi": 38,
    "note_name": "D2",
    "note_frequency": 73.42839050292969,
    "note_confidence": 0.7231998443603516,
    "hardness": 79.91996995576784,
    "depth": 12.590830870740952,
    "brightness": 78.35371543035913,
    "roughness": 76.42762737515521,
    "warmth": 21.22985222005859,
    "sharpness": 69.00071164469165,
    "boominess": 0.0,
    "reverb": false,
    "name": "AKWF_0293.wav",
    "SpectralCentroid": 0.8421881360422856,
    "SpectralSpread": 0.3847873292742304,
    "SpectralKurtosis": 0.4353538342159052,
    "ZeroCrossingRate": 0.8212957458688667,
    "SpectralComplexity": 0.9701492537313433,
    "OddToEvenHarmonicEnergyRatio": 0.2756213993398392,
    "Dissonance": 0.9999986871441067,
    "PitchSalience": 0.9987942402446703,
    "HNR": 0.0,
    "NormalizeMethod": "ess_yeojohnson",
    "dco_brightness": 0.6763032081373228,
    "dco_richness": 0.6549522392634274,
    "dco_flatness": 0.6549522392634274,
    "dco_oddenergy": 0.9995197584344667,
    "dco_zcr": 0.356183536315725
}