{
    "duration": 0.08163265138864517,
    "lossless": 1.0,
    "codec": "pcm_f32le",
    "bitrate": 1411200.0,
    "samplerate": 44100.0,
    "channels": 1.0,
    "audio_md5": "d1e846f44b89bca6b1747dcd1c83da60",
    "loudness": -20.263694763183594,
    "dynamic_range": 0.0,
    "temporal_centroid": 0.6075122356414795,
    "log_attack_time": -1.2617013454437256,
    "filesize": 14458,
    "single_event": false,
    "tonality": "D major",
    "tonality_confidence": 0.6790288686752319,
    "loop": false,
    "tempo": 0,
    "tempo_confidence": 0.0,
    "note_midi": 38,
    "note_name": "D2",
    "note_frequency": 73.43079376220703,
    "note_confidence": 0.9596508741378784,
    "hardness": 58.356296908915624,
    "depth": 53.15386709061399,
    "brightness": 50.14638440529873,
    "roughness": 58.73213602465949,
    "warmth": 55.8803073559466,
    "sharpness": 36.570524716117475,
    "boominess": 33.283283487716986,
    "reverb": false,
    "name": "AKWF_0623.wav",
    "SpectralCentroid": 0.436532829578905,
    "SpectralSpread": 0.4828701355077525,
    "SpectralKurtosis": 0.5857439590824495,
    "ZeroCrossingRate": 0.4252420127794052,
    "SpectralComplexity": 1.0,
    "OddToEvenHarmonicEnergyRatio": 0.5153329555051602,
    "Dissonance": 0.9980480020959015,
    "PitchSalience": 0.6188081372930526,
    "HNR": 0.23001194490714344,
    "NormalizeMethod": "ess_yeojohnson",
    "dco_brightness": 0.23654774943744714,
    "dco_richness": 0.4403385941276101,
    "dco_flatness": 0.4403385941276101,
    "dco_oddenergy": 0.27279058986905524,
    "dco_zcr": 0.24477676146998018
}