{
    "duration": 0.08163265138864517,
    "lossless": 1.0,
    "codec": "pcm_f32le",
    "bitrate": 1411200.0,
    "samplerate": 44100.0,
    "channels": 1.0,
    "audio_md5": "1e4e509878cadab7df538549a521494e",
    "loudness": -15.630080223083496,
    "dynamic_range": 0.0,
    "temporal_centroid": 0.5796804428100586,
    "log_attack_time": -1.278576374053955,
    "filesize": 14458,
    "single_event": false,
    "tonality": "D minor",
    "tonality_confidence": 0.42107662558555603,
    "loop": false,
    "tempo": 0,
    "tempo_confidence": 0.0,
    "note_midi": 38,
    "note_name": "D2",
    "note_frequency": 73.43852996826172,
    "note_confidence": 0.9456339478492737,
    "hardness": 42.73895159140622,
    "depth": 59.08884571830643,
    "brightness": 39.87397483350731,
    "roughness": 53.67488850686173,
    "warmth": 60.21190308748472,
    "sharpness": 14.037827547830862,
    "boominess": 40.24804467178321,
    "reverb": false,
    "name": "AKWF_pluckalgo_0008.wav",
    "SpectralCentroid": 0.11048826234983074,
    "SpectralSpread": 0.019553172269410193,
    "SpectralKurtosis": 0.8151219264823278,
    "ZeroCrossingRate": 0.568873868296057,
    "SpectralComplexity": 0.417910447761194,
    "OddToEvenHarmonicEnergyRatio": 0.4600553894430527,
    "Dissonance": 0.9442985877755028,
    "PitchSalience": 0.4124745487778223,
    "HNR": 0.5620749702013921,
    "NormalizeMethod": "ess_yeojohnson",
    "dco_brightness": 0.15523732466777984,
    "dco_richness": 0.35544613291987953,
    "dco_flatness": 0.35544613291987953,
    "dco_oddenergy": 0.13296806604276978,
    "dco_zcr": 0.2016028048315253
}