{
    "duration": 0.08163265138864517,
    "lossless": 1.0,
    "codec": "pcm_f32le",
    "bitrate": 1411200.0,
    "samplerate": 44100.0,
    "channels": 1.0,
    "audio_md5": "d2213a88c41c66184dc7eeafbed476c6",
    "loudness": -12.033590316772461,
    "dynamic_range": 0.0,
    "temporal_centroid": 0.587317705154419,
    "log_attack_time": -1.3867599964141846,
    "filesize": 14458,
    "single_event": false,
    "tonality": "D major",
    "tonality_confidence": 0.5964322686195374,
    "loop": false,
    "tempo": 0,
    "tempo_confidence": 0.0,
    "note_midi": 38,
    "note_name": "D2",
    "note_frequency": 73.42839813232422,
    "note_confidence": 0.9977265000343323,
    "hardness": 67.42394510947824,
    "depth": 54.50089445152524,
    "brightness": 55.66617255084168,
    "roughness": 68.80936812767209,
    "warmth": 57.15054335216062,
    "sharpness": 47.74678101003586,
    "boominess": 33.87496617869836,
    "reverb": false,
    "name": "AKWF_oscchip_0043.wav",
    "SpectralCentroid": 0.6098780736741056,
    "SpectralSpread": 0.5146530251735976,
    "SpectralKurtosis": 0.4963230347293939,
    "ZeroCrossingRate": 0.4252420127794052,
    "SpectralComplexity": 1.0,
    "OddToEvenHarmonicEnergyRatio": 0.3325690289723393,
    "Dissonance": 0.9980113150673262,
    "PitchSalience": 0.6085421437696052,
    "HNR": 0.0,
    "NormalizeMethod": "ess_yeojohnson",
    "dco_brightness": 0.2854430004527088,
    "dco_richness": 0.5445360016800389,
    "dco_flatness": 0.5445360016800389,
    "dco_oddenergy": 0.48982693802384336,
    "dco_zcr": 0.14487511069267625
}