{
    "duration": 0.08163265138864517,
    "lossless": 1.0,
    "codec": "pcm_f32le",
    "bitrate": 1411200.0,
    "samplerate": 44100.0,
    "channels": 1.0,
    "audio_md5": "2fec6cb43f27f2bec618a7eaa989fc6b",
    "loudness": -17.103153228759766,
    "dynamic_range": 0.0,
    "temporal_centroid": 0.5980332493782043,
    "log_attack_time": -1.2827107906341553,
    "filesize": 14458,
    "single_event": false,
    "tonality": "D major",
    "tonality_confidence": 0.7422740459442139,
    "loop": false,
    "tempo": 0,
    "tempo_confidence": 0.0,
    "note_midi": 38,
    "note_name": "D2",
    "note_frequency": 73.42889404296875,
    "note_confidence": 0.8953407406806946,
    "hardness": 71.5865128677936,
    "depth": 33.850053235406506,
    "brightness": 63.21198457968612,
    "roughness": 69.6159092129743,
    "warmth": 38.29813166789237,
    "sharpness": 48.82962469899031,
    "boominess": 19.12320687219922,
    "reverb": false,
    "name": "AKWF_0329.wav",
    "SpectralCentroid": 0.5702248981840425,
    "SpectralSpread": 0.2962889261169408,
    "SpectralKurtosis": 0.549058536963368,
    "ZeroCrossingRate": 0.9915219432345757,
    "SpectralComplexity": 1.0,
    "OddToEvenHarmonicEnergyRatio": 0.36452564894542755,
    "Dissonance": 0.997379831382624,
    "PitchSalience": 0.8712317421639401,
    "HNR": 0.3801687248925401,
    "NormalizeMethod": "ess_yeojohnson",
    "dco_brightness": 0.45738646959730384,
    "dco_richness": 0.5416423945917533,
    "dco_flatness": 0.5416423945917533,
    "dco_oddenergy": 0.9412663785937108,
    "dco_zcr": 0.48498916824525673
}