{
    "duration": 0.08163265138864517,
    "lossless": 1.0,
    "codec": "pcm_f32le",
    "bitrate": 1411200.0,
    "samplerate": 44100.0,
    "channels": 1.0,
    "audio_md5": "ab012cf1b75c46e35e2abae055178bf5",
    "loudness": -20.579313278198242,
    "dynamic_range": 0.0,
    "temporal_centroid": 0.5961201786994934,
    "log_attack_time": -1.2617013454437256,
    "filesize": 14458,
    "single_event": false,
    "tonality": "D major",
    "tonality_confidence": 0.8563590049743652,
    "loop": false,
    "tempo": 0,
    "tempo_confidence": 0.0,
    "note_midi": 38,
    "note_name": "D2",
    "note_frequency": 73.42839813232422,
    "note_confidence": 0.9881142973899841,
    "hardness": 70.64914809590994,
    "depth": 58.31761061468473,
    "brightness": 56.9251032440046,
    "roughness": 65.22675360535857,
    "warmth": 53.11418178129482,
    "sharpness": 48.16104674570575,
    "boominess": 34.37797532807727,
    "reverb": false,
    "name": "AKWF_oscchip_0060.wav",
    "SpectralCentroid": 0.5961190650930075,
    "SpectralSpread": 0.5006625339018507,
    "SpectralKurtosis": 0.502246764188804,
    "ZeroCrossingRate": 0.23302718649526455,
    "SpectralComplexity": 1.0,
    "OddToEvenHarmonicEnergyRatio": 0.5151908199485343,
    "Dissonance": 0.9802782787700699,
    "PitchSalience": 0.4993123902369082,
    "HNR": 0.0,
    "NormalizeMethod": "ess_yeojohnson",
    "dco_brightness": 0.23411643432673382,
    "dco_richness": 0.5226748126273185,
    "dco_flatness": 0.5226748126273185,
    "dco_oddenergy": 0.2693397861844622,
    "dco_zcr": 0.06197413883311543
}