{
    "duration": 0.08163265138864517,
    "lossless": 1.0,
    "codec": "pcm_f32le",
    "bitrate": 1411200.0,
    "samplerate": 44100.0,
    "channels": 1.0,
    "audio_md5": "7779d423a73979d06365c6ead8cd8830",
    "loudness": -20.235036849975586,
    "dynamic_range": 0.0,
    "temporal_centroid": 0.6046574711799622,
    "log_attack_time": -1.2554497718811035,
    "filesize": 14458,
    "single_event": false,
    "tonality": "D major",
    "tonality_confidence": 0.7828789353370667,
    "loop": false,
    "tempo": 0,
    "tempo_confidence": 0.0,
    "note_midi": 38,
    "note_name": "D2",
    "note_frequency": 73.42840576171875,
    "note_confidence": 0.993094265460968,
    "hardness": 56.2327028000293,
    "depth": 36.473166784461185,
    "brightness": 59.56556310872055,
    "roughness": 61.48876217943786,
    "warmth": 47.52325397207142,
    "sharpness": 35.22915781474575,
    "boominess": 28.228719608270744,
    "reverb": false,
    "name": "AKWF_hvoice_0071.wav",
    "SpectralCentroid": 0.3743969093264772,
    "SpectralSpread": 0.12502625808724654,
    "SpectralKurtosis": 0.6679117345279019,
    "ZeroCrossingRate": 0.9216804921457811,
    "SpectralComplexity": 0.9552238805970149,
    "OddToEvenHarmonicEnergyRatio": 0.2152214463861316,
    "Dissonance": 0.9847842190053687,
    "PitchSalience": 0.7159847410240869,
    "HNR": 0.6805996014377352,
    "NormalizeMethod": "ess_yeojohnson",
    "dco_brightness": 0.40013967172331494,
    "dco_richness": 0.5012124609397658,
    "dco_flatness": 0.5012124609397658,
    "dco_oddenergy": 0.8894585062550867,
    "dco_zcr": 0.37589917619879676
}