{
    "duration": 0.08163265138864517,
    "lossless": 1.0,
    "codec": "pcm_f32le",
    "bitrate": 1411200.0,
    "samplerate": 44100.0,
    "channels": 1.0,
    "audio_md5": "203e4728114bf5f18015e7a325a52d8b",
    "loudness": -17.852418899536133,
    "dynamic_range": 0.0,
    "temporal_centroid": 0.6019533276557922,
    "log_attack_time": -1.2656774520874023,
    "filesize": 14458,
    "single_event": false,
    "tonality": "D major",
    "tonality_confidence": 0.7663591504096985,
    "loop": false,
    "tempo": 0,
    "tempo_confidence": 0.0,
    "note_midi": 50,
    "note_name": "D3",
    "note_frequency": 146.69085693359375,
    "note_confidence": 0.8780017495155334,
    "hardness": 31.95737829974796,
    "depth": 58.41402581535283,
    "brightness": 34.554028657837236,
    "roughness": 50.417390944424,
    "warmth": 71.30046166333143,
    "sharpness": 7.6371534722827406,
    "boominess": 45.96683327859736,
    "reverb": false,
    "name": "AKWF_ebass_0046.wav",
    "SpectralCentroid": 0.07017225505855311,
    "SpectralSpread": 0.03820243413014666,
    "SpectralKurtosis": 0.7786801805345457,
    "ZeroCrossingRate": 0.438871283781459,
    "SpectralComplexity": 0.5671641791044776,
    "OddToEvenHarmonicEnergyRatio": 0.010008154929335942,
    "Dissonance": 0.9871415976347588,
    "PitchSalience": 0.6491675144434511,
    "HNR": 0.8381544341742094,
    "NormalizeMethod": "ess_yeojohnson",
    "dco_brightness": 0.10726697541518306,
    "dco_richness": 0.30426558721556013,
    "dco_flatness": 0.30426558721556013,
    "dco_oddenergy": 0.9444608703107074,
    "dco_zcr": 0.17544243846429197
}