{
    "duration": 0.08163265138864517,
    "lossless": 1.0,
    "codec": "pcm_f32le",
    "bitrate": 1411200.0,
    "samplerate": 44100.0,
    "channels": 1.0,
    "audio_md5": "ba2e7c4a31249c22828a443e3b52db3b",
    "loudness": -13.806072235107422,
    "dynamic_range": 0.0,
    "temporal_centroid": 0.5916057229042053,
    "log_attack_time": -1.347554087638855,
    "filesize": 14458,
    "single_event": false,
    "tonality": "D minor",
    "tonality_confidence": 0.8285559415817261,
    "loop": false,
    "tempo": 0,
    "tempo_confidence": 0.0,
    "note_midi": 38,
    "note_name": "D2",
    "note_frequency": 73.42839813232422,
    "note_confidence": 0.996083676815033,
    "hardness": 63.73193554744083,
    "depth": 57.100590267565394,
    "brightness": 56.301917966243316,
    "roughness": 65.91764366102979,
    "warmth": 52.79301389437357,
    "sharpness": 48.83505237931166,
    "boominess": 34.917229963507,
    "reverb": false,
    "name": "AKWF_oscchip_0109.wav",
    "SpectralCentroid": 0.6846722600192977,
    "SpectralSpread": 0.7009126404995589,
    "SpectralKurtosis": 0.4838535890161557,
    "ZeroCrossingRate": 0.23302718649526455,
    "SpectralComplexity": 1.0,
    "OddToEvenHarmonicEnergyRatio": 0.4684417997631588,
    "Dissonance": 0.9741431573075601,
    "PitchSalience": 0.5777793295986116,
    "HNR": 0.0,
    "NormalizeMethod": "ess_yeojohnson",
    "dco_brightness": 0.24730441714407633,
    "dco_richness": 0.5472366062059815,
    "dco_flatness": 0.5472366062059815,
    "dco_oddenergy": 0.3129988875043608,
    "dco_zcr": 0.06197413883311543
}