{
    "duration": 0.08163265138864517,
    "lossless": 1.0,
    "codec": "pcm_f32le",
    "bitrate": 1411200.0,
    "samplerate": 44100.0,
    "channels": 1.0,
    "audio_md5": "29ee788d92fc6505982977c7d64d12f0",
    "loudness": -21.168603897094727,
    "dynamic_range": 0.0,
    "temporal_centroid": 0.6335741877555847,
    "log_attack_time": -1.2613416910171509,
    "filesize": 14458,
    "single_event": false,
    "tonality": "D major",
    "tonality_confidence": 0.8683613538742065,
    "loop": false,
    "tempo": 0,
    "tempo_confidence": 0.0,
    "note_midi": 38,
    "note_name": "D2",
    "note_frequency": 73.42839050292969,
    "note_confidence": 0.9993841052055359,
    "hardness": 76.46024431424757,
    "depth": 46.82879399289948,
    "brightness": 64.91228028023079,
    "roughness": 79.09794423809943,
    "warmth": 42.70613062515733,
    "sharpness": 55.81559866007682,
    "boominess": 28.418104868379448,
    "reverb": false,
    "name": "AKWF_1773.wav",
    "SpectralCentroid": 0.8738023221212368,
    "SpectralSpread": 0.9086787134097517,
    "SpectralKurtosis": 0.37111191184758646,
    "ZeroCrossingRate": 0.23302718649526455,
    "SpectralComplexity": 1.0,
    "OddToEvenHarmonicEnergyRatio": 0.2850837268122854,
    "Dissonance": 0.9785221881398349,
    "PitchSalience": 0.8564682719197558,
    "HNR": 0.6355203803171282,
    "NormalizeMethod": "ess_yeojohnson",
    "dco_brightness": 0.4335430885088984,
    "dco_richness": 0.6950330825972203,
    "dco_flatness": 0.6950330825972203,
    "dco_oddenergy": 0.6358237305677037,
    "dco_zcr": 0.06197413883311543
}