{
    "duration": 0.08163265138864517,
    "lossless": 1.0,
    "codec": "pcm_f32le",
    "bitrate": 1411200.0,
    "samplerate": 44100.0,
    "channels": 1.0,
    "audio_md5": "789054fd47e3d5a112e965a4a593b8ce",
    "loudness": -17.427318572998047,
    "dynamic_range": 0.0,
    "temporal_centroid": 0.5875889658927917,
    "log_attack_time": -1.2711586952209473,
    "filesize": 14458,
    "single_event": false,
    "tonality": "D major",
    "tonality_confidence": 0.7587975859642029,
    "loop": false,
    "tempo": 0,
    "tempo_confidence": 0.0,
    "note_midi": 38,
    "note_name": "D2",
    "note_frequency": 73.42839813232422,
    "note_confidence": 0.8967010974884033,
    "hardness": 63.060142183787235,
    "depth": 56.37710411081497,
    "brightness": 55.08825631607991,
    "roughness": 66.5786059284863,
    "warmth": 55.843841208397194,
    "sharpness": 45.35027066842453,
    "boominess": 35.48206305820486,
    "reverb": false,
    "name": "AKWF_snippet_0001.wav",
    "SpectralCentroid": 0.5092280703529641,
    "SpectralSpread": 0.32908376614686213,
    "SpectralKurtosis": 0.4966085693840494,
    "ZeroCrossingRate": 0.8170126148854899,
    "SpectralComplexity": 1.0,
    "OddToEvenHarmonicEnergyRatio": 0.4041463722623068,
    "Dissonance": 0.9739592116096139,
    "PitchSalience": 0.5043311177039276,
    "HNR": 0.0,
    "NormalizeMethod": "ess_yeojohnson",
    "dco_brightness": 0.24450042989665655,
    "dco_richness": 0.5041503821428643,
    "dco_flatness": 0.5041503821428643,
    "dco_oddenergy": 0.42086971781689697,
    "dco_zcr": 0.30888279763685245
}