{
    "duration": 0.08163265138864517,
    "lossless": 1.0,
    "codec": "pcm_f32le",
    "bitrate": 1411200.0,
    "samplerate": 44100.0,
    "channels": 1.0,
    "audio_md5": "4053e29cb63fa481635f80483aa5dbca",
    "loudness": -11.173694610595703,
    "dynamic_range": 0.0,
    "temporal_centroid": 0.5756280422210693,
    "log_attack_time": -1.3760946989059448,
    "filesize": 14458,
    "single_event": false,
    "tonality": "D major",
    "tonality_confidence": 0.6696651577949524,
    "loop": false,
    "tempo": 0,
    "tempo_confidence": 0.0,
    "note_midi": 50,
    "note_name": "D3",
    "note_frequency": 147.8094940185547,
    "note_confidence": 0.9252555966377258,
    "hardness": 37.97279215574903,
    "depth": 55.63744723209684,
    "brightness": 33.7877672686724,
    "roughness": 52.597277841062855,
    "warmth": 71.38835084641757,
    "sharpness": 9.107534984852386,
    "boominess": 46.785323695441605,
    "reverb": false,
    "name": "AKWF_fmsynth_0097.wav",
    "SpectralCentroid": 0.14051846120084308,
    "SpectralSpread": 0.03557545969837765,
    "SpectralKurtosis": 0.780383425705555,
    "ZeroCrossingRate": 0.4252420127794052,
    "SpectralComplexity": 0.7313432835820896,
    "OddToEvenHarmonicEnergyRatio": 0.01778035376861264,
    "Dissonance": 0.9190237049260104,
    "PitchSalience": 0.2754315974657842,
    "HNR": 0.8527456223150196,
    "NormalizeMethod": "ess_yeojohnson",
    "dco_brightness": 0.19082633026320625,
    "dco_richness": 0.29307405833336203,
    "dco_flatness": 0.29307405833336203,
    "dco_oddenergy": 0.9809897507160955,
    "dco_zcr": 0.17544243846429197
}