{
    "duration": 0.08163265138864517,
    "lossless": 1.0,
    "codec": "pcm_f32le",
    "bitrate": 1411200.0,
    "samplerate": 44100.0,
    "channels": 1.0,
    "audio_md5": "5fc9e3750cbde693f221dc0aecacab62",
    "loudness": -18.31364631652832,
    "dynamic_range": 0.0,
    "temporal_centroid": 0.5901944041252136,
    "log_attack_time": -1.262782096862793,
    "filesize": 14458,
    "single_event": false,
    "tonality": "D major",
    "tonality_confidence": 0.9130709767341614,
    "loop": false,
    "tempo": 0,
    "tempo_confidence": 0.0,
    "note_midi": 38,
    "note_name": "D2",
    "note_frequency": 73.42839050292969,
    "note_confidence": 0.9542726874351501,
    "hardness": 77.09719378339508,
    "depth": 53.585865163966545,
    "brightness": 61.78615573143089,
    "roughness": 79.58370551955954,
    "warmth": 48.246626198043934,
    "sharpness": 52.45940467173893,
    "boominess": 30.840549581239255,
    "reverb": false,
    "name": "AKWF_0659.wav",
    "SpectralCentroid": 0.8537139527321701,
    "SpectralSpread": 0.9076271531282092,
    "SpectralKurtosis": 0.3925665847646583,
    "ZeroCrossingRate": 0.4252420127794052,
    "SpectralComplexity": 1.0,
    "OddToEvenHarmonicEnergyRatio": 0.41320493826058935,
    "Dissonance": 0.9855321092459481,
    "PitchSalience": 0.7935928806192116,
    "HNR": 0.0,
    "NormalizeMethod": "ess_yeojohnson",
    "dco_brightness": 0.36989662673114254,
    "dco_richness": 0.6600875536839488,
    "dco_flatness": 0.6600875536839488,
    "dco_oddenergy": 0.4382843995715602,
    "dco_zcr": 0.14487511069267625
}