{
    "duration": 0.08163265138864517,
    "lossless": 1.0,
    "codec": "pcm_f32le",
    "bitrate": 1411200.0,
    "samplerate": 44100.0,
    "channels": 1.0,
    "audio_md5": "9aa26d5fb636d6d63bcf59876e7bf54e",
    "loudness": -13.113067626953125,
    "dynamic_range": 0.0,
    "temporal_centroid": 0.5759146809577942,
    "log_attack_time": -1.388683795928955,
    "filesize": 14458,
    "single_event": false,
    "tonality": "D major",
    "tonality_confidence": 0.5292842388153076,
    "loop": false,
    "tempo": 0,
    "tempo_confidence": 0.0,
    "note_midi": 38,
    "note_name": "D2",
    "note_frequency": 73.46178436279297,
    "note_confidence": 0.9769304394721985,
    "hardness": 24.028791184855507,
    "depth": 63.56564107282977,
    "brightness": 26.016756809412115,
    "roughness": 29.3355138717789,
    "warmth": 62.549025195399615,
    "sharpness": 0.0,
    "boominess": 55.24515953929156,
    "reverb": false,
    "name": "AKWF_tri_0004.wav",
    "SpectralCentroid": 0.042303414811662415,
    "SpectralSpread": 0.0203090362470923,
    "SpectralKurtosis": 0.8357891477476009,
    "ZeroCrossingRate": 0.23302718649526455,
    "SpectralComplexity": 0.2537313432835821,
    "OddToEvenHarmonicEnergyRatio": 1.0,
    "Dissonance": 0.8001250568174856,
    "PitchSalience": 0.2075894841140407,
    "HNR": 0.0,
    "NormalizeMethod": "ess_yeojohnson",
    "dco_brightness": 0.11281451721553504,
    "dco_richness": 0.16401429600494924,
    "dco_flatness": 0.16401429600494924,
    "dco_oddenergy": 0.0007801550810287994,
    "dco_zcr": 0.06197413883311543
}