{
    "duration": 0.08163265138864517,
    "lossless": 1.0,
    "codec": "pcm_f32le",
    "bitrate": 1411200.0,
    "samplerate": 44100.0,
    "channels": 1.0,
    "audio_md5": "b03147e5dcf030436f555f7fff2ad165",
    "loudness": -12.759520530700684,
    "dynamic_range": 0.0,
    "temporal_centroid": 0.6241054534912109,
    "log_attack_time": -1.359782338142395,
    "filesize": 14458,
    "single_event": false,
    "tonality": "D major",
    "tonality_confidence": 0.8881685137748718,
    "loop": false,
    "tempo": 0,
    "tempo_confidence": 0.0,
    "note_midi": 38,
    "note_name": "D2",
    "note_frequency": 73.42839813232422,
    "note_confidence": 1.0,
    "hardness": 71.17640049484666,
    "depth": 54.95207693463514,
    "brightness": 58.809540460481465,
    "roughness": 70.44156702911442,
    "warmth": 49.204854359670996,
    "sharpness": 50.20300848592543,
    "boominess": 33.219172867646385,
    "reverb": false,
    "name": "AKWF_hdrawn_0011.wav",
    "SpectralCentroid": 0.7838841157202967,
    "SpectralSpread": 0.857519708916581,
    "SpectralKurtosis": 0.44151488947114,
    "ZeroCrossingRate": 0.7567375429308871,
    "SpectralComplexity": 1.0,
    "OddToEvenHarmonicEnergyRatio": 0.2518845362475808,
    "Dissonance": 0.975163756891764,
    "PitchSalience": 0.6842008290683396,
    "HNR": 0.0,
    "NormalizeMethod": "ess_yeojohnson",
    "dco_brightness": 0.3170639318533856,
    "dco_richness": 0.6155031858416378,
    "dco_flatness": 0.6155031858416378,
    "dco_oddenergy": 0.6109061632417769,
    "dco_zcr": 0.32191061147110395
}