{
    "duration": 0.08163265138864517,
    "lossless": 1.0,
    "codec": "pcm_f32le",
    "bitrate": 1411200.0,
    "samplerate": 44100.0,
    "channels": 1.0,
    "audio_md5": "bbdbd8059f98983bb7d17e300a62f346",
    "loudness": -10.982768058776855,
    "dynamic_range": 0.0,
    "temporal_centroid": 0.5717271566390991,
    "log_attack_time": -1.5372285842895508,
    "filesize": 14458,
    "single_event": false,
    "tonality": "D major",
    "tonality_confidence": 0.8099223971366882,
    "loop": false,
    "tempo": 0,
    "tempo_confidence": 0.0,
    "note_midi": 38,
    "note_name": "D2",
    "note_frequency": 73.4284439086914,
    "note_confidence": 0.9980478882789612,
    "hardness": 62.96978160621285,
    "depth": 60.92278799370705,
    "brightness": 56.709177621986576,
    "roughness": 61.06316409723628,
    "warmth": 50.12314585081728,
    "sharpness": 48.63070183944667,
    "boominess": 35.846704192811345,
    "reverb": false,
    "name": "AKWF_squ_0092.wav",
    "SpectralCentroid": 0.6843962835708638,
    "SpectralSpread": 0.7662673899036735,
    "SpectralKurtosis": 0.48410944398109057,
    "ZeroCrossingRate": 0.23302718649526455,
    "SpectralComplexity": 1.0,
    "OddToEvenHarmonicEnergyRatio": 0.6542318303329077,
    "Dissonance": 0.9587572156018628,
    "PitchSalience": 0.45839347328593927,
    "HNR": 1.0,
    "NormalizeMethod": "ess_yeojohnson",
    "dco_brightness": 0.18836459104501638,
    "dco_richness": 0.5200896331936274,
    "dco_flatness": 0.5200896331936274,
    "dco_oddenergy": 0.0869046452997364,
    "dco_zcr": 0.14487511069267625
}