{
    "duration": 0.08163265138864517,
    "lossless": 1.0,
    "codec": "pcm_f32le",
    "bitrate": 1411200.0,
    "samplerate": 44100.0,
    "channels": 1.0,
    "audio_md5": "a6500fd0e09b35c1a82f76da29cad28f",
    "loudness": -13.336214065551758,
    "dynamic_range": 0.0,
    "temporal_centroid": 0.5811824798583984,
    "log_attack_time": -1.27838933467865,
    "filesize": 14458,
    "single_event": false,
    "tonality": "D major",
    "tonality_confidence": 0.8481883406639099,
    "loop": false,
    "tempo": 0,
    "tempo_confidence": 0.0,
    "note_midi": 38,
    "note_name": "D2",
    "note_frequency": 73.44003295898438,
    "note_confidence": 0.9159021377563477,
    "hardness": 46.067771633159936,
    "depth": 55.265281127191464,
    "brightness": 37.484373860462085,
    "roughness": 54.94070430276072,
    "warmth": 69.25647577498265,
    "sharpness": 17.632790554432738,
    "boominess": 42.72906030751686,
    "reverb": false,
    "name": "AKWF_1900.wav",
    "SpectralCentroid": 0.15354756282441234,
    "SpectralSpread": 0.03847301252568671,
    "SpectralKurtosis": 0.7798589601474338,
    "ZeroCrossingRate": 0.4252420127794052,
    "SpectralComplexity": 0.4626865671641791,
    "OddToEvenHarmonicEnergyRatio": 0.07625312901150366,
    "Dissonance": 0.8803365403971594,
    "PitchSalience": 0.5348062040603004,
    "HNR": 0.6485015612881299,
    "NormalizeMethod": "ess_yeojohnson",
    "dco_brightness": 0.21743007826848906,
    "dco_richness": 0.3580213161281293,
    "dco_flatness": 0.3580213161281293,
    "dco_oddenergy": 0.8534909409638232,
    "dco_zcr": 0.14487511069267625
}