{
    "duration": 0.08163265138864517,
    "lossless": 1.0,
    "codec": "pcm_f32le",
    "bitrate": 1411200.0,
    "samplerate": 44100.0,
    "channels": 1.0,
    "audio_md5": "e33fba58e03eecc55f2db6b7f6d6bdab",
    "loudness": -12.075224876403809,
    "dynamic_range": 0.0,
    "temporal_centroid": 0.5755429267883301,
    "log_attack_time": -1.477416753768921,
    "filesize": 14458,
    "single_event": false,
    "tonality": "D major",
    "tonality_confidence": 0.7775311470031738,
    "loop": false,
    "tempo": 0,
    "tempo_confidence": 0.0,
    "note_midi": 38,
    "note_name": "D2",
    "note_frequency": 73.42842864990234,
    "note_confidence": 0.9961938261985779,
    "hardness": 64.20353367848276,
    "depth": 59.692481006901986,
    "brightness": 57.15978108970391,
    "roughness": 61.77494749728756,
    "warmth": 49.505987819911105,
    "sharpness": 49.481132067508426,
    "boominess": 35.71774565236757,
    "reverb": false,
    "name": "AKWF_1662.wav",
    "SpectralCentroid": 0.7335370739721442,
    "SpectralSpread": 0.8227745775031879,
    "SpectralKurtosis": 0.4642124472403402,
    "ZeroCrossingRate": 0.23302718649526455,
    "SpectralComplexity": 1.0,
    "OddToEvenHarmonicEnergyRatio": 0.5583804791073637,
    "Dissonance": 0.9846974975799689,
    "PitchSalience": 0.4644452567875937,
    "HNR": 0.897213081920423,
    "NormalizeMethod": "ess_yeojohnson",
    "dco_brightness": 0.20630734810820683,
    "dco_richness": 0.5468175928923337,
    "dco_flatness": 0.5468175928923337,
    "dco_oddenergy": 0.1795422950260238,
    "dco_zcr": 0.06197413883311543
}