{
    "duration": 0.08163265138864517,
    "lossless": 1.0,
    "codec": "pcm_f32le",
    "bitrate": 1411200.0,
    "samplerate": 44100.0,
    "channels": 1.0,
    "audio_md5": "a9c5e4442585cac56f5ec8c596454e18",
    "loudness": -13.946882247924805,
    "dynamic_range": 0.0,
    "temporal_centroid": 0.5834227204322815,
    "log_attack_time": -1.3751592636108398,
    "filesize": 14458,
    "single_event": false,
    "tonality": "D major",
    "tonality_confidence": 0.8732609152793884,
    "loop": false,
    "tempo": 0,
    "tempo_confidence": 0.0,
    "note_midi": 38,
    "note_name": "D2",
    "note_frequency": 73.42852020263672,
    "note_confidence": 0.9991022944450378,
    "hardness": 32.008572250247354,
    "depth": 62.40022661195121,
    "brightness": 33.64621013640966,
    "roughness": 49.4120858445873,
    "warmth": 68.01658094952352,
    "sharpness": 7.48418867870209,
    "boominess": 49.065551733639076,
    "reverb": false,
    "name": "AKWF_0790.wav",
    "SpectralCentroid": 0.09731948642958684,
    "SpectralSpread": 0.029841475052154728,
    "SpectralKurtosis": 0.7760190803620632,
    "ZeroCrossingRate": 0.23302718649526455,
    "SpectralComplexity": 0.746268656716418,
    "OddToEvenHarmonicEnergyRatio": 0.5493825671722963,
    "Dissonance": 0.8526124519421806,
    "PitchSalience": 0.333211285448606,
    "HNR": 0.0,
    "NormalizeMethod": "ess_yeojohnson",
    "dco_brightness": 0.13955376675038184,
    "dco_richness": 0.2651226003005563,
    "dco_flatness": 0.2651226003005563,
    "dco_oddenergy": 0.19217255149600687,
    "dco_zcr": 0.06197413883311543
}