{
    "duration": 0.08163265138864517,
    "lossless": 1.0,
    "codec": "pcm_f32le",
    "bitrate": 1411200.0,
    "samplerate": 44100.0,
    "channels": 1.0,
    "audio_md5": "dde0784114db031f517741a42ee53ce5",
    "loudness": -16.324203491210938,
    "dynamic_range": 0.0,
    "temporal_centroid": 0.5870630741119385,
    "log_attack_time": -1.2704238891601562,
    "filesize": 14458,
    "single_event": false,
    "tonality": "D major",
    "tonality_confidence": 0.7387562990188599,
    "loop": false,
    "tempo": 0,
    "tempo_confidence": 0.0,
    "note_midi": 38,
    "note_name": "D2",
    "note_frequency": 73.42874145507812,
    "note_confidence": 0.977985680103302,
    "hardness": 70.56549564516177,
    "depth": 60.325371434289494,
    "brightness": 54.14447437355712,
    "roughness": 59.3826883267942,
    "warmth": 51.476359238085244,
    "sharpness": 45.06474851242439,
    "boominess": 37.09507538830469,
    "reverb": false,
    "name": "AKWF_1177.wav",
    "SpectralCentroid": 0.7836546745123685,
    "SpectralSpread": 0.9137285376777939,
    "SpectralKurtosis": 0.42602594832187957,
    "ZeroCrossingRate": 0.568873868296057,
    "SpectralComplexity": 1.0,
    "OddToEvenHarmonicEnergyRatio": 0.424217884100899,
    "Dissonance": 0.9587458375174537,
    "PitchSalience": 0.49942351006625235,
    "HNR": 0.0,
    "NormalizeMethod": "ess_yeojohnson",
    "dco_brightness": 0.21909246115108963,
    "dco_richness": 0.5746539795574894,
    "dco_flatness": 0.5746539795574894,
    "dco_oddenergy": 0.3252195141110522,
    "dco_zcr": 0.2016028048315253
}