{
    "duration": 0.08163265138864517,
    "lossless": 1.0,
    "codec": "pcm_f32le",
    "bitrate": 1411200.0,
    "samplerate": 44100.0,
    "channels": 1.0,
    "audio_md5": "b53b075b64bfef678dfefbc3147f1d71",
    "loudness": -12.782371520996094,
    "dynamic_range": 0.0,
    "temporal_centroid": 0.5846965909004211,
    "log_attack_time": -1.3524041175842285,
    "filesize": 14458,
    "single_event": false,
    "tonality": "D minor",
    "tonality_confidence": 0.6879666447639465,
    "loop": false,
    "tempo": 0,
    "tempo_confidence": 0.0,
    "note_midi": 50,
    "note_name": "D3",
    "note_frequency": 146.8573760986328,
    "note_confidence": 1.0,
    "hardness": 39.574871731971356,
    "depth": 52.498801626205385,
    "brightness": 39.269619703652396,
    "roughness": 0,
    "warmth": 64.97048345805982,
    "sharpness": 17.40822760699885,
    "boominess": 42.16145322875712,
    "reverb": false,
    "name": "AKWF_0335.wav",
    "SpectralCentroid": 0.10343349212857393,
    "SpectralSpread": 0.010546332521315729,
    "SpectralKurtosis": 0.8027621528166636,
    "ZeroCrossingRate": 0.6763055176555212,
    "SpectralComplexity": 0.08955223880597014,
    "OddToEvenHarmonicEnergyRatio": 2.5785728536746465e-12,
    "Dissonance": 0.632374749171588,
    "PitchSalience": 0.47161148158178834,
    "HNR": 0.9626307990620637,
    "NormalizeMethod": "ess_yeojohnson",
    "dco_brightness": 0.20738958448890887,
    "dco_richness": 0.30406902572337946,
    "dco_flatness": 0.30406902572337946,
    "dco_oddenergy": 0.9999999999562603,
    "dco_zcr": 0.24477676146998018
}