{
    "duration": 0.08163265138864517,
    "lossless": 1.0,
    "codec": "pcm_f32le",
    "bitrate": 1411200.0,
    "samplerate": 44100.0,
    "channels": 1.0,
    "audio_md5": "324176f638e5600b58acf3a36b8c3dad",
    "loudness": -16.57400894165039,
    "dynamic_range": 0.0,
    "temporal_centroid": 0.5852962732315063,
    "log_attack_time": -1.276710033416748,
    "filesize": 14458,
    "single_event": false,
    "tonality": "D minor",
    "tonality_confidence": 0.8206678032875061,
    "loop": false,
    "tempo": 0,
    "tempo_confidence": 0.0,
    "note_midi": 38,
    "note_name": "D2",
    "note_frequency": 73.4328842163086,
    "note_confidence": 0.9053276777267456,
    "hardness": 53.06023697416367,
    "depth": 53.66261398744119,
    "brightness": 52.28872124199261,
    "roughness": 50.2733750155614,
    "warmth": 59.59060642635065,
    "sharpness": 26.952184463823233,
    "boominess": 37.708888534673804,
    "reverb": false,
    "name": "AKWF_0155.wav",
    "SpectralCentroid": 0.18770622963975406,
    "SpectralSpread": 0.08764609749457548,
    "SpectralKurtosis": 0.7308096758927594,
    "ZeroCrossingRate": 0.76244996483678,
    "SpectralComplexity": 0.7611940298507462,
    "OddToEvenHarmonicEnergyRatio": 0.4092599881847632,
    "Dissonance": 0.8897079245732197,
    "PitchSalience": 0.5643235665276984,
    "HNR": 0.6643154870192981,
    "NormalizeMethod": "ess_yeojohnson",
    "dco_brightness": 0.24099526176142935,
    "dco_richness": 0.4628678940120568,
    "dco_flatness": 0.4628678940120568,
    "dco_oddenergy": 0.2819539235487021,
    "dco_zcr": 0.2948489535739874
}