{
    "duration": 0.08163265138864517,
    "lossless": 1.0,
    "codec": "pcm_f32le",
    "bitrate": 1411200.0,
    "samplerate": 44100.0,
    "channels": 1.0,
    "audio_md5": "1fb71680e9c54ed8cc695fda95cbda63",
    "loudness": -14.881572723388672,
    "dynamic_range": 0.0,
    "temporal_centroid": 0.5911919474601746,
    "log_attack_time": -1.2600852251052856,
    "filesize": 14458,
    "single_event": false,
    "tonality": "D major",
    "tonality_confidence": 0.8826209306716919,
    "loop": false,
    "tempo": 0,
    "tempo_confidence": 0.0,
    "note_midi": 38,
    "note_name": "D2",
    "note_frequency": 73.42842102050781,
    "note_confidence": 0.9983298778533936,
    "hardness": 45.19506308336747,
    "depth": 58.29650182920621,
    "brightness": 45.21875248931295,
    "roughness": 55.453048513352684,
    "warmth": 61.89817631521895,
    "sharpness": 24.72664312325567,
    "boominess": 39.32503106346846,
    "reverb": false,
    "name": "AKWF_1506.wav",
    "SpectralCentroid": 0.21297738376294525,
    "SpectralSpread": 0.07892539391722832,
    "SpectralKurtosis": 0.7114687761520658,
    "ZeroCrossingRate": 0.23302718649526455,
    "SpectralComplexity": 0.9701492537313433,
    "OddToEvenHarmonicEnergyRatio": 0.12889672178377828,
    "Dissonance": 0.9595800115648017,
    "PitchSalience": 0.5528181449881577,
    "HNR": 0.5579830805012319,
    "NormalizeMethod": "ess_yeojohnson",
    "dco_brightness": 0.20734912831218713,
    "dco_richness": 0.4009838064100742,
    "dco_flatness": 0.4009838064100742,
    "dco_oddenergy": 0.31471770305678237,
    "dco_zcr": 0.06197413883311543
}