{
    "duration": 0.08163265138864517,
    "lossless": 1.0,
    "codec": "pcm_f32le",
    "bitrate": 1411200.0,
    "samplerate": 44100.0,
    "channels": 1.0,
    "audio_md5": "e89876de28d525c2e6e2d33291ef946a",
    "loudness": -14.729927062988281,
    "dynamic_range": 0.0,
    "temporal_centroid": 0.5792800784111023,
    "log_attack_time": -1.3228402137756348,
    "filesize": 14458,
    "single_event": false,
    "tonality": "D minor",
    "tonality_confidence": 0.6935026049613953,
    "loop": false,
    "tempo": 0,
    "tempo_confidence": 0.0,
    "note_midi": 38,
    "note_name": "D2",
    "note_frequency": 73.42892456054688,
    "note_confidence": 0.974543035030365,
    "hardness": 59.083567364376336,
    "depth": 61.23887226142885,
    "brightness": 55.85684961962053,
    "roughness": 60.55154209385472,
    "warmth": 53.19269446295529,
    "sharpness": 46.41712484396831,
    "boominess": 34.84090957355131,
    "reverb": false,
    "name": "AKWF_1475.wav",
    "SpectralCentroid": 0.506183684010239,
    "SpectralSpread": 0.3777803003501692,
    "SpectralKurtosis": 0.5263766995151867,
    "ZeroCrossingRate": 0.23302718649526455,
    "SpectralComplexity": 0.9701492537313433,
    "OddToEvenHarmonicEnergyRatio": 0.6631748534391372,
    "Dissonance": 0.9774843026197019,
    "PitchSalience": 0.31441516535647857,
    "HNR": 0.0,
    "NormalizeMethod": "ess_yeojohnson",
    "dco_brightness": 0.1820172293913747,
    "dco_richness": 0.4698718926765888,
    "dco_flatness": 0.4698718926765888,
    "dco_oddenergy": 0.1399724809215931,
    "dco_zcr": 0.06197413883311543
}