{
    "duration": 0.08163265138864517,
    "lossless": 1.0,
    "codec": "pcm_f32le",
    "bitrate": 1411200.0,
    "samplerate": 44100.0,
    "channels": 1.0,
    "audio_md5": "d30b8b60874bcc4e2010204b382b72f0",
    "loudness": -13.913412094116211,
    "dynamic_range": 0.0,
    "temporal_centroid": 0.5912861824035645,
    "log_attack_time": -1.3026084899902344,
    "filesize": 14458,
    "single_event": false,
    "tonality": "D major",
    "tonality_confidence": 0.8593171834945679,
    "loop": false,
    "tempo": 0,
    "tempo_confidence": 0.0,
    "note_midi": 38,
    "note_name": "D2",
    "note_frequency": 73.42839050292969,
    "note_confidence": 0.968791127204895,
    "hardness": 61.517472907880716,
    "depth": 60.4689491397885,
    "brightness": 48.2258107659704,
    "roughness": 55.85936753509631,
    "warmth": 56.36181876893872,
    "sharpness": 43.1196519335058,
    "boominess": 40.64341966714977,
    "reverb": false,
    "name": "AKWF_1299.wav",
    "SpectralCentroid": 0.7019474207542745,
    "SpectralSpread": 0.8238350367217558,
    "SpectralKurtosis": 0.47415063568926347,
    "ZeroCrossingRate": 0.4252420127794052,
    "SpectralComplexity": 1.0,
    "OddToEvenHarmonicEnergyRatio": 0.08629023999228241,
    "Dissonance": 0.9651742363992506,
    "PitchSalience": 0.34699390404601754,
    "HNR": 0.6246787057120403,
    "NormalizeMethod": "ess_yeojohnson",
    "dco_brightness": 0.21196310670289964,
    "dco_richness": 0.5130334567094937,
    "dco_flatness": 0.5130334567094937,
    "dco_oddenergy": 0.8340448206397881,
    "dco_zcr": 0.14487511069267625
}