{
    "duration": 0.08163265138864517,
    "lossless": 1.0,
    "codec": "pcm_f32le",
    "bitrate": 1411200.0,
    "samplerate": 44100.0,
    "channels": 1.0,
    "audio_md5": "bca960fdbfca8bc09fda9858e2eeb8fc",
    "loudness": -20.22198486328125,
    "dynamic_range": 0.0,
    "temporal_centroid": 0.5922375917434692,
    "log_attack_time": -1.2645894289016724,
    "filesize": 14458,
    "single_event": false,
    "tonality": "D major",
    "tonality_confidence": 0.7925128936767578,
    "loop": false,
    "tempo": 0,
    "tempo_confidence": 0.0,
    "note_midi": 38,
    "note_name": "D2",
    "note_frequency": 73.42877960205078,
    "note_confidence": 0.9102848768234253,
    "hardness": 75.98231618563878,
    "depth": 47.92938318647181,
    "brightness": 63.50645228017932,
    "roughness": 80.27794683312487,
    "warmth": 42.81265601617085,
    "sharpness": 53.78825666401066,
    "boominess": 26.37598678733835,
    "reverb": false,
    "name": "AKWF_granular_0025.wav",
    "SpectralCentroid": 0.8424105551523156,
    "SpectralSpread": 0.870943510643022,
    "SpectralKurtosis": 0.3991565550867266,
    "ZeroCrossingRate": 0.6763055176555212,
    "SpectralComplexity": 1.0,
    "OddToEvenHarmonicEnergyRatio": 0.22770226562366191,
    "Dissonance": 0.9725560604053749,
    "PitchSalience": 0.8501906797385037,
    "HNR": 0.0,
    "NormalizeMethod": "ess_yeojohnson",
    "dco_brightness": 0.4162260524893226,
    "dco_richness": 0.6675771200044195,
    "dco_flatness": 0.6675771200044195,
    "dco_oddenergy": 0.705403437350149,
    "dco_zcr": 0.24477676146998018
}