{
    "duration": 0.08163265138864517,
    "lossless": 1.0,
    "codec": "pcm_f32le",
    "bitrate": 1411200.0,
    "samplerate": 44100.0,
    "channels": 1.0,
    "audio_md5": "96efc7dc4c1cbbb3bbb60d80def2bab2",
    "loudness": -16.4803524017334,
    "dynamic_range": 0.0,
    "temporal_centroid": 0.5993868112564087,
    "log_attack_time": -1.2664042711257935,
    "filesize": 14458,
    "single_event": false,
    "tonality": "D major",
    "tonality_confidence": 0.5876103043556213,
    "loop": false,
    "tempo": 0,
    "tempo_confidence": 0.0,
    "note_midi": 38,
    "note_name": "D2",
    "note_frequency": 73.4284896850586,
    "note_confidence": 0.8648795485496521,
    "hardness": 33.26402829208358,
    "depth": 58.15500100705383,
    "brightness": 23.65632988255485,
    "roughness": 47.96478019617268,
    "warmth": 66.74543303255476,
    "sharpness": 2.712880978881408,
    "boominess": 47.179078862463086,
    "reverb": false,
    "name": "AKWF_1834.wav",
    "SpectralCentroid": 0.07225252938443863,
    "SpectralSpread": 0.004792783550586883,
    "SpectralKurtosis": 0.9058578969115871,
    "ZeroCrossingRate": 0.4252420127794052,
    "SpectralComplexity": 0.23880597014925373,
    "OddToEvenHarmonicEnergyRatio": 0.17898325400506093,
    "Dissonance": 0.6434844274868846,
    "PitchSalience": 0.4857863592359439,
    "HNR": 0.0,
    "NormalizeMethod": "ess_yeojohnson",
    "dco_brightness": 0.2007689880063226,
    "dco_richness": 0.28547747804014617,
    "dco_flatness": 0.28547747804014617,
    "dco_oddenergy": 0.655646318446895,
    "dco_zcr": 0.14487511069267625
}