{
    "duration": 0.08163265138864517,
    "lossless": 1.0,
    "codec": "pcm_f32le",
    "bitrate": 1411200.0,
    "samplerate": 44100.0,
    "channels": 1.0,
    "audio_md5": "749e64f6a88861af71f2895569e1dabc",
    "loudness": -8.057574272155762,
    "dynamic_range": 0.0,
    "temporal_centroid": 0.552745521068573,
    "log_attack_time": -1.68112313747406,
    "filesize": 14458,
    "single_event": false,
    "tonality": "D major",
    "tonality_confidence": 0.8790620565414429,
    "loop": false,
    "tempo": 0,
    "tempo_confidence": 0.0,
    "note_midi": 38,
    "note_name": "D2",
    "note_frequency": 73.42839050292969,
    "note_confidence": 0.9648675918579102,
    "hardness": 81.50184958609768,
    "depth": 55.90472511551934,
    "brightness": 57.14540023387391,
    "roughness": 65.71521155504225,
    "warmth": 49.41244056632763,
    "sharpness": 49.697124170120276,
    "boominess": 35.105876329391506,
    "reverb": false,
    "name": "AKWF_1455.wav",
    "SpectralCentroid": 0.8147059058270184,
    "SpectralSpread": 0.8809188929252947,
    "SpectralKurtosis": 0.42023258217342274,
    "ZeroCrossingRate": 0.4252420127794052,
    "SpectralComplexity": 1.0,
    "OddToEvenHarmonicEnergyRatio": 0.08866787105946212,
    "Dissonance": 0.9688032618342289,
    "PitchSalience": 0.40401713186824,
    "HNR": 0.5903801801763745,
    "NormalizeMethod": "ess_yeojohnson",
    "dco_brightness": 0.3037175954659411,
    "dco_richness": 0.6133040156808942,
    "dco_flatness": 0.6133040156808942,
    "dco_oddenergy": 0.8535822976591013,
    "dco_zcr": 0.14487511069267625
}