{
    "duration": 0.08163265138864517,
    "lossless": 1.0,
    "codec": "pcm_f32le",
    "bitrate": 1411200.0,
    "samplerate": 44100.0,
    "channels": 1.0,
    "audio_md5": "a74cfddde3bb7baaabbdd6800b2766d4",
    "loudness": -14.464665412902832,
    "dynamic_range": 0.0,
    "temporal_centroid": 0.5827265381813049,
    "log_attack_time": -1.2957444190979004,
    "filesize": 14458,
    "single_event": false,
    "tonality": "D major",
    "tonality_confidence": 0.7738144397735596,
    "loop": false,
    "tempo": 0,
    "tempo_confidence": 0.0,
    "note_midi": 38,
    "note_name": "D2",
    "note_frequency": 73.45467376708984,
    "note_confidence": 0.9544695615768433,
    "hardness": 38.521051805569016,
    "depth": 62.82667065019811,
    "brightness": 36.63141800981387,
    "roughness": 48.80618671863765,
    "warmth": 67.64696525377111,
    "sharpness": 14.977709642757027,
    "boominess": 47.783092781459644,
    "reverb": false,
    "name": "AKWF_R_asym_saw_09.wav",
    "SpectralCentroid": 0.11084434379650074,
    "SpectralSpread": 0.027000389569724653,
    "SpectralKurtosis": 0.7263652141012374,
    "ZeroCrossingRate": 0.23302718649526455,
    "SpectralComplexity": 0.9701492537313433,
    "OddToEvenHarmonicEnergyRatio": 0.5774850381501768,
    "Dissonance": 0.9238528994568278,
    "PitchSalience": 0.343204823065504,
    "HNR": 0.0,
    "NormalizeMethod": "ess_yeojohnson",
    "dco_brightness": 0.13700996231894008,
    "dco_richness": 0.26546451488992334,
    "dco_flatness": 0.26546451488992334,
    "dco_oddenergy": 0.16935007241474487,
    "dco_zcr": 0.06197413883311543
}