{
    "duration": 0.08163265138864517,
    "lossless": 1.0,
    "codec": "pcm_f32le",
    "bitrate": 1411200.0,
    "samplerate": 44100.0,
    "channels": 1.0,
    "audio_md5": "4064c08b4d2b3b20296f482020144970",
    "loudness": -15.10511589050293,
    "dynamic_range": 0.0,
    "temporal_centroid": 0.5922918915748596,
    "log_attack_time": -1.2678616046905518,
    "filesize": 14458,
    "single_event": false,
    "tonality": "D minor",
    "tonality_confidence": 0.8924186825752258,
    "loop": false,
    "tempo": 0,
    "tempo_confidence": 0.0,
    "note_midi": 38,
    "note_name": "D2",
    "note_frequency": 73.42839050292969,
    "note_confidence": 0.9652407169342041,
    "hardness": 71.43432460328205,
    "depth": 56.89405221024268,
    "brightness": 59.997055370383954,
    "roughness": 69.17489444286115,
    "warmth": 48.519379634409,
    "sharpness": 50.59860467923113,
    "boominess": 34.0825307125877,
    "reverb": false,
    "name": "AKWF_1838.wav",
    "SpectralCentroid": 0.7432574011929531,
    "SpectralSpread": 0.77788737129911,
    "SpectralKurtosis": 0.4653130122270341,
    "ZeroCrossingRate": 0.6763055176555212,
    "SpectralComplexity": 1.0,
    "OddToEvenHarmonicEnergyRatio": 0.2139305378054853,
    "Dissonance": 0.9901836306125319,
    "PitchSalience": 0.39762513822347917,
    "HNR": 0.0,
    "NormalizeMethod": "ess_yeojohnson",
    "dco_brightness": 0.30544004554542376,
    "dco_richness": 0.6012374865822729,
    "dco_flatness": 0.6012374865822729,
    "dco_oddenergy": 0.6111581867904582,
    "dco_zcr": 0.24477676146998018
}