{
    "duration": 0.08163265138864517,
    "lossless": 1.0,
    "codec": "pcm_f32le",
    "bitrate": 1411200.0,
    "samplerate": 44100.0,
    "channels": 1.0,
    "audio_md5": "7e8e0b2a0154f8d83bb63330879fc7dd",
    "loudness": -13.820368766784668,
    "dynamic_range": 0.0,
    "temporal_centroid": 0.5912600159645081,
    "log_attack_time": -1.280450701713562,
    "filesize": 14458,
    "single_event": false,
    "tonality": "D major",
    "tonality_confidence": 0.7277554273605347,
    "loop": false,
    "tempo": 0,
    "tempo_confidence": 0.0,
    "note_midi": 38,
    "note_name": "D2",
    "note_frequency": 73.45614624023438,
    "note_confidence": 0.9251928329467773,
    "hardness": 30.732911077907445,
    "depth": 55.102647284257586,
    "brightness": 31.19092343475618,
    "roughness": 42.19968032375484,
    "warmth": 66.92511480992616,
    "sharpness": 7.695935908201463,
    "boominess": 51.49567234720455,
    "reverb": false,
    "name": "AKWF_eorgan_0025.wav",
    "SpectralCentroid": 0.12073898287441698,
    "SpectralSpread": 0.10637459494831791,
    "SpectralKurtosis": 0.7202065340402526,
    "ZeroCrossingRate": 0.4252420127794052,
    "SpectralComplexity": 0.6567164179104478,
    "OddToEvenHarmonicEnergyRatio": 0.06849277150661799,
    "Dissonance": 0.612875702888458,
    "PitchSalience": 0.2445777585265791,
    "HNR": 0.6958352486621605,
    "NormalizeMethod": "ess_yeojohnson",
    "dco_brightness": 0.18763108897365488,
    "dco_richness": 0.19342775899428763,
    "dco_flatness": 0.19342775899428763,
    "dco_oddenergy": 0.8591161248743919,
    "dco_zcr": 0.14487511069267625
}