{
    "duration": 0.08163265138864517,
    "lossless": 1.0,
    "codec": "pcm_f32le",
    "bitrate": 1411200.0,
    "samplerate": 44100.0,
    "channels": 1.0,
    "audio_md5": "28e02581106377291d9f6d8c10d6a247",
    "loudness": -14.01319694519043,
    "dynamic_range": 0.0,
    "temporal_centroid": 0.5988358855247498,
    "log_attack_time": -1.272632122039795,
    "filesize": 14458,
    "single_event": false,
    "tonality": "D minor",
    "tonality_confidence": 0.8423246741294861,
    "loop": false,
    "tempo": 0,
    "tempo_confidence": 0.0,
    "note_midi": 38,
    "note_name": "D2",
    "note_frequency": 73.44547271728516,
    "note_confidence": 0.9141262769699097,
    "hardness": 44.942744760771376,
    "depth": 60.93807487055427,
    "brightness": 37.484706539997454,
    "roughness": 54.08739941161237,
    "warmth": 71.83901825592524,
    "sharpness": 19.81496225522413,
    "boominess": 44.44767721545313,
    "reverb": false,
    "name": "AKWF_0937.wav",
    "SpectralCentroid": 0.13385601427701602,
    "SpectralSpread": 0.022142335514624713,
    "SpectralKurtosis": 0.7453202303196561,
    "ZeroCrossingRate": 0.4252420127794052,
    "SpectralComplexity": 0.746268656716418,
    "OddToEvenHarmonicEnergyRatio": 0.16867673941659922,
    "Dissonance": 0.8672284036664273,
    "PitchSalience": 0.37900577740313796,
    "HNR": 0.0,
    "NormalizeMethod": "ess_yeojohnson",
    "dco_brightness": 0.2016563900661957,
    "dco_richness": 0.33392283446690185,
    "dco_flatness": 0.33392283446690185,
    "dco_oddenergy": 0.6795799582025257,
    "dco_zcr": 0.14487511069267625
}