{
    "duration": 0.08163265138864517,
    "lossless": 1.0,
    "codec": "pcm_f32le",
    "bitrate": 1411200.0,
    "samplerate": 44100.0,
    "channels": 1.0,
    "audio_md5": "90d2fb60e1e12c2b78408b2938a3b088",
    "loudness": -18.850465774536133,
    "dynamic_range": 0.0,
    "temporal_centroid": 0.5891035199165344,
    "log_attack_time": -1.2649518251419067,
    "filesize": 14458,
    "single_event": false,
    "tonality": "D major",
    "tonality_confidence": 0.7446760535240173,
    "loop": false,
    "tempo": 0,
    "tempo_confidence": 0.0,
    "note_midi": 38,
    "note_name": "D2",
    "note_frequency": 73.42839050292969,
    "note_confidence": 0.9017729163169861,
    "hardness": 74.73860577746976,
    "depth": 48.81024612958997,
    "brightness": 63.182649994505255,
    "roughness": 75.26612773967196,
    "warmth": 42.0464949853491,
    "sharpness": 53.34218343017975,
    "boominess": 25.779249754829134,
    "reverb": false,
    "name": "AKWF_0700.wav",
    "SpectralCentroid": 0.8180870409518056,
    "SpectralSpread": 0.8630555478297647,
    "SpectralKurtosis": 0.42619518230588216,
    "ZeroCrossingRate": 0.4252420127794052,
    "SpectralComplexity": 1.0,
    "OddToEvenHarmonicEnergyRatio": 0.3724723344694254,
    "Dissonance": 0.9825818303078326,
    "PitchSalience": 0.7560247897022326,
    "HNR": 0.0,
    "NormalizeMethod": "ess_yeojohnson",
    "dco_brightness": 0.3693260170622325,
    "dco_richness": 0.6438443359465948,
    "dco_flatness": 0.6438443359465948,
    "dco_oddenergy": 0.4651728956670004,
    "dco_zcr": 0.14487511069267625
}