{
    "duration": 0.08163265138864517,
    "lossless": 1.0,
    "codec": "pcm_f32le",
    "bitrate": 1411200.0,
    "samplerate": 44100.0,
    "channels": 1.0,
    "audio_md5": "136d844cd1537d45355b09ea5cbb5080",
    "loudness": -20.254728317260742,
    "dynamic_range": 0.0,
    "temporal_centroid": 0.6049062609672546,
    "log_attack_time": -1.2036869525909424,
    "filesize": 14458,
    "single_event": false,
    "tonality": "E minor",
    "tonality_confidence": 0.7141849398612976,
    "loop": false,
    "tempo": 0,
    "tempo_confidence": 0.0,
    "note_midi": 38,
    "note_name": "D2",
    "note_frequency": 73.42843627929688,
    "note_confidence": 0.919185221195221,
    "hardness": 73.8156797976738,
    "depth": 15.102286714225343,
    "brightness": 65.3634522493821,
    "roughness": 69.6401179088721,
    "warmth": 33.74332520756481,
    "sharpness": 52.34475632993511,
    "boominess": 12.16324298344107,
    "reverb": false,
    "name": "AKWF_0981.wav",
    "SpectralCentroid": 0.640423759443534,
    "SpectralSpread": 0.35334388958632945,
    "SpectralKurtosis": 0.5260910683532412,
    "ZeroCrossingRate": 0.9888403242437336,
    "SpectralComplexity": 1.0,
    "OddToEvenHarmonicEnergyRatio": 0.33016101680451526,
    "Dissonance": 0.9961548638976883,
    "PitchSalience": 0.8315396149553285,
    "HNR": 0.4903008335476993,
    "NormalizeMethod": "ess_yeojohnson",
    "dco_brightness": 0.5024489316203402,
    "dco_richness": 0.5347367623424361,
    "dco_flatness": 0.5347367623424361,
    "dco_oddenergy": 0.9951190364045487,
    "dco_zcr": 0.49004531825789743
}