{
    "duration": 0.08163265138864517,
    "lossless": 1.0,
    "codec": "pcm_f32le",
    "bitrate": 1411200.0,
    "samplerate": 44100.0,
    "channels": 1.0,
    "audio_md5": "2da1571a015241a9ab16fe7917464a50",
    "loudness": -17.986146926879883,
    "dynamic_range": 0.0,
    "temporal_centroid": 0.5993803143501282,
    "log_attack_time": -1.1903563737869263,
    "filesize": 14458,
    "single_event": false,
    "tonality": "D major",
    "tonality_confidence": 0.8500733971595764,
    "loop": false,
    "tempo": 0,
    "tempo_confidence": 0.0,
    "note_midi": 38,
    "note_name": "D2",
    "note_frequency": 73.42910766601562,
    "note_confidence": 0.9146389961242676,
    "hardness": 69.18148922687564,
    "depth": 57.32683183979443,
    "brightness": 54.992248387764626,
    "roughness": 65.73763836258424,
    "warmth": 52.81305739939312,
    "sharpness": 48.96398647461823,
    "boominess": 34.72086977260717,
    "reverb": false,
    "name": "AKWF_1383.wav",
    "SpectralCentroid": 0.802862520057673,
    "SpectralSpread": 0.8811958476585959,
    "SpectralKurtosis": 0.42801874560012226,
    "ZeroCrossingRate": 0.568873868296057,
    "SpectralComplexity": 1.0,
    "OddToEvenHarmonicEnergyRatio": 0.2017846495865929,
    "Dissonance": 0.9586784442482617,
    "PitchSalience": 0.6084190112249831,
    "HNR": 0.0,
    "NormalizeMethod": "ess_yeojohnson",
    "dco_brightness": 0.29234198702983627,
    "dco_richness": 0.5982482539145487,
    "dco_flatness": 0.5982482539145487,
    "dco_oddenergy": 0.6682539645215009,
    "dco_zcr": 0.22446827716383663
}