{
    "duration": 0.08163265138864517,
    "lossless": 1.0,
    "codec": "pcm_f32le",
    "bitrate": 1411200.0,
    "samplerate": 44100.0,
    "channels": 1.0,
    "audio_md5": "3c121d4932a06786833ba1fe791e41ed",
    "loudness": -17.822778701782227,
    "dynamic_range": 0.0,
    "temporal_centroid": 0.6132829189300537,
    "log_attack_time": -1.2606232166290283,
    "filesize": 14458,
    "single_event": false,
    "tonality": "D major",
    "tonality_confidence": 0.770619809627533,
    "loop": false,
    "tempo": 0,
    "tempo_confidence": 0.0,
    "note_midi": 38,
    "note_name": "D2",
    "note_frequency": 73.8870620727539,
    "note_confidence": 0.9325078129768372,
    "hardness": 74.76634840581562,
    "depth": 57.08860788186112,
    "brightness": 62.27036355918931,
    "roughness": 77.47248136530291,
    "warmth": 46.29019322524413,
    "sharpness": 50.591310972686806,
    "boominess": 34.62912051311192,
    "reverb": false,
    "name": "AKWF_1292.wav",
    "SpectralCentroid": 0.9083683126272649,
    "SpectralSpread": 0.9761762144849236,
    "SpectralKurtosis": 0.2876845652195078,
    "ZeroCrossingRate": 0.7567375429308871,
    "SpectralComplexity": 1.0,
    "OddToEvenHarmonicEnergyRatio": 0.3284009133645724,
    "Dissonance": 0.9763102447688528,
    "PitchSalience": 0.6420981594416671,
    "HNR": 0.9000258416459177,
    "NormalizeMethod": "ess_yeojohnson",
    "dco_brightness": 0.3649177685541271,
    "dco_richness": 0.7044386319384268,
    "dco_flatness": 0.7044386319384268,
    "dco_oddenergy": 0.5065408628421249,
    "dco_zcr": 0.2796406039636913
}