{
    "duration": 0.08163265138864517,
    "lossless": 1.0,
    "codec": "pcm_f32le",
    "bitrate": 1411200.0,
    "samplerate": 44100.0,
    "channels": 1.0,
    "audio_md5": "63c584c0b14e7c50b23a3a268e982fb1",
    "loudness": -20.29423713684082,
    "dynamic_range": 0.0,
    "temporal_centroid": 0.6198076605796814,
    "log_attack_time": -1.2611619234085083,
    "filesize": 14458,
    "single_event": false,
    "tonality": "D major",
    "tonality_confidence": 0.7372584939002991,
    "loop": false,
    "tempo": 0,
    "tempo_confidence": 0.0,
    "note_midi": 38,
    "note_name": "D2",
    "note_frequency": 73.4337158203125,
    "note_confidence": 0.9241586923599243,
    "hardness": 48.51269848069634,
    "depth": 51.991492950183996,
    "brightness": 39.89842576078597,
    "roughness": 53.792424940936016,
    "warmth": 66.56400905031934,
    "sharpness": 18.62740986512892,
    "boominess": 37.78974342208015,
    "reverb": false,
    "name": "AKWF_1483.wav",
    "SpectralCentroid": 0.1613858239139319,
    "SpectralSpread": 0.009840809812582844,
    "SpectralKurtosis": 0.8098329985713107,
    "ZeroCrossingRate": 0.4252420127794052,
    "SpectralComplexity": 0.47761194029850745,
    "OddToEvenHarmonicEnergyRatio": 0.2545485883707553,
    "Dissonance": 0.9262507578095962,
    "PitchSalience": 0.8448405441680061,
    "HNR": 0.0,
    "NormalizeMethod": "ess_yeojohnson",
    "dco_brightness": 0.2701455653288972,
    "dco_richness": 0.36968085032110215,
    "dco_flatness": 0.36968085032110215,
    "dco_oddenergy": 0.6345247467238591,
    "dco_zcr": 0.17544243846429197
}