{
    "duration": 0.08163265138864517,
    "lossless": 1.0,
    "codec": "pcm_f32le",
    "bitrate": 1411200.0,
    "samplerate": 44100.0,
    "channels": 1.0,
    "audio_md5": "c3dc9bb5f231ff98d0be5757a7f88c73",
    "loudness": -17.561948776245117,
    "dynamic_range": 0.0,
    "temporal_centroid": 0.6202489137649536,
    "log_attack_time": -1.2584750652313232,
    "filesize": 14458,
    "single_event": false,
    "tonality": "D major",
    "tonality_confidence": 0.803600013256073,
    "loop": false,
    "tempo": 0,
    "tempo_confidence": 0.0,
    "note_midi": 38,
    "note_name": "D2",
    "note_frequency": 73.42924499511719,
    "note_confidence": 0.8663698434829712,
    "hardness": 84.90172708669542,
    "depth": 40.945013207585276,
    "brightness": 59.88865690925135,
    "roughness": 76.27437129960448,
    "warmth": 44.28752530550054,
    "sharpness": 48.54765521465635,
    "boominess": 27.788882953369182,
    "reverb": false,
    "name": "AKWF_gapsaw_0022.wav",
    "SpectralCentroid": 0.7885624296455609,
    "SpectralSpread": 0.8879026019138506,
    "SpectralKurtosis": 0.45612251680661653,
    "ZeroCrossingRate": 0.23302718649526455,
    "SpectralComplexity": 1.0,
    "OddToEvenHarmonicEnergyRatio": 0.2782446232226268,
    "Dissonance": 0.9748448787825567,
    "PitchSalience": 0.8871737829491656,
    "HNR": 0.0,
    "NormalizeMethod": "ess_yeojohnson",
    "dco_brightness": 0.3767565988173231,
    "dco_richness": 0.6361673654305751,
    "dco_flatness": 0.6361673654305751,
    "dco_oddenergy": 0.6492999414321287,
    "dco_zcr": 0.14487511069267625
}