{
    "duration": 0.08163265138864517,
    "lossless": 1.0,
    "codec": "pcm_f32le",
    "bitrate": 1411200.0,
    "samplerate": 44100.0,
    "channels": 1.0,
    "audio_md5": "ab2204243e8e565b7b5271b76261d231",
    "loudness": -13.101574897766113,
    "dynamic_range": 0.0,
    "temporal_centroid": 0.5875108242034912,
    "log_attack_time": -1.308579683303833,
    "filesize": 14458,
    "single_event": false,
    "tonality": "D major",
    "tonality_confidence": 0.5727285742759705,
    "loop": false,
    "tempo": 0,
    "tempo_confidence": 0.0,
    "note_midi": 38,
    "note_name": "D2",
    "note_frequency": 73.44055938720703,
    "note_confidence": 0.9458490610122681,
    "hardness": 35.2889546685542,
    "depth": 58.75159984497156,
    "brightness": 29.70599775993483,
    "roughness": 46.975558410353635,
    "warmth": 67.487759640114,
    "sharpness": 8.203720346620752,
    "boominess": 44.85404964698431,
    "reverb": false,
    "name": "AKWF_fmsynth_0076.wav",
    "SpectralCentroid": 0.09632154711226955,
    "SpectralSpread": 0.02256388840325427,
    "SpectralKurtosis": 0.8253465947157591,
    "ZeroCrossingRate": 0.568873868296057,
    "SpectralComplexity": 0.417910447761194,
    "OddToEvenHarmonicEnergyRatio": 0.21706303012476383,
    "Dissonance": 0.7409259047473452,
    "PitchSalience": 0.500843772014031,
    "HNR": 0.0,
    "NormalizeMethod": "ess_yeojohnson",
    "dco_brightness": 0.20300263428861187,
    "dco_richness": 0.310154079552741,
    "dco_flatness": 0.310154079552741,
    "dco_oddenergy": 0.5988909992031615,
    "dco_zcr": 0.2016028048315253
}