{
    "duration": 0.08163265138864517,
    "lossless": 1.0,
    "codec": "pcm_f32le",
    "bitrate": 1411200.0,
    "samplerate": 44100.0,
    "channels": 1.0,
    "audio_md5": "66fedeb638627ce85d2a51535a48411b",
    "loudness": -14.201253890991211,
    "dynamic_range": 0.0,
    "temporal_centroid": 0.5873034596443176,
    "log_attack_time": -1.26713228225708,
    "filesize": 14458,
    "single_event": false,
    "tonality": "D major",
    "tonality_confidence": 0.8169485926628113,
    "loop": false,
    "tempo": 0,
    "tempo_confidence": 0.0,
    "note_midi": 38,
    "note_name": "D2",
    "note_frequency": 73.42841339111328,
    "note_confidence": 0.9838890433311462,
    "hardness": 34.10560125516642,
    "depth": 62.419679554947436,
    "brightness": 35.42023474012129,
    "roughness": 49.29513753404701,
    "warmth": 70.86177748651879,
    "sharpness": 9.924388178502664,
    "boominess": 50.74003702439866,
    "reverb": false,
    "name": "AKWF_ebass_0055.wav",
    "SpectralCentroid": 0.1087237996494782,
    "SpectralSpread": 0.05066244810984427,
    "SpectralKurtosis": 0.7648985736308392,
    "ZeroCrossingRate": 0.4252420127794052,
    "SpectralComplexity": 0.6865671641791045,
    "OddToEvenHarmonicEnergyRatio": 0.14098678353828753,
    "Dissonance": 0.9999984683347911,
    "PitchSalience": 0.23236800795409504,
    "HNR": 0.0,
    "NormalizeMethod": "ess_yeojohnson",
    "dco_brightness": 0.16764737089436793,
    "dco_richness": 0.23863447337718402,
    "dco_flatness": 0.23863447337718402,
    "dco_oddenergy": 0.7238704873364624,
    "dco_zcr": 0.14487511069267625
}