{
    "duration": 0.08163265138864517,
    "lossless": 1.0,
    "codec": "pcm_f32le",
    "bitrate": 1411200.0,
    "samplerate": 44100.0,
    "channels": 1.0,
    "audio_md5": "db302093a824aa0464ea8befd14e507e",
    "loudness": -12.978501319885254,
    "dynamic_range": 0.0,
    "temporal_centroid": 0.577927827835083,
    "log_attack_time": -1.3858013153076172,
    "filesize": 14458,
    "single_event": false,
    "tonality": "F major",
    "tonality_confidence": 0.31245893239974976,
    "loop": false,
    "tempo": 0,
    "tempo_confidence": 0.0,
    "note_midi": 38,
    "note_name": "D2",
    "note_frequency": 73.43243408203125,
    "note_confidence": 0.9869387745857239,
    "hardness": 46.21822541433161,
    "depth": 54.876098193250705,
    "brightness": 46.338526979045646,
    "roughness": 0,
    "warmth": 45.465353604749296,
    "sharpness": 45.58057839127338,
    "boominess": 53.211358170380294,
    "reverb": false,
    "name": "AKWF_1505.wav",
    "SpectralCentroid": 0.5541171097677081,
    "SpectralSpread": 0.7413560180431771,
    "SpectralKurtosis": 0.5150680453243606,
    "ZeroCrossingRate": 0.23302718649526455,
    "SpectralComplexity": 0.9104477611940298,
    "OddToEvenHarmonicEnergyRatio": 0.00010533082718556116,
    "Dissonance": 0.9669117282376631,
    "PitchSalience": 0.007083627814216963,
    "HNR": 0.0,
    "NormalizeMethod": "ess_yeojohnson",
    "dco_brightness": 0.1119616902394664,
    "dco_richness": 0.3686432650685319,
    "dco_flatness": 0.3686432650685319,
    "dco_oddenergy": 0.0006686230326108378,
    "dco_zcr": 0.10810914741925219
}