{
    "duration": 0.08163265138864517,
    "lossless": 1.0,
    "codec": "pcm_f32le",
    "bitrate": 1411200.0,
    "samplerate": 44100.0,
    "channels": 1.0,
    "audio_md5": "1e8a00c54d78f9ee1917a54b0754cd45",
    "loudness": -12.989019393920898,
    "dynamic_range": 0.0,
    "temporal_centroid": 0.5811068415641785,
    "log_attack_time": -1.3434085845947266,
    "filesize": 14458,
    "single_event": false,
    "tonality": "D major",
    "tonality_confidence": 0.8799376487731934,
    "loop": false,
    "tempo": 0,
    "tempo_confidence": 0.0,
    "note_midi": 38,
    "note_name": "D2",
    "note_frequency": 73.42847442626953,
    "note_confidence": 0.9749653339385986,
    "hardness": 28.12984533799279,
    "depth": 60.66623064644933,
    "brightness": 30.689518313279798,
    "roughness": 47.03082516049166,
    "warmth": 72.53362379414538,
    "sharpness": 0.6097152167871158,
    "boominess": 53.34614757134959,
    "reverb": false,
    "name": "AKWF_0834.wav",
    "SpectralCentroid": 0.07170430633128588,
    "SpectralSpread": 0.01347072135219226,
    "SpectralKurtosis": 0.7905909369126495,
    "ZeroCrossingRate": 0.4252420127794052,
    "SpectralComplexity": 0.7014925373134329,
    "OddToEvenHarmonicEnergyRatio": 0.3145804502512996,
    "Dissonance": 0.8169275700321096,
    "PitchSalience": 0.3382332083338078,
    "HNR": 0.0,
    "NormalizeMethod": "ess_yeojohnson",
    "dco_brightness": 0.1527024912335145,
    "dco_richness": 0.2315255701246283,
    "dco_flatness": 0.2315255701246283,
    "dco_oddenergy": 0.4494648521145712,
    "dco_zcr": 0.14487511069267625
}