{
    "duration": 0.08163265138864517,
    "lossless": 1.0,
    "codec": "pcm_f32le",
    "bitrate": 1411200.0,
    "samplerate": 44100.0,
    "channels": 1.0,
    "audio_md5": "4ef9610154e52856affb4c2b27c58738",
    "loudness": -13.201791763305664,
    "dynamic_range": 0.0,
    "temporal_centroid": 0.5747978687286377,
    "log_attack_time": -1.3824623823165894,
    "filesize": 14458,
    "single_event": false,
    "tonality": "D# minor",
    "tonality_confidence": 0.3441796600818634,
    "loop": false,
    "tempo": 0,
    "tempo_confidence": 0.0,
    "note_midi": 38,
    "note_name": "D2",
    "note_frequency": 73.45977783203125,
    "note_confidence": 0.9767899513244629,
    "hardness": 28.944406625836322,
    "depth": 63.54586423608363,
    "brightness": 36.83601035537535,
    "roughness": 30.19066400319048,
    "warmth": 56.83425218316147,
    "sharpness": 21.10421447546938,
    "boominess": 51.20901160915743,
    "reverb": false,
    "name": "AKWF_0245.wav",
    "SpectralCentroid": 0.14770923088888271,
    "SpectralSpread": 0.16344816426215136,
    "SpectralKurtosis": 0.683757367233357,
    "ZeroCrossingRate": 0.23302718649526455,
    "SpectralComplexity": 0.9701492537313433,
    "OddToEvenHarmonicEnergyRatio": 1.0,
    "Dissonance": 0.9797026643972737,
    "PitchSalience": 0.1257416976387474,
    "HNR": 0.6094721861799802,
    "NormalizeMethod": "ess_yeojohnson",
    "dco_brightness": 0.1115492341672983,
    "dco_richness": 0.19508887852759055,
    "dco_flatness": 0.19508887852759055,
    "dco_oddenergy": 0.00022986514813394532,
    "dco_zcr": 0.06197413883311543
}