{
    "duration": 0.08163265138864517,
    "lossless": 1.0,
    "codec": "pcm_f32le",
    "bitrate": 1411200.0,
    "samplerate": 44100.0,
    "channels": 1.0,
    "audio_md5": "1a282a1a76a3a129c589b602d9abeb66",
    "loudness": -11.826435089111328,
    "dynamic_range": 0.0,
    "temporal_centroid": 0.5660257935523987,
    "log_attack_time": -1.4183545112609863,
    "filesize": 14458,
    "single_event": false,
    "tonality": "D major",
    "tonality_confidence": 0.5674688220024109,
    "loop": false,
    "tempo": 0,
    "tempo_confidence": 0.0,
    "note_midi": 38,
    "note_name": "D2",
    "note_frequency": 73.42921447753906,
    "note_confidence": 0.9503206014633179,
    "hardness": 79.56673256018692,
    "depth": 60.701090911220646,
    "brightness": 56.84950390138287,
    "roughness": 61.29317452454517,
    "warmth": 51.68959284286225,
    "sharpness": 48.94985677542799,
    "boominess": 35.80578545569335,
    "reverb": false,
    "name": "AKWF_1071.wav",
    "SpectralCentroid": 0.7806635483192608,
    "SpectralSpread": 0.8733998033875323,
    "SpectralKurtosis": 0.43786799420543915,
    "ZeroCrossingRate": 0.23302718649526455,
    "SpectralComplexity": 1.0,
    "OddToEvenHarmonicEnergyRatio": 0.8178976364667182,
    "Dissonance": 0.9554347420179821,
    "PitchSalience": 0.5671255067599122,
    "HNR": 0.0,
    "NormalizeMethod": "ess_yeojohnson",
    "dco_brightness": 0.21993957882056786,
    "dco_richness": 0.5686701993942417,
    "dco_flatness": 0.5686701993942417,
    "dco_oddenergy": 0.06200830837848825,
    "dco_zcr": 0.14487511069267625
}