{
    "duration": 0.08163265138864517,
    "lossless": 1.0,
    "codec": "pcm_f32le",
    "bitrate": 1411200.0,
    "samplerate": 44100.0,
    "channels": 1.0,
    "audio_md5": "ac25017a4e134926df37e458fb4c0b9e",
    "loudness": -14.566483497619629,
    "dynamic_range": 0.0,
    "temporal_centroid": 0.583156943321228,
    "log_attack_time": -1.3858013153076172,
    "filesize": 14458,
    "single_event": false,
    "tonality": "D# minor",
    "tonality_confidence": 0.30258381366729736,
    "loop": false,
    "tempo": 0,
    "tempo_confidence": 0.0,
    "note_midi": 38,
    "note_name": "D2",
    "note_frequency": 73.47948455810547,
    "note_confidence": 0.9662728309631348,
    "hardness": 25.181018901271614,
    "depth": 63.57834707745196,
    "brightness": 16.20852402877169,
    "roughness": 39.8367265882472,
    "warmth": 58.1610637359174,
    "sharpness": 0.0,
    "boominess": 57.84419646793058,
    "reverb": false,
    "name": "AKWF_0522.wav",
    "SpectralCentroid": 0.019787490593657094,
    "SpectralSpread": 0.002136001245119926,
    "SpectralKurtosis": 0.9483037101212247,
    "ZeroCrossingRate": 0.23302718649526455,
    "SpectralComplexity": 0.029850746268656716,
    "OddToEvenHarmonicEnergyRatio": 0.693592723177067,
    "Dissonance": 0.15318355154943253,
    "PitchSalience": 0.15099074601244858,
    "HNR": 0.09901615402856118,
    "NormalizeMethod": "ess_yeojohnson",
    "dco_brightness": 0.1172826927769647,
    "dco_richness": 0.15377945685705777,
    "dco_flatness": 0.15377945685705777,
    "dco_oddenergy": 0.08758353155782161,
    "dco_zcr": 0.06197413883311543
}