{
    "duration": 0.08163265138864517,
    "lossless": 1.0,
    "codec": "pcm_f32le",
    "bitrate": 1411200.0,
    "samplerate": 44100.0,
    "channels": 1.0,
    "audio_md5": "522e10cbb6553dcd4d7251cd086ed1f0",
    "loudness": -16.353004455566406,
    "dynamic_range": 0.0,
    "temporal_centroid": 0.5811826586723328,
    "log_attack_time": -1.267679214477539,
    "filesize": 14458,
    "single_event": false,
    "tonality": "D major",
    "tonality_confidence": 0.8085627555847168,
    "loop": false,
    "tempo": 0,
    "tempo_confidence": 0.0,
    "note_midi": 39,
    "note_name": "D#2",
    "note_frequency": 76.10120391845703,
    "note_confidence": 0.9374659061431885,
    "hardness": 63.35890059725668,
    "depth": 61.87187011706562,
    "brightness": 61.81544743923303,
    "roughness": 61.94307006011785,
    "warmth": 46.550459495976654,
    "sharpness": 56.53491315083836,
    "boominess": 40.474332929411105,
    "reverb": false,
    "name": "AKWF_granular_0034.wav",
    "SpectralCentroid": 0.7221140949827242,
    "SpectralSpread": 0.708611409366,
    "SpectralKurtosis": 0.4132292964044226,
    "ZeroCrossingRate": 0.9216804921457811,
    "SpectralComplexity": 0.9850746268656716,
    "OddToEvenHarmonicEnergyRatio": 0.6909868676568536,
    "Dissonance": 0.9899002725488835,
    "PitchSalience": 0.10499211620220092,
    "HNR": 0.8933778510580347,
    "NormalizeMethod": "ess_yeojohnson",
    "dco_brightness": 0.19339099674959026,
    "dco_richness": 0.5505186237025741,
    "dco_flatness": 0.5505186237025741,
    "dco_oddenergy": 0.10792763110216219,
    "dco_zcr": 0.37589917619879676
}