{
    "duration": 0.08163265138864517,
    "lossless": 1.0,
    "codec": "pcm_f32le",
    "bitrate": 1411200.0,
    "samplerate": 44100.0,
    "channels": 1.0,
    "audio_md5": "474d5cf6d1714d15198b566a12d98e8e",
    "loudness": -12.05005168914795,
    "dynamic_range": 0.0,
    "temporal_centroid": 0.5687509775161743,
    "log_attack_time": -1.3855619430541992,
    "filesize": 14458,
    "single_event": false,
    "tonality": "D major",
    "tonality_confidence": 0.7771335244178772,
    "loop": false,
    "tempo": 0,
    "tempo_confidence": 0.0,
    "note_midi": 38,
    "note_name": "D2",
    "note_frequency": 73.42877960205078,
    "note_confidence": 0.957800567150116,
    "hardness": 32.0222133493009,
    "depth": 62.66586271538518,
    "brightness": 32.301057244622896,
    "roughness": 50.11715043280208,
    "warmth": 66.05963743110328,
    "sharpness": 8.122224438574356,
    "boominess": 48.11334788651601,
    "reverb": false,
    "name": "AKWF_1910.wav",
    "SpectralCentroid": 0.08344316779980482,
    "SpectralSpread": 0.026772640308030678,
    "SpectralKurtosis": 0.8017162834944374,
    "ZeroCrossingRate": 0.23302718649526455,
    "SpectralComplexity": 0.6119402985074627,
    "OddToEvenHarmonicEnergyRatio": 0.6531372183842642,
    "Dissonance": 0.7987692413618458,
    "PitchSalience": 0.338610930106372,
    "HNR": 0.9051685934469125,
    "NormalizeMethod": "ess_yeojohnson",
    "dco_brightness": 0.13489608646407325,
    "dco_richness": 0.26372698996457816,
    "dco_flatness": 0.26372698996457816,
    "dco_oddenergy": 0.11418310237064166,
    "dco_zcr": 0.06197413883311543
}