{
    "duration": 0.08163265138864517,
    "lossless": 1.0,
    "codec": "pcm_f32le",
    "bitrate": 1411200.0,
    "samplerate": 44100.0,
    "channels": 1.0,
    "audio_md5": "6c2ff35bfcfa761d0453b0f477d7480b",
    "loudness": -13.601972579956055,
    "dynamic_range": 0.0,
    "temporal_centroid": 0.5793326497077942,
    "log_attack_time": -1.3390872478485107,
    "filesize": 14458,
    "single_event": false,
    "tonality": "D major",
    "tonality_confidence": 0.7666680216789246,
    "loop": false,
    "tempo": 0,
    "tempo_confidence": 0.0,
    "note_midi": 38,
    "note_name": "D2",
    "note_frequency": 73.43312072753906,
    "note_confidence": 0.9948664903640747,
    "hardness": 24.421594619925685,
    "depth": 56.95327765296806,
    "brightness": 33.816362157147495,
    "roughness": 46.60763552698494,
    "warmth": 59.69858940356285,
    "sharpness": 11.802891572982137,
    "boominess": 52.634407543119224,
    "reverb": false,
    "name": "AKWF_1845.wav",
    "SpectralCentroid": 0.13179521989078433,
    "SpectralSpread": 0.14802469790510944,
    "SpectralKurtosis": 0.6907082128216412,
    "ZeroCrossingRate": 0.23302718649526455,
    "SpectralComplexity": 1.0,
    "OddToEvenHarmonicEnergyRatio": 0.6958045146601838,
    "Dissonance": 0.8193740769893705,
    "PitchSalience": 0.22430674137490525,
    "HNR": 0.0,
    "NormalizeMethod": "ess_yeojohnson",
    "dco_brightness": 0.1211773760570573,
    "dco_richness": 0.21365921081393618,
    "dco_flatness": 0.21365921081393618,
    "dco_oddenergy": 0.08717782702292098,
    "dco_zcr": 0.10810914741925219
}