{
    "duration": 0.08163265138864517,
    "lossless": 1.0,
    "codec": "pcm_f32le",
    "bitrate": 1411200.0,
    "samplerate": 44100.0,
    "channels": 1.0,
    "audio_md5": "19d3fc7b15f8d6bf9a04588b4ebb0bd2",
    "loudness": -22.20067024230957,
    "dynamic_range": 0.0,
    "temporal_centroid": 0.6045772433280945,
    "log_attack_time": -1.1900510787963867,
    "filesize": 14458,
    "single_event": false,
    "tonality": "D major",
    "tonality_confidence": 0.8140214681625366,
    "loop": false,
    "tempo": 0,
    "tempo_confidence": 0.0,
    "note_midi": 38,
    "note_name": "D2",
    "note_frequency": 73.42916107177734,
    "note_confidence": 0.8883181810379028,
    "hardness": 68.08741140059826,
    "depth": 50.858729736344884,
    "brightness": 58.56179035135649,
    "roughness": 69.59454946727044,
    "warmth": 51.350098409243216,
    "sharpness": 51.8362835177266,
    "boominess": 27.199514173398352,
    "reverb": false,
    "name": "AKWF_1208.wav",
    "SpectralCentroid": 0.6626975602285197,
    "SpectralSpread": 0.47047488476084043,
    "SpectralKurtosis": 0.4515611550632371,
    "ZeroCrossingRate": 0.6763055176555212,
    "SpectralComplexity": 1.0,
    "OddToEvenHarmonicEnergyRatio": 0.30129848280178867,
    "Dissonance": 0.9640310306618952,
    "PitchSalience": 0.7580489392342183,
    "HNR": 0.5605831019566971,
    "NormalizeMethod": "ess_yeojohnson",
    "dco_brightness": 0.3520649516825372,
    "dco_richness": 0.5835731090590838,
    "dco_flatness": 0.5835731090590838,
    "dco_oddenergy": 0.5611748739528634,
    "dco_zcr": 0.24477676146998018
}