{
    "duration": 0.08163265138864517,
    "lossless": 1.0,
    "codec": "pcm_f32le",
    "bitrate": 1411200.0,
    "samplerate": 44100.0,
    "channels": 1.0,
    "audio_md5": "150e2c97aa081426b1df76250dd0c09c",
    "loudness": -14.854621887207031,
    "dynamic_range": 0.0,
    "temporal_centroid": 0.5901521444320679,
    "log_attack_time": -1.2695070505142212,
    "filesize": 14458,
    "single_event": false,
    "tonality": "D major",
    "tonality_confidence": 0.8297536969184875,
    "loop": false,
    "tempo": 0,
    "tempo_confidence": 0.0,
    "note_midi": 38,
    "note_name": "D2",
    "note_frequency": 73.43695068359375,
    "note_confidence": 0.8842688798904419,
    "hardness": 63.59229613505738,
    "depth": 58.46911159840376,
    "brightness": 49.51299020697182,
    "roughness": 56.41037310339206,
    "warmth": 56.03188798194715,
    "sharpness": 38.41092868631017,
    "boominess": 37.35326232183364,
    "reverb": false,
    "name": "AKWF_1636.wav",
    "SpectralCentroid": 0.5131537692741154,
    "SpectralSpread": 0.63490759846228,
    "SpectralKurtosis": 0.5489953569617374,
    "ZeroCrossingRate": 0.4252420127794052,
    "SpectralComplexity": 0.9850746268656716,
    "OddToEvenHarmonicEnergyRatio": 0.382389048587101,
    "Dissonance": 0.960583398149515,
    "PitchSalience": 0.6472885987864746,
    "HNR": 0.0,
    "NormalizeMethod": "ess_yeojohnson",
    "dco_brightness": 0.20409703493497575,
    "dco_richness": 0.45705273517369654,
    "dco_flatness": 0.45705273517369654,
    "dco_oddenergy": 0.3358349090517765,
    "dco_zcr": 0.14487511069267625
}