{
    "duration": 0.08163265138864517,
    "lossless": 1.0,
    "codec": "pcm_f32le",
    "bitrate": 1411200.0,
    "samplerate": 44100.0,
    "channels": 1.0,
    "audio_md5": "3067b31baf23fbb2749e8d87e5e16f49",
    "loudness": -13.628087997436523,
    "dynamic_range": 0.0,
    "temporal_centroid": 0.581367552280426,
    "log_attack_time": -1.3793847560882568,
    "filesize": 14458,
    "single_event": false,
    "tonality": "D major",
    "tonality_confidence": 0.7471164464950562,
    "loop": false,
    "tempo": 0,
    "tempo_confidence": 0.0,
    "note_midi": 38,
    "note_name": "D2",
    "note_frequency": 73.42845153808594,
    "note_confidence": 0.9922202825546265,
    "hardness": 17.33648349009144,
    "depth": 63.67989475498964,
    "brightness": 20.198282933918748,
    "roughness": 41.42655996188585,
    "warmth": 59.26814438178021,
    "sharpness": 0.0,
    "boominess": 62.303841867910435,
    "reverb": false,
    "name": "AKWF_epiano_0019.wav",
    "SpectralCentroid": 0.02107226906677067,
    "SpectralSpread": 0.007848552222326985,
    "SpectralKurtosis": 0.8890653117472823,
    "ZeroCrossingRate": 0.23302718649526455,
    "SpectralComplexity": 0.208955223880597,
    "OddToEvenHarmonicEnergyRatio": 0.9061395086250514,
    "Dissonance": 0.5680995127262415,
    "PitchSalience": 0.07804658173080838,
    "HNR": 0.6763833895967573,
    "NormalizeMethod": "ess_yeojohnson",
    "dco_brightness": 0.10956614661037997,
    "dco_richness": 0.0896615491160946,
    "dco_flatness": 0.0896615491160946,
    "dco_oddenergy": 0.01124770089308702,
    "dco_zcr": 0.06197413883311543
}