{
    "duration": 0.08163265138864517,
    "lossless": 1.0,
    "codec": "pcm_f32le",
    "bitrate": 1411200.0,
    "samplerate": 44100.0,
    "channels": 1.0,
    "audio_md5": "f87a840d72662966cd6e004baf313a84",
    "loudness": -12.948138236999512,
    "dynamic_range": 0.0,
    "temporal_centroid": 0.5765652060508728,
    "log_attack_time": -1.3829377889633179,
    "filesize": 14458,
    "single_event": false,
    "tonality": "D major",
    "tonality_confidence": 0.4047197699546814,
    "loop": false,
    "tempo": 0,
    "tempo_confidence": 0.0,
    "note_midi": 38,
    "note_name": "D2",
    "note_frequency": 73.43085479736328,
    "note_confidence": 0.9886308312416077,
    "hardness": 49.786805448626325,
    "depth": 61.783383889752194,
    "brightness": 47.355783884626135,
    "roughness": 55.578388050461356,
    "warmth": 59.23932650935801,
    "sharpness": 28.266746157369205,
    "boominess": 39.61926040103444,
    "reverb": false,
    "name": "AKWF_0258.wav",
    "SpectralCentroid": 0.2067114407223286,
    "SpectralSpread": 0.060069514522569596,
    "SpectralKurtosis": 0.661913640944606,
    "ZeroCrossingRate": 0.23302718649526455,
    "SpectralComplexity": 0.9552238805970149,
    "OddToEvenHarmonicEnergyRatio": 0.8811041212114937,
    "Dissonance": 0.9526571765662808,
    "PitchSalience": 0.2875794226202238,
    "HNR": 0.0,
    "NormalizeMethod": "ess_yeojohnson",
    "dco_brightness": 0.1478086044656176,
    "dco_richness": 0.35631958889853477,
    "dco_flatness": 0.35631958889853477,
    "dco_oddenergy": 0.04633912923434713,
    "dco_zcr": 0.06197413883311543
}