{
    "duration": 0.08163265138864517,
    "lossless": 1.0,
    "codec": "pcm_f32le",
    "bitrate": 1411200.0,
    "samplerate": 44100.0,
    "channels": 1.0,
    "audio_md5": "3612118d19bc134a6517f9476b082091",
    "loudness": -16.90798568725586,
    "dynamic_range": 0.0,
    "temporal_centroid": 0.614795446395874,
    "log_attack_time": -1.2563374042510986,
    "filesize": 14458,
    "single_event": false,
    "tonality": "D major",
    "tonality_confidence": 0.8043043613433838,
    "loop": false,
    "tempo": 0,
    "tempo_confidence": 0.0,
    "note_midi": 38,
    "note_name": "D2",
    "note_frequency": 73.42941284179688,
    "note_confidence": 0.8703902959823608,
    "hardness": 84.10005902977238,
    "depth": 51.361458265263856,
    "brightness": 58.71445081984391,
    "roughness": 74.02202190054365,
    "warmth": 47.03775809128911,
    "sharpness": 47.70319926697887,
    "boominess": 30.248880862860727,
    "reverb": false,
    "name": "AKWF_gapsaw_0020.wav",
    "SpectralCentroid": 0.7759375482982306,
    "SpectralSpread": 0.8820185159463753,
    "SpectralKurtosis": 0.46163294843967667,
    "ZeroCrossingRate": 0.23302718649526455,
    "SpectralComplexity": 1.0,
    "OddToEvenHarmonicEnergyRatio": 0.2782388646509057,
    "Dissonance": 0.9711389783413787,
    "PitchSalience": 0.8421589436471634,
    "HNR": 0.0,
    "NormalizeMethod": "ess_yeojohnson",
    "dco_brightness": 0.3519563250980361,
    "dco_richness": 0.6242046939177907,
    "dco_flatness": 0.6242046939177907,
    "dco_oddenergy": 0.6216189442953537,
    "dco_zcr": 0.14487511069267625
}