{
    "duration": 0.08163265138864517,
    "lossless": 1.0,
    "codec": "pcm_f32le",
    "bitrate": 1411200.0,
    "samplerate": 44100.0,
    "channels": 1.0,
    "audio_md5": "ac1bf180f508494afe318a1e17847ad3",
    "loudness": -15.260238647460938,
    "dynamic_range": 0.0,
    "temporal_centroid": 0.582292377948761,
    "log_attack_time": -1.3638602495193481,
    "filesize": 14458,
    "single_event": false,
    "tonality": "D major",
    "tonality_confidence": 0.8846980333328247,
    "loop": false,
    "tempo": 0,
    "tempo_confidence": 0.0,
    "note_midi": 38,
    "note_name": "D2",
    "note_frequency": 73.42839813232422,
    "note_confidence": 0.996458888053894,
    "hardness": 57.98269906937895,
    "depth": 59.43430705789684,
    "brightness": 55.81657554713263,
    "roughness": 64.56094462775536,
    "warmth": 53.78507704474916,
    "sharpness": 46.17312659249786,
    "boominess": 35.02584320162133,
    "reverb": false,
    "name": "AKWF_saw_0027.wav",
    "SpectralCentroid": 0.5002758792918124,
    "SpectralSpread": 0.3097657643295238,
    "SpectralKurtosis": 0.4936765679703134,
    "ZeroCrossingRate": 0.23302718649526455,
    "SpectralComplexity": 1.0,
    "OddToEvenHarmonicEnergyRatio": 0.5251905867967037,
    "Dissonance": 0.9936995316313664,
    "PitchSalience": 0.5288660896950196,
    "HNR": 0.0,
    "NormalizeMethod": "ess_yeojohnson",
    "dco_brightness": 0.22074269484885106,
    "dco_richness": 0.4988778206497853,
    "dco_flatness": 0.4988778206497853,
    "dco_oddenergy": 0.24908932379145343,
    "dco_zcr": 0.06197413883311543
}