{
    "duration": 0.08163265138864517,
    "lossless": 1.0,
    "codec": "pcm_f32le",
    "bitrate": 1411200.0,
    "samplerate": 44100.0,
    "channels": 1.0,
    "audio_md5": "74c6c88958f2fbbdbad80c4a1e7f57fd",
    "loudness": -12.112089157104492,
    "dynamic_range": 0.0,
    "temporal_centroid": 0.5798652768135071,
    "log_attack_time": -1.3339576721191406,
    "filesize": 14458,
    "single_event": false,
    "tonality": "D major",
    "tonality_confidence": 0.42804574966430664,
    "loop": false,
    "tempo": 0,
    "tempo_confidence": 0.0,
    "note_midi": 38,
    "note_name": "D2",
    "note_frequency": 73.42839813232422,
    "note_confidence": 0.9187159538269043,
    "hardness": 78.23784181576067,
    "depth": 52.774488598162954,
    "brightness": 58.59121600669654,
    "roughness": 72.00820220924489,
    "warmth": 51.163425700769736,
    "sharpness": 50.03123792860055,
    "boominess": 30.773117166379247,
    "reverb": false,
    "name": "AKWF_oscchip_0111.wav",
    "SpectralCentroid": 0.7166472437804673,
    "SpectralSpread": 0.7191140398614901,
    "SpectralKurtosis": 0.47309514752668147,
    "ZeroCrossingRate": 0.568873868296057,
    "SpectralComplexity": 1.0,
    "OddToEvenHarmonicEnergyRatio": 0.33084241622164356,
    "Dissonance": 0.961660158791379,
    "PitchSalience": 0.7595208696837192,
    "HNR": 0.3896518927589416,
    "NormalizeMethod": "ess_yeojohnson",
    "dco_brightness": 0.33640401915379764,
    "dco_richness": 0.591925478246096,
    "dco_flatness": 0.591925478246096,
    "dco_oddenergy": 0.4797030747587865,
    "dco_zcr": 0.2016028048315253
}