{
    "duration": 0.08163265138864517,
    "lossless": 1.0,
    "codec": "pcm_f32le",
    "bitrate": 1411200.0,
    "samplerate": 44100.0,
    "channels": 1.0,
    "audio_md5": "62dbc531ddf102332ee0706187aca9ac",
    "loudness": -17.545289993286133,
    "dynamic_range": 0.0,
    "temporal_centroid": 0.5898782014846802,
    "log_attack_time": -1.2645894289016724,
    "filesize": 14458,
    "single_event": false,
    "tonality": "F# minor",
    "tonality_confidence": 0.4913136661052704,
    "loop": false,
    "tempo": 0,
    "tempo_confidence": 0.0,
    "note_midi": 38,
    "note_name": "D2",
    "note_frequency": 73.42904663085938,
    "note_confidence": 0.9879428744316101,
    "hardness": 62.302282998992894,
    "depth": 62.21951942795775,
    "brightness": 56.893561114881976,
    "roughness": 58.533867266795255,
    "warmth": 50.6180261632403,
    "sharpness": 48.54134402072189,
    "boominess": 37.24535967628057,
    "reverb": false,
    "name": "AKWF_oscchip_0131.wav",
    "SpectralCentroid": 0.5956258592709366,
    "SpectralSpread": 0.5547996177273365,
    "SpectralKurtosis": 0.49527284164221436,
    "ZeroCrossingRate": 0.23302718649526455,
    "SpectralComplexity": 1.0,
    "OddToEvenHarmonicEnergyRatio": 0.8121251301616076,
    "Dissonance": 0.9805655024649599,
    "PitchSalience": 0.28254310244911435,
    "HNR": 0.7737449713528682,
    "NormalizeMethod": "ess_yeojohnson",
    "dco_brightness": 0.16815889061528233,
    "dco_richness": 0.4802415706890244,
    "dco_flatness": 0.4802415706890244,
    "dco_oddenergy": 0.05734238010160586,
    "dco_zcr": 0.06197413883311543
}