{
    "duration": 0.08163265138864517,
    "lossless": 1.0,
    "codec": "pcm_f32le",
    "bitrate": 1411200.0,
    "samplerate": 44100.0,
    "channels": 1.0,
    "audio_md5": "a5bb8e6d29c7a2bd0c65ea67cd8c8075",
    "loudness": -19.93666648864746,
    "dynamic_range": 0.0,
    "temporal_centroid": 0.6068577170372009,
    "log_attack_time": -1.2609822750091553,
    "filesize": 14458,
    "single_event": false,
    "tonality": "D major",
    "tonality_confidence": 0.8804078698158264,
    "loop": false,
    "tempo": 0,
    "tempo_confidence": 0.0,
    "note_midi": 38,
    "note_name": "D2",
    "note_frequency": 73.42842102050781,
    "note_confidence": 0.9997079968452454,
    "hardness": 59.87244712634916,
    "depth": 42.2212094297887,
    "brightness": 52.0658111238175,
    "roughness": 60.81562857403179,
    "warmth": 54.97512832330865,
    "sharpness": 28.81196025733589,
    "boominess": 30.528783923898295,
    "reverb": false,
    "name": "AKWF_hvoice_0064.wav",
    "SpectralCentroid": 0.27500923245632347,
    "SpectralSpread": 0.06732907170199849,
    "SpectralKurtosis": 0.7182063842788198,
    "ZeroCrossingRate": 0.8170126148854899,
    "SpectralComplexity": 0.835820895522388,
    "OddToEvenHarmonicEnergyRatio": 0.24254047340272503,
    "Dissonance": 0.9933558551330623,
    "PitchSalience": 0.7342968479114761,
    "HNR": 0.7707846725315891,
    "NormalizeMethod": "ess_yeojohnson",
    "dco_brightness": 0.3403533655793736,
    "dco_richness": 0.45555112039125606,
    "dco_flatness": 0.45555112039125606,
    "dco_oddenergy": 0.7714844609420977,
    "dco_zcr": 0.30888279763685245
}