{
    "duration": 0.08163265138864517,
    "lossless": 1.0,
    "codec": "pcm_f32le",
    "bitrate": 1411200.0,
    "samplerate": 44100.0,
    "channels": 1.0,
    "audio_md5": "71daa3ab1a861a8b1ce932ced348407a",
    "loudness": -11.712252616882324,
    "dynamic_range": 0.0,
    "temporal_centroid": 0.5764673948287964,
    "log_attack_time": -1.431186556816101,
    "filesize": 14458,
    "single_event": false,
    "tonality": "D major",
    "tonality_confidence": 0.7433489561080933,
    "loop": false,
    "tempo": 0,
    "tempo_confidence": 0.0,
    "note_midi": 38,
    "note_name": "D2",
    "note_frequency": 73.42948913574219,
    "note_confidence": 0.9388872981071472,
    "hardness": 77.39802027163154,
    "depth": 52.27538961291167,
    "brightness": 55.86481032907429,
    "roughness": 59.886682832018096,
    "warmth": 49.432945474215174,
    "sharpness": 48.23868920683615,
    "boominess": 37.32191263967249,
    "reverb": false,
    "name": "AKWF_0711.wav",
    "SpectralCentroid": 0.7939876627726478,
    "SpectralSpread": 0.8888833546888144,
    "SpectralKurtosis": 0.4268368097345424,
    "ZeroCrossingRate": 0.4252420127794052,
    "SpectralComplexity": 1.0,
    "OddToEvenHarmonicEnergyRatio": 0.3919243730218846,
    "Dissonance": 0.9561428089631298,
    "PitchSalience": 0.3418113977726077,
    "HNR": 0.0,
    "NormalizeMethod": "ess_yeojohnson",
    "dco_brightness": 0.22508962664594243,
    "dco_richness": 0.5721471966684969,
    "dco_flatness": 0.5721471966684969,
    "dco_oddenergy": 0.37241210867360586,
    "dco_zcr": 0.24477676146998018
}