{
    "duration": 0.08163265138864517,
    "lossless": 1.0,
    "codec": "pcm_f32le",
    "bitrate": 1411200.0,
    "samplerate": 44100.0,
    "channels": 1.0,
    "audio_md5": "76a40f151f6205e604e03e334df2856c",
    "loudness": -13.459915161132812,
    "dynamic_range": 0.0,
    "temporal_centroid": 0.5838124752044678,
    "log_attack_time": -1.2916773557662964,
    "filesize": 14458,
    "single_event": false,
    "tonality": "D major",
    "tonality_confidence": 0.7963588237762451,
    "loop": false,
    "tempo": 0,
    "tempo_confidence": 0.0,
    "note_midi": 38,
    "note_name": "D2",
    "note_frequency": 73.44619750976562,
    "note_confidence": 0.9410275220870972,
    "hardness": 43.92040863373589,
    "depth": 61.56386525486177,
    "brightness": 39.75621622860083,
    "roughness": 51.697772518501516,
    "warmth": 68.45811549783434,
    "sharpness": 20.585078224531145,
    "boominess": 43.881215888638636,
    "reverb": false,
    "name": "AKWF_1969.wav",
    "SpectralCentroid": 0.16656898475643245,
    "SpectralSpread": 0.10504827736614088,
    "SpectralKurtosis": 0.7060046663893842,
    "ZeroCrossingRate": 0.4252420127794052,
    "SpectralComplexity": 0.9402985074626866,
    "OddToEvenHarmonicEnergyRatio": 0.30527305038739705,
    "Dissonance": 0.9413921436369376,
    "PitchSalience": 0.3800384586822936,
    "HNR": 0.0,
    "NormalizeMethod": "ess_yeojohnson",
    "dco_brightness": 0.1672768057183929,
    "dco_richness": 0.310922565124324,
    "dco_flatness": 0.310922565124324,
    "dco_oddenergy": 0.46401377376285646,
    "dco_zcr": 0.14487511069267625
}