{
    "duration": 0.08163265138864517,
    "lossless": 1.0,
    "codec": "pcm_f32le",
    "bitrate": 1411200.0,
    "samplerate": 44100.0,
    "channels": 1.0,
    "audio_md5": "90fa76da02a605f6f3cf8cf7841e5f39",
    "loudness": -14.712804794311523,
    "dynamic_range": 0.0,
    "temporal_centroid": 0.5846641659736633,
    "log_attack_time": -1.2682267427444458,
    "filesize": 14458,
    "single_event": false,
    "tonality": "D major",
    "tonality_confidence": 0.8000304102897644,
    "loop": false,
    "tempo": 0,
    "tempo_confidence": 0.0,
    "note_midi": 38,
    "note_name": "D2",
    "note_frequency": 73.69123077392578,
    "note_confidence": 0.9303614497184753,
    "hardness": 47.60149238384628,
    "depth": 61.36965962504784,
    "brightness": 48.04823869397597,
    "roughness": 46.8087838458059,
    "warmth": 53.9875027366946,
    "sharpness": 36.36461012161529,
    "boominess": 49.10075962199632,
    "reverb": false,
    "name": "AKWF_0824.wav",
    "SpectralCentroid": 0.7772679959339021,
    "SpectralSpread": 0.9508868567776789,
    "SpectralKurtosis": 0.402869660094432,
    "ZeroCrossingRate": 0.4252420127794052,
    "SpectralComplexity": 0.9552238805970149,
    "OddToEvenHarmonicEnergyRatio": 0.42512400661745053,
    "Dissonance": 0.9098165006730574,
    "PitchSalience": 0.2333584962498622,
    "HNR": 0.9321659620246427,
    "NormalizeMethod": "ess_yeojohnson",
    "dco_brightness": 0.16300114219790743,
    "dco_richness": 0.5435325161653409,
    "dco_flatness": 0.5435325161653409,
    "dco_oddenergy": 0.3123296479942441,
    "dco_zcr": 0.14487511069267625
}