{
    "duration": 0.08163265138864517,
    "lossless": 1.0,
    "codec": "pcm_f32le",
    "bitrate": 1411200.0,
    "samplerate": 44100.0,
    "channels": 1.0,
    "audio_md5": "6413ade9c0df6a22b7e289813bfbe6ce",
    "loudness": -15.502153396606445,
    "dynamic_range": 0.0,
    "temporal_centroid": 0.6020746231079102,
    "log_attack_time": -1.2707910537719727,
    "filesize": 14458,
    "single_event": false,
    "tonality": "D major",
    "tonality_confidence": 0.818570077419281,
    "loop": false,
    "tempo": 0,
    "tempo_confidence": 0.0,
    "note_midi": 38,
    "note_name": "D2",
    "note_frequency": 73.45791625976562,
    "note_confidence": 0.9457430243492126,
    "hardness": 31.707791519976794,
    "depth": 62.80198367057483,
    "brightness": 28.2614942139138,
    "roughness": 43.756677695774115,
    "warmth": 70.1440494869678,
    "sharpness": 0.9217335874742218,
    "boominess": 53.36716619262388,
    "reverb": false,
    "name": "AKWF_oboe_0010.wav",
    "SpectralCentroid": 0.055870187833166565,
    "SpectralSpread": 0.024640143010246248,
    "SpectralKurtosis": 0.8165515411059037,
    "ZeroCrossingRate": 0.23302718649526455,
    "SpectralComplexity": 0.4925373134328358,
    "OddToEvenHarmonicEnergyRatio": 0.27155272451606866,
    "Dissonance": 0.5392971319641899,
    "PitchSalience": 0.3348166643211546,
    "HNR": 0.0,
    "NormalizeMethod": "ess_yeojohnson",
    "dco_brightness": 0.15938748971799963,
    "dco_richness": 0.2165067902312328,
    "dco_flatness": 0.2165067902312328,
    "dco_oddenergy": 0.5077128332788428,
    "dco_zcr": 0.06197413883311543
}