{
    "duration": 0.08163265138864517,
    "lossless": 1.0,
    "codec": "pcm_f32le",
    "bitrate": 1411200.0,
    "samplerate": 44100.0,
    "channels": 1.0,
    "audio_md5": "6068c6fac1f762f9d31d419e79ccfdd0",
    "loudness": -13.607297897338867,
    "dynamic_range": 0.0,
    "temporal_centroid": 0.5906148552894592,
    "log_attack_time": -1.2998498678207397,
    "filesize": 14458,
    "single_event": false,
    "tonality": "D major",
    "tonality_confidence": 0.7619402408599854,
    "loop": false,
    "tempo": 0,
    "tempo_confidence": 0.0,
    "note_midi": 38,
    "note_name": "D2",
    "note_frequency": 73.45549774169922,
    "note_confidence": 0.959875762462616,
    "hardness": 28.23468927541937,
    "depth": 61.44701874737556,
    "brightness": 28.477151948854726,
    "roughness": 44.49058449115822,
    "warmth": 72.32072205572318,
    "sharpness": 0.0,
    "boominess": 54.28898249129306,
    "reverb": false,
    "name": "AKWF_1604.wav",
    "SpectralCentroid": 0.050365646644552,
    "SpectralSpread": 0.016798418168898183,
    "SpectralKurtosis": 0.8143403752579353,
    "ZeroCrossingRate": 0.4252420127794052,
    "SpectralComplexity": 0.373134328358209,
    "OddToEvenHarmonicEnergyRatio": 0.3509611335958553,
    "Dissonance": 0.6221842158545146,
    "PitchSalience": 0.06432382457229902,
    "HNR": 0.0,
    "NormalizeMethod": "ess_yeojohnson",
    "dco_brightness": 0.1523706704838005,
    "dco_richness": 0.1906115690810363,
    "dco_flatness": 0.1906115690810363,
    "dco_oddenergy": 0.6002507739006422,
    "dco_zcr": 0.14487511069267625
}