{
    "duration": 0.08163265138864517,
    "lossless": 1.0,
    "codec": "pcm_f32le",
    "bitrate": 1411200.0,
    "samplerate": 44100.0,
    "channels": 1.0,
    "audio_md5": "4bc655e6bfc567d080cd2845b4116ecb",
    "loudness": -20.243362426757812,
    "dynamic_range": 0.0,
    "temporal_centroid": 0.6223698258399963,
    "log_attack_time": -1.2606232166290283,
    "filesize": 14458,
    "single_event": false,
    "tonality": "D major",
    "tonality_confidence": 0.85360187292099,
    "loop": false,
    "tempo": 0,
    "tempo_confidence": 0.0,
    "note_midi": 38,
    "note_name": "D2",
    "note_frequency": 73.43287658691406,
    "note_confidence": 0.9504072666168213,
    "hardness": 48.264010557346666,
    "depth": 54.23577627059596,
    "brightness": 39.464280827553054,
    "roughness": 53.190888296634455,
    "warmth": 68.81231831103162,
    "sharpness": 15.799535151663921,
    "boominess": 39.481254712705194,
    "reverb": false,
    "name": "AKWF_1481.wav",
    "SpectralCentroid": 0.1502608761415687,
    "SpectralSpread": 0.012239382354907229,
    "SpectralKurtosis": 0.8038759482494353,
    "ZeroCrossingRate": 0.4252420127794052,
    "SpectralComplexity": 0.5074626865671642,
    "OddToEvenHarmonicEnergyRatio": 0.279174144216788,
    "Dissonance": 0.9485704749795923,
    "PitchSalience": 0.8253202311026375,
    "HNR": 0.0,
    "NormalizeMethod": "ess_yeojohnson",
    "dco_brightness": 0.25139016093767863,
    "dco_richness": 0.35733456930118024,
    "dco_flatness": 0.35733456930118024,
    "dco_oddenergy": 0.5637421546850826,
    "dco_zcr": 0.22446827716383663
}