{
    "duration": 0.08163265138864517,
    "lossless": 1.0,
    "codec": "pcm_f32le",
    "bitrate": 1411200.0,
    "samplerate": 44100.0,
    "channels": 1.0,
    "audio_md5": "112ac2aabe39e46b6174b082c4e72250",
    "loudness": -12.421866416931152,
    "dynamic_range": 0.0,
    "temporal_centroid": 0.5805991888046265,
    "log_attack_time": -1.360459327697754,
    "filesize": 14458,
    "single_event": false,
    "tonality": "D major",
    "tonality_confidence": 0.8591625690460205,
    "loop": false,
    "tempo": 0,
    "tempo_confidence": 0.0,
    "note_midi": 38,
    "note_name": "D2",
    "note_frequency": 73.44302368164062,
    "note_confidence": 0.9699485301971436,
    "hardness": 34.28254243256956,
    "depth": 62.37165943348232,
    "brightness": 35.49695969404624,
    "roughness": 48.77054598396453,
    "warmth": 70.32018162043877,
    "sharpness": 14.67839389575148,
    "boominess": 50.38713639966279,
    "reverb": false,
    "name": "AKWF_linear_0018.wav",
    "SpectralCentroid": 0.12531188793286857,
    "SpectralSpread": 0.07998161830879674,
    "SpectralKurtosis": 0.7325749943016009,
    "ZeroCrossingRate": 0.4252420127794052,
    "SpectralComplexity": 0.8059701492537313,
    "OddToEvenHarmonicEnergyRatio": 0.16894678897968748,
    "Dissonance": 0.9047008118117353,
    "PitchSalience": 0.3438910333793968,
    "HNR": 0.3337140685367073,
    "NormalizeMethod": "ess_yeojohnson",
    "dco_brightness": 0.1747020256519825,
    "dco_richness": 0.24368386627455513,
    "dco_flatness": 0.24368386627455513,
    "dco_oddenergy": 0.6747111702955833,
    "dco_zcr": 0.14487511069267625
}