{
    "duration": 0.08163265138864517,
    "lossless": 1.0,
    "codec": "pcm_f32le",
    "bitrate": 1411200.0,
    "samplerate": 44100.0,
    "channels": 1.0,
    "audio_md5": "87b426ae89131d995a06214072283116",
    "loudness": -15.261035919189453,
    "dynamic_range": 0.0,
    "temporal_centroid": 0.5857040286064148,
    "log_attack_time": -1.2687749862670898,
    "filesize": 14458,
    "single_event": false,
    "tonality": "D major",
    "tonality_confidence": 0.8203563094139099,
    "loop": false,
    "tempo": 0,
    "tempo_confidence": 0.0,
    "note_midi": 38,
    "note_name": "D2",
    "note_frequency": 73.42839050292969,
    "note_confidence": 0.9567867517471313,
    "hardness": 42.81888461637587,
    "depth": 60.66563842901562,
    "brightness": 40.19041144684263,
    "roughness": 51.39957932982332,
    "warmth": 63.23173458824774,
    "sharpness": 28.23960256415025,
    "boominess": 46.5296334261447,
    "reverb": false,
    "name": "AKWF_1122.wav",
    "SpectralCentroid": 0.3645073091069122,
    "SpectralSpread": 0.46039256687331226,
    "SpectralKurtosis": 0.5915886294488881,
    "ZeroCrossingRate": 0.4252420127794052,
    "SpectralComplexity": 1.0,
    "OddToEvenHarmonicEnergyRatio": 0.10965693095142197,
    "Dissonance": 0.9785348061436988,
    "PitchSalience": 0.3666186584526945,
    "HNR": 0.4232741658510536,
    "NormalizeMethod": "ess_yeojohnson",
    "dco_brightness": 0.18766542983735687,
    "dco_richness": 0.34457738134249744,
    "dco_flatness": 0.34457738134249744,
    "dco_oddenergy": 0.7845666251164645,
    "dco_zcr": 0.14487511069267625
}