{
    "duration": 0.08163265138864517,
    "lossless": 1.0,
    "codec": "pcm_f32le",
    "bitrate": 1411200.0,
    "samplerate": 44100.0,
    "channels": 1.0,
    "audio_md5": "1e7b2a933205c23d693a04326d14ba2d",
    "loudness": -12.501697540283203,
    "dynamic_range": 0.0,
    "temporal_centroid": 0.574664831161499,
    "log_attack_time": -1.443861722946167,
    "filesize": 14458,
    "single_event": false,
    "tonality": "D major",
    "tonality_confidence": 0.5744242072105408,
    "loop": false,
    "tempo": 0,
    "tempo_confidence": 0.0,
    "note_midi": 38,
    "note_name": "D2",
    "note_frequency": 73.4326400756836,
    "note_confidence": 0.988063395023346,
    "hardness": 37.99971683055978,
    "depth": 54.67847364871493,
    "brightness": 43.751428296675684,
    "roughness": 46.714958234323284,
    "warmth": 56.26065831779171,
    "sharpness": 38.7184931953904,
    "boominess": 47.48927690042598,
    "reverb": false
}