{
    "duration": 0.08163265138864517,
    "lossless": 1.0,
    "codec": "pcm_f32le",
    "bitrate": 1411200.0,
    "samplerate": 44100.0,
    "channels": 1.0,
    "audio_md5": "ae04e4d899d45fc1155a4d43785feb94",
    "loudness": -15.16234016418457,
    "dynamic_range": 0.0,
    "temporal_centroid": 0.6068941354751587,
    "log_attack_time": -1.2664042711257935,
    "filesize": 14458,
    "single_event": false,
    "tonality": "D major",
    "tonality_confidence": 0.7819667458534241,
    "loop": false,
    "tempo": 0,
    "tempo_confidence": 0.0,
    "note_midi": 38,
    "note_name": "D2",
    "note_frequency": 73.43042755126953,
    "note_confidence": 0.996618390083313,
    "hardness": 29.46777479593237,
    "depth": 60.90817547458367,
    "brightness": 28.304881341032804,
    "roughness": 46.42458271542193,
    "warmth": 74.06336523648525,
    "sharpness": 0.0,
    "boominess": 54.74404713843949,
    "reverb": false
}