{
    "duration": 0.08163265138864517,
    "lossless": 1.0,
    "codec": "pcm_f32le",
    "bitrate": 1411200.0,
    "samplerate": 44100.0,
    "channels": 1.0,
    "audio_md5": "194dedf7848a1309b3c412ca9ae55b49",
    "loudness": -14.454748153686523,
    "dynamic_range": 0.0,
    "temporal_centroid": 0.5947790145874023,
    "log_attack_time": -1.2735555171966553,
    "filesize": 14458,
    "single_event": false,
    "tonality": "D major",
    "tonality_confidence": 0.7595327496528625,
    "loop": false,
    "tempo": 0,
    "tempo_confidence": 0.0,
    "note_midi": 38,
    "note_name": "D2",
    "note_frequency": 73.4365005493164,
    "note_confidence": 0.9499951601028442,
    "hardness": 51.735275217785244,
    "depth": 62.926053197432275,
    "brightness": 42.716304572275305,
    "roughness": 46.890610651376726,
    "warmth": 60.88773836067469,
    "sharpness": 40.253438616868124,
    "boominess": 48.68841791991977,
    "reverb": false
}