{
    "duration": 0.08163265138864517,
    "lossless": 1.0,
    "codec": "pcm_f32le",
    "bitrate": 1411200.0,
    "samplerate": 44100.0,
    "channels": 1.0,
    "audio_md5": "1b508e5b2fecea2c5222e85ed0e0dfc8",
    "loudness": -16.784759521484375,
    "dynamic_range": 0.0,
    "temporal_centroid": 0.5941758751869202,
    "log_attack_time": -1.2654958963394165,
    "filesize": 14458,
    "single_event": false,
    "tonality": "D major",
    "tonality_confidence": 0.7523787617683411,
    "loop": false,
    "tempo": 0,
    "tempo_confidence": 0.0,
    "note_midi": 38,
    "note_name": "D2",
    "note_frequency": 73.43638610839844,
    "note_confidence": 0.981590747833252,
    "hardness": 34.46666343321267,
    "depth": 60.59090114564211,
    "brightness": 37.73992788299009,
    "roughness": 49.00872624272898,
    "warmth": 68.98816437853861,
    "sharpness": 9.115016508196039,
    "boominess": 46.721044180991086,
    "reverb": false
}