{
    "duration": 0.08163265138864517,
    "lossless": 1.0,
    "codec": "pcm_f32le",
    "bitrate": 1411200.0,
    "samplerate": 44100.0,
    "channels": 1.0,
    "audio_md5": "f8c8685e03794b3fbb555b4cf43d0ba0",
    "loudness": -14.7691068649292,
    "dynamic_range": 0.0,
    "temporal_centroid": 0.588452935218811,
    "log_attack_time": -1.281202793121338,
    "filesize": 14458,
    "single_event": false,
    "tonality": "D major",
    "tonality_confidence": 0.7272606492042542,
    "loop": false,
    "tempo": 0,
    "tempo_confidence": 0.0,
    "note_midi": 38,
    "note_name": "D2",
    "note_frequency": 73.44428253173828,
    "note_confidence": 0.923942506313324,
    "hardness": 39.81802284660668,
    "depth": 59.25913113716278,
    "brightness": 31.969217442155486,
    "roughness": 51.71701249998061,
    "warmth": 66.8170821574641,
    "sharpness": 11.430371252067246,
    "boominess": 42.99435798319891,
    "reverb": false
}