{
    "duration": 0.08163265138864517,
    "lossless": 1.0,
    "codec": "pcm_f32le",
    "bitrate": 1411200.0,
    "samplerate": 44100.0,
    "channels": 1.0,
    "audio_md5": "a6cb68ceca885a8482b41aedcbbdc9e5",
    "loudness": -14.078583717346191,
    "dynamic_range": 0.0,
    "temporal_centroid": 0.5825281143188477,
    "log_attack_time": -1.325332522392273,
    "filesize": 14458,
    "single_event": false,
    "tonality": "C# minor",
    "tonality_confidence": 0.5297048091888428,
    "loop": false,
    "tempo": 0,
    "tempo_confidence": 0.0,
    "note_midi": 38,
    "note_name": "D2",
    "note_frequency": 73.44042205810547,
    "note_confidence": 0.9917026162147522,
    "hardness": 27.604171028450892,
    "depth": 54.7942279972551,
    "brightness": 32.25827597573026,
    "roughness": 36.01043652243756,
    "warmth": 61.67688477096281,
    "sharpness": 8.58209222530396,
    "boominess": 53.81923625473763,
    "reverb": false
}