{
    "duration": 0.08163265138864517,
    "lossless": 1.0,
    "codec": "pcm_f32le",
    "bitrate": 1411200.0,
    "samplerate": 44100.0,
    "channels": 1.0,
    "audio_md5": "a03232057bc498e55975734f5c521d1e",
    "loudness": -13.798898696899414,
    "dynamic_range": 0.0,
    "temporal_centroid": 0.5869180560112,
    "log_attack_time": -1.29965341091156,
    "filesize": 14458,
    "single_event": false,
    "tonality": "D major",
    "tonality_confidence": 0.7188808917999268,
    "loop": false,
    "tempo": 0,
    "tempo_confidence": 0.0,
    "note_midi": 38,
    "note_name": "D2",
    "note_frequency": 73.44390869140625,
    "note_confidence": 0.9283822178840637,
    "hardness": 31.929350529012964,
    "depth": 57.38974745263927,
    "brightness": 26.03584039898994,
    "roughness": 48.18073367414394,
    "warmth": 65.89008525716898,
    "sharpness": 4.858972493611098,
    "boominess": 43.50397972222784,
    "reverb": false
}