{
    "duration": 0.08163265138864517,
    "lossless": 1.0,
    "codec": "pcm_f32le",
    "bitrate": 1411200.0,
    "samplerate": 44100.0,
    "channels": 1.0,
    "audio_md5": "949ad12c4db8741e8a74ae56586876d9",
    "loudness": -15.679679870605469,
    "dynamic_range": 0.0,
    "temporal_centroid": 0.5857113599777222,
    "log_attack_time": -1.3041927814483643,
    "filesize": 14458,
    "single_event": false,
    "tonality": "D# minor",
    "tonality_confidence": 0.4039995074272156,
    "loop": false,
    "tempo": 0,
    "tempo_confidence": 0.0,
    "note_midi": 38,
    "note_name": "D2",
    "note_frequency": 73.44735717773438,
    "note_confidence": 0.9820948839187622,
    "hardness": 30.470282651389553,
    "depth": 54.647447093705416,
    "brightness": 29.08154766384374,
    "roughness": 46.93488897410879,
    "warmth": 65.64087296148497,
    "sharpness": 1.5943319023993752,
    "boominess": 53.58755491669852,
    "reverb": false
}