{
    "duration": 0.08163265138864517,
    "lossless": 1.0,
    "codec": "pcm_f32le",
    "bitrate": 1411200.0,
    "samplerate": 44100.0,
    "channels": 1.0,
    "audio_md5": "0e859cb031f7ec09e9afc94237bd2395",
    "loudness": -15.571218490600586,
    "dynamic_range": 0.0,
    "temporal_centroid": 0.5964652299880981,
    "log_attack_time": -1.275408387184143,
    "filesize": 14458,
    "single_event": false,
    "tonality": "D major",
    "tonality_confidence": 0.8839496970176697,
    "loop": false,
    "tempo": 0,
    "tempo_confidence": 0.0,
    "note_midi": 38,
    "note_name": "D2",
    "note_frequency": 73.4449691772461,
    "note_confidence": 0.8958979249000549,
    "hardness": 33.658042465538585,
    "depth": 49.33298791465664,
    "brightness": 31.261541414318863,
    "roughness": 49.90755808085059,
    "warmth": 71.27301900686183,
    "sharpness": 5.941090791838317,
    "boominess": 40.98581087856884,
    "reverb": false
}