{
    "duration": 0.08163265138864517,
    "lossless": 1.0,
    "codec": "pcm_f32le",
    "bitrate": 1411200.0,
    "samplerate": 44100.0,
    "channels": 1.0,
    "audio_md5": "a3f43cc5b94e5e839eb1676c1022e70c",
    "loudness": -16.160127639770508,
    "dynamic_range": 0.0,
    "temporal_centroid": 0.5980064868927002,
    "log_attack_time": -1.2289644479751587,
    "filesize": 14458,
    "single_event": false,
    "tonality": "D major",
    "tonality_confidence": 0.8368868231773376,
    "loop": false,
    "tempo": 0,
    "tempo_confidence": 0.0,
    "note_midi": 38,
    "note_name": "D2",
    "note_frequency": 73.42839813232422,
    "note_confidence": 0.9899783134460449,
    "hardness": 37.278320771422756,
    "depth": 60.23310787977949,
    "brightness": 34.64247174965011,
    "roughness": 52.126121919532,
    "warmth": 71.8123186328199,
    "sharpness": 8.231410937631974,
    "boominess": 44.209908953541536,
    "reverb": false
}