{
    "duration": 0.08163265138864517,
    "lossless": 1.0,
    "codec": "pcm_f32le",
    "bitrate": 1411200.0,
    "samplerate": 44100.0,
    "channels": 1.0,
    "audio_md5": "559949efd164c3471bdb85706a65b8e7",
    "loudness": -12.665472030639648,
    "dynamic_range": 0.0,
    "temporal_centroid": 0.5838471055030823,
    "log_attack_time": -1.3548495769500732,
    "filesize": 14458,
    "single_event": false,
    "tonality": "A minor",
    "tonality_confidence": 0.4899023473262787,
    "loop": false,
    "tempo": 0,
    "tempo_confidence": 0.0,
    "note_midi": 38,
    "note_name": "D2",
    "note_frequency": 73.446533203125,
    "note_confidence": 0.9512367248535156,
    "hardness": 27.46413882322406,
    "depth": 61.80589722133839,
    "brightness": 21.137473128576886,
    "roughness": 0,
    "warmth": 67.2505580720036,
    "sharpness": 0.5811605058040854,
    "boominess": 47.46532058914438,
    "reverb": false
}