{
    "duration": 0.08163265138864517,
    "lossless": 1.0,
    "codec": "pcm_f32le",
    "bitrate": 1411200.0,
    "samplerate": 44100.0,
    "channels": 1.0,
    "audio_md5": "2a9dee9c191b96823b8db38c8be7af88",
    "loudness": -11.95106029510498,
    "dynamic_range": 0.0,
    "temporal_centroid": 0.5731930136680603,
    "log_attack_time": -1.4441354274749756,
    "filesize": 14458,
    "single_event": false,
    "tonality": "B major",
    "tonality_confidence": 0.2937057614326477,
    "loop": false,
    "tempo": 0,
    "tempo_confidence": 0.0,
    "note_midi": 38,
    "note_name": "D2",
    "note_frequency": 73.42839813232422,
    "note_confidence": 0.9878153204917908,
    "hardness": 67.38643879965119,
    "depth": 61.48045041385912,
    "brightness": 58.17245324017993,
    "roughness": 58.472815830919174,
    "warmth": 50.632283422424116,
    "sharpness": 50.498252315039935,
    "boominess": 36.17589060264725,
    "reverb": false
}