{
    "duration": 0.08163265138864517,
    "lossless": 1.0,
    "codec": "pcm_f32le",
    "bitrate": 1411200.0,
    "samplerate": 44100.0,
    "channels": 1.0,
    "audio_md5": "3020cb9030e8d5a0a7ab22e31f113fd5",
    "loudness": -25.439149856567383,
    "dynamic_range": 0.0,
    "temporal_centroid": 0.6485071182250977,
    "log_attack_time": -1.2189043760299683,
    "filesize": 14458,
    "single_event": false,
    "tonality": "D major",
    "tonality_confidence": 0.351582795381546,
    "loop": false,
    "tempo": 0,
    "tempo_confidence": 0.0,
    "note_midi": 38,
    "note_name": "D2",
    "note_frequency": 73.42839050292969,
    "note_confidence": 0.9992368221282959,
    "hardness": 78.00799949124789,
    "depth": 27.0950608728712,
    "brightness": 76.66383663907843,
    "roughness": 77.84162362850977,
    "warmth": 25.768402477182704,
    "sharpness": 65.34829063644993,
    "boominess": 13.533016408987182,
    "reverb": false
}