{
    "duration": 0.08163265138864517,
    "lossless": 1.0,
    "codec": "pcm_f32le",
    "bitrate": 1411200.0,
    "samplerate": 44100.0,
    "channels": 1.0,
    "audio_md5": "d9506e4084b473b44265b0f0b51a5033",
    "loudness": -15.12439250946045,
    "dynamic_range": 0.0,
    "temporal_centroid": 0.5900638699531555,
    "log_attack_time": -1.2728166580200195,
    "filesize": 14458,
    "single_event": false,
    "tonality": "D minor",
    "tonality_confidence": 0.5656554102897644,
    "loop": false,
    "tempo": 0,
    "tempo_confidence": 0.0,
    "note_midi": 38,
    "note_name": "D2",
    "note_frequency": 73.42845153808594,
    "note_confidence": 0.9979038834571838,
    "hardness": 62.9399518022168,
    "depth": 53.91943303564447,
    "brightness": 55.385263282760576,
    "roughness": 55.34175149884982,
    "warmth": 49.75691962101088,
    "sharpness": 48.21042134812891,
    "boominess": 37.9834655681537,
    "reverb": false
}