{
    "duration": 0.08163265138864517,
    "lossless": 1.0,
    "codec": "pcm_f32le",
    "bitrate": 1411200.0,
    "samplerate": 44100.0,
    "channels": 1.0,
    "audio_md5": "8ae7b3635a45ddafa7e90b538d52e733",
    "loudness": -13.67370319366455,
    "dynamic_range": 0.0,
    "temporal_centroid": 0.5750921964645386,
    "log_attack_time": -1.395729899406433,
    "filesize": 14458,
    "single_event": false,
    "tonality": "D major",
    "tonality_confidence": 0.5551571249961853,
    "loop": false,
    "tempo": 0,
    "tempo_confidence": 0.0,
    "note_midi": 38,
    "note_name": "D2",
    "note_frequency": 73.46961212158203,
    "note_confidence": 0.9506717920303345,
    "hardness": 33.99721169747443,
    "depth": 63.10781208692921,
    "brightness": 25.952092276154872,
    "roughness": 40.96016621058647,
    "warmth": 63.26475874000135,
    "sharpness": 8.485275659333261,
    "boominess": 49.510861348405236,
    "reverb": false
}