{
    "duration": 0.08163265138864517,
    "lossless": 1.0,
    "codec": "pcm_f32le",
    "bitrate": 1411200.0,
    "samplerate": 44100.0,
    "channels": 1.0,
    "audio_md5": "823cfd473e80bf8cd0660906d790693b",
    "loudness": -19.616907119750977,
    "dynamic_range": 0.0,
    "temporal_centroid": 0.6009184718132019,
    "log_attack_time": -1.242693543434143,
    "filesize": 14458,
    "single_event": false,
    "tonality": "D major",
    "tonality_confidence": 0.8227767944335938,
    "loop": false,
    "tempo": 0,
    "tempo_confidence": 0.0,
    "note_midi": 39,
    "note_name": "D#2",
    "note_frequency": 75.6697006225586,
    "note_confidence": 0.8509082198143005,
    "hardness": 58.07488033693781,
    "depth": 55.823876674704444,
    "brightness": 59.051387258144146,
    "roughness": 62.52081715673675,
    "warmth": 52.62196308518101,
    "sharpness": 42.29758052394836,
    "boominess": 33.447609640158674,
    "reverb": false
}