{
    "duration": 0.08163265138864517,
    "lossless": 1.0,
    "codec": "pcm_f32le",
    "bitrate": 1411200.0,
    "samplerate": 44100.0,
    "channels": 1.0,
    "audio_md5": "a7b1979b8ccff0a0479b820133158b02",
    "loudness": -15.301889419555664,
    "dynamic_range": 0.0,
    "temporal_centroid": 0.5956082344055176,
    "log_attack_time": -1.2765238285064697,
    "filesize": 14458,
    "single_event": false,
    "tonality": "D minor",
    "tonality_confidence": 0.8792794942855835,
    "loop": false,
    "tempo": 0,
    "tempo_confidence": 0.0,
    "note_midi": 38,
    "note_name": "D2",
    "note_frequency": 73.42838287353516,
    "note_confidence": 0.9299700856208801,
    "hardness": 72.14317064223303,
    "depth": 37.14996117351224,
    "brightness": 57.95929085946875,
    "roughness": 70.87698140757324,
    "warmth": 45.57947108846989,
    "sharpness": 47.940915655406016,
    "boominess": 25.899372115916183,
    "reverb": false
}