{
    "duration": 0.08163265138864517,
    "lossless": 1.0,
    "codec": "pcm_f32le",
    "bitrate": 1411200.0,
    "samplerate": 44100.0,
    "channels": 1.0,
    "audio_md5": "0c9d14c6d755a8bee1c5b3c013753650",
    "loudness": -17.386384963989258,
    "dynamic_range": 0.0,
    "temporal_centroid": 0.6033406257629395,
    "log_attack_time": -1.2689578533172607,
    "filesize": 14458,
    "single_event": false,
    "tonality": "D major",
    "tonality_confidence": 0.7822895646095276,
    "loop": false,
    "tempo": 0,
    "tempo_confidence": 0.0,
    "note_midi": 38,
    "note_name": "D2",
    "note_frequency": 73.45032501220703,
    "note_confidence": 0.8495883345603943,
    "hardness": 46.70068074242894,
    "depth": 56.857268334999844,
    "brightness": 42.015623653432385,
    "roughness": 53.330921018148935,
    "warmth": 67.28266583249444,
    "sharpness": 23.442841877479225,
    "boominess": 40.25575703212079,
    "reverb": false
}