{
    "duration": 0.08163265138864517,
    "lossless": 1.0,
    "codec": "pcm_f32le",
    "bitrate": 1411200.0,
    "samplerate": 44100.0,
    "channels": 1.0,
    "audio_md5": "87f8b5ab1f9e5e229440e9fcbb91f368",
    "loudness": -15.699797630310059,
    "dynamic_range": 0.0,
    "temporal_centroid": 0.5854023098945618,
    "log_attack_time": -1.26713228225708,
    "filesize": 14458,
    "single_event": false,
    "tonality": "D major",
    "tonality_confidence": 0.6534344553947449,
    "loop": false,
    "tempo": 0,
    "tempo_confidence": 0.0,
    "note_midi": 38,
    "note_name": "D2",
    "note_frequency": 73.4284439086914,
    "note_confidence": 0.9536855220794678,
    "hardness": 25.30428207214193,
    "depth": 58.30481821180274,
    "brightness": 16.791189012412403,
    "roughness": 34.387266018095566,
    "warmth": 61.874759241341486,
    "sharpness": 0.0,
    "boominess": 55.7286052823516,
    "reverb": false
}