{
    "duration": 0.08163265138864517,
    "lossless": 1.0,
    "codec": "pcm_f32le",
    "bitrate": 1411200.0,
    "samplerate": 44100.0,
    "channels": 1.0,
    "audio_md5": "97a88b7c0fa69af074687091a1d68713",
    "loudness": -15.374266624450684,
    "dynamic_range": 0.0,
    "temporal_centroid": 0.5922737717628479,
    "log_attack_time": -1.3057829141616821,
    "filesize": 14458,
    "single_event": false,
    "tonality": "D major",
    "tonality_confidence": 0.7429307103157043,
    "loop": false,
    "tempo": 0,
    "tempo_confidence": 0.0,
    "note_midi": 38,
    "note_name": "D2",
    "note_frequency": 73.42839813232422,
    "note_confidence": 0.9285653233528137,
    "hardness": 75.8058964102635,
    "depth": 47.25836882609742,
    "brightness": 59.28346916210581,
    "roughness": 68.37218897954995,
    "warmth": 49.368827325424874,
    "sharpness": 49.983162278170376,
    "boominess": 33.35872343033596,
    "reverb": false
}