{
    "duration": 0.08163265138864517,
    "lossless": 1.0,
    "codec": "pcm_f32le",
    "bitrate": 1411200.0,
    "samplerate": 44100.0,
    "channels": 1.0,
    "audio_md5": "379158dbe8cbf147f06d72af269d4651",
    "loudness": -13.549036979675293,
    "dynamic_range": 0.0,
    "temporal_centroid": 0.5785145163536072,
    "log_attack_time": -1.3497519493103027,
    "filesize": 14458,
    "single_event": false,
    "tonality": "D major",
    "tonality_confidence": 0.7586775422096252,
    "loop": false,
    "tempo": 0,
    "tempo_confidence": 0.0,
    "note_midi": 38,
    "note_name": "D2",
    "note_frequency": 73.42892456054688,
    "note_confidence": 0.9412522912025452,
    "hardness": 72.06197114373282,
    "depth": 57.05723378625903,
    "brightness": 58.75011170445794,
    "roughness": 66.1995549501608,
    "warmth": 49.21070985895832,
    "sharpness": 49.94609297709964,
    "boominess": 36.22915875330577,
    "reverb": false
}