{
    "duration": 0.08163265138864517,
    "lossless": 1.0,
    "codec": "pcm_f32le",
    "bitrate": 1411200.0,
    "samplerate": 44100.0,
    "channels": 1.0,
    "audio_md5": "3828245c2bf1faf56df6f7811874a68b",
    "loudness": -14.843426704406738,
    "dynamic_range": 0.0,
    "temporal_centroid": 0.5798068046569824,
    "log_attack_time": -1.3725969791412354,
    "filesize": 14458,
    "single_event": false,
    "tonality": "D minor",
    "tonality_confidence": 0.7478199005126953,
    "loop": false,
    "tempo": 0,
    "tempo_confidence": 0.0,
    "note_midi": 38,
    "note_name": "D2",
    "note_frequency": 73.43302917480469,
    "note_confidence": 0.9889987707138062,
    "hardness": 42.651279639369335,
    "depth": 62.51447643875964,
    "brightness": 40.37427349724736,
    "roughness": 51.83919394397872,
    "warmth": 65.41432304653435,
    "sharpness": 26.3974543337409,
    "boominess": 45.83716621905181,
    "reverb": false
}