{
    "duration": 0.08163265138864517,
    "lossless": 1.0,
    "codec": "pcm_f32le",
    "bitrate": 1411200.0,
    "samplerate": 44100.0,
    "channels": 1.0,
    "audio_md5": "2324f846bd28dd8a21a5e3044d805730",
    "loudness": -14.014028549194336,
    "dynamic_range": 0.0,
    "temporal_centroid": 0.5761928558349609,
    "log_attack_time": -1.3449312448501587,
    "filesize": 14458,
    "single_event": false,
    "tonality": "D major",
    "tonality_confidence": 0.4704665243625641,
    "loop": false,
    "tempo": 0,
    "tempo_confidence": 0.0,
    "note_midi": 38,
    "note_name": "D2",
    "note_frequency": 73.43091583251953,
    "note_confidence": 0.9839487671852112,
    "hardness": 52.573056368340815,
    "depth": 62.05480283166714,
    "brightness": 49.150443138912124,
    "roughness": 53.640755273504766,
    "warmth": 56.94254668194161,
    "sharpness": 40.07089017008523,
    "boominess": 40.32325934311969,
    "reverb": false
}