{
    "duration": 0.08163265138864517,
    "lossless": 1.0,
    "codec": "pcm_f32le",
    "bitrate": 1411200.0,
    "samplerate": 44100.0,
    "channels": 1.0,
    "audio_md5": "900c98ab7fa03a6678f57f964d3c61f2",
    "loudness": -16.569107055664062,
    "dynamic_range": 0.0,
    "temporal_centroid": 0.5926649570465088,
    "log_attack_time": -1.2119503021240234,
    "filesize": 14458,
    "single_event": false,
    "tonality": "D major",
    "tonality_confidence": 0.7620468139648438,
    "loop": false,
    "tempo": 0,
    "tempo_confidence": 0.0,
    "note_midi": 38,
    "note_name": "D2",
    "note_frequency": 73.43651580810547,
    "note_confidence": 0.9563972353935242,
    "hardness": 42.882849554091734,
    "depth": 58.74686256949199,
    "brightness": 38.51376134523842,
    "roughness": 53.498946908766925,
    "warmth": 67.00657325417937,
    "sharpness": 15.04440807835245,
    "boominess": 42.96569469304142,
    "reverb": false
}