{
    "duration": 0.08163265138864517,
    "lossless": 1.0,
    "codec": "pcm_f32le",
    "bitrate": 1411200.0,
    "samplerate": 44100.0,
    "channels": 1.0,
    "audio_md5": "c08cd06df45cfb418aa2b797b3b7fce4",
    "loudness": -16.54412078857422,
    "dynamic_range": 0.0,
    "temporal_centroid": 0.5993036031723022,
    "log_attack_time": -1.2654958963394165,
    "filesize": 14458,
    "single_event": false,
    "tonality": "D major",
    "tonality_confidence": 0.8670202493667603,
    "loop": false,
    "tempo": 0,
    "tempo_confidence": 0.0,
    "note_midi": 38,
    "note_name": "D2",
    "note_frequency": 73.43794250488281,
    "note_confidence": 0.9079369306564331,
    "hardness": 50.22336707184414,
    "depth": 54.640701833966475,
    "brightness": 45.620068891866495,
    "roughness": 55.4663044074617,
    "warmth": 63.36755814401796,
    "sharpness": 34.20857189521338,
    "boominess": 37.36497106595128,
    "reverb": false
}