{
    "duration": 0.08163265138864517,
    "lossless": 1.0,
    "codec": "pcm_f32le",
    "bitrate": 1411200.0,
    "samplerate": 44100.0,
    "channels": 1.0,
    "audio_md5": "b9fb55b782ea48b7beb0ca9115f06df1",
    "loudness": -14.060623168945312,
    "dynamic_range": 0.0,
    "temporal_centroid": 0.5821941494941711,
    "log_attack_time": -1.3109912872314453,
    "filesize": 14458,
    "single_event": false,
    "tonality": "D major",
    "tonality_confidence": 0.5927888751029968,
    "loop": false,
    "tempo": 0,
    "tempo_confidence": 0.0,
    "note_midi": 38,
    "note_name": "D2",
    "note_frequency": 73.43624877929688,
    "note_confidence": 0.9749818444252014,
    "hardness": 48.07542280843481,
    "depth": 54.79489557197279,
    "brightness": 42.303846908552785,
    "roughness": 43.936588206467704,
    "warmth": 50.75341856539269,
    "sharpness": 41.05960348877657,
    "boominess": 51.40325042952531,
    "reverb": false
}