{
    "duration": 0.08163265138864517,
    "lossless": 1.0,
    "codec": "pcm_f32le",
    "bitrate": 1411200.0,
    "samplerate": 44100.0,
    "channels": 1.0,
    "audio_md5": "296831bf57329e428d12d48f5659bd4f",
    "loudness": -14.267251014709473,
    "dynamic_range": 0.0,
    "temporal_centroid": 0.5949627161026001,
    "log_attack_time": -1.3016213178634644,
    "filesize": 14458,
    "single_event": false,
    "tonality": "D major",
    "tonality_confidence": 0.8571740388870239,
    "loop": false,
    "tempo": 0,
    "tempo_confidence": 0.0,
    "note_midi": 50,
    "note_name": "D3",
    "note_frequency": 147.6526336669922,
    "note_confidence": 0.8509576320648193,
    "hardness": 37.24373011220001,
    "depth": 59.26469723633405,
    "brightness": 26.54280258820283,
    "roughness": 44.2325429064326,
    "warmth": 64.24409288376506,
    "sharpness": 11.272771242042118,
    "boominess": 44.238248725836826,
    "reverb": false
}