{
    "duration": 0.08163265138864517,
    "lossless": 1.0,
    "codec": "pcm_f32le",
    "bitrate": 1411200.0,
    "samplerate": 44100.0,
    "channels": 1.0,
    "audio_md5": "c52215e98c2fab15bc86d0239c61030a",
    "loudness": -13.224308013916016,
    "dynamic_range": 0.0,
    "temporal_centroid": 0.5806153416633606,
    "log_attack_time": -1.3749256134033203,
    "filesize": 14458,
    "single_event": false,
    "tonality": "D minor",
    "tonality_confidence": 0.8626140356063843,
    "loop": false,
    "tempo": 0,
    "tempo_confidence": 0.0,
    "note_midi": 38,
    "note_name": "D2",
    "note_frequency": 73.44342803955078,
    "note_confidence": 0.9477788805961609,
    "hardness": 35.0903051000446,
    "depth": 60.712916947645624,
    "brightness": 29.508755021747625,
    "roughness": 42.14905099996846,
    "warmth": 66.26124299592576,
    "sharpness": 9.859700750526905,
    "boominess": 43.06058033814891,
    "reverb": false
}