{
    "duration": 0.08163265138864517,
    "lossless": 1.0,
    "codec": "pcm_f32le",
    "bitrate": 1411200.0,
    "samplerate": 44100.0,
    "channels": 1.0,
    "audio_md5": "f5145f95b0bd68523304395ab3c73379",
    "loudness": -15.415491104125977,
    "dynamic_range": 0.0,
    "temporal_centroid": 0.5886512398719788,
    "log_attack_time": -1.2887955904006958,
    "filesize": 14458,
    "single_event": false,
    "tonality": "D major",
    "tonality_confidence": 0.8550722002983093,
    "loop": false,
    "tempo": 0,
    "tempo_confidence": 0.0,
    "note_midi": 38,
    "note_name": "D2",
    "note_frequency": 73.4327621459961,
    "note_confidence": 0.938300609588623,
    "hardness": 46.64059826466945,
    "depth": 51.043157031855685,
    "brightness": 41.29075092890232,
    "roughness": 45.349482603169676,
    "warmth": 58.47694631043985,
    "sharpness": 20.75169858274633,
    "boominess": 34.20948062520388,
    "reverb": false
}