{
    "duration": 0.08163265138864517,
    "lossless": 1.0,
    "codec": "pcm_f32le",
    "bitrate": 1411200.0,
    "samplerate": 44100.0,
    "channels": 1.0,
    "audio_md5": "4d9b636370980f4f7a02506fd0f2cf19",
    "loudness": -9.880727767944336,
    "dynamic_range": 0.0,
    "temporal_centroid": 0.5544412136077881,
    "log_attack_time": -1.6731626987457275,
    "filesize": 14458,
    "single_event": false,
    "tonality": "A major",
    "tonality_confidence": 0.5979263782501221,
    "loop": false,
    "tempo": 0,
    "tempo_confidence": 0.0,
    "note_midi": 38,
    "note_name": "D2",
    "note_frequency": 73.42935943603516,
    "note_confidence": 0.9702712297439575,
    "hardness": 65.8121871728872,
    "depth": 61.25820824844601,
    "brightness": 55.14049663366107,
    "roughness": 60.56395103597909,
    "warmth": 52.192677498399625,
    "sharpness": 47.06084596520676,
    "boominess": 36.48862143934381,
    "reverb": false
}