{
    "duration": 0.08163265138864517,
    "lossless": 1.0,
    "codec": "pcm_f32le",
    "bitrate": 1411200.0,
    "samplerate": 44100.0,
    "channels": 1.0,
    "audio_md5": "3eb02b391085616762d566892e611988",
    "loudness": -14.990694046020508,
    "dynamic_range": 0.0,
    "temporal_centroid": 0.599390983581543,
    "log_attack_time": -1.2698734998703003,
    "filesize": 14458,
    "single_event": false,
    "tonality": "D major",
    "tonality_confidence": 0.6760128736495972,
    "loop": false,
    "tempo": 0,
    "tempo_confidence": 0.0,
    "note_midi": 38,
    "note_name": "D2",
    "note_frequency": 73.42991638183594,
    "note_confidence": 0.938355565071106,
    "hardness": 69.10180954749282,
    "depth": 62.05646644831021,
    "brightness": 50.319163204579965,
    "roughness": 58.15232692758947,
    "warmth": 55.379519699612516,
    "sharpness": 47.2551346632175,
    "boominess": 41.8094499268159,
    "reverb": false
}