{
    "duration": 0.08163265138864517,
    "lossless": 1.0,
    "codec": "pcm_f32le",
    "bitrate": 1411200.0,
    "samplerate": 44100.0,
    "channels": 1.0,
    "audio_md5": "ca02e39986379b9ce6dceea46f98b472",
    "loudness": -25.022092819213867,
    "dynamic_range": 0.0,
    "temporal_centroid": 0.6357607841491699,
    "log_attack_time": -1.2382391691207886,
    "filesize": 14458,
    "single_event": false,
    "tonality": "D major",
    "tonality_confidence": 0.7036869525909424,
    "loop": false,
    "tempo": 0,
    "tempo_confidence": 0.0,
    "note_midi": 38,
    "note_name": "D2",
    "note_frequency": 73.42845153808594,
    "note_confidence": 0.7736718058586121,
    "hardness": 88.72799782635516,
    "depth": 33.77349583728452,
    "brightness": 77.40378899389248,
    "roughness": 83.87846714192827,
    "warmth": 25.913231818951374,
    "sharpness": 65.45879434526951,
    "boominess": 18.657773199432697,
    "reverb": false
}