{
    "duration": 0.08163265138864517,
    "lossless": 1.0,
    "codec": "pcm_f32le",
    "bitrate": 1411200.0,
    "samplerate": 44100.0,
    "channels": 1.0,
    "audio_md5": "8dba9927e47a011add358eb0673ec3de",
    "loudness": -12.183341979980469,
    "dynamic_range": 0.0,
    "temporal_centroid": 0.5779120922088623,
    "log_attack_time": -1.39597487449646,
    "filesize": 14458,
    "single_event": false,
    "tonality": "D major",
    "tonality_confidence": 0.7490872740745544,
    "loop": false,
    "tempo": 0,
    "tempo_confidence": 0.0,
    "note_midi": 38,
    "note_name": "D2",
    "note_frequency": 73.42839813232422,
    "note_confidence": 0.9271572232246399,
    "hardness": 73.0622741428445,
    "depth": 56.84669097508331,
    "brightness": 54.58011268134305,
    "roughness": 65.9952406074351,
    "warmth": 55.76712361722327,
    "sharpness": 47.460102160283945,
    "boominess": 36.34117942839438,
    "reverb": false
}