{
    "duration": 0.08163265138864517,
    "lossless": 1.0,
    "codec": "pcm_f32le",
    "bitrate": 1411200.0,
    "samplerate": 44100.0,
    "channels": 1.0,
    "audio_md5": "ff27f26d8b96885c56d6a24339015679",
    "loudness": -14.134674072265625,
    "dynamic_range": 0.0,
    "temporal_centroid": 0.5933493375778198,
    "log_attack_time": -1.2969133853912354,
    "filesize": 14458,
    "single_event": false,
    "tonality": "D minor",
    "tonality_confidence": 0.8145572543144226,
    "loop": false,
    "tempo": 0,
    "tempo_confidence": 0.0,
    "note_midi": 38,
    "note_name": "D2",
    "note_frequency": 73.46312713623047,
    "note_confidence": 0.9560192823410034,
    "hardness": 26.113975413819347,
    "depth": 63.242404401182135,
    "brightness": 16.992146037552402,
    "roughness": 28.243203770322225,
    "warmth": 64.23864167365367,
    "sharpness": 0.0,
    "boominess": 55.37505067674415,
    "reverb": false
}