{
    "duration": 0.08163265138864517,
    "lossless": 1.0,
    "codec": "pcm_f32le",
    "bitrate": 1411200.0,
    "samplerate": 44100.0,
    "channels": 1.0,
    "audio_md5": "2484f7d95084b13c45d881b639b107ca",
    "loudness": -14.882087707519531,
    "dynamic_range": 0.0,
    "temporal_centroid": 0.5843713283538818,
    "log_attack_time": -1.26386559009552,
    "filesize": 14458,
    "single_event": false,
    "tonality": "D major",
    "tonality_confidence": 0.7783337235450745,
    "loop": false,
    "tempo": 0,
    "tempo_confidence": 0.0,
    "note_midi": 38,
    "note_name": "D2",
    "note_frequency": 73.42859649658203,
    "note_confidence": 0.96859210729599,
    "hardness": 27.445661212666224,
    "depth": 61.36779534890036,
    "brightness": 28.384979640289135,
    "roughness": 46.724547570232936,
    "warmth": 64.89802008407594,
    "sharpness": 0.0,
    "boominess": 48.259982713879694,
    "reverb": false
}