{
    "duration": 0.08163265138864517,
    "lossless": 1.0,
    "codec": "pcm_f32le",
    "bitrate": 1411200.0,
    "samplerate": 44100.0,
    "channels": 1.0,
    "audio_md5": "cd25379135393b96e354b50bbc03bbdc",
    "loudness": -16.213520050048828,
    "dynamic_range": 0.0,
    "temporal_centroid": 0.5918307304382324,
    "log_attack_time": -1.2647706270217896,
    "filesize": 14458,
    "single_event": false,
    "tonality": "D minor",
    "tonality_confidence": 0.6473193764686584,
    "loop": false,
    "tempo": 0,
    "tempo_confidence": 0.0,
    "note_midi": 38,
    "note_name": "D2",
    "note_frequency": 73.42841339111328,
    "note_confidence": 0.9663093090057373,
    "hardness": 47.51831337640351,
    "depth": 60.425489147984436,
    "brightness": 43.46998951654383,
    "roughness": 55.18293140697703,
    "warmth": 66.39517103310554,
    "sharpness": 31.174933099566047,
    "boominess": 43.02945673876991,
    "reverb": false
}