{
    "duration": 0.08163265138864517,
    "lossless": 1.0,
    "codec": "pcm_f32le",
    "bitrate": 1411200.0,
    "samplerate": 44100.0,
    "channels": 1.0,
    "audio_md5": "e2e4f0ab750b5f86a64bf0cef1261b8c",
    "loudness": -11.493467330932617,
    "dynamic_range": 0.0,
    "temporal_centroid": 0.5656264424324036,
    "log_attack_time": -1.5416619777679443,
    "filesize": 14458,
    "single_event": false,
    "tonality": "D major",
    "tonality_confidence": 0.6821774840354919,
    "loop": false,
    "tempo": 0,
    "tempo_confidence": 0.0,
    "note_midi": 38,
    "note_name": "D2",
    "note_frequency": 73.46259307861328,
    "note_confidence": 0.9640815854072571,
    "hardness": 33.94659155295102,
    "depth": 63.20449646966219,
    "brightness": 34.77622815234594,
    "roughness": 48.05570747582124,
    "warmth": 59.5546334446168,
    "sharpness": 12.477332215871488,
    "boominess": 49.6720916033179,
    "reverb": false
}