{
    "duration": 0.08163265138864517,
    "lossless": 1.0,
    "codec": "pcm_f32le",
    "bitrate": 1411200.0,
    "samplerate": 44100.0,
    "channels": 1.0,
    "audio_md5": "8d7bb1a49ff9db6248d1cd5df4a9e263",
    "loudness": -13.941791534423828,
    "dynamic_range": 0.0,
    "temporal_centroid": 0.5847106575965881,
    "log_attack_time": -1.3097838163375854,
    "filesize": 14458,
    "single_event": false,
    "tonality": "A# major",
    "tonality_confidence": 0.6340423226356506,
    "loop": false,
    "tempo": 0,
    "tempo_confidence": 0.0,
    "note_midi": 38,
    "note_name": "D2",
    "note_frequency": 73.4710922241211,
    "note_confidence": 0.9708313941955566,
    "hardness": 24.688931194043093,
    "depth": 54.79685307975359,
    "brightness": 25.670238686422493,
    "roughness": 40.97727238610545,
    "warmth": 64.05977407793748,
    "sharpness": 0.0,
    "boominess": 57.71611391797413,
    "reverb": false
}