{
    "duration": 0.08163265138864517,
    "lossless": 1.0,
    "codec": "pcm_f32le",
    "bitrate": 1411200.0,
    "samplerate": 44100.0,
    "channels": 1.0,
    "audio_md5": "05426d15d1fb83b0798eab492777a272",
    "loudness": -12.643117904663086,
    "dynamic_range": 0.0,
    "temporal_centroid": 0.5719456076622009,
    "log_attack_time": -1.4560726881027222,
    "filesize": 14458,
    "single_event": false,
    "tonality": "C# minor",
    "tonality_confidence": 0.3476814329624176,
    "loop": false,
    "tempo": 0,
    "tempo_confidence": 0.0,
    "note_midi": 38,
    "note_name": "D2",
    "note_frequency": 73.46389770507812,
    "note_confidence": 0.9760106801986694,
    "hardness": 29.878846757355376,
    "depth": 54.78280374993729,
    "brightness": 32.406161071798294,
    "roughness": 46.54621308307398,
    "warmth": 61.88986995137081,
    "sharpness": 8.479784234899686,
    "boominess": 53.35157320546476,
    "reverb": false
}