{
    "duration": 0.08163265138864517,
    "lossless": 1.0,
    "codec": "pcm_f32le",
    "bitrate": 1411200.0,
    "samplerate": 44100.0,
    "channels": 1.0,
    "audio_md5": "6544bdb09033147c0d4f3945e5584ff9",
    "loudness": -13.997373580932617,
    "dynamic_range": 0.0,
    "temporal_centroid": 0.5775259733200073,
    "log_attack_time": -1.3410265445709229,
    "filesize": 14458,
    "single_event": false,
    "tonality": "A major",
    "tonality_confidence": 0.6343191862106323,
    "loop": false,
    "tempo": 0,
    "tempo_confidence": 0.0,
    "note_midi": 38,
    "note_name": "D2",
    "note_frequency": 73.43062591552734,
    "note_confidence": 0.930085301399231,
    "hardness": 64.41584970942452,
    "depth": 54.07120228978905,
    "brightness": 51.598996694357204,
    "roughness": 62.71389154565326,
    "warmth": 62.43413768984191,
    "sharpness": 43.241486417021314,
    "boominess": 32.929823135455976,
    "reverb": false
}