{
    "duration": 0.08163265138864517,
    "lossless": 1.0,
    "codec": "pcm_f32le",
    "bitrate": 1411200.0,
    "samplerate": 44100.0,
    "channels": 1.0,
    "audio_md5": "1d5e3fdb23c22d4201fba6d785cb5b89",
    "loudness": -10.962249755859375,
    "dynamic_range": 0.0,
    "temporal_centroid": 0.5634520053863525,
    "log_attack_time": -1.5496182441711426,
    "filesize": 14458,
    "single_event": false,
    "tonality": "C# minor",
    "tonality_confidence": 0.3933911919593811,
    "loop": false,
    "tempo": 0,
    "tempo_confidence": 0.0,
    "note_midi": 38,
    "note_name": "D2",
    "note_frequency": 73.44176483154297,
    "note_confidence": 0.979978621006012,
    "hardness": 36.52282558480189,
    "depth": 54.33193337781264,
    "brightness": 39.02612676866491,
    "roughness": 34.19060151584462,
    "warmth": 64.8966099791466,
    "sharpness": 19.371657314311864,
    "boominess": 46.97894670052004,
    "reverb": false
}