{
    "duration": 0.08163265138864517,
    "lossless": 1.0,
    "codec": "pcm_f32le",
    "bitrate": 1411200.0,
    "samplerate": 44100.0,
    "channels": 1.0,
    "audio_md5": "49166d751a0bf8acbe34ce046e755f8b",
    "loudness": -17.354339599609375,
    "dynamic_range": 0.0,
    "temporal_centroid": 0.5956574082374573,
    "log_attack_time": -1.2512145042419434,
    "filesize": 14458,
    "single_event": false,
    "tonality": "D major",
    "tonality_confidence": 0.7790334820747375,
    "loop": false,
    "tempo": 0,
    "tempo_confidence": 0.0,
    "note_midi": 38,
    "note_name": "D2",
    "note_frequency": 73.42851257324219,
    "note_confidence": 0.9825431108474731,
    "hardness": 41.89056906254643,
    "depth": 57.82157003300134,
    "brightness": 39.3052823553338,
    "roughness": 52.738753236905985,
    "warmth": 68.7493193302877,
    "sharpness": 11.781059031392196,
    "boominess": 41.53772467577792,
    "reverb": false
}