{
    "duration": 0.08163265138864517,
    "lossless": 1.0,
    "codec": "pcm_f32le",
    "bitrate": 1411200.0,
    "samplerate": 44100.0,
    "channels": 1.0,
    "audio_md5": "5a5018bcac2069036b54b2af1f10ac2f",
    "loudness": -12.005459785461426,
    "dynamic_range": 0.0,
    "temporal_centroid": 0.569032609462738,
    "log_attack_time": -1.4709609746932983,
    "filesize": 14458,
    "single_event": false,
    "tonality": "D major",
    "tonality_confidence": 0.6273602843284607,
    "loop": false,
    "tempo": 0,
    "tempo_confidence": 0.0,
    "note_midi": 38,
    "note_name": "D2",
    "note_frequency": 73.43680572509766,
    "note_confidence": 0.9831874966621399,
    "hardness": 42.625812633331236,
    "depth": 63.49285652455742,
    "brightness": 44.18728005829101,
    "roughness": 47.041477320615996,
    "warmth": 59.270357547168814,
    "sharpness": 35.394653842024695,
    "boominess": 47.48833918589348,
    "reverb": false
}