{
    "duration": 0.08163265138864517,
    "lossless": 1.0,
    "codec": "pcm_f32le",
    "bitrate": 1411200.0,
    "samplerate": 44100.0,
    "channels": 1.0,
    "audio_md5": "7126933457db9c0bfe940566094c83ae",
    "loudness": -14.94732666015625,
    "dynamic_range": 0.0,
    "temporal_centroid": 0.5939757823944092,
    "log_attack_time": -1.2618813514709473,
    "filesize": 14458,
    "single_event": false,
    "tonality": "D major",
    "tonality_confidence": 0.8616458177566528,
    "loop": false,
    "tempo": 0,
    "tempo_confidence": 0.0,
    "note_midi": 50,
    "note_name": "D3",
    "note_frequency": 146.85838317871094,
    "note_confidence": 0.999995231628418,
    "hardness": 63.51202649817901,
    "depth": 53.483082295330895,
    "brightness": 49.85212275971493,
    "roughness": 54.110723219808136,
    "warmth": 57.49910263054768,
    "sharpness": 43.03270245623354,
    "boominess": 36.0836181360996,
    "reverb": false
}