{
    "duration": 0.08163265138864517,
    "lossless": 1.0,
    "codec": "pcm_f32le",
    "bitrate": 1411200.0,
    "samplerate": 44100.0,
    "channels": 1.0,
    "audio_md5": "2eb21a61d65471d7d1b8adacf9cb00c4",
    "loudness": -12.970876693725586,
    "dynamic_range": 0.0,
    "temporal_centroid": 0.5716280341148376,
    "log_attack_time": -1.459463357925415,
    "filesize": 14458,
    "single_event": false,
    "tonality": "D major",
    "tonality_confidence": 0.760962724685669,
    "loop": false,
    "tempo": 0,
    "tempo_confidence": 0.0,
    "note_midi": 38,
    "note_name": "D2",
    "note_frequency": 73.45478820800781,
    "note_confidence": 0.9816781878471375,
    "hardness": 27.904649085156578,
    "depth": 63.58753471368784,
    "brightness": 32.479128887233074,
    "roughness": 44.84069447901937,
    "warmth": 61.6232838661473,
    "sharpness": 8.582822738371753,
    "boominess": 53.685807703369136,
    "reverb": false
}