{
    "duration": 0.08163265138864517,
    "lossless": 1.0,
    "codec": "pcm_f32le",
    "bitrate": 1411200.0,
    "samplerate": 44100.0,
    "channels": 1.0,
    "audio_md5": "49812f1d5c6c11f900ec06833303cf55",
    "loudness": -13.085302352905273,
    "dynamic_range": 0.0,
    "temporal_centroid": 0.5780453681945801,
    "log_attack_time": -1.3853226900100708,
    "filesize": 14458,
    "single_event": false,
    "tonality": "D# minor",
    "tonality_confidence": 0.8687998056411743,
    "loop": false,
    "tempo": 0,
    "tempo_confidence": 0.0,
    "note_midi": 38,
    "note_name": "D2",
    "note_frequency": 73.43315124511719,
    "note_confidence": 0.9873969554901123,
    "hardness": 33.530028736105365,
    "depth": 54.885198203653076,
    "brightness": 43.26146781170115,
    "roughness": 0,
    "warmth": 45.71384339175579,
    "sharpness": 42.76511230408599,
    "boominess": 56.19779166057468,
    "reverb": false
}