{
    "duration": 0.08163265138864517,
    "lossless": 1.0,
    "codec": "pcm_f32le",
    "bitrate": 1411200.0,
    "samplerate": 44100.0,
    "channels": 1.0,
    "audio_md5": "67c40e3be400041848f055b703c1889f",
    "loudness": -13.561370849609375,
    "dynamic_range": 0.0,
    "temporal_centroid": 0.5766499042510986,
    "log_attack_time": -1.3824623823165894,
    "filesize": 14458,
    "single_event": false,
    "tonality": "D major",
    "tonality_confidence": 0.47486811876296997,
    "loop": false,
    "tempo": 0,
    "tempo_confidence": 0.0,
    "note_midi": 38,
    "note_name": "D2",
    "note_frequency": 73.44703674316406,
    "note_confidence": 0.9879924058914185,
    "hardness": 20.92241998567654,
    "depth": 63.692328030356286,
    "brightness": 29.892184844844426,
    "roughness": 45.33274065370795,
    "warmth": 55.598314009194155,
    "sharpness": 17.484312551880045,
    "boominess": 59.169483073590605,
    "reverb": false
}