{
    "duration": 0.08163265138864517,
    "lossless": 1.0,
    "codec": "pcm_f32le",
    "bitrate": 1411200.0,
    "samplerate": 44100.0,
    "channels": 1.0,
    "audio_md5": "802334839ca0a7eae5e804e2da29136c",
    "loudness": -14.399134635925293,
    "dynamic_range": 0.0,
    "temporal_centroid": 0.5809557437896729,
    "log_attack_time": -1.381750226020813,
    "filesize": 14458,
    "single_event": false,
    "tonality": "G minor",
    "tonality_confidence": 0.5323627591133118,
    "loop": false,
    "tempo": 0,
    "tempo_confidence": 0.0,
    "note_midi": 38,
    "note_name": "D2",
    "note_frequency": 73.42848205566406,
    "note_confidence": 0.990364670753479,
    "hardness": 19.149746867377416,
    "depth": 63.650204617733095,
    "brightness": 23.872946707834053,
    "roughness": 43.55766187958027,
    "warmth": 59.30095959860257,
    "sharpness": 0.0,
    "boominess": 61.37159965070567,
    "reverb": false
}