{
    "duration": 0.08163265138864517,
    "lossless": 1.0,
    "codec": "pcm_f32le",
    "bitrate": 1411200.0,
    "samplerate": 44100.0,
    "channels": 1.0,
    "audio_md5": "4bea2151a34956d75bd1532391971892",
    "loudness": -12.758749008178711,
    "dynamic_range": 0.0,
    "temporal_centroid": 0.5755603313446045,
    "log_attack_time": -1.3979400396347046,
    "filesize": 14458,
    "single_event": false,
    "tonality": "D# minor",
    "tonality_confidence": 0.713965117931366,
    "loop": false,
    "tempo": 0,
    "tempo_confidence": 0.0,
    "note_midi": 38,
    "note_name": "D2",
    "note_frequency": 73.45390319824219,
    "note_confidence": 0.9847154021263123,
    "hardness": 23.604407783169663,
    "depth": 54.829522617339805,
    "brightness": 23.378675891264685,
    "roughness": 24.368937406843905,
    "warmth": 59.95074494102785,
    "sharpness": 0.0,
    "boominess": 56.34794813954473,
    "reverb": false
}