{
    "duration": 0.08163265138864517,
    "lossless": 1.0,
    "codec": "pcm_f32le",
    "bitrate": 1411200.0,
    "samplerate": 44100.0,
    "channels": 1.0,
    "audio_md5": "a4a957711df386e7827844855bd13b7a",
    "loudness": -16.496061325073242,
    "dynamic_range": 0.0,
    "temporal_centroid": 0.5876750349998474,
    "log_attack_time": -1.2695070505142212,
    "filesize": 14458,
    "single_event": false,
    "tonality": "D minor",
    "tonality_confidence": 0.748674750328064,
    "loop": false,
    "tempo": 0,
    "tempo_confidence": 0.0,
    "note_midi": 38,
    "note_name": "D2",
    "note_frequency": 73.42839813232422,
    "note_confidence": 0.8419515490531921,
    "hardness": 68.03043979955027,
    "depth": 57.30683150850314,
    "brightness": 54.2296659510461,
    "roughness": 67.01026082816088,
    "warmth": 57.008517541972765,
    "sharpness": 45.46799946697938,
    "boominess": 36.29785456638814,
    "reverb": false
}