{
    "duration": 0.08163265138864517,
    "lossless": 1.0,
    "codec": "pcm_f32le",
    "bitrate": 1411200.0,
    "samplerate": 44100.0,
    "channels": 1.0,
    "audio_md5": "55cded7dd0abf1db48b6e38c80cc9fc6",
    "loudness": -18.007299423217773,
    "dynamic_range": 0.0,
    "temporal_centroid": 0.5917815566062927,
    "log_attack_time": -1.258832335472107,
    "filesize": 14458,
    "single_event": false,
    "tonality": "D minor",
    "tonality_confidence": 0.7651016116142273,
    "loop": false,
    "tempo": 0,
    "tempo_confidence": 0.0,
    "note_midi": 38,
    "note_name": "D2",
    "note_frequency": 73.43065643310547,
    "note_confidence": 0.9673137664794922,
    "hardness": 68.71242870992793,
    "depth": 57.39168371154179,
    "brightness": 56.82378643149133,
    "roughness": 61.55873332754574,
    "warmth": 49.73544268574915,
    "sharpness": 48.66070942213828,
    "boominess": 35.75691128252421,
    "reverb": false
}