{
    "duration": 0.08163265138864517,
    "lossless": 1.0,
    "codec": "pcm_f32le",
    "bitrate": 1411200.0,
    "samplerate": 44100.0,
    "channels": 1.0,
    "audio_md5": "eb6a905d4051aa7bb7e70c5ab0c93aa8",
    "loudness": -13.6914644241333,
    "dynamic_range": 0.0,
    "temporal_centroid": 0.578163206577301,
    "log_attack_time": -1.3862804174423218,
    "filesize": 14458,
    "single_event": false,
    "tonality": "D major",
    "tonality_confidence": 0.5401679873466492,
    "loop": false,
    "tempo": 0,
    "tempo_confidence": 0.0,
    "note_midi": 38,
    "note_name": "D2",
    "note_frequency": 73.46141052246094,
    "note_confidence": 0.9784849882125854,
    "hardness": 25.02011180220346,
    "depth": 63.592071979125876,
    "brightness": 28.238533912732343,
    "roughness": 44.20932965398534,
    "warmth": 60.93108905620987,
    "sharpness": 0.0,
    "boominess": 55.92532305052157,
    "reverb": false
}