{
    "duration": 0.08163265138864517,
    "lossless": 1.0,
    "codec": "pcm_f32le",
    "bitrate": 1411200.0,
    "samplerate": 44100.0,
    "channels": 1.0,
    "audio_md5": "81b1f57f799809e81df38aeea1e7827a",
    "loudness": -15.796918869018555,
    "dynamic_range": 0.0,
    "temporal_centroid": 0.578917384147644,
    "log_attack_time": -1.2728166580200195,
    "filesize": 14458,
    "single_event": false,
    "tonality": "D major",
    "tonality_confidence": 0.8039559125900269,
    "loop": false,
    "tempo": 0,
    "tempo_confidence": 0.0,
    "note_midi": 38,
    "note_name": "D2",
    "note_frequency": 73.42839813232422,
    "note_confidence": 0.8900830149650574,
    "hardness": 56.46703417050398,
    "depth": 60.576361581442505,
    "brightness": 48.48230453161139,
    "roughness": 55.54799851578534,
    "warmth": 58.93700916032078,
    "sharpness": 41.28756579640579,
    "boominess": 40.868614060134234,
    "reverb": false
}