{
    "duration": 0.08163265138864517,
    "lossless": 1.0,
    "codec": "pcm_f32le",
    "bitrate": 1411200.0,
    "samplerate": 44100.0,
    "channels": 1.0,
    "audio_md5": "08eea1013fa239f61412598af257b47f",
    "loudness": -14.314022064208984,
    "dynamic_range": 0.0,
    "temporal_centroid": 0.5869870185852051,
    "log_attack_time": -1.2780156135559082,
    "filesize": 14458,
    "single_event": false,
    "tonality": "D major",
    "tonality_confidence": 0.8168088793754578,
    "loop": false,
    "tempo": 0,
    "tempo_confidence": 0.0,
    "note_midi": 38,
    "note_name": "D2",
    "note_frequency": 73.42839813232422,
    "note_confidence": 0.9274242520332336,
    "hardness": 68.09658468014058,
    "depth": 57.7953615560246,
    "brightness": 52.84193405391946,
    "roughness": 63.976995188205485,
    "warmth": 57.93310384430567,
    "sharpness": 46.5041609817291,
    "boominess": 37.214704749794436,
    "reverb": false
}