{
    "duration": 0.08163265138864517,
    "lossless": 1.0,
    "codec": "pcm_f32le",
    "bitrate": 1411200.0,
    "samplerate": 44100.0,
    "channels": 1.0,
    "audio_md5": "949b40edab8b2bd26f53fd0ee509c6cb",
    "loudness": -13.598150253295898,
    "dynamic_range": 0.0,
    "temporal_centroid": 0.576690673828125,
    "log_attack_time": -1.3714373111724854,
    "filesize": 14458,
    "single_event": false,
    "tonality": "D major",
    "tonality_confidence": 0.8670002222061157,
    "loop": false,
    "tempo": 0,
    "tempo_confidence": 0.0,
    "note_midi": 38,
    "note_name": "D2",
    "note_frequency": 73.45797729492188,
    "note_confidence": 0.9476094841957092,
    "hardness": 32.52047241476082,
    "depth": 62.34021263437892,
    "brightness": 26.442266987986095,
    "roughness": 43.54371555469193,
    "warmth": 67.73633551975965,
    "sharpness": 7.278396073067668,
    "boominess": 46.64679876840252,
    "reverb": false
}