{
    "duration": 0.08163265138864517,
    "lossless": 1.0,
    "codec": "pcm_f32le",
    "bitrate": 1411200.0,
    "samplerate": 44100.0,
    "channels": 1.0,
    "audio_md5": "4884d9869f2502712e1ac10869e09819",
    "loudness": -10.938314437866211,
    "dynamic_range": 0.0,
    "temporal_centroid": 0.5789072513580322,
    "log_attack_time": -1.3841285705566406,
    "filesize": 14458,
    "single_event": false,
    "tonality": "D major",
    "tonality_confidence": 0.8536877632141113,
    "loop": false,
    "tempo": 0,
    "tempo_confidence": 0.0,
    "note_midi": 38,
    "note_name": "D2",
    "note_frequency": 73.4299087524414,
    "note_confidence": 0.9666467905044556,
    "hardness": 49.54706192017349,
    "depth": 43.1996558500133,
    "brightness": 44.81732360931507,
    "roughness": 40.84765931834701,
    "warmth": 58.81815674408267,
    "sharpness": 21.478328698361736,
    "boominess": 34.73250597778202,
    "reverb": false
}