{
    "duration": 0.08163265138864517,
    "lossless": 1.0,
    "codec": "pcm_f32le",
    "bitrate": 1411200.0,
    "samplerate": 44100.0,
    "channels": 1.0,
    "audio_md5": "53572b58bb3507078f8b59e6f9443267",
    "loudness": -13.513896942138672,
    "dynamic_range": 0.0,
    "temporal_centroid": 0.5825966000556946,
    "log_attack_time": -1.303399920463562,
    "filesize": 14458,
    "single_event": false,
    "tonality": "D minor",
    "tonality_confidence": 0.6700502038002014,
    "loop": false,
    "tempo": 0,
    "tempo_confidence": 0.0,
    "note_midi": 50,
    "note_name": "D3",
    "note_frequency": 144.56251525878906,
    "note_confidence": 0.8500718474388123,
    "hardness": 48.21151541025711,
    "depth": 56.80805800483587,
    "brightness": 40.82341227975317,
    "roughness": 53.63207236328943,
    "warmth": 64.04143102330826,
    "sharpness": 30.669118969962994,
    "boominess": 44.08429519366602,
    "reverb": false
}