{
    "duration": 0.08163265138864517,
    "lossless": 1.0,
    "codec": "pcm_f32le",
    "bitrate": 1411200.0,
    "samplerate": 44100.0,
    "channels": 1.0,
    "audio_md5": "3dc41b26d57d88f6923db12c38cf6963",
    "loudness": -12.263254165649414,
    "dynamic_range": 0.0,
    "temporal_centroid": 0.5683291554450989,
    "log_attack_time": -1.4689267873764038,
    "filesize": 14458,
    "single_event": false,
    "tonality": "D major",
    "tonality_confidence": 0.6473685503005981,
    "loop": false,
    "tempo": 0,
    "tempo_confidence": 0.0,
    "note_midi": 38,
    "note_name": "D2",
    "note_frequency": 73.45800018310547,
    "note_confidence": 0.954804003238678,
    "hardness": 44.63148803503498,
    "depth": 63.14448703538108,
    "brightness": 43.22619627087836,
    "roughness": 50.17193263255241,
    "warmth": 61.66053756660811,
    "sharpness": 28.21167039671987,
    "boominess": 44.99609633959338,
    "reverb": false
}