{
    "duration": 0.08163265138864517,
    "lossless": 1.0,
    "codec": "pcm_f32le",
    "bitrate": 1411200.0,
    "samplerate": 44100.0,
    "channels": 1.0,
    "audio_md5": "4ead53434766890128a19bf2476264c4",
    "loudness": -13.924256324768066,
    "dynamic_range": 0.0,
    "temporal_centroid": 0.5889400839805603,
    "log_attack_time": -1.322426199913025,
    "filesize": 14458,
    "single_event": false,
    "tonality": "D major",
    "tonality_confidence": 0.6515394449234009,
    "loop": false,
    "tempo": 0,
    "tempo_confidence": 0.0,
    "note_midi": 38,
    "note_name": "D2",
    "note_frequency": 73.44049072265625,
    "note_confidence": 0.9788820147514343,
    "hardness": 29.350876205193046,
    "depth": 53.79587022931938,
    "brightness": 26.72304299252208,
    "roughness": 47.57709376698344,
    "warmth": 69.1587452408708,
    "sharpness": 0.5717037094336845,
    "boominess": 49.79252612092178,
    "reverb": false
}