{
    "duration": 0.08163265138864517,
    "lossless": 1.0,
    "codec": "pcm_f32le",
    "bitrate": 1411200.0,
    "samplerate": 44100.0,
    "channels": 1.0,
    "audio_md5": "14b9e6a7c4ef3b4abce74e814507f929",
    "loudness": -16.616899490356445,
    "dynamic_range": 0.0,
    "temporal_centroid": 0.586624801158905,
    "log_attack_time": -1.268044114112854,
    "filesize": 14458,
    "single_event": false,
    "tonality": "D major",
    "tonality_confidence": 0.6049995422363281,
    "loop": false,
    "tempo": 0,
    "tempo_confidence": 0.0,
    "note_midi": 38,
    "note_name": "D2",
    "note_frequency": 73.42839050292969,
    "note_confidence": 0.9923544526100159,
    "hardness": 75.34826662073306,
    "depth": 53.300401886723215,
    "brightness": 63.13709573311473,
    "roughness": 76.51690328880152,
    "warmth": 44.333858583024906,
    "sharpness": 53.41757789956637,
    "boominess": 32.46616069548517,
    "reverb": false
}