{
    "duration": 0.08163265138864517,
    "lossless": 1.0,
    "codec": "pcm_f32le",
    "bitrate": 1411200.0,
    "samplerate": 44100.0,
    "channels": 1.0,
    "audio_md5": "f37b2d432760a9c3cf8819be156f4636",
    "loudness": -20.000415802001953,
    "dynamic_range": 0.0,
    "temporal_centroid": 0.6012312173843384,
    "log_attack_time": -1.2266348600387573,
    "filesize": 14458,
    "single_event": false,
    "tonality": "D major",
    "tonality_confidence": 0.6637121438980103,
    "loop": false,
    "tempo": 0,
    "tempo_confidence": 0.0,
    "note_midi": 38,
    "note_name": "D2",
    "note_frequency": 73.42839813232422,
    "note_confidence": 0.9899519085884094,
    "hardness": 52.82559116792402,
    "depth": 55.86592865177122,
    "brightness": 48.65470444216224,
    "roughness": 55.644502314182965,
    "warmth": 58.781862295190486,
    "sharpness": 37.26978330145265,
    "boominess": 37.88613031708765,
    "reverb": false
}