{
    "duration": 0.08163265138864517,
    "lossless": 1.0,
    "codec": "pcm_f32le",
    "bitrate": 1411200.0,
    "samplerate": 44100.0,
    "channels": 1.0,
    "audio_md5": "a16011611cbe8103d084f10bdfd7d594",
    "loudness": -11.323262214660645,
    "dynamic_range": 0.0,
    "temporal_centroid": 0.5891380906105042,
    "log_attack_time": -1.3316267728805542,
    "filesize": 14458,
    "single_event": false,
    "tonality": "D major",
    "tonality_confidence": 0.3374685049057007,
    "loop": false,
    "tempo": 0,
    "tempo_confidence": 0.0,
    "note_midi": 38,
    "note_name": "D2",
    "note_frequency": 73.42859649658203,
    "note_confidence": 0.9746079444885254,
    "hardness": 65.10797742557313,
    "depth": 34.629872635436854,
    "brightness": 58.621821449475206,
    "roughness": 63.49631868461031,
    "warmth": 45.17833894221429,
    "sharpness": 40.29013152787729,
    "boominess": 22.90963391297968,
    "reverb": false
}