{
    "duration": 0.08163265138864517,
    "lossless": 1.0,
    "codec": "pcm_f32le",
    "bitrate": 1411200.0,
    "samplerate": 44100.0,
    "channels": 1.0,
    "audio_md5": "2915d92f55b201d4c415664e076b5f20",
    "loudness": -16.744550704956055,
    "dynamic_range": 0.0,
    "temporal_centroid": 0.5791195631027222,
    "log_attack_time": -1.381750226020813,
    "filesize": 14458,
    "single_event": false,
    "tonality": "D major",
    "tonality_confidence": 0.6816887855529785,
    "loop": false,
    "tempo": 0,
    "tempo_confidence": 0.0,
    "note_midi": 38,
    "note_name": "D2",
    "note_frequency": 73.44548797607422,
    "note_confidence": 0.9889873266220093,
    "hardness": 30.047383054593354,
    "depth": 63.68397436326544,
    "brightness": 30.855984494712825,
    "roughness": 39.709473648461014,
    "warmth": 57.787818605370894,
    "sharpness": 17.281927966838328,
    "boominess": 55.6874540166466,
    "reverb": false
}