{
    "duration": 0.08163265138864517,
    "lossless": 1.0,
    "codec": "pcm_f32le",
    "bitrate": 1411200.0,
    "samplerate": 44100.0,
    "channels": 1.0,
    "audio_md5": "0e59e5526ff01060bd8359ca9d620b1a",
    "loudness": -13.576226234436035,
    "dynamic_range": 0.0,
    "temporal_centroid": 0.5791113972663879,
    "log_attack_time": -1.3431915044784546,
    "filesize": 14458,
    "single_event": false,
    "tonality": "D major",
    "tonality_confidence": 0.7252046465873718,
    "loop": false,
    "tempo": 0,
    "tempo_confidence": 0.0,
    "note_midi": 38,
    "note_name": "D2",
    "note_frequency": 73.42876434326172,
    "note_confidence": 0.965419352054596,
    "hardness": 73.39720897103624,
    "depth": 52.10114050442706,
    "brightness": 56.12853484659302,
    "roughness": 67.95573500199802,
    "warmth": 53.30700741647395,
    "sharpness": 49.5592307306768,
    "boominess": 30.980721634318318,
    "reverb": false
}