{
    "duration": 0.08163265138864517,
    "lossless": 1.0,
    "codec": "pcm_f32le",
    "bitrate": 1411200.0,
    "samplerate": 44100.0,
    "channels": 1.0,
    "audio_md5": "19b08bf722d45e58dc87eec5ad4aacdf",
    "loudness": -13.429576873779297,
    "dynamic_range": 0.0,
    "temporal_centroid": 0.5789738297462463,
    "log_attack_time": -1.3815131187438965,
    "filesize": 14458,
    "single_event": false,
    "tonality": "D major",
    "tonality_confidence": 0.7587689757347107,
    "loop": false,
    "tempo": 0,
    "tempo_confidence": 0.0,
    "note_midi": 38,
    "note_name": "D2",
    "note_frequency": 73.45226287841797,
    "note_confidence": 0.9861695170402527,
    "hardness": 23.89868380396294,
    "depth": 63.68560210729042,
    "brightness": 26.690587178397255,
    "roughness": 25.421712367842634,
    "warmth": 59.152004153921766,
    "sharpness": 0.0,
    "boominess": 57.7626576380281,
    "reverb": false
}