{
    "duration": 0.08163265138864517,
    "lossless": 1.0,
    "codec": "pcm_f32le",
    "bitrate": 1411200.0,
    "samplerate": 44100.0,
    "channels": 1.0,
    "audio_md5": "2a85f506ee07f5c482a5df1058ee88f3",
    "loudness": -13.845352172851562,
    "dynamic_range": 0.0,
    "temporal_centroid": 0.5841638445854187,
    "log_attack_time": -1.284224033355713,
    "filesize": 14458,
    "single_event": false,
    "tonality": "D major",
    "tonality_confidence": 0.8649969100952148,
    "loop": false,
    "tempo": 0,
    "tempo_confidence": 0.0,
    "note_midi": 38,
    "note_name": "D2",
    "note_frequency": 73.42840576171875,
    "note_confidence": 0.9362125992774963,
    "hardness": 33.80778472864026,
    "depth": 58.84831947150272,
    "brightness": 26.141184407422653,
    "roughness": 48.236023255866655,
    "warmth": 67.98767776661893,
    "sharpness": 2.5796209518611697,
    "boominess": 50.363449504841896,
    "reverb": false
}