{
    "duration": 0.08163265138864517,
    "lossless": 1.0,
    "codec": "pcm_f32le",
    "bitrate": 1411200.0,
    "samplerate": 44100.0,
    "channels": 1.0,
    "audio_md5": "9deb05333fac0ec78030c68739454054",
    "loudness": -19.470678329467773,
    "dynamic_range": 0.0,
    "temporal_centroid": 0.5966042280197144,
    "log_attack_time": -1.190967321395874,
    "filesize": 14458,
    "single_event": false,
    "tonality": "D major",
    "tonality_confidence": 0.7004199028015137,
    "loop": false,
    "tempo": 0,
    "tempo_confidence": 0.0,
    "note_midi": 38,
    "note_name": "D2",
    "note_frequency": 73.42839813232422,
    "note_confidence": 0.96880704164505,
    "hardness": 76.31807194898371,
    "depth": 57.69494555836936,
    "brightness": 59.54986474137604,
    "roughness": 67.98317582801539,
    "warmth": 46.520816473898925,
    "sharpness": 53.250284377344926,
    "boominess": 32.92710315758701,
    "reverb": false
}