{
    "duration": 0.08163265138864517,
    "lossless": 1.0,
    "codec": "pcm_f32le",
    "bitrate": 1411200.0,
    "samplerate": 44100.0,
    "channels": 1.0,
    "audio_md5": "e0e9771c2860fed48cd3f4d6c910116b",
    "loudness": -13.382829666137695,
    "dynamic_range": 0.0,
    "temporal_centroid": 0.5792584419250488,
    "log_attack_time": -1.388442873954773,
    "filesize": 14458,
    "single_event": false,
    "tonality": "G major",
    "tonality_confidence": 0.44853872060775757,
    "loop": false,
    "tempo": 0,
    "tempo_confidence": 0.0,
    "note_midi": 38,
    "note_name": "D2",
    "note_frequency": 73.46659851074219,
    "note_confidence": 0.972165048122406,
    "hardness": 26.51742916776179,
    "depth": 63.54519882718428,
    "brightness": 25.350641333084162,
    "roughness": 39.72640295626662,
    "warmth": 56.2302202491271,
    "sharpness": 0.8314906834240219,
    "boominess": 54.063820468580545,
    "reverb": false
}