{
    "duration": 0.08163265138864517,
    "lossless": 1.0,
    "codec": "pcm_f32le",
    "bitrate": 1411200.0,
    "samplerate": 44100.0,
    "channels": 1.0,
    "audio_md5": "e9ee563addcfcfc2420bee49fb26904e",
    "loudness": -13.155960083007812,
    "dynamic_range": 0.0,
    "temporal_centroid": 0.578105628490448,
    "log_attack_time": -1.3858013153076172,
    "filesize": 14458,
    "single_event": false,
    "tonality": "D# major",
    "tonality_confidence": 0.5073579549789429,
    "loop": false,
    "tempo": 0,
    "tempo_confidence": 0.0,
    "note_midi": 38,
    "note_name": "D2",
    "note_frequency": 73.45040130615234,
    "note_confidence": 0.9878132939338684,
    "hardness": 19.491226943710885,
    "depth": 54.89263851101781,
    "brightness": 8.928450783268516,
    "roughness": 0,
    "warmth": 53.959567582831546,
    "sharpness": 0.0,
    "boominess": 62.390140046632986,
    "reverb": false
}