{
    "duration": 0.08163265138864517,
    "lossless": 1.0,
    "codec": "pcm_f32le",
    "bitrate": 1411200.0,
    "samplerate": 44100.0,
    "channels": 1.0,
    "audio_md5": "4981870085373a6a7140998fe898c748",
    "loudness": -9.85908317565918,
    "dynamic_range": 0.0,
    "temporal_centroid": 0.5535720586776733,
    "log_attack_time": -1.672698974609375,
    "filesize": 14458,
    "single_event": false,
    "tonality": "A major",
    "tonality_confidence": 0.44514042139053345,
    "loop": false,
    "tempo": 0,
    "tempo_confidence": 0.0,
    "note_midi": 38,
    "note_name": "D2",
    "note_frequency": 73.43069458007812,
    "note_confidence": 0.966187596321106,
    "hardness": 60.99404283558866,
    "depth": 61.1037352925069,
    "brightness": 52.25541786603951,
    "roughness": 50.566899416824924,
    "warmth": 55.99375093095385,
    "sharpness": 40.518033842569714,
    "boominess": 37.23552566438148,
    "reverb": false
}