{
    "duration": 0.08163265138864517,
    "lossless": 1.0,
    "codec": "pcm_f32le",
    "bitrate": 1411200.0,
    "samplerate": 44100.0,
    "channels": 1.0,
    "audio_md5": "f0a33f09d410ce8969827a241c8ae83b",
    "loudness": -14.81709098815918,
    "dynamic_range": 0.0,
    "temporal_centroid": 0.5973519682884216,
    "log_attack_time": -1.2644083499908447,
    "filesize": 14458,
    "single_event": false,
    "tonality": "D minor",
    "tonality_confidence": 0.7236136794090271,
    "loop": false,
    "tempo": 0,
    "tempo_confidence": 0.0,
    "note_midi": 62,
    "note_name": "D4",
    "note_frequency": 293.7792053222656,
    "note_confidence": 0.9531989097595215,
    "hardness": 55.543941200101045,
    "depth": 26.6122794049108,
    "brightness": 51.809609075456926,
    "roughness": 47.11657202304232,
    "warmth": 44.44838135853474,
    "sharpness": 30.410009922968868,
    "boominess": 22.088251554013627,
    "reverb": false
}