{
    "duration": 0.08163265138864517,
    "lossless": 1.0,
    "codec": "pcm_f32le",
    "bitrate": 1411200.0,
    "samplerate": 44100.0,
    "channels": 1.0,
    "audio_md5": "221070828dadf8b8354068312592ee53",
    "loudness": -21.43003273010254,
    "dynamic_range": 0.0,
    "temporal_centroid": 0.5886210799217224,
    "log_attack_time": -1.259726881980896,
    "filesize": 14458,
    "single_event": false,
    "tonality": "D major",
    "tonality_confidence": 0.7892464399337769,
    "loop": false,
    "tempo": 0,
    "tempo_confidence": 0.0,
    "note_midi": 38,
    "note_name": "D2",
    "note_frequency": 73.69159698486328,
    "note_confidence": 0.9724358916282654,
    "hardness": 76.66906763391052,
    "depth": 59.041353351083885,
    "brightness": 63.71404826250312,
    "roughness": 72.71480231598073,
    "warmth": 44.39367765297167,
    "sharpness": 50.188747384793785,
    "boominess": 35.399189580878115,
    "reverb": false
}