{
    "duration": 0.08163265138864517,
    "lossless": 1.0,
    "codec": "pcm_f32le",
    "bitrate": 1411200.0,
    "samplerate": 44100.0,
    "channels": 1.0,
    "audio_md5": "4ba14fc6c349e8f9beb37a7c08cfc9a2",
    "loudness": -17.703657150268555,
    "dynamic_range": 0.0,
    "temporal_centroid": 0.6205331683158875,
    "log_attack_time": -1.2606232166290283,
    "filesize": 14458,
    "single_event": false,
    "tonality": "D major",
    "tonality_confidence": 0.826673150062561,
    "loop": false,
    "tempo": 0,
    "tempo_confidence": 0.0,
    "note_midi": 38,
    "note_name": "D2",
    "note_frequency": 73.4288330078125,
    "note_confidence": 0.9748682975769043,
    "hardness": 70.97861828110834,
    "depth": 57.10585681297665,
    "brightness": 54.999784040442975,
    "roughness": 64.50946932357256,
    "warmth": 54.56170818020408,
    "sharpness": 47.891567722267226,
    "boominess": 36.12298583271177,
    "reverb": false
}