{
    "duration": 0.08163265138864517,
    "lossless": 1.0,
    "codec": "pcm_f32le",
    "bitrate": 1411200.0,
    "samplerate": 44100.0,
    "channels": 1.0,
    "audio_md5": "d623c881fae865afcd37192ca840c0d7",
    "loudness": -16.39605140686035,
    "dynamic_range": 0.0,
    "temporal_centroid": 0.6213277578353882,
    "log_attack_time": -1.2624216079711914,
    "filesize": 14458,
    "single_event": false,
    "tonality": "D major",
    "tonality_confidence": 0.6797366738319397,
    "loop": false,
    "tempo": 0,
    "tempo_confidence": 0.0,
    "note_midi": 38,
    "note_name": "D2",
    "note_frequency": 73.42839050292969,
    "note_confidence": 0.9292197227478027,
    "hardness": 85.94440247587067,
    "depth": 31.043444473466536,
    "brightness": 66.46125572322973,
    "roughness": 80.67919865957367,
    "warmth": 32.69744933288167,
    "sharpness": 55.23104291954071,
    "boominess": 19.089827552700825,
    "reverb": false
}