{
    "duration": 0.08163265138864517,
    "lossless": 1.0,
    "codec": "pcm_f32le",
    "bitrate": 1411200.0,
    "samplerate": 44100.0,
    "channels": 1.0,
    "audio_md5": "5f32c3b7c42e3635394625f205667a4d",
    "loudness": -14.001276016235352,
    "dynamic_range": 0.0,
    "temporal_centroid": 0.5848208069801331,
    "log_attack_time": -1.285172462463379,
    "filesize": 14458,
    "single_event": false,
    "tonality": "D major",
    "tonality_confidence": 0.874086320400238,
    "loop": false,
    "tempo": 0,
    "tempo_confidence": 0.0,
    "note_midi": 38,
    "note_name": "D2",
    "note_frequency": 73.43013763427734,
    "note_confidence": 0.9198780059814453,
    "hardness": 74.07161623282502,
    "depth": 59.35111513368045,
    "brightness": 56.110481883094394,
    "roughness": 63.18343410742736,
    "warmth": 48.12296789188189,
    "sharpness": 45.6848663878752,
    "boominess": 35.227655815643615,
    "reverb": false
}