{
    "duration": 0.08163265138864517,
    "lossless": 1.0,
    "codec": "pcm_f32le",
    "bitrate": 1411200.0,
    "samplerate": 44100.0,
    "channels": 1.0,
    "audio_md5": "59205e25af82fb36c93a8ecba88ccbbb",
    "loudness": -16.287141799926758,
    "dynamic_range": 0.0,
    "temporal_centroid": 0.6058441996574402,
    "log_attack_time": -1.2622413635253906,
    "filesize": 14458,
    "single_event": false,
    "tonality": "F# minor",
    "tonality_confidence": 0.5972071290016174,
    "loop": false,
    "tempo": 0,
    "tempo_confidence": 0.0,
    "note_midi": 38,
    "note_name": "D2",
    "note_frequency": 73.42886352539062,
    "note_confidence": 0.9353537559509277,
    "hardness": 83.03784688135568,
    "depth": 50.37725949610275,
    "brightness": 59.53414708625246,
    "roughness": 74.32089725343288,
    "warmth": 44.48362080126521,
    "sharpness": 51.30718737466013,
    "boominess": 25.72842429862503,
    "reverb": false
}