{
    "duration": 0.08163265138864517,
    "lossless": 1.0,
    "codec": "pcm_f32le",
    "bitrate": 1411200.0,
    "samplerate": 44100.0,
    "channels": 1.0,
    "audio_md5": "827cfd191390f8e959df58556acaad60",
    "loudness": -14.005599975585938,
    "dynamic_range": 0.0,
    "temporal_centroid": 0.5823655724525452,
    "log_attack_time": -1.3111928701400757,
    "filesize": 14458,
    "single_event": false,
    "tonality": "D major",
    "tonality_confidence": 0.5575096011161804,
    "loop": false,
    "tempo": 0,
    "tempo_confidence": 0.0,
    "note_midi": 38,
    "note_name": "D2",
    "note_frequency": 73.46411895751953,
    "note_confidence": 0.976932168006897,
    "hardness": 24.28459515670312,
    "depth": 54.80831650121313,
    "brightness": 23.31934043006318,
    "roughness": 44.61027732771274,
    "warmth": 60.89900944161831,
    "sharpness": 0.0,
    "boominess": 57.439713160169504,
    "reverb": false
}