{
    "duration": 0.08163265138864517,
    "lossless": 1.0,
    "codec": "pcm_f32le",
    "bitrate": 1411200.0,
    "samplerate": 44100.0,
    "channels": 1.0,
    "audio_md5": "06f319d936a6ed785b1d9041260293af",
    "loudness": -14.620619773864746,
    "dynamic_range": 0.0,
    "temporal_centroid": 0.5939528346061707,
    "log_attack_time": -1.274851679801941,
    "filesize": 14458,
    "single_event": false,
    "tonality": "D major",
    "tonality_confidence": 0.746938943862915,
    "loop": false,
    "tempo": 0,
    "tempo_confidence": 0.0,
    "note_midi": 38,
    "note_name": "D2",
    "note_frequency": 73.42857360839844,
    "note_confidence": 0.9684808850288391,
    "hardness": 77.03444765603084,
    "depth": 46.727281329798274,
    "brightness": 59.02869899326994,
    "roughness": 70.89521087263196,
    "warmth": 39.69633859154974,
    "sharpness": 50.93551613343913,
    "boominess": 22.664773827339815,
    "reverb": false
}