{
    "duration": 0.08163265138864517,
    "lossless": 1.0,
    "codec": "pcm_f32le",
    "bitrate": 1411200.0,
    "samplerate": 44100.0,
    "channels": 1.0,
    "audio_md5": "fd0fc2aba1c55f6d02430d3c71bfc974",
    "loudness": -18.033241271972656,
    "dynamic_range": 0.0,
    "temporal_centroid": 0.5871752500534058,
    "log_attack_time": -1.2464985847473145,
    "filesize": 14458,
    "single_event": false,
    "tonality": "D major",
    "tonality_confidence": 0.8838297724723816,
    "loop": false,
    "tempo": 0,
    "tempo_confidence": 0.0,
    "note_midi": 38,
    "note_name": "D2",
    "note_frequency": 73.42863464355469,
    "note_confidence": 0.996668815612793,
    "hardness": 51.44856474156211,
    "depth": 58.20471606127164,
    "brightness": 50.16602213770686,
    "roughness": 56.77371282646526,
    "warmth": 60.18292126516978,
    "sharpness": 34.82604679514009,
    "boominess": 36.424882067963935,
    "reverb": false
}