{
    "duration": 0.08163265138864517,
    "lossless": 1.0,
    "codec": "pcm_f32le",
    "bitrate": 1411200.0,
    "samplerate": 44100.0,
    "channels": 1.0,
    "audio_md5": "86ce6146d5f6e9b870f829a74bbe56f4",
    "loudness": -14.881449699401855,
    "dynamic_range": 0.0,
    "temporal_centroid": 0.5879102945327759,
    "log_attack_time": -1.276896357536316,
    "filesize": 14458,
    "single_event": false,
    "tonality": "D major",
    "tonality_confidence": 0.8422337770462036,
    "loop": false,
    "tempo": 0,
    "tempo_confidence": 0.0,
    "note_midi": 38,
    "note_name": "D2",
    "note_frequency": 73.4286880493164,
    "note_confidence": 0.9637487530708313,
    "hardness": 75.94545590491356,
    "depth": 43.58019909569708,
    "brightness": 57.54656320703695,
    "roughness": 66.8960542619115,
    "warmth": 44.39634519036558,
    "sharpness": 51.769740445290296,
    "boominess": 20.01565654682188,
    "reverb": false
}