{
    "duration": 0.08163265138864517,
    "lossless": 1.0,
    "codec": "pcm_f32le",
    "bitrate": 1411200.0,
    "samplerate": 44100.0,
    "channels": 1.0,
    "audio_md5": "cda6ffe2bf4c4d9e9a92bf1896f80fb0",
    "loudness": -12.877392768859863,
    "dynamic_range": 0.0,
    "temporal_centroid": 0.5793963074684143,
    "log_attack_time": -1.364999771118164,
    "filesize": 14458,
    "single_event": false,
    "tonality": "D major",
    "tonality_confidence": 0.7458279728889465,
    "loop": false,
    "tempo": 0,
    "tempo_confidence": 0.0,
    "note_midi": 56,
    "note_name": "G#3",
    "note_frequency": 213.3754119873047,
    "note_confidence": 0.8628153204917908,
    "hardness": 29.773933216107963,
    "depth": 53.381732260566096,
    "brightness": 23.990047923678567,
    "roughness": 47.38788360611766,
    "warmth": 71.9247140731336,
    "sharpness": 4.924449481046832,
    "boominess": 43.88897480304651,
    "reverb": false
}