{
    "duration": 0.08163265138864517,
    "lossless": 1.0,
    "codec": "pcm_f32le",
    "bitrate": 1411200.0,
    "samplerate": 44100.0,
    "channels": 1.0,
    "audio_md5": "9616becbdb5d99fd2ceacda5a35556ea",
    "loudness": -15.97677230834961,
    "dynamic_range": 0.0,
    "temporal_centroid": 0.5976712107658386,
    "log_attack_time": -1.2116296291351318,
    "filesize": 14458,
    "single_event": false,
    "tonality": "E major",
    "tonality_confidence": 0.45985177159309387,
    "loop": false,
    "tempo": 0,
    "tempo_confidence": 0.0,
    "note_midi": 38,
    "note_name": "D2",
    "note_frequency": 73.44467163085938,
    "note_confidence": 0.9825708270072937,
    "hardness": 25.83963640805007,
    "depth": 54.6214467155219,
    "brightness": 16.21891655278491,
    "roughness": 44.87220238927451,
    "warmth": 61.6215631595113,
    "sharpness": 0.0,
    "boominess": 57.27915360555707,
    "reverb": false
}