{
    "duration": 0.08163265138864517,
    "lossless": 1.0,
    "codec": "pcm_f32le",
    "bitrate": 1411200.0,
    "samplerate": 44100.0,
    "channels": 1.0,
    "audio_md5": "2f1a2451b25e934f822e36a572514eaa",
    "loudness": -11.606878280639648,
    "dynamic_range": 0.0,
    "temporal_centroid": 0.5549519658088684,
    "log_attack_time": -1.6558796167373657,
    "filesize": 14458,
    "single_event": false,
    "tonality": "A major",
    "tonality_confidence": 0.4466795027256012,
    "loop": false,
    "tempo": 0,
    "tempo_confidence": 0.0,
    "note_midi": 38,
    "note_name": "D2",
    "note_frequency": 73.43709564208984,
    "note_confidence": 0.9672471284866333,
    "hardness": 47.5398247097221,
    "depth": 61.816063096937725,
    "brightness": 43.23816886135632,
    "roughness": 42.09803153794854,
    "warmth": 63.07203272183212,
    "sharpness": 25.425846861594877,
    "boominess": 42.02327237236214,
    "reverb": false
}