{
    "duration": 0.08163265138864517,
    "lossless": 1.0,
    "codec": "pcm_f32le",
    "bitrate": 1411200.0,
    "samplerate": 44100.0,
    "channels": 1.0,
    "audio_md5": "f6abeb99db6095187257eb712b395414",
    "loudness": -18.4652099609375,
    "dynamic_range": 0.0,
    "temporal_centroid": 0.6000655293464661,
    "log_attack_time": -1.2645894289016724,
    "filesize": 14458,
    "single_event": false,
    "tonality": "D major",
    "tonality_confidence": 0.625656247138977,
    "loop": false,
    "tempo": 0,
    "tempo_confidence": 0.0,
    "note_midi": 38,
    "note_name": "D2",
    "note_frequency": 73.45996856689453,
    "note_confidence": 0.7963480353355408,
    "hardness": 41.714089791317576,
    "depth": 52.94125651923783,
    "brightness": 36.28588999406384,
    "roughness": 52.278059465822,
    "warmth": 67.63853647578732,
    "sharpness": 11.261878544164851,
    "boominess": 41.0296162555432,
    "reverb": false
}