{
    "duration": 0.08163265138864517,
    "lossless": 1.0,
    "codec": "pcm_f32le",
    "bitrate": 1411200.0,
    "samplerate": 44100.0,
    "channels": 1.0,
    "audio_md5": "8aef4c4364806d5079c4be3713dbea6d",
    "loudness": -15.003886222839355,
    "dynamic_range": 0.0,
    "temporal_centroid": 0.6019495725631714,
    "log_attack_time": -1.2922561168670654,
    "filesize": 14458,
    "single_event": false,
    "tonality": "D major",
    "tonality_confidence": 0.8592721223831177,
    "loop": false,
    "tempo": 0,
    "tempo_confidence": 0.0,
    "note_midi": 38,
    "note_name": "D2",
    "note_frequency": 73.43804168701172,
    "note_confidence": 0.8971786499023438,
    "hardness": 46.71353601477924,
    "depth": 56.3871278560873,
    "brightness": 37.951400344231345,
    "roughness": 45.29477719103994,
    "warmth": 65.97210852447158,
    "sharpness": 20.0367969635139,
    "boominess": 39.35421488721271,
    "reverb": false
}