{
    "duration": 0.08163265138864517,
    "lossless": 1.0,
    "codec": "pcm_f32le",
    "bitrate": 1411200.0,
    "samplerate": 44100.0,
    "channels": 1.0,
    "audio_md5": "eabb75c55439f13870a0ac997fd261a1",
    "loudness": -11.252941131591797,
    "dynamic_range": 0.0,
    "temporal_centroid": 0.5754103064537048,
    "log_attack_time": -1.5170097351074219,
    "filesize": 14458,
    "single_event": false,
    "tonality": "D major",
    "tonality_confidence": 0.7901920676231384,
    "loop": false,
    "tempo": 0,
    "tempo_confidence": 0.0,
    "note_midi": 38,
    "note_name": "D2",
    "note_frequency": 73.42842864990234,
    "note_confidence": 0.9985171556472778,
    "hardness": 63.436316212772766,
    "depth": 60.668664233504714,
    "brightness": 56.80594477987749,
    "roughness": 61.38108048362888,
    "warmth": 50.29110785013858,
    "sharpness": 48.74714289898379,
    "boominess": 35.56196186742898,
    "reverb": false
}