{
    "duration": 0.08163265138864517,
    "lossless": 1.0,
    "codec": "pcm_f32le",
    "bitrate": 1411200.0,
    "samplerate": 44100.0,
    "channels": 1.0,
    "audio_md5": "79202277016b9da127851e7eef3daf85",
    "loudness": -16.300132751464844,
    "dynamic_range": 0.0,
    "temporal_centroid": 0.5851336121559143,
    "log_attack_time": -1.2810146808624268,
    "filesize": 14458,
    "single_event": false,
    "tonality": "D major",
    "tonality_confidence": 0.6133542060852051,
    "loop": false,
    "tempo": 0,
    "tempo_confidence": 0.0,
    "note_midi": 38,
    "note_name": "D2",
    "note_frequency": 73.43141174316406,
    "note_confidence": 0.9196580052375793,
    "hardness": 70.33785158032993,
    "depth": 60.14020805972837,
    "brightness": 54.445217472750855,
    "roughness": 60.42161277460905,
    "warmth": 55.70420647986571,
    "sharpness": 45.64458226932615,
    "boominess": 35.97822878669042,
    "reverb": false
}