{
    "duration": 0.08163265138864517,
    "lossless": 1.0,
    "codec": "pcm_f32le",
    "bitrate": 1411200.0,
    "samplerate": 44100.0,
    "channels": 1.0,
    "audio_md5": "82f5abe090712e36e8c8fa34092ad86f",
    "loudness": -12.991312026977539,
    "dynamic_range": 0.0,
    "temporal_centroid": 0.5777014493942261,
    "log_attack_time": -1.3843672275543213,
    "filesize": 14458,
    "single_event": false,
    "tonality": "F# minor",
    "tonality_confidence": 0.6200413703918457,
    "loop": false,
    "tempo": 0,
    "tempo_confidence": 0.0,
    "note_midi": 38,
    "note_name": "D2",
    "note_frequency": 73.45169830322266,
    "note_confidence": 0.9827333092689514,
    "hardness": 19.38317084663531,
    "depth": 63.46714969462814,
    "brightness": 26.450597383358623,
    "roughness": 48.439695060530866,
    "warmth": 61.41460334152177,
    "sharpness": 0.0,
    "boominess": 54.609630088918124,
    "reverb": false
}