{
    "duration": 0.08163265138864517,
    "lossless": 1.0,
    "codec": "pcm_f32le",
    "bitrate": 1411200.0,
    "samplerate": 44100.0,
    "channels": 1.0,
    "audio_md5": "eb3f13a66417f4869ade436ade0caaca",
    "loudness": -14.452531814575195,
    "dynamic_range": 0.0,
    "temporal_centroid": 0.5947442054748535,
    "log_attack_time": -1.2731859683990479,
    "filesize": 14458,
    "single_event": false,
    "tonality": "D major",
    "tonality_confidence": 0.8451235890388489,
    "loop": false,
    "tempo": 0,
    "tempo_confidence": 0.0,
    "note_midi": 38,
    "note_name": "D2",
    "note_frequency": 73.43525695800781,
    "note_confidence": 0.9475975632667542,
    "hardness": 53.40374103701103,
    "depth": 62.92377379222216,
    "brightness": 43.37573839792987,
    "roughness": 47.680977808077685,
    "warmth": 58.27412929511896,
    "sharpness": 41.06314802917429,
    "boominess": 48.45551833656446,
    "reverb": false
}