{
    "duration": 0.08163265138864517,
    "lossless": 1.0,
    "codec": "pcm_f32le",
    "bitrate": 1411200.0,
    "samplerate": 44100.0,
    "channels": 1.0,
    "audio_md5": "753c301d8fa78acafde8ea37cbd9a87d",
    "loudness": -12.668647766113281,
    "dynamic_range": 0.0,
    "temporal_centroid": 0.5742899179458618,
    "log_attack_time": -1.4502018690109253,
    "filesize": 14458,
    "single_event": false,
    "tonality": "D# minor",
    "tonality_confidence": 0.5733544230461121,
    "loop": false,
    "tempo": 0,
    "tempo_confidence": 0.0,
    "note_midi": 38,
    "note_name": "D2",
    "note_frequency": 73.45486450195312,
    "note_confidence": 0.9840633869171143,
    "hardness": 21.910411638597267,
    "depth": 54.84051254331406,
    "brightness": 24.824953024906456,
    "roughness": 27.464434701671095,
    "warmth": 60.56015470198459,
    "sharpness": 0.0,
    "boominess": 57.38478484678737,
    "reverb": false
}