{
    "duration": 0.08163265138864517,
    "lossless": 1.0,
    "codec": "pcm_f32le",
    "bitrate": 1411200.0,
    "samplerate": 44100.0,
    "channels": 1.0,
    "audio_md5": "196bc6efce2d0a75a49465b0e0354a99",
    "loudness": -14.647748947143555,
    "dynamic_range": 0.0,
    "temporal_centroid": 0.5875639319419861,
    "log_attack_time": -1.3232545852661133,
    "filesize": 14458,
    "single_event": false,
    "tonality": "D major",
    "tonality_confidence": 0.6623767018318176,
    "loop": false,
    "tempo": 0,
    "tempo_confidence": 0.0,
    "note_midi": 38,
    "note_name": "D2",
    "note_frequency": 73.43254852294922,
    "note_confidence": 0.992895781993866,
    "hardness": 46.69670412147241,
    "depth": 63.44164656715882,
    "brightness": 43.527624755898756,
    "roughness": 36.72634705315002,
    "warmth": 57.63333748725112,
    "sharpness": 36.172867131048434,
    "boominess": 46.97578303552878,
    "reverb": false
}