{
    "duration": 0.08163265138864517,
    "lossless": 1.0,
    "codec": "pcm_f32le",
    "bitrate": 1411200.0,
    "samplerate": 44100.0,
    "channels": 1.0,
    "audio_md5": "61553f99b821830c1b1f122cf84c24ae",
    "loudness": -12.761608123779297,
    "dynamic_range": 0.0,
    "temporal_centroid": 0.5778691172599792,
    "log_attack_time": -1.39597487449646,
    "filesize": 14458,
    "single_event": false,
    "tonality": "D major",
    "tonality_confidence": 0.7559441924095154,
    "loop": false,
    "tempo": 0,
    "tempo_confidence": 0.0,
    "note_midi": 38,
    "note_name": "D2",
    "note_frequency": 73.46427917480469,
    "note_confidence": 0.9517958164215088,
    "hardness": 38.67412666144759,
    "depth": 62.99757753466937,
    "brightness": 34.11093337781457,
    "roughness": 49.629960227911305,
    "warmth": 67.57017359837153,
    "sharpness": 14.489530435451496,
    "boominess": 48.40831885477502,
    "reverb": false
}