{
    "duration": 0.08163265138864517,
    "lossless": 1.0,
    "codec": "pcm_f32le",
    "bitrate": 1411200.0,
    "samplerate": 44100.0,
    "channels": 1.0,
    "audio_md5": "5a2652d5b35aa761cb75501ce2a18f5f",
    "loudness": -13.957159042358398,
    "dynamic_range": 0.0,
    "temporal_centroid": 0.5894560813903809,
    "log_attack_time": -1.2787634134292603,
    "filesize": 14458,
    "single_event": false,
    "tonality": "A minor",
    "tonality_confidence": 0.7816959619522095,
    "loop": false,
    "tempo": 0,
    "tempo_confidence": 0.0,
    "note_midi": 38,
    "note_name": "D2",
    "note_frequency": 73.42916107177734,
    "note_confidence": 0.9519497752189636,
    "hardness": 69.66714991138872,
    "depth": 54.590828039679074,
    "brightness": 51.60481076330282,
    "roughness": 54.38841335284711,
    "warmth": 58.086718989206055,
    "sharpness": 46.488326586983,
    "boominess": 35.71003235141472,
    "reverb": false
}