{
    "duration": 0.08163265138864517,
    "lossless": 1.0,
    "codec": "pcm_f32le",
    "bitrate": 1411200.0,
    "samplerate": 44100.0,
    "channels": 1.0,
    "audio_md5": "22993054575160ed2bee574403ae9963",
    "loudness": -15.046136856079102,
    "dynamic_range": 0.0,
    "temporal_centroid": 0.6006181240081787,
    "log_attack_time": -1.3390872478485107,
    "filesize": 14458,
    "single_event": false,
    "tonality": "D minor",
    "tonality_confidence": 0.6879666447639465,
    "loop": false,
    "tempo": 0,
    "tempo_confidence": 0.0,
    "note_midi": 38,
    "note_name": "D2",
    "note_frequency": 73.43514251708984,
    "note_confidence": 0.9917503595352173,
    "hardness": 23.76917346683767,
    "depth": 59.28583845392046,
    "brightness": 16.34150649521993,
    "roughness": 30.168548919073235,
    "warmth": 62.97002233652208,
    "sharpness": 0.0,
    "boominess": 56.86201837486567,
    "reverb": false
}