{
    "duration": 0.08163265138864517,
    "lossless": 1.0,
    "codec": "pcm_f32le",
    "bitrate": 1411200.0,
    "samplerate": 44100.0,
    "channels": 1.0,
    "audio_md5": "dac61651ff410cc3c14209c90817b8ce",
    "loudness": -12.805412292480469,
    "dynamic_range": 0.0,
    "temporal_centroid": 0.5796704292297363,
    "log_attack_time": -1.376328945159912,
    "filesize": 14458,
    "single_event": false,
    "tonality": "D major",
    "tonality_confidence": 0.8453978896141052,
    "loop": false,
    "tempo": 0,
    "tempo_confidence": 0.0,
    "note_midi": 38,
    "note_name": "D2",
    "note_frequency": 73.42839813232422,
    "note_confidence": 0.9966669082641602,
    "hardness": 31.758608919661782,
    "depth": 62.73257289785882,
    "brightness": 36.242228737996115,
    "roughness": 48.6810264069093,
    "warmth": 63.8332773546404,
    "sharpness": 15.294525075890526,
    "boominess": 49.159531243996724,
    "reverb": false
}