{
    "duration": 0.08163265138864517,
    "lossless": 1.0,
    "codec": "pcm_f32le",
    "bitrate": 1411200.0,
    "samplerate": 44100.0,
    "channels": 1.0,
    "audio_md5": "23e30832b02c4982e18819d0700f7a59",
    "loudness": -15.976652145385742,
    "dynamic_range": 0.0,
    "temporal_centroid": 0.591340184211731,
    "log_attack_time": -1.2620612382888794,
    "filesize": 14458,
    "single_event": false,
    "tonality": "F# minor",
    "tonality_confidence": 0.5092052221298218,
    "loop": false,
    "tempo": 0,
    "tempo_confidence": 0.0,
    "note_midi": 38,
    "note_name": "D2",
    "note_frequency": 73.42961120605469,
    "note_confidence": 0.9890677332878113,
    "hardness": 55.6148677871964,
    "depth": 53.720915989828164,
    "brightness": 53.73964690377342,
    "roughness": 49.61325288555899,
    "warmth": 55.92171094503762,
    "sharpness": 43.14192428730328,
    "boominess": 38.18065339054195,
    "reverb": false
}