{
    "duration": 0.08163265138864517,
    "lossless": 1.0,
    "codec": "pcm_f32le",
    "bitrate": 1411200.0,
    "samplerate": 44100.0,
    "channels": 1.0,
    "audio_md5": "431b16fd4dd15e719ea679676ed1c537",
    "loudness": -13.95954704284668,
    "dynamic_range": 0.0,
    "temporal_centroid": 0.5799113512039185,
    "log_attack_time": -1.339948058128357,
    "filesize": 14458,
    "single_event": false,
    "tonality": "A minor",
    "tonality_confidence": 0.3141992390155792,
    "loop": false,
    "tempo": 0,
    "tempo_confidence": 0.0,
    "note_midi": 38,
    "note_name": "D2",
    "note_frequency": 73.4431381225586,
    "note_confidence": 0.9736791253089905,
    "hardness": 30.71731084913762,
    "depth": 53.836275326046014,
    "brightness": 33.820310050357925,
    "roughness": 50.11712997087501,
    "warmth": 71.94043357053587,
    "sharpness": 4.685480825869874,
    "boominess": 49.52756066240261,
    "reverb": false
}