{
    "duration": 0.08163265138864517,
    "lossless": 1.0,
    "codec": "pcm_f32le",
    "bitrate": 1411200.0,
    "samplerate": 44100.0,
    "channels": 1.0,
    "audio_md5": "882e44f62e31ca348953374b56b1aa15",
    "loudness": -14.448562622070312,
    "dynamic_range": 0.0,
    "temporal_centroid": 0.5877902507781982,
    "log_attack_time": -1.3158551454544067,
    "filesize": 14458,
    "single_event": false,
    "tonality": "D major",
    "tonality_confidence": 0.6066941618919373,
    "loop": false,
    "tempo": 0,
    "tempo_confidence": 0.0,
    "note_midi": 38,
    "note_name": "D2",
    "note_frequency": 73.42860412597656,
    "note_confidence": 0.9912968277931213,
    "hardness": 63.169083844559225,
    "depth": 51.15977193737881,
    "brightness": 53.957055898663924,
    "roughness": 61.04999736173099,
    "warmth": 53.74697916351302,
    "sharpness": 46.786792004177535,
    "boominess": 34.98651614259142,
    "reverb": false
}