{
    "duration": 0.08163265138864517,
    "lossless": 1.0,
    "codec": "pcm_f32le",
    "bitrate": 1411200.0,
    "samplerate": 44100.0,
    "channels": 1.0,
    "audio_md5": "9efa7ce4cd9c657bd50f057acb63f4f6",
    "loudness": -15.713003158569336,
    "dynamic_range": 0.0,
    "temporal_centroid": 0.5888691544532776,
    "log_attack_time": -1.27097487449646,
    "filesize": 14458,
    "single_event": false,
    "tonality": "D minor",
    "tonality_confidence": 0.7864922881126404,
    "loop": false,
    "tempo": 0,
    "tempo_confidence": 0.0,
    "note_midi": 38,
    "note_name": "D2",
    "note_frequency": 73.42842102050781,
    "note_confidence": 0.9954169988632202,
    "hardness": 30.882278897671526,
    "depth": 63.149790090888075,
    "brightness": 32.74433549298653,
    "roughness": 44.667953764776556,
    "warmth": 64.49716120672008,
    "sharpness": 9.689972239440031,
    "boominess": 53.096605059417826,
    "reverb": false
}