{
    "duration": 0.08163265138864517,
    "lossless": 1.0,
    "codec": "pcm_f32le",
    "bitrate": 1411200.0,
    "samplerate": 44100.0,
    "channels": 1.0,
    "audio_md5": "7efb3d7b335c9878231a0d302e88d01f",
    "loudness": -11.642011642456055,
    "dynamic_range": 0.0,
    "temporal_centroid": 0.5784821510314941,
    "log_attack_time": -1.388683795928955,
    "filesize": 14458,
    "single_event": false,
    "tonality": "D# minor",
    "tonality_confidence": 0.7273471355438232,
    "loop": false,
    "tempo": 0,
    "tempo_confidence": 0.0,
    "note_midi": 39,
    "note_name": "D#2",
    "note_frequency": 80.00792694091797,
    "note_confidence": 0.8646962642669678,
    "hardness": 55.48191781475708,
    "depth": 51.36355135004751,
    "brightness": 55.87036574207412,
    "roughness": 54.51630762879,
    "warmth": 46.27586813790613,
    "sharpness": 34.007272096358506,
    "boominess": 34.39539945623868,
    "reverb": false
}