{
    "duration": 0.08163265138864517,
    "lossless": 1.0,
    "codec": "pcm_f32le",
    "bitrate": 1411200.0,
    "samplerate": 44100.0,
    "channels": 1.0,
    "audio_md5": "192ac5929fc34f2a1d3235ebb8420857",
    "loudness": -22.399641036987305,
    "dynamic_range": 0.0,
    "temporal_centroid": 0.6227204203605652,
    "log_attack_time": -1.1741751432418823,
    "filesize": 14458,
    "single_event": false,
    "tonality": "D major",
    "tonality_confidence": 0.7609291076660156,
    "loop": false,
    "tempo": 0,
    "tempo_confidence": 0.0,
    "note_midi": 38,
    "note_name": "D2",
    "note_frequency": 73.42839813232422,
    "note_confidence": 0.7315751910209656,
    "hardness": 76.95809857292619,
    "depth": 40.306182942085236,
    "brightness": 63.184200578035366,
    "roughness": 73.76159254385675,
    "warmth": 42.41040475644775,
    "sharpness": 51.11502212702315,
    "boominess": 24.02674078854571,
    "reverb": false
}