{
    "duration": 0.08163265138864517,
    "lossless": 1.0,
    "codec": "pcm_f32le",
    "bitrate": 1411200.0,
    "samplerate": 44100.0,
    "channels": 1.0,
    "audio_md5": "24588365000a12d78283153938eaba62",
    "loudness": -15.854150772094727,
    "dynamic_range": 0.0,
    "temporal_centroid": 0.5981507897377014,
    "log_attack_time": -1.26026451587677,
    "filesize": 14458,
    "single_event": false,
    "tonality": "D major",
    "tonality_confidence": 0.80448317527771,
    "loop": false,
    "tempo": 0,
    "tempo_confidence": 0.0,
    "note_midi": 38,
    "note_name": "D2",
    "note_frequency": 75.12649536132812,
    "note_confidence": 0.8619078993797302,
    "hardness": 74.78231677365963,
    "depth": 50.154786381805934,
    "brightness": 69.7510457439763,
    "roughness": 74.24291216280203,
    "warmth": 39.99944929654723,
    "sharpness": 52.89388799941733,
    "boominess": 33.327555905747175,
    "reverb": false
}