{
    "duration": 0.08163265138864517,
    "lossless": 1.0,
    "codec": "pcm_f32le",
    "bitrate": 1411200.0,
    "samplerate": 44100.0,
    "channels": 1.0,
    "audio_md5": "fdae3a96d33d972e793ffabcbe9dc84c",
    "loudness": -15.473566055297852,
    "dynamic_range": 0.0,
    "temporal_centroid": 0.587203323841095,
    "log_attack_time": -1.3189228773117065,
    "filesize": 14458,
    "single_event": false,
    "tonality": "A major",
    "tonality_confidence": 0.42368054389953613,
    "loop": false,
    "tempo": 0,
    "tempo_confidence": 0.0,
    "note_midi": 38,
    "note_name": "D2",
    "note_frequency": 73.42842102050781,
    "note_confidence": 0.9734148979187012,
    "hardness": 62.05585059023562,
    "depth": 62.94537485872291,
    "brightness": 57.962738198216805,
    "roughness": 52.46166463103554,
    "warmth": 46.33855270387007,
    "sharpness": 48.896532275225496,
    "boominess": 40.43820721212778,
    "reverb": false
}