{
    "duration": 0.08163265138864517,
    "lossless": 1.0,
    "codec": "pcm_f32le",
    "bitrate": 1411200.0,
    "samplerate": 44100.0,
    "channels": 1.0,
    "audio_md5": "e2fbef14920549b23fe1e31ff9355713",
    "loudness": -9.728543281555176,
    "dynamic_range": 0.0,
    "temporal_centroid": 0.5540356636047363,
    "log_attack_time": -1.6617151498794556,
    "filesize": 14458,
    "single_event": false,
    "tonality": "D major",
    "tonality_confidence": 0.6696540117263794,
    "loop": false,
    "tempo": 0,
    "tempo_confidence": 0.0,
    "note_midi": 38,
    "note_name": "D2",
    "note_frequency": 73.42839813232422,
    "note_confidence": 0.9665979146957397,
    "hardness": 70.40067632497167,
    "depth": 60.74328595949189,
    "brightness": 56.70075399102791,
    "roughness": 61.01993357127226,
    "warmth": 53.980149688902195,
    "sharpness": 48.17023890973516,
    "boominess": 35.38077921961438,
    "reverb": false
}