{
    "duration": 0.08163265138864517,
    "lossless": 1.0,
    "codec": "pcm_f32le",
    "bitrate": 1411200.0,
    "samplerate": 44100.0,
    "channels": 1.0,
    "audio_md5": "0f30df534a6cef2653858eb2d404c9b7",
    "loudness": -24.058822631835938,
    "dynamic_range": 0.0,
    "temporal_centroid": 0.6268226504325867,
    "log_attack_time": -1.2629624605178833,
    "filesize": 14458,
    "single_event": false,
    "tonality": "D major",
    "tonality_confidence": 0.7400174140930176,
    "loop": false,
    "tempo": 0,
    "tempo_confidence": 0.0,
    "note_midi": 38,
    "note_name": "D2",
    "note_frequency": 73.4312744140625,
    "note_confidence": 0.7325730323791504,
    "hardness": 70.57616435784595,
    "depth": 41.06889575826615,
    "brightness": 59.980735336988445,
    "roughness": 69.80978576900016,
    "warmth": 46.73966203226097,
    "sharpness": 44.96576452112139,
    "boominess": 25.66240373078256,
    "reverb": false
}