{
    "duration": 0.08163265138864517,
    "lossless": 1.0,
    "codec": "pcm_f32le",
    "bitrate": 1411200.0,
    "samplerate": 44100.0,
    "channels": 1.0,
    "audio_md5": "790c6591ef32df2ce226c546f40f2b6b",
    "loudness": -13.881122589111328,
    "dynamic_range": 0.0,
    "temporal_centroid": 0.5687845945358276,
    "log_attack_time": -1.4915390014648438,
    "filesize": 14458,
    "single_event": false,
    "tonality": "D major",
    "tonality_confidence": 0.638228178024292,
    "loop": false,
    "tempo": 0,
    "tempo_confidence": 0.0,
    "note_midi": 38,
    "note_name": "D2",
    "note_frequency": 73.42900848388672,
    "note_confidence": 0.9860494136810303,
    "hardness": 55.842384288649754,
    "depth": 60.83675269320411,
    "brightness": 55.09175306504874,
    "roughness": 62.38999182563702,
    "warmth": 54.38252786761049,
    "sharpness": 45.69635632262656,
    "boominess": 36.109702277865914,
    "reverb": false
}