{
    "duration": 0.08163265138864517,
    "lossless": 1.0,
    "codec": "pcm_f32le",
    "bitrate": 1411200.0,
    "samplerate": 44100.0,
    "channels": 1.0,
    "audio_md5": "a5c09b6f277284a64e61fae54c92a243",
    "loudness": -13.494453430175781,
    "dynamic_range": 0.0,
    "temporal_centroid": 0.5749504566192627,
    "log_attack_time": -1.388442873954773,
    "filesize": 14458,
    "single_event": false,
    "tonality": "D major",
    "tonality_confidence": 0.7902698516845703,
    "loop": false,
    "tempo": 0,
    "tempo_confidence": 0.0,
    "note_midi": 38,
    "note_name": "D2",
    "note_frequency": 73.45639038085938,
    "note_confidence": 0.9836361408233643,
    "hardness": 22.3180051288154,
    "depth": 63.67010107561403,
    "brightness": 17.32988310867298,
    "roughness": 42.55005873652932,
    "warmth": 57.59372277735279,
    "sharpness": 0.0,
    "boominess": 58.32938183089521,
    "reverb": false
}