{
    "duration": 0.08163265138864517,
    "lossless": 1.0,
    "codec": "pcm_f32le",
    "bitrate": 1411200.0,
    "samplerate": 44100.0,
    "channels": 1.0,
    "audio_md5": "e8ff60343ec134956148d1f3b35cf01a",
    "loudness": -16.658689498901367,
    "dynamic_range": 0.0,
    "temporal_centroid": 0.6255276203155518,
    "log_attack_time": -1.2303012609481812,
    "filesize": 14458,
    "single_event": false,
    "tonality": "D minor",
    "tonality_confidence": 0.8714479804039001,
    "loop": false,
    "tempo": 0,
    "tempo_confidence": 0.0,
    "note_midi": 38,
    "note_name": "D2",
    "note_frequency": 73.42839813232422,
    "note_confidence": 0.9941686391830444,
    "hardness": 69.80708201145444,
    "depth": 55.67044230962016,
    "brightness": 56.03133448793041,
    "roughness": 66.16328608155081,
    "warmth": 54.156462778139066,
    "sharpness": 46.70477209020254,
    "boominess": 31.42164974770807,
    "reverb": false
}