{
    "duration": 0.08163265138864517,
    "lossless": 1.0,
    "codec": "pcm_f32le",
    "bitrate": 1411200.0,
    "samplerate": 44100.0,
    "channels": 1.0,
    "audio_md5": "16b7134b0775e6ea45c0d324b71acc1a",
    "loudness": -15.332161903381348,
    "dynamic_range": 0.0,
    "temporal_centroid": 0.577823281288147,
    "log_attack_time": -1.3245002031326294,
    "filesize": 14458,
    "single_event": false,
    "tonality": "A major",
    "tonality_confidence": 0.5429394841194153,
    "loop": false,
    "tempo": 0,
    "tempo_confidence": 0.0,
    "note_midi": 38,
    "note_name": "D2",
    "note_frequency": 73.44781494140625,
    "note_confidence": 0.9878434538841248,
    "hardness": 21.305586377738408,
    "depth": 54.87187335106054,
    "brightness": 25.57793366822172,
    "roughness": 38.989485950694785,
    "warmth": 57.30581895576343,
    "sharpness": 0.0,
    "boominess": 60.038296499541346,
    "reverb": false
}