{
    "duration": 0.08163265138864517,
    "lossless": 1.0,
    "codec": "pcm_f32le",
    "bitrate": 1411200.0,
    "samplerate": 44100.0,
    "channels": 1.0,
    "audio_md5": "5a53c8f27b401e7648628474731e8018",
    "loudness": -16.080623626708984,
    "dynamic_range": 0.0,
    "temporal_centroid": 0.5976571440696716,
    "log_attack_time": -1.2611619234085083,
    "filesize": 14458,
    "single_event": false,
    "tonality": "D minor",
    "tonality_confidence": 0.8395684957504272,
    "loop": false,
    "tempo": 0,
    "tempo_confidence": 0.0,
    "note_midi": 38,
    "note_name": "D2",
    "note_frequency": 73.42839813232422,
    "note_confidence": 0.8773287534713745,
    "hardness": 76.74863925489515,
    "depth": 44.08338654806869,
    "brightness": 59.34080074672311,
    "roughness": 69.7833287047392,
    "warmth": 49.88527610516128,
    "sharpness": 50.12403913289559,
    "boominess": 28.77932865954467,
    "reverb": false
}