{
    "duration": 0.08163265138864517,
    "lossless": 1.0,
    "codec": "pcm_f32le",
    "bitrate": 1411200.0,
    "samplerate": 44100.0,
    "channels": 1.0,
    "audio_md5": "8c98ed162bc360b1de523d4761a2a746",
    "loudness": -15.374557495117188,
    "dynamic_range": 0.0,
    "temporal_centroid": 0.5920958518981934,
    "log_attack_time": -1.2258058786392212,
    "filesize": 14458,
    "single_event": false,
    "tonality": "D major",
    "tonality_confidence": 0.5757044553756714,
    "loop": false,
    "tempo": 0,
    "tempo_confidence": 0.0,
    "note_midi": 38,
    "note_name": "D2",
    "note_frequency": 73.436279296875,
    "note_confidence": 0.993301272392273,
    "hardness": 20.15769039687602,
    "depth": 54.75636118408007,
    "brightness": 15.529174426072068,
    "roughness": 42.66420730117065,
    "warmth": 60.1716052446944,
    "sharpness": 0.0,
    "boominess": 58.28517207944155,
    "reverb": false
}