{
    "duration": 0.08163265138864517,
    "lossless": 1.0,
    "codec": "pcm_f32le",
    "bitrate": 1411200.0,
    "samplerate": 44100.0,
    "channels": 1.0,
    "audio_md5": "d92acfb53b7abb01af15cf479b710160",
    "loudness": -20.660017013549805,
    "dynamic_range": 0.0,
    "temporal_centroid": 0.5966008305549622,
    "log_attack_time": -1.2711586952209473,
    "filesize": 14458,
    "single_event": false,
    "tonality": "D major",
    "tonality_confidence": 0.889913022518158,
    "loop": false,
    "tempo": 0,
    "tempo_confidence": 0.0,
    "note_midi": 38,
    "note_name": "D2",
    "note_frequency": 73.42942810058594,
    "note_confidence": 0.8301560878753662,
    "hardness": 69.0069037336417,
    "depth": 54.05161654233062,
    "brightness": 57.692646064546764,
    "roughness": 66.24538911726597,
    "warmth": 52.90710555465228,
    "sharpness": 44.82931439151323,
    "boominess": 31.877408191180745,
    "reverb": false
}