{
    "duration": 0.08163265138864517,
    "lossless": 1.0,
    "codec": "pcm_f32le",
    "bitrate": 1411200.0,
    "samplerate": 44100.0,
    "channels": 1.0,
    "audio_md5": "16148421fb3440b7a35ddafa75383797",
    "loudness": -19.6116886138916,
    "dynamic_range": 0.0,
    "temporal_centroid": 0.59212726354599,
    "log_attack_time": -1.2092314958572388,
    "filesize": 14458,
    "single_event": false,
    "tonality": "D major",
    "tonality_confidence": 0.5466300249099731,
    "loop": false,
    "tempo": 0,
    "tempo_confidence": 0.0,
    "note_midi": 38,
    "note_name": "D2",
    "note_frequency": 75.55611419677734,
    "note_confidence": 0.9090277552604675,
    "hardness": 68.79064945790896,
    "depth": 53.42411466634052,
    "brightness": 60.5723512503678,
    "roughness": 57.97682637990788,
    "warmth": 46.50780993566567,
    "sharpness": 53.210339732979364,
    "boominess": 37.54960798271051,
    "reverb": false
}