{
    "duration": 0.08163265138864517,
    "lossless": 1.0,
    "codec": "pcm_f32le",
    "bitrate": 1411200.0,
    "samplerate": 44100.0,
    "channels": 1.0,
    "audio_md5": "cdf54b9c21d2ffa20d8ede7d24ced05e",
    "loudness": -18.435911178588867,
    "dynamic_range": 0.0,
    "temporal_centroid": 0.5866434574127197,
    "log_attack_time": -1.3638602495193481,
    "filesize": 14458,
    "single_event": false,
    "tonality": "D major",
    "tonality_confidence": 0.8808388113975525,
    "loop": false,
    "tempo": 0,
    "tempo_confidence": 0.0,
    "note_midi": 38,
    "note_name": "D2",
    "note_frequency": 73.42839813232422,
    "note_confidence": 0.998068630695343,
    "hardness": 67.60771579245511,
    "depth": 58.38634559211437,
    "brightness": 61.46225483405314,
    "roughness": 71.70493733106235,
    "warmth": 47.082731101418595,
    "sharpness": 54.2524687799229,
    "boominess": 33.36941622330518,
    "reverb": false
}