{
    "duration": 0.08163265138864517,
    "lossless": 1.0,
    "codec": "pcm_f32le",
    "bitrate": 1411200.0,
    "samplerate": 44100.0,
    "channels": 1.0,
    "audio_md5": "15dd389fd191434d88cf1a072e17580d",
    "loudness": -13.631516456604004,
    "dynamic_range": 0.0,
    "temporal_centroid": 0.5841067433357239,
    "log_attack_time": -1.3377991914749146,
    "filesize": 14458,
    "single_event": false,
    "tonality": "D major",
    "tonality_confidence": 0.8984057307243347,
    "loop": false,
    "tempo": 0,
    "tempo_confidence": 0.0,
    "note_midi": 38,
    "note_name": "D2",
    "note_frequency": 73.43201446533203,
    "note_confidence": 0.9973239302635193,
    "hardness": 20.37808825193264,
    "depth": 54.80633547865423,
    "brightness": 22.317452301818783,
    "roughness": 45.09073960647683,
    "warmth": 60.951477923494,
    "sharpness": 0.0,
    "boominess": 58.450356814494796,
    "reverb": false
}