{
    "duration": 0.08163265138864517,
    "lossless": 1.0,
    "codec": "pcm_f32le",
    "bitrate": 1411200.0,
    "samplerate": 44100.0,
    "channels": 1.0,
    "audio_md5": "567f91c545d718dee6acab76f55493d5",
    "loudness": -14.514625549316406,
    "dynamic_range": 0.0,
    "temporal_centroid": 0.5959669351577759,
    "log_attack_time": -1.2741105556488037,
    "filesize": 14458,
    "single_event": false,
    "tonality": "D major",
    "tonality_confidence": 0.8028423190116882,
    "loop": false,
    "tempo": 0,
    "tempo_confidence": 0.0,
    "note_midi": 38,
    "note_name": "D2",
    "note_frequency": 73.43920135498047,
    "note_confidence": 0.944756031036377,
    "hardness": 49.587331507717806,
    "depth": 62.74315607060124,
    "brightness": 44.1956588145826,
    "roughness": 57.94856867615911,
    "warmth": 64.18759813192224,
    "sharpness": 34.7819677781862,
    "boominess": 45.173605335581925,
    "reverb": false
}