{
    "duration": 0.08163265138864517,
    "lossless": 1.0,
    "codec": "pcm_f32le",
    "bitrate": 1411200.0,
    "samplerate": 44100.0,
    "channels": 1.0,
    "audio_md5": "ddbf7c6e338e483b87ba4e87a6629c61",
    "loudness": -14.8466215133667,
    "dynamic_range": 0.0,
    "temporal_centroid": 0.6070749163627625,
    "log_attack_time": -1.2394338846206665,
    "filesize": 14458,
    "single_event": false,
    "tonality": "D major",
    "tonality_confidence": 0.6423671245574951,
    "loop": false,
    "tempo": 0,
    "tempo_confidence": 0.0,
    "note_midi": 38,
    "note_name": "D2",
    "note_frequency": 73.42939758300781,
    "note_confidence": 0.9879776239395142,
    "hardness": 56.044884809422,
    "depth": 59.30509705553072,
    "brightness": 48.04383969675776,
    "roughness": 57.802317846329885,
    "warmth": 61.311987664143075,
    "sharpness": 31.519177989344747,
    "boominess": 39.08928279036919,
    "reverb": false
}