{
    "duration": 0.08163265138864517,
    "lossless": 1.0,
    "codec": "pcm_f32le",
    "bitrate": 1411200.0,
    "samplerate": 44100.0,
    "channels": 1.0,
    "audio_md5": "76b85f3d6d235ce7a8c6b7b839f4095e",
    "loudness": -15.18328857421875,
    "dynamic_range": 0.0,
    "temporal_centroid": 0.5840067267417908,
    "log_attack_time": -1.3425408601760864,
    "filesize": 14458,
    "single_event": false,
    "tonality": "D major",
    "tonality_confidence": 0.9001930952072144,
    "loop": false,
    "tempo": 0,
    "tempo_confidence": 0.0,
    "note_midi": 38,
    "note_name": "D2",
    "note_frequency": 73.43307495117188,
    "note_confidence": 0.9831938743591309,
    "hardness": 37.221290870902706,
    "depth": 58.119312050784856,
    "brightness": 37.77169404310963,
    "roughness": 52.20937824452835,
    "warmth": 72.11992485879067,
    "sharpness": 16.725361674216973,
    "boominess": 45.98855936047832,
    "reverb": false
}