{
    "duration": 0.08163265138864517,
    "lossless": 1.0,
    "codec": "pcm_f32le",
    "bitrate": 1411200.0,
    "samplerate": 44100.0,
    "channels": 1.0,
    "audio_md5": "0313a22b50d14472cbc497936d57228f",
    "loudness": -14.966529846191406,
    "dynamic_range": 0.0,
    "temporal_centroid": 0.5919480323791504,
    "log_attack_time": -1.2963285446166992,
    "filesize": 14458,
    "single_event": false,
    "tonality": "D major",
    "tonality_confidence": 0.7471843957901001,
    "loop": false,
    "tempo": 0,
    "tempo_confidence": 0.0,
    "note_midi": 38,
    "note_name": "D2",
    "note_frequency": 73.43940734863281,
    "note_confidence": 0.9690261483192444,
    "hardness": 43.114651510363274,
    "depth": 62.53485034871214,
    "brightness": 40.83549343248761,
    "roughness": 51.84039771243596,
    "warmth": 66.93228698757386,
    "sharpness": 25.410175056521133,
    "boominess": 45.33899018741012,
    "reverb": false
}