{
    "duration": 0.08163265138864517,
    "lossless": 1.0,
    "codec": "pcm_f32le",
    "bitrate": 1411200.0,
    "samplerate": 44100.0,
    "channels": 1.0,
    "audio_md5": "2621f895a15b7d56632b5f84bbf3da5e",
    "loudness": -10.041985511779785,
    "dynamic_range": 0.0,
    "temporal_centroid": 0.5545502305030823,
    "log_attack_time": -1.6612634658813477,
    "filesize": 14458,
    "single_event": false,
    "tonality": "B major",
    "tonality_confidence": 0.30911120772361755,
    "loop": false,
    "tempo": 0,
    "tempo_confidence": 0.0,
    "note_midi": 38,
    "note_name": "D2",
    "note_frequency": 73.43353271484375,
    "note_confidence": 0.9673858880996704,
    "hardness": 52.916794900654054,
    "depth": 61.56795580620444,
    "brightness": 48.35514888758658,
    "roughness": 45.935558882639185,
    "warmth": 60.226390651951135,
    "sharpness": 34.04454723791493,
    "boominess": 39.43918442141737,
    "reverb": false
}