{
    "duration": 0.08163265138864517,
    "lossless": 1.0,
    "codec": "pcm_f32le",
    "bitrate": 1411200.0,
    "samplerate": 44100.0,
    "channels": 1.0,
    "audio_md5": "c964576c40ad7458c63b7e6f484e8237",
    "loudness": -17.620431900024414,
    "dynamic_range": 0.0,
    "temporal_centroid": 0.6177234053611755,
    "log_attack_time": -1.259726881980896,
    "filesize": 14458,
    "single_event": false,
    "tonality": "D major",
    "tonality_confidence": 0.7967395782470703,
    "loop": false,
    "tempo": 0,
    "tempo_confidence": 0.0,
    "note_midi": 50,
    "note_name": "D3",
    "note_frequency": 146.8686981201172,
    "note_confidence": 0.8671565651893616,
    "hardness": 77.76974383276621,
    "depth": 14.32485952674265,
    "brightness": 72.17006000283347,
    "roughness": 74.11257356610156,
    "warmth": 23.41121363030733,
    "sharpness": 61.596604828806406,
    "boominess": 0.5338335166598362,
    "reverb": false
}