{
    "duration": 0.08163265138864517,
    "lossless": 1.0,
    "codec": "pcm_f32le",
    "bitrate": 1411200.0,
    "samplerate": 44100.0,
    "channels": 1.0,
    "audio_md5": "5af2c7f56822e4430014c030e6bde59a",
    "loudness": -15.382987022399902,
    "dynamic_range": 0.0,
    "temporal_centroid": 0.588056206703186,
    "log_attack_time": -1.2687749862670898,
    "filesize": 14458,
    "single_event": false,
    "tonality": "D minor",
    "tonality_confidence": 0.6462410688400269,
    "loop": false,
    "tempo": 0,
    "tempo_confidence": 0.0,
    "note_midi": 38,
    "note_name": "D2",
    "note_frequency": 73.43607330322266,
    "note_confidence": 0.9769943952560425,
    "hardness": 38.560963444515664,
    "depth": 61.5063468692847,
    "brightness": 39.14083604504252,
    "roughness": 52.67063997829883,
    "warmth": 67.60525733005457,
    "sharpness": 15.905346280371127,
    "boominess": 43.25215907219465,
    "reverb": false
}