{
    "duration": 0.08163265138864517,
    "lossless": 1.0,
    "codec": "pcm_f32le",
    "bitrate": 1411200.0,
    "samplerate": 44100.0,
    "channels": 1.0,
    "audio_md5": "3a42bc481801c728764ff8fbd4d2cec0",
    "loudness": -16.260663986206055,
    "dynamic_range": 0.0,
    "temporal_centroid": 0.5855610370635986,
    "log_attack_time": -1.2722632884979248,
    "filesize": 14458,
    "single_event": false,
    "tonality": "D major",
    "tonality_confidence": 0.8497679829597473,
    "loop": false,
    "tempo": 0,
    "tempo_confidence": 0.0,
    "note_midi": 38,
    "note_name": "D2",
    "note_frequency": 73.42900085449219,
    "note_confidence": 0.959858238697052,
    "hardness": 65.66262289948452,
    "depth": 54.74639736535149,
    "brightness": 54.88248017464925,
    "roughness": 66.41035802117051,
    "warmth": 54.9042513229159,
    "sharpness": 48.50866573914476,
    "boominess": 35.966140490056745,
    "reverb": false
}