{
    "duration": 0.08163265138864517,
    "lossless": 1.0,
    "codec": "pcm_f32le",
    "bitrate": 1411200.0,
    "samplerate": 44100.0,
    "channels": 1.0,
    "audio_md5": "6213a8cae3a10bd5aa8aaf4e9d10a2d4",
    "loudness": -19.746797561645508,
    "dynamic_range": 0.0,
    "temporal_centroid": 0.608747124671936,
    "log_attack_time": -1.2287976741790771,
    "filesize": 14458,
    "single_event": false,
    "tonality": "A major",
    "tonality_confidence": 0.9025898575782776,
    "loop": false,
    "tempo": 0,
    "tempo_confidence": 0.0,
    "note_midi": 57,
    "note_name": "A3",
    "note_frequency": 220.32444763183594,
    "note_confidence": 0.8701845407485962,
    "hardness": 62.959269557170586,
    "depth": 21.326540204737576,
    "brightness": 60.08480561357733,
    "roughness": 65.65951692860853,
    "warmth": 42.931811541712705,
    "sharpness": 40.93082822618686,
    "boominess": 14.434873638524632,
    "reverb": false
}