{
    "duration": 0.08163265138864517,
    "lossless": 1.0,
    "codec": "pcm_f32le",
    "bitrate": 1411200.0,
    "samplerate": 44100.0,
    "channels": 1.0,
    "audio_md5": "3be6c8f52bb2f2cd64c6cd420b20d590",
    "loudness": -14.11201286315918,
    "dynamic_range": 0.0,
    "temporal_centroid": 0.5851012468338013,
    "log_attack_time": -1.2730013132095337,
    "filesize": 14458,
    "single_event": false,
    "tonality": "D major",
    "tonality_confidence": 0.6249525547027588,
    "loop": false,
    "tempo": 0,
    "tempo_confidence": 0.0,
    "note_midi": 38,
    "note_name": "D2",
    "note_frequency": 73.42842102050781,
    "note_confidence": 0.9688657522201538,
    "hardness": 20.90018620879883,
    "depth": 62.847732011770596,
    "brightness": 15.838392830769628,
    "roughness": 31.609651105710544,
    "warmth": 67.59875835784382,
    "sharpness": 0.0,
    "boominess": 55.843278591029815,
    "reverb": false
}