{
    "duration": 0.08163265138864517,
    "lossless": 1.0,
    "codec": "pcm_f32le",
    "bitrate": 1411200.0,
    "samplerate": 44100.0,
    "channels": 1.0,
    "audio_md5": "5114cfb4660c7544d3f5cec80d5bd1a4",
    "loudness": -14.729958534240723,
    "dynamic_range": 0.0,
    "temporal_centroid": 0.5832666158676147,
    "log_attack_time": -1.2791378498077393,
    "filesize": 14458,
    "single_event": false,
    "tonality": "D major",
    "tonality_confidence": 0.5968896746635437,
    "loop": false,
    "tempo": 0,
    "tempo_confidence": 0.0,
    "note_midi": 38,
    "note_name": "D2",
    "note_frequency": 73.42852020263672,
    "note_confidence": 0.9638270735740662,
    "hardness": 38.66932716697136,
    "depth": 51.4283355552623,
    "brightness": 37.97640202249583,
    "roughness": 51.191226474550014,
    "warmth": 73.43872057661325,
    "sharpness": 18.340528676776362,
    "boominess": 44.08138727563595,
    "reverb": false
}