{
    "duration": 0.08163265138864517,
    "lossless": 1.0,
    "codec": "pcm_f32le",
    "bitrate": 1411200.0,
    "samplerate": 44100.0,
    "channels": 1.0,
    "audio_md5": "b89903c38f18da2b250ad408ec8ae9cf",
    "loudness": -15.236553192138672,
    "dynamic_range": 0.0,
    "temporal_centroid": 0.5890570282936096,
    "log_attack_time": -1.26713228225708,
    "filesize": 14458,
    "single_event": false,
    "tonality": "F# minor",
    "tonality_confidence": 0.5446454882621765,
    "loop": false,
    "tempo": 0,
    "tempo_confidence": 0.0,
    "note_midi": 38,
    "note_name": "D2",
    "note_frequency": 73.42920684814453,
    "note_confidence": 0.9990995526313782,
    "hardness": 19.88373129208135,
    "depth": 63.10802720490131,
    "brightness": 15.948970583448727,
    "roughness": 42.63860566310096,
    "warmth": 61.424383115586544,
    "sharpness": 0.0,
    "boominess": 56.62050178628771,
    "reverb": false
}