{
    "duration": 0.08163265138864517,
    "lossless": 1.0,
    "codec": "pcm_f32le",
    "bitrate": 1411200.0,
    "samplerate": 44100.0,
    "channels": 1.0,
    "audio_md5": "ce2ed120337c9d72ca4d68b060688691",
    "loudness": -14.178692817687988,
    "dynamic_range": 0.0,
    "temporal_centroid": 0.5845205187797546,
    "log_attack_time": -1.3645436763763428,
    "filesize": 14458,
    "single_event": false,
    "tonality": "D major",
    "tonality_confidence": 0.7584009766578674,
    "loop": false,
    "tempo": 0,
    "tempo_confidence": 0.0,
    "note_midi": 38,
    "note_name": "D2",
    "note_frequency": 73.4285659790039,
    "note_confidence": 0.9946045875549316,
    "hardness": 19.095552059697752,
    "depth": 59.34254786180228,
    "brightness": 17.483683387121204,
    "roughness": 45.23924550904237,
    "warmth": 64.74116999041732,
    "sharpness": 0.0,
    "boominess": 57.47891812117683,
    "reverb": false
}