{
    "duration": 0.08163265138864517,
    "lossless": 1.0,
    "codec": "pcm_f32le",
    "bitrate": 1411200.0,
    "samplerate": 44100.0,
    "channels": 1.0,
    "audio_md5": "999ffc493cef08ef28dbb6201cd34f54",
    "loudness": -15.574708938598633,
    "dynamic_range": 0.0,
    "temporal_centroid": 0.5948225855827332,
    "log_attack_time": -1.22713303565979,
    "filesize": 14458,
    "single_event": false,
    "tonality": "D major",
    "tonality_confidence": 0.6259199976921082,
    "loop": false,
    "tempo": 0,
    "tempo_confidence": 0.0,
    "note_midi": 38,
    "note_name": "D2",
    "note_frequency": 73.43418884277344,
    "note_confidence": 0.993554949760437,
    "hardness": 26.42361383333092,
    "depth": 54.57069937724732,
    "brightness": 26.107663255970643,
    "roughness": 46.86891543606892,
    "warmth": 66.86874122585183,
    "sharpness": 0.0,
    "boominess": 55.72585859896392,
    "reverb": false
}