{
    "duration": 0.08163265138864517,
    "lossless": 1.0,
    "codec": "pcm_f32le",
    "bitrate": 1411200.0,
    "samplerate": 44100.0,
    "channels": 1.0,
    "audio_md5": "c0be93d8d76daf954c2770b8f9bb0416",
    "loudness": -24.931333541870117,
    "dynamic_range": 0.0,
    "temporal_centroid": 0.6261422634124756,
    "log_attack_time": -1.1740281581878662,
    "filesize": 14458,
    "single_event": false,
    "tonality": "D major",
    "tonality_confidence": 0.767464280128479,
    "loop": false,
    "tempo": 0,
    "tempo_confidence": 0.0,
    "note_midi": 38,
    "note_name": "D2",
    "note_frequency": 73.42900848388672,
    "note_confidence": 0.7234510183334351,
    "hardness": 74.5578519927308,
    "depth": 30.169075595379752,
    "brightness": 72.46142071263861,
    "roughness": 73.43204209156836,
    "warmth": 28.826231046197048,
    "sharpness": 56.79275603275359,
    "boominess": 13.874916721620355,
    "reverb": false
}