{
    "duration": 0.08163265138864517,
    "lossless": 1.0,
    "codec": "pcm_f32le",
    "bitrate": 1411200.0,
    "samplerate": 44100.0,
    "channels": 1.0,
    "audio_md5": "332499fd3379a8eb595e02be04e4a4e4",
    "loudness": -16.693571090698242,
    "dynamic_range": 0.0,
    "temporal_centroid": 0.6087148189544678,
    "log_attack_time": -1.2062127590179443,
    "filesize": 14458,
    "single_event": false,
    "tonality": "D major",
    "tonality_confidence": 0.9234512448310852,
    "loop": false,
    "tempo": 0,
    "tempo_confidence": 0.0,
    "note_midi": 38,
    "note_name": "D2",
    "note_frequency": 73.4285659790039,
    "note_confidence": 0.9798431396484375,
    "hardness": 70.4341625659838,
    "depth": 52.14932569609786,
    "brightness": 55.154097551148226,
    "roughness": 74.37231487395519,
    "warmth": 52.88782530292513,
    "sharpness": 49.05599371360526,
    "boominess": 32.54575075668181,
    "reverb": false
}