{
    "duration": 0.08163265138864517,
    "lossless": 1.0,
    "codec": "pcm_f32le",
    "bitrate": 1411200.0,
    "samplerate": 44100.0,
    "channels": 1.0,
    "audio_md5": "7fb1c71e3167dd99468edf0e7891e327",
    "loudness": -15.27115249633789,
    "dynamic_range": 0.0,
    "temporal_centroid": 0.6056421995162964,
    "log_attack_time": -1.3403791189193726,
    "filesize": 14458,
    "single_event": false,
    "tonality": "D major",
    "tonality_confidence": 0.866101861000061,
    "loop": false,
    "tempo": 0,
    "tempo_confidence": 0.0,
    "note_midi": 38,
    "note_name": "D2",
    "note_frequency": 73.42996215820312,
    "note_confidence": 0.996406614780426,
    "hardness": 24.21559567362793,
    "depth": 61.96023363522948,
    "brightness": 22.99889168422041,
    "roughness": 46.515083359052184,
    "warmth": 70.12553999527364,
    "sharpness": 0.0,
    "boominess": 52.93886318074698,
    "reverb": false
}