{
    "duration": 0.08163265138864517,
    "lossless": 1.0,
    "codec": "pcm_f32le",
    "bitrate": 1411200.0,
    "samplerate": 44100.0,
    "channels": 1.0,
    "audio_md5": "06c5cf41859298a6c7aa8aac5fb3b723",
    "loudness": -15.628358840942383,
    "dynamic_range": 0.0,
    "temporal_centroid": 0.5940741300582886,
    "log_attack_time": -1.2137186527252197,
    "filesize": 14458,
    "single_event": false,
    "tonality": "D major",
    "tonality_confidence": 0.6603104472160339,
    "loop": false,
    "tempo": 0,
    "tempo_confidence": 0.0,
    "note_midi": 38,
    "note_name": "D2",
    "note_frequency": 73.44631958007812,
    "note_confidence": 0.9836597442626953,
    "hardness": 25.53907408972688,
    "depth": 54.71781910146927,
    "brightness": 24.310949329935536,
    "roughness": 44.82004482193254,
    "warmth": 65.82682833601255,
    "sharpness": 0.0,
    "boominess": 57.693005224286026,
    "reverb": false
}