{
    "duration": 0.08163265138864517,
    "lossless": 1.0,
    "codec": "pcm_f32le",
    "bitrate": 1411200.0,
    "samplerate": 44100.0,
    "channels": 1.0,
    "audio_md5": "50f1cd98195cb4cdb562032b1631810f",
    "loudness": -13.91360092163086,
    "dynamic_range": 0.0,
    "temporal_centroid": 0.6149144768714905,
    "log_attack_time": -1.266768217086792,
    "filesize": 14458,
    "single_event": false,
    "tonality": "A minor",
    "tonality_confidence": 0.4593644440174103,
    "loop": false,
    "tempo": 0,
    "tempo_confidence": 0.0,
    "note_midi": 38,
    "note_name": "D2",
    "note_frequency": 73.42839050292969,
    "note_confidence": 0.955437183380127,
    "hardness": 72.71964371449823,
    "depth": 36.644014946906935,
    "brightness": 63.39386285203312,
    "roughness": 74.40802916545715,
    "warmth": 35.608974829007444,
    "sharpness": 54.14695764084166,
    "boominess": 23.28060294448845,
    "reverb": false
}