{
    "duration": 0.08163265138864517,
    "lossless": 1.0,
    "codec": "pcm_f32le",
    "bitrate": 1411200.0,
    "samplerate": 44100.0,
    "channels": 1.0,
    "audio_md5": "9a3e1791439e1e5e449f7670d5f49647",
    "loudness": -16.274089813232422,
    "dynamic_range": 0.0,
    "temporal_centroid": 0.5856919288635254,
    "log_attack_time": -1.2765238285064697,
    "filesize": 14458,
    "single_event": false,
    "tonality": "D major",
    "tonality_confidence": 0.7333461046218872,
    "loop": false,
    "tempo": 0,
    "tempo_confidence": 0.0,
    "note_midi": 38,
    "note_name": "D2",
    "note_frequency": 73.4324951171875,
    "note_confidence": 0.8770052790641785,
    "hardness": 74.0915574534485,
    "depth": 59.39937392171762,
    "brightness": 52.75763932898526,
    "roughness": 65.0662161672419,
    "warmth": 54.01133553617312,
    "sharpness": 47.3140963821875,
    "boominess": 39.73329789431649,
    "reverb": false
}