{
    "duration": 0.08163265138864517,
    "lossless": 1.0,
    "codec": "pcm_f32le",
    "bitrate": 1411200.0,
    "samplerate": 44100.0,
    "channels": 1.0,
    "audio_md5": "62caef4b609018b1167a44631e70f204",
    "loudness": -14.455148696899414,
    "dynamic_range": 0.0,
    "temporal_centroid": 0.5951741337776184,
    "log_attack_time": -1.272632122039795,
    "filesize": 14458,
    "single_event": false,
    "tonality": "D major",
    "tonality_confidence": 0.8796989917755127,
    "loop": false,
    "tempo": 0,
    "tempo_confidence": 0.0,
    "note_midi": 38,
    "note_name": "D2",
    "note_frequency": 73.43294525146484,
    "note_confidence": 0.9480100274085999,
    "hardness": 54.55151460955048,
    "depth": 62.86026010345443,
    "brightness": 45.730458918571486,
    "roughness": 53.29902321142334,
    "warmth": 57.1268324281292,
    "sharpness": 43.48422426618997,
    "boominess": 46.815940583373546,
    "reverb": false
}