{
    "duration": 0.08163265138864517,
    "lossless": 1.0,
    "codec": "pcm_f32le",
    "bitrate": 1411200.0,
    "samplerate": 44100.0,
    "channels": 1.0,
    "audio_md5": "05470ac1f2567d270beb9aab2e761808",
    "loudness": -15.070686340332031,
    "dynamic_range": 0.0,
    "temporal_centroid": 0.5969486236572266,
    "log_attack_time": -1.263684868812561,
    "filesize": 14458,
    "single_event": false,
    "tonality": "D minor",
    "tonality_confidence": 0.789801299571991,
    "loop": false,
    "tempo": 0,
    "tempo_confidence": 0.0,
    "note_midi": 38,
    "note_name": "D2",
    "note_frequency": 73.42857360839844,
    "note_confidence": 0.9989725351333618,
    "hardness": 35.19661671587349,
    "depth": 58.12025021306486,
    "brightness": 31.684061917515738,
    "roughness": 50.155181439211034,
    "warmth": 70.83741322582412,
    "sharpness": 1.9807863885956678,
    "boominess": 45.57435058218236,
    "reverb": false
}