{
    "duration": 0.08163265138864517,
    "lossless": 1.0,
    "codec": "pcm_f32le",
    "bitrate": 1411200.0,
    "samplerate": 44100.0,
    "channels": 1.0,
    "audio_md5": "ce27fbaa49998df1759974e81e948013",
    "loudness": -14.119956016540527,
    "dynamic_range": 0.0,
    "temporal_centroid": 0.5808461904525757,
    "log_attack_time": -1.3234620094299316,
    "filesize": 14458,
    "single_event": false,
    "tonality": "D minor",
    "tonality_confidence": 0.48788338899612427,
    "loop": false,
    "tempo": 0,
    "tempo_confidence": 0.0,
    "note_midi": 38,
    "note_name": "D2",
    "note_frequency": 73.44164276123047,
    "note_confidence": 0.9537914991378784,
    "hardness": 35.03339085030346,
    "depth": 60.65162925725141,
    "brightness": 30.289682330849814,
    "roughness": 42.37985870884528,
    "warmth": 63.72610111312739,
    "sharpness": 10.836492865938308,
    "boominess": 41.413151955273364,
    "reverb": false
}