{
    "duration": 0.08163265138864517,
    "lossless": 1.0,
    "codec": "pcm_f32le",
    "bitrate": 1411200.0,
    "samplerate": 44100.0,
    "channels": 1.0,
    "audio_md5": "8abe6b95577e7b7abfc6ec56242113b6",
    "loudness": -19.266382217407227,
    "dynamic_range": 0.0,
    "temporal_centroid": 0.6276043653488159,
    "log_attack_time": -1.1716821193695068,
    "filesize": 14458,
    "single_event": false,
    "tonality": "D major",
    "tonality_confidence": 0.767052412033081,
    "loop": false,
    "tempo": 0,
    "tempo_confidence": 0.0,
    "note_midi": 38,
    "note_name": "D2",
    "note_frequency": 73.42839813232422,
    "note_confidence": 0.9999233484268188,
    "hardness": 73.19838377742585,
    "depth": 51.68538858861826,
    "brightness": 56.66393119001668,
    "roughness": 69.82559653247179,
    "warmth": 51.89126039842571,
    "sharpness": 47.73118364832267,
    "boominess": 30.719217888372615,
    "reverb": false
}