{
    "duration": 0.08163265138864517,
    "lossless": 1.0,
    "codec": "pcm_f32le",
    "bitrate": 1411200.0,
    "samplerate": 44100.0,
    "channels": 1.0,
    "audio_md5": "7a579876647b7c7ddc9e73791fca2d9d",
    "loudness": -12.823439598083496,
    "dynamic_range": 0.0,
    "temporal_centroid": 0.5815582275390625,
    "log_attack_time": -1.3440605401992798,
    "filesize": 14458,
    "single_event": false,
    "tonality": "D major",
    "tonality_confidence": 0.48132920265197754,
    "loop": false,
    "tempo": 0,
    "tempo_confidence": 0.0,
    "note_midi": 38,
    "note_name": "D2",
    "note_frequency": 73.43155670166016,
    "note_confidence": 0.9516686201095581,
    "hardness": 39.223530555939575,
    "depth": 43.96658157220628,
    "brightness": 36.53835318988921,
    "roughness": 52.441158801727774,
    "warmth": 59.01181101847124,
    "sharpness": 15.302726731222027,
    "boominess": 29.436566592572543,
    "reverb": false
}