{
    "duration": 0.08163265138864517,
    "lossless": 1.0,
    "codec": "pcm_f32le",
    "bitrate": 1411200.0,
    "samplerate": 44100.0,
    "channels": 1.0,
    "audio_md5": "1b5345fa6810661d4a8097a4f1c7d22d",
    "loudness": -14.012801170349121,
    "dynamic_range": 0.0,
    "temporal_centroid": 0.5820797085762024,
    "log_attack_time": -1.329939365386963,
    "filesize": 14458,
    "single_event": false,
    "tonality": "D major",
    "tonality_confidence": 0.626582145690918,
    "loop": false,
    "tempo": 0,
    "tempo_confidence": 0.0,
    "note_midi": 38,
    "note_name": "D2",
    "note_frequency": 73.43932342529297,
    "note_confidence": 0.9897524118423462,
    "hardness": 30.20936162367319,
    "depth": 63.39228244889272,
    "brightness": 31.26942325114281,
    "roughness": 47.33992299499166,
    "warmth": 58.85476758478027,
    "sharpness": 3.527055678465114,
    "boominess": 50.848166043929936,
    "reverb": false
}