{
    "duration": 0.08163265138864517,
    "lossless": 1.0,
    "codec": "pcm_f32le",
    "bitrate": 1411200.0,
    "samplerate": 44100.0,
    "channels": 1.0,
    "audio_md5": "5987cf431a3a6e07dece4ee5904427fa",
    "loudness": -14.614255905151367,
    "dynamic_range": 0.0,
    "temporal_centroid": 0.579748272895813,
    "log_attack_time": -1.2817676067352295,
    "filesize": 14458,
    "single_event": false,
    "tonality": "D major",
    "tonality_confidence": 0.8297886252403259,
    "loop": false,
    "tempo": 0,
    "tempo_confidence": 0.0,
    "note_midi": 38,
    "note_name": "D2",
    "note_frequency": 73.42839813232422,
    "note_confidence": 0.9249559640884399,
    "hardness": 67.46880220017749,
    "depth": 54.13249401498797,
    "brightness": 56.067573859859564,
    "roughness": 66.22478248549504,
    "warmth": 52.68459276408589,
    "sharpness": 47.729037267498725,
    "boominess": 35.84553760834033,
    "reverb": false
}