{
    "duration": 0.08163265138864517,
    "lossless": 1.0,
    "codec": "pcm_f32le",
    "bitrate": 1411200.0,
    "samplerate": 44100.0,
    "channels": 1.0,
    "audio_md5": "295bd65bf39b01f866004b1cae76c1f1",
    "loudness": -14.014680862426758,
    "dynamic_range": 0.0,
    "temporal_centroid": 0.5891330242156982,
    "log_attack_time": -1.2887955904006958,
    "filesize": 14458,
    "single_event": false,
    "tonality": "D minor",
    "tonality_confidence": 0.8110716938972473,
    "loop": false,
    "tempo": 0,
    "tempo_confidence": 0.0,
    "note_midi": 38,
    "note_name": "D2",
    "note_frequency": 73.42865753173828,
    "note_confidence": 0.933566153049469,
    "hardness": 73.40417156296687,
    "depth": 43.710330620674334,
    "brightness": 65.06732342571883,
    "roughness": 60.82506676760491,
    "warmth": 41.7772339035961,
    "sharpness": 51.31691675979239,
    "boominess": 24.915552041433802,
    "reverb": false
}