{
    "duration": 0.08163265138864517,
    "lossless": 1.0,
    "codec": "pcm_f32le",
    "bitrate": 1411200.0,
    "samplerate": 44100.0,
    "channels": 1.0,
    "audio_md5": "5ed7f3431d546a793c1f63940496d741",
    "loudness": -13.640828132629395,
    "dynamic_range": 0.0,
    "temporal_centroid": 0.5672092437744141,
    "log_attack_time": -1.5048742294311523,
    "filesize": 14458,
    "single_event": false,
    "tonality": "D major",
    "tonality_confidence": 0.8413048982620239,
    "loop": false,
    "tempo": 0,
    "tempo_confidence": 0.0,
    "note_midi": 38,
    "note_name": "D2",
    "note_frequency": 73.42839813232422,
    "note_confidence": 0.9829919338226318,
    "hardness": 77.271165870759,
    "depth": 59.490510604278825,
    "brightness": 58.57686474974121,
    "roughness": 61.135461007209734,
    "warmth": 48.94070219418898,
    "sharpness": 50.87948880195672,
    "boominess": 35.19281573654234,
    "reverb": false
}