{
    "duration": 0.08163265138864517,
    "lossless": 1.0,
    "codec": "pcm_f32le",
    "bitrate": 1411200.0,
    "samplerate": 44100.0,
    "channels": 1.0,
    "audio_md5": "c884cb9476603f05e7dbf0969909f519",
    "loudness": -14.492105484008789,
    "dynamic_range": 0.0,
    "temporal_centroid": 0.5811993479728699,
    "log_attack_time": -1.3666002750396729,
    "filesize": 14458,
    "single_event": false,
    "tonality": "D major",
    "tonality_confidence": 0.8864884376525879,
    "loop": false,
    "tempo": 0,
    "tempo_confidence": 0.0,
    "note_midi": 38,
    "note_name": "D2",
    "note_frequency": 73.42839813232422,
    "note_confidence": 0.9968188405036926,
    "hardness": 71.52951755663554,
    "depth": 59.505961331744196,
    "brightness": 60.81544752715523,
    "roughness": 65.9242305020328,
    "warmth": 44.47014597213663,
    "sharpness": 51.86438809455163,
    "boominess": 34.52159029369709,
    "reverb": false
}