{
    "duration": 0.08163265138864517,
    "lossless": 1.0,
    "codec": "pcm_f32le",
    "bitrate": 1411200.0,
    "samplerate": 44100.0,
    "channels": 1.0,
    "audio_md5": "8f80fd47a4d816fdcf0655683281ce15",
    "loudness": -16.449790954589844,
    "dynamic_range": 0.0,
    "temporal_centroid": 0.5843254923820496,
    "log_attack_time": -1.290330171585083,
    "filesize": 14458,
    "single_event": false,
    "tonality": "D major",
    "tonality_confidence": 0.8261071443557739,
    "loop": false,
    "tempo": 0,
    "tempo_confidence": 0.0,
    "note_midi": 38,
    "note_name": "D2",
    "note_frequency": 73.4426498413086,
    "note_confidence": 0.9384347200393677,
    "hardness": 49.70233134963175,
    "depth": 62.102996125718356,
    "brightness": 43.75781830938154,
    "roughness": 49.916951857682385,
    "warmth": 60.43891955938061,
    "sharpness": 34.73517134651728,
    "boominess": 43.06293980090098,
    "reverb": false
}