{
    "duration": 0.08163265138864517,
    "lossless": 1.0,
    "codec": "pcm_f32le",
    "bitrate": 1411200.0,
    "samplerate": 44100.0,
    "channels": 1.0,
    "audio_md5": "219c08073ad8102f9580cb7d8ecda567",
    "loudness": -9.725879669189453,
    "dynamic_range": 0.0,
    "temporal_centroid": 0.5676866769790649,
    "log_attack_time": -1.4930686950683594,
    "filesize": 14458,
    "single_event": false,
    "tonality": "D major",
    "tonality_confidence": 0.7260882258415222,
    "loop": false,
    "tempo": 0,
    "tempo_confidence": 0.0,
    "note_midi": 38,
    "note_name": "D2",
    "note_frequency": 73.4312973022461,
    "note_confidence": 0.9579974412918091,
    "hardness": 50.03526770270807,
    "depth": 47.370752714331445,
    "brightness": 45.81669164946217,
    "roughness": 56.7051715598075,
    "warmth": 64.30868755002018,
    "sharpness": 29.12312994394699,
    "boominess": 30.597986098758398,
    "reverb": false
}