{
    "duration": 0.08163265138864517,
    "lossless": 1.0,
    "codec": "pcm_f32le",
    "bitrate": 1411200.0,
    "samplerate": 44100.0,
    "channels": 1.0,
    "audio_md5": "52abdc203cb64b5929cb221303ad3ed7",
    "loudness": -16.05274772644043,
    "dynamic_range": 0.0,
    "temporal_centroid": 0.5947379469871521,
    "log_attack_time": -1.2656774520874023,
    "filesize": 14458,
    "single_event": false,
    "tonality": "D major",
    "tonality_confidence": 0.7377123236656189,
    "loop": false,
    "tempo": 0,
    "tempo_confidence": 0.0,
    "note_midi": 38,
    "note_name": "D2",
    "note_frequency": 73.4421615600586,
    "note_confidence": 0.9429826736450195,
    "hardness": 42.963497919175836,
    "depth": 58.79647742854962,
    "brightness": 39.55910869791822,
    "roughness": 51.831372755454915,
    "warmth": 65.82619057232996,
    "sharpness": 20.06197220327435,
    "boominess": 44.23529309893382,
    "reverb": false
}