{
    "duration": 0.08163265138864517,
    "lossless": 1.0,
    "codec": "pcm_f32le",
    "bitrate": 1411200.0,
    "samplerate": 44100.0,
    "channels": 1.0,
    "audio_md5": "065d9d820202410d5cfd716024cc529f",
    "loudness": -16.81595230102539,
    "dynamic_range": 0.0,
    "temporal_centroid": 0.5986106395721436,
    "log_attack_time": -1.2700568437576294,
    "filesize": 14458,
    "single_event": false,
    "tonality": "D major",
    "tonality_confidence": 0.750587522983551,
    "loop": false,
    "tempo": 0,
    "tempo_confidence": 0.0,
    "note_midi": 38,
    "note_name": "D2",
    "note_frequency": 73.44979858398438,
    "note_confidence": 0.9354190826416016,
    "hardness": 41.432595961033016,
    "depth": 60.040642245877585,
    "brightness": 37.658481462179104,
    "roughness": 49.692606946687235,
    "warmth": 69.42574791630148,
    "sharpness": 18.077601938630828,
    "boominess": 47.0053543095313,
    "reverb": false
}