{
    "duration": 0.08163265138864517,
    "lossless": 1.0,
    "codec": "pcm_f32le",
    "bitrate": 1411200.0,
    "samplerate": 44100.0,
    "channels": 1.0,
    "audio_md5": "d0db921bc12c4e4077fddba5a918f9a2",
    "loudness": -12.804298400878906,
    "dynamic_range": 0.0,
    "temporal_centroid": 0.5666651129722595,
    "log_attack_time": -1.3928004503250122,
    "filesize": 14458,
    "single_event": false,
    "tonality": "D major",
    "tonality_confidence": 0.540623128414154,
    "loop": false,
    "tempo": 0,
    "tempo_confidence": 0.0,
    "note_midi": 38,
    "note_name": "D2",
    "note_frequency": 73.44923400878906,
    "note_confidence": 0.9701729416847229,
    "hardness": 34.887762212172035,
    "depth": 63.03198220501338,
    "brightness": 33.450778496830075,
    "roughness": 51.01546569432016,
    "warmth": 66.37638290365445,
    "sharpness": 11.687236323649223,
    "boominess": 48.462879655062466,
    "reverb": false
}