{
    "duration": 0.08163265138864517,
    "lossless": 1.0,
    "codec": "pcm_f32le",
    "bitrate": 1411200.0,
    "samplerate": 44100.0,
    "channels": 1.0,
    "audio_md5": "eb5e5caf089b92a52879c22ecffdd00a",
    "loudness": -13.467671394348145,
    "dynamic_range": 0.0,
    "temporal_centroid": 0.5795045495033264,
    "log_attack_time": -1.3896489143371582,
    "filesize": 14458,
    "single_event": false,
    "tonality": "A# minor",
    "tonality_confidence": 0.5459688305854797,
    "loop": false,
    "tempo": 0,
    "tempo_confidence": 0.0,
    "note_midi": 38,
    "note_name": "D2",
    "note_frequency": 73.48048400878906,
    "note_confidence": 0.959327220916748,
    "hardness": 26.944934471726754,
    "depth": 63.49189811915463,
    "brightness": 18.98084532366765,
    "roughness": 41.239628582726425,
    "warmth": 61.89696330873413,
    "sharpness": 0.0,
    "boominess": 55.2551843027843,
    "reverb": false
}