{
    "duration": 0.08163265138864517,
    "lossless": 1.0,
    "codec": "pcm_f32le",
    "bitrate": 1411200.0,
    "samplerate": 44100.0,
    "channels": 1.0,
    "audio_md5": "a6678830253315c09c07731a79aa644a",
    "loudness": -14.382954597473145,
    "dynamic_range": 0.0,
    "temporal_centroid": 0.5881279110908508,
    "log_attack_time": -1.353736400604248,
    "filesize": 14458,
    "single_event": false,
    "tonality": "D major",
    "tonality_confidence": 0.8895029425621033,
    "loop": false,
    "tempo": 0,
    "tempo_confidence": 0.0,
    "note_midi": 38,
    "note_name": "D2",
    "note_frequency": 73.42839813232422,
    "note_confidence": 0.9974047541618347,
    "hardness": 67.5610162774505,
    "depth": 60.929558570372215,
    "brightness": 58.32960072243469,
    "roughness": 62.480746941971844,
    "warmth": 47.10030500643812,
    "sharpness": 50.66939118149299,
    "boominess": 37.4366634100048,
    "reverb": false
}