{
    "duration": 0.08163265138864517,
    "lossless": 1.0,
    "codec": "pcm_f32le",
    "bitrate": 1411200.0,
    "samplerate": 44100.0,
    "channels": 1.0,
    "audio_md5": "9986245a6a50d777bf19d08396734a00",
    "loudness": -14.444841384887695,
    "dynamic_range": 0.0,
    "temporal_centroid": 0.5876992344856262,
    "log_attack_time": -1.2872663736343384,
    "filesize": 14458,
    "single_event": false,
    "tonality": "D major",
    "tonality_confidence": 0.7421562671661377,
    "loop": false,
    "tempo": 0,
    "tempo_confidence": 0.0,
    "note_midi": 38,
    "note_name": "D2",
    "note_frequency": 73.45066833496094,
    "note_confidence": 0.9283770322799683,
    "hardness": 33.596590782013664,
    "depth": 55.129048381560395,
    "brightness": 27.71083683736863,
    "roughness": 50.835535255125706,
    "warmth": 72.52609870079024,
    "sharpness": 3.532260456914809,
    "boominess": 48.1081278042491,
    "reverb": false
}