{
    "duration": 0.08163265138864517,
    "lossless": 1.0,
    "codec": "pcm_f32le",
    "bitrate": 1411200.0,
    "samplerate": 44100.0,
    "channels": 1.0,
    "audio_md5": "eb1a01944073ac45d5649826176154eb",
    "loudness": -14.43559455871582,
    "dynamic_range": 0.0,
    "temporal_centroid": 0.5949656963348389,
    "log_attack_time": -1.2730013132095337,
    "filesize": 14458,
    "single_event": false,
    "tonality": "D major",
    "tonality_confidence": 0.8319527506828308,
    "loop": false,
    "tempo": 0,
    "tempo_confidence": 0.0,
    "note_midi": 38,
    "note_name": "D2",
    "note_frequency": 73.4442138671875,
    "note_confidence": 0.9486289620399475,
    "hardness": 42.50232139014676,
    "depth": 62.948273924280116,
    "brightness": 39.42147792253816,
    "roughness": 46.14887203762476,
    "warmth": 61.87724072746676,
    "sharpness": 31.426339088603868,
    "boominess": 50.730109747013685,
    "reverb": false
}