{
    "duration": 0.08163265138864517,
    "lossless": 1.0,
    "codec": "pcm_f32le",
    "bitrate": 1411200.0,
    "samplerate": 44100.0,
    "channels": 1.0,
    "audio_md5": "6fce106c2b188b27f0778709c4c37275",
    "loudness": -14.912240982055664,
    "dynamic_range": 0.0,
    "temporal_centroid": 0.583044707775116,
    "log_attack_time": -1.268044114112854,
    "filesize": 14458,
    "single_event": false,
    "tonality": "D minor",
    "tonality_confidence": 0.7896155714988708,
    "loop": false,
    "tempo": 0,
    "tempo_confidence": 0.0,
    "note_midi": 38,
    "note_name": "D2",
    "note_frequency": 73.46427154541016,
    "note_confidence": 0.9248228073120117,
    "hardness": 30.92829129850749,
    "depth": 60.82631105302148,
    "brightness": 28.988422875120506,
    "roughness": 43.972365447839245,
    "warmth": 67.33369446650123,
    "sharpness": 0.3121170082428222,
    "boominess": 52.295979091754916,
    "reverb": false
}