{
    "duration": 0.08163265138864517,
    "lossless": 1.0,
    "codec": "pcm_f32le",
    "bitrate": 1411200.0,
    "samplerate": 44100.0,
    "channels": 1.0,
    "audio_md5": "08185d04301ebf036a2cf70965be3d31",
    "loudness": -12.679739952087402,
    "dynamic_range": 0.0,
    "temporal_centroid": 0.5807527899742126,
    "log_attack_time": -1.411442518234253,
    "filesize": 14458,
    "single_event": false,
    "tonality": "D major",
    "tonality_confidence": 0.8138080835342407,
    "loop": false,
    "tempo": 0,
    "tempo_confidence": 0.0,
    "note_midi": 50,
    "note_name": "D3",
    "note_frequency": 146.90850830078125,
    "note_confidence": 0.9384382963180542,
    "hardness": 53.918454545553374,
    "depth": 56.19408775882489,
    "brightness": 43.238125831744206,
    "roughness": 53.47067538256466,
    "warmth": 63.22874265599807,
    "sharpness": 34.93910720232073,
    "boominess": 42.45212856669303,
    "reverb": false
}