{
    "duration": 0.08163265138864517,
    "lossless": 1.0,
    "codec": "pcm_f32le",
    "bitrate": 1411200.0,
    "samplerate": 44100.0,
    "channels": 1.0,
    "audio_md5": "c2d9a1bc2ac96be233a77b68d2f5a194",
    "loudness": -14.661147117614746,
    "dynamic_range": 0.0,
    "temporal_centroid": 0.5929279923439026,
    "log_attack_time": -1.266950249671936,
    "filesize": 14458,
    "single_event": false,
    "tonality": "D minor",
    "tonality_confidence": 0.6777493953704834,
    "loop": false,
    "tempo": 0,
    "tempo_confidence": 0.0,
    "note_midi": 38,
    "note_name": "D2",
    "note_frequency": 73.42845916748047,
    "note_confidence": 0.9881383180618286,
    "hardness": 74.57486206535881,
    "depth": 54.2545450957324,
    "brightness": 61.545269219304124,
    "roughness": 73.43541849499627,
    "warmth": 45.44232968775456,
    "sharpness": 52.10332116125643,
    "boominess": 28.700950819129023,
    "reverb": false
}