{
    "duration": 0.08163265138864517,
    "lossless": 1.0,
    "codec": "pcm_f32le",
    "bitrate": 1411200.0,
    "samplerate": 44100.0,
    "channels": 1.0,
    "audio_md5": "ea0b37b573c18bac1042b9b617802e2e",
    "loudness": -14.802786827087402,
    "dynamic_range": 0.0,
    "temporal_centroid": 0.592989981174469,
    "log_attack_time": -1.2713426351547241,
    "filesize": 14458,
    "single_event": false,
    "tonality": "D major",
    "tonality_confidence": 0.689637303352356,
    "loop": false,
    "tempo": 0,
    "tempo_confidence": 0.0,
    "note_midi": 38,
    "note_name": "D2",
    "note_frequency": 73.42842102050781,
    "note_confidence": 0.9934138059616089,
    "hardness": 44.96677180257018,
    "depth": 53.385320681469054,
    "brightness": 39.811701249656764,
    "roughness": 53.9180552605064,
    "warmth": 71.18658645933625,
    "sharpness": 12.681864796292508,
    "boominess": 42.356296656745464,
    "reverb": false
}