{
    "duration": 0.08163265138864517,
    "lossless": 1.0,
    "codec": "pcm_f32le",
    "bitrate": 1411200.0,
    "samplerate": 44100.0,
    "channels": 1.0,
    "audio_md5": "ef58d9ba396bc6885acefda19d40526e",
    "loudness": -12.595836639404297,
    "dynamic_range": 0.0,
    "temporal_centroid": 0.5677283406257629,
    "log_attack_time": -1.4018971920013428,
    "filesize": 14458,
    "single_event": false,
    "tonality": "D major",
    "tonality_confidence": 0.4772264361381531,
    "loop": false,
    "tempo": 0,
    "tempo_confidence": 0.0,
    "note_midi": 38,
    "note_name": "D2",
    "note_frequency": 73.42839813232422,
    "note_confidence": 0.9440618753433228,
    "hardness": 68.18070192432432,
    "depth": 62.50895479747182,
    "brightness": 57.65362985383496,
    "roughness": 55.80028463188994,
    "warmth": 49.51724061749826,
    "sharpness": 49.09438477782648,
    "boominess": 38.582357128143386,
    "reverb": false
}