{
    "duration": 0.08163265138864517,
    "lossless": 1.0,
    "codec": "pcm_f32le",
    "bitrate": 1411200.0,
    "samplerate": 44100.0,
    "channels": 1.0,
    "audio_md5": "8c55f71beacbd0499b2f868e0585e399",
    "loudness": -13.9286527633667,
    "dynamic_range": 0.0,
    "temporal_centroid": 0.581497311592102,
    "log_attack_time": -1.3240845203399658,
    "filesize": 14458,
    "single_event": false,
    "tonality": "D minor",
    "tonality_confidence": 0.6916982531547546,
    "loop": false,
    "tempo": 0,
    "tempo_confidence": 0.0,
    "note_midi": 38,
    "note_name": "D2",
    "note_frequency": 73.43795776367188,
    "note_confidence": 0.9926041960716248,
    "hardness": 30.880134051412014,
    "depth": 54.79708163961108,
    "brightness": 32.93286955180386,
    "roughness": 44.24326889781206,
    "warmth": 59.339153585722606,
    "sharpness": 14.42274095572495,
    "boominess": 52.901641537847475,
    "reverb": false
}