{
    "duration": 0.08163265138864517,
    "lossless": 1.0,
    "codec": "pcm_f32le",
    "bitrate": 1411200.0,
    "samplerate": 44100.0,
    "channels": 1.0,
    "audio_md5": "90b5e29a5d33a3e8ba3607a60214b434",
    "loudness": -8.893377304077148,
    "dynamic_range": 0.0,
    "temporal_centroid": 0.5526697039604187,
    "log_attack_time": -1.682543158531189,
    "filesize": 14458,
    "single_event": false,
    "tonality": "D major",
    "tonality_confidence": 0.9027115702629089,
    "loop": false,
    "tempo": 0,
    "tempo_confidence": 0.0,
    "note_midi": 38,
    "note_name": "D2",
    "note_frequency": 73.42839813232422,
    "note_confidence": 0.9628574848175049,
    "hardness": 82.5427332984672,
    "depth": 54.91845964274142,
    "brightness": 59.821720963638406,
    "roughness": 69.52193342154123,
    "warmth": 48.25130230694603,
    "sharpness": 51.52561195320532,
    "boominess": 31.22991517018338,
    "reverb": false
}