{
    "duration": 0.08163265138864517,
    "lossless": 1.0,
    "codec": "pcm_f32le",
    "bitrate": 1411200.0,
    "samplerate": 44100.0,
    "channels": 1.0,
    "audio_md5": "c45efbd5970224045771c578ee31413c",
    "loudness": -16.656681060791016,
    "dynamic_range": 0.0,
    "temporal_centroid": 0.6261148452758789,
    "log_attack_time": -1.2613416910171509,
    "filesize": 14458,
    "single_event": false,
    "tonality": "D major",
    "tonality_confidence": 0.8287748694419861,
    "loop": false,
    "tempo": 0,
    "tempo_confidence": 0.0,
    "note_midi": 38,
    "note_name": "D2",
    "note_frequency": 73.42845916748047,
    "note_confidence": 0.9999509453773499,
    "hardness": 47.47491159692112,
    "depth": 55.42678752194522,
    "brightness": 41.84196455028794,
    "roughness": 54.80851801276031,
    "warmth": 64.61281593765045,
    "sharpness": 31.07118692131577,
    "boominess": 44.715042148541166,
    "reverb": false
}