{
    "duration": 0.08163265138864517,
    "lossless": 1.0,
    "codec": "pcm_f32le",
    "bitrate": 1411200.0,
    "samplerate": 44100.0,
    "channels": 1.0,
    "audio_md5": "133aa5d1143e750acaad82fddea85b5d",
    "loudness": -13.267648696899414,
    "dynamic_range": 0.0,
    "temporal_centroid": 0.5743562579154968,
    "log_attack_time": -1.383890151977539,
    "filesize": 14458,
    "single_event": false,
    "tonality": "D major",
    "tonality_confidence": 0.6483247876167297,
    "loop": false,
    "tempo": 0,
    "tempo_confidence": 0.0,
    "note_midi": 38,
    "note_name": "D2",
    "note_frequency": 73.42962646484375,
    "note_confidence": 0.9514169096946716,
    "hardness": 71.64630269620619,
    "depth": 60.353270657489155,
    "brightness": 55.96052217972343,
    "roughness": 62.922921764327015,
    "warmth": 53.488002480797554,
    "sharpness": 48.2507853249805,
    "boominess": 35.33172706451561,
    "reverb": false
}