{
    "duration": 0.08163265138864517,
    "lossless": 1.0,
    "codec": "pcm_f32le",
    "bitrate": 1411200.0,
    "samplerate": 44100.0,
    "channels": 1.0,
    "audio_md5": "da2e3c9e127de61eeee772c4973946ab",
    "loudness": -10.952181816101074,
    "dynamic_range": 0.0,
    "temporal_centroid": 0.5621270537376404,
    "log_attack_time": -1.5707201957702637,
    "filesize": 14458,
    "single_event": false,
    "tonality": "D minor",
    "tonality_confidence": 0.7545304894447327,
    "loop": false,
    "tempo": 0,
    "tempo_confidence": 0.0,
    "note_midi": 38,
    "note_name": "D2",
    "note_frequency": 73.42839813232422,
    "note_confidence": 0.9654960036277771,
    "hardness": 70.01335696867034,
    "depth": 62.110031204550374,
    "brightness": 58.45399938584459,
    "roughness": 56.04918140776937,
    "warmth": 46.32304442828668,
    "sharpness": 49.68415392799447,
    "boominess": 37.15711254188312,
    "reverb": false
}