{
    "duration": 0.08163265138864517,
    "lossless": 1.0,
    "codec": "pcm_f32le",
    "bitrate": 1411200.0,
    "samplerate": 44100.0,
    "channels": 1.0,
    "audio_md5": "1e1dfd436490ed53d6f776f1b435f8d9",
    "loudness": -24.854515075683594,
    "dynamic_range": 0.0,
    "temporal_centroid": 0.6126600503921509,
    "log_attack_time": -1.174322247505188,
    "filesize": 14458,
    "single_event": false,
    "tonality": "D major",
    "tonality_confidence": 0.8518326282501221,
    "loop": false,
    "tempo": 0,
    "tempo_confidence": 0.0,
    "note_midi": 38,
    "note_name": "D2",
    "note_frequency": 73.42989349365234,
    "note_confidence": 0.7272565960884094,
    "hardness": 76.15170199771671,
    "depth": 32.248211333399745,
    "brightness": 64.39261621448625,
    "roughness": 73.57725128357892,
    "warmth": 40.21434624020408,
    "sharpness": 52.26640415260125,
    "boominess": 20.094172656412596,
    "reverb": false
}