{
    "duration": 0.08163265138864517,
    "lossless": 1.0,
    "codec": "pcm_f32le",
    "bitrate": 1411200.0,
    "samplerate": 44100.0,
    "channels": 1.0,
    "audio_md5": "b4abdb7fc8bcea4ba0dbbe38b05509fb",
    "loudness": -13.990354537963867,
    "dynamic_range": 0.0,
    "temporal_centroid": 0.5797382593154907,
    "log_attack_time": -1.3829377889633179,
    "filesize": 14458,
    "single_event": false,
    "tonality": "D major",
    "tonality_confidence": 0.8142209053039551,
    "loop": false,
    "tempo": 0,
    "tempo_confidence": 0.0,
    "note_midi": 38,
    "note_name": "D2",
    "note_frequency": 73.46883392333984,
    "note_confidence": 0.9766471982002258,
    "hardness": 25.30126554698677,
    "depth": 63.59018275601156,
    "brightness": 30.37149195546017,
    "roughness": 45.30704693756105,
    "warmth": 62.08616212609109,
    "sharpness": 3.4163657955875024,
    "boominess": 55.38627171830018,
    "reverb": false
}