{
    "duration": 0.08163265138864517,
    "lossless": 1.0,
    "codec": "pcm_f32le",
    "bitrate": 1411200.0,
    "samplerate": 44100.0,
    "channels": 1.0,
    "audio_md5": "d643d0eae96539aa8d3f4c1e1cc9b9ba",
    "loudness": -16.175628662109375,
    "dynamic_range": 0.0,
    "temporal_centroid": 0.588986337184906,
    "log_attack_time": -1.3284683227539062,
    "filesize": 14458,
    "single_event": false,
    "tonality": "D major",
    "tonality_confidence": 0.7730399966239929,
    "loop": false,
    "tempo": 0,
    "tempo_confidence": 0.0,
    "note_midi": 38,
    "note_name": "D2",
    "note_frequency": 73.42891693115234,
    "note_confidence": 0.9965319037437439,
    "hardness": 50.0266571239537,
    "depth": 61.904754722360096,
    "brightness": 47.059409857054575,
    "roughness": 51.935546599009065,
    "warmth": 53.92278904080643,
    "sharpness": 42.91997747417925,
    "boominess": 43.48349985391148,
    "reverb": false
}