{
    "duration": 0.08163265138864517,
    "lossless": 1.0,
    "codec": "pcm_f32le",
    "bitrate": 1411200.0,
    "samplerate": 44100.0,
    "channels": 1.0,
    "audio_md5": "9e01198ba3f2c5f048c37f8eb99abe2f",
    "loudness": -14.208314895629883,
    "dynamic_range": 0.0,
    "temporal_centroid": 0.6038854122161865,
    "log_attack_time": -1.3138219118118286,
    "filesize": 14458,
    "single_event": false,
    "tonality": "D major",
    "tonality_confidence": 0.7637318968772888,
    "loop": false,
    "tempo": 0,
    "tempo_confidence": 0.0,
    "note_midi": 38,
    "note_name": "D2",
    "note_frequency": 73.42840576171875,
    "note_confidence": 0.9923257827758789,
    "hardness": 66.78828391786371,
    "depth": 48.50240315200077,
    "brightness": 58.53892274380023,
    "roughness": 70.61661499856989,
    "warmth": 51.87192001260532,
    "sharpness": 49.695600388798965,
    "boominess": 29.917888637040143,
    "reverb": false
}