{
    "duration": 0.08163265138864517,
    "lossless": 1.0,
    "codec": "pcm_f32le",
    "bitrate": 1411200.0,
    "samplerate": 44100.0,
    "channels": 1.0,
    "audio_md5": "1b58d9b13f87a8a62281bdeac31973b4",
    "loudness": -14.09111499786377,
    "dynamic_range": 0.0,
    "temporal_centroid": 0.5828540325164795,
    "log_attack_time": -1.3136191368103027,
    "filesize": 14458,
    "single_event": false,
    "tonality": "D major",
    "tonality_confidence": 0.38616135716438293,
    "loop": false,
    "tempo": 0,
    "tempo_confidence": 0.0,
    "note_midi": 38,
    "note_name": "D2",
    "note_frequency": 73.45840454101562,
    "note_confidence": 0.9817653894424438,
    "hardness": 23.109821120029622,
    "depth": 54.83584838195374,
    "brightness": 21.410881752124816,
    "roughness": 40.37946395179079,
    "warmth": 58.51138114320219,
    "sharpness": 0.0,
    "boominess": 58.56668704051113,
    "reverb": false
}