{
    "duration": 0.08163265138864517,
    "lossless": 1.0,
    "codec": "pcm_f32le",
    "bitrate": 1411200.0,
    "samplerate": 44100.0,
    "channels": 1.0,
    "audio_md5": "5492b10ada043d44b4fb475e619af02b",
    "loudness": -14.243861198425293,
    "dynamic_range": 0.0,
    "temporal_centroid": 0.5919575691223145,
    "log_attack_time": -1.262782096862793,
    "filesize": 14458,
    "single_event": false,
    "tonality": "D major",
    "tonality_confidence": 0.7783515453338623,
    "loop": false,
    "tempo": 0,
    "tempo_confidence": 0.0,
    "note_midi": 38,
    "note_name": "D2",
    "note_frequency": 73.42840576171875,
    "note_confidence": 0.9981678128242493,
    "hardness": 63.949336787687,
    "depth": 58.31945537882161,
    "brightness": 56.842598685717626,
    "roughness": 65.84154642023363,
    "warmth": 51.4218384773345,
    "sharpness": 48.90962536532717,
    "boominess": 33.98438040511535,
    "reverb": false
}