{
    "duration": 0.08163265138864517,
    "lossless": 1.0,
    "codec": "pcm_f32le",
    "bitrate": 1411200.0,
    "samplerate": 44100.0,
    "channels": 1.0,
    "audio_md5": "07f03becea7e5f341e9d236744088d2e",
    "loudness": -13.870695114135742,
    "dynamic_range": 0.0,
    "temporal_centroid": 0.5837144255638123,
    "log_attack_time": -1.3043912649154663,
    "filesize": 14458,
    "single_event": false,
    "tonality": "D minor",
    "tonality_confidence": 0.7310434579849243,
    "loop": false,
    "tempo": 0,
    "tempo_confidence": 0.0,
    "note_midi": 38,
    "note_name": "D2",
    "note_frequency": 73.45906829833984,
    "note_confidence": 0.973253071308136,
    "hardness": 25.40723613948977,
    "depth": 54.65403806530641,
    "brightness": 25.470767244174695,
    "roughness": 45.39700952869366,
    "warmth": 64.24386216942472,
    "sharpness": 0.0,
    "boominess": 56.052267719782165,
    "reverb": false
}