{
    "duration": 0.08163265138864517,
    "lossless": 1.0,
    "codec": "pcm_f32le",
    "bitrate": 1411200.0,
    "samplerate": 44100.0,
    "channels": 1.0,
    "audio_md5": "d37f49987568b822768de38d57645f18",
    "loudness": -14.765087127685547,
    "dynamic_range": 0.0,
    "temporal_centroid": 0.5906344056129456,
    "log_attack_time": -1.2859326601028442,
    "filesize": 14458,
    "single_event": false,
    "tonality": "D major",
    "tonality_confidence": 0.7866458296775818,
    "loop": false,
    "tempo": 0,
    "tempo_confidence": 0.0,
    "note_midi": 38,
    "note_name": "D2",
    "note_frequency": 73.42839050292969,
    "note_confidence": 0.9343545436859131,
    "hardness": 73.49889013040055,
    "depth": 52.22100040095087,
    "brightness": 64.53008226044352,
    "roughness": 72.51857544911527,
    "warmth": 39.02952334561716,
    "sharpness": 53.52889801319009,
    "boominess": 28.56652539535149,
    "reverb": false
}