{
    "duration": 0.08163265138864517,
    "lossless": 1.0,
    "codec": "pcm_f32le",
    "bitrate": 1411200.0,
    "samplerate": 44100.0,
    "channels": 1.0,
    "audio_md5": "3589f622bd22e79e322e4b6dc375c55b",
    "loudness": -9.78402328491211,
    "dynamic_range": 0.0,
    "temporal_centroid": 0.5536380410194397,
    "log_attack_time": -1.6644352674484253,
    "filesize": 14458,
    "single_event": false,
    "tonality": "A major",
    "tonality_confidence": 0.4824008345603943,
    "loop": false,
    "tempo": 0,
    "tempo_confidence": 0.0,
    "note_midi": 38,
    "note_name": "D2",
    "note_frequency": 73.42839813232422,
    "note_confidence": 0.9653164744377136,
    "hardness": 69.41793033648804,
    "depth": 60.82353371683941,
    "brightness": 56.85797827752694,
    "roughness": 56.17476812170412,
    "warmth": 51.78814243343143,
    "sharpness": 48.30653525890739,
    "boominess": 35.45259291921819,
    "reverb": false
}