{
    "duration": 0.08163265138864517,
    "lossless": 1.0,
    "codec": "pcm_f32le",
    "bitrate": 1411200.0,
    "samplerate": 44100.0,
    "channels": 1.0,
    "audio_md5": "fb6a3243a0ead7aebeee18f161896b59",
    "loudness": -20.890378952026367,
    "dynamic_range": 0.0,
    "temporal_centroid": 0.6323150992393494,
    "log_attack_time": -1.2622413635253906,
    "filesize": 14458,
    "single_event": false,
    "tonality": "D major",
    "tonality_confidence": 0.8665458559989929,
    "loop": false,
    "tempo": 0,
    "tempo_confidence": 0.0,
    "note_midi": 38,
    "note_name": "D2",
    "note_frequency": 73.42839050292969,
    "note_confidence": 0.9995275735855103,
    "hardness": 76.00849582240514,
    "depth": 47.729230177334415,
    "brightness": 62.70060218929375,
    "roughness": 78.22659947976783,
    "warmth": 45.50463936240475,
    "sharpness": 54.249020246477244,
    "boominess": 29.69195638376094,
    "reverb": false
}