{
    "duration": 0.08163265138864517,
    "lossless": 1.0,
    "codec": "pcm_f32le",
    "bitrate": 1411200.0,
    "samplerate": 44100.0,
    "channels": 1.0,
    "audio_md5": "b53809b9c25a026919cb299afef6364a",
    "loudness": -16.375185012817383,
    "dynamic_range": 0.0,
    "temporal_centroid": 0.5957208275794983,
    "log_attack_time": -1.2795125246047974,
    "filesize": 14458,
    "single_event": false,
    "tonality": "D major",
    "tonality_confidence": 0.7057045102119446,
    "loop": false,
    "tempo": 0,
    "tempo_confidence": 0.0,
    "note_midi": 38,
    "note_name": "D2",
    "note_frequency": 73.42839813232422,
    "note_confidence": 0.9181976318359375,
    "hardness": 63.69900766606304,
    "depth": 55.719429480846834,
    "brightness": 55.93594688774401,
    "roughness": 64.9848430589708,
    "warmth": 50.57515412038008,
    "sharpness": 47.24008248761784,
    "boominess": 35.91989105128589,
    "reverb": false
}