{
    "duration": 0.08163265138864517,
    "lossless": 1.0,
    "codec": "pcm_f32le",
    "bitrate": 1411200.0,
    "samplerate": 44100.0,
    "channels": 1.0,
    "audio_md5": "f43010d4d5e82d819b9787da3b479a2e",
    "loudness": -17.53396987915039,
    "dynamic_range": 0.0,
    "temporal_centroid": 0.5856532454490662,
    "log_attack_time": -1.3320496082305908,
    "filesize": 14458,
    "single_event": false,
    "tonality": "D major",
    "tonality_confidence": 0.6916512846946716,
    "loop": false,
    "tempo": 0,
    "tempo_confidence": 0.0,
    "note_midi": 38,
    "note_name": "D2",
    "note_frequency": 73.42839813232422,
    "note_confidence": 0.9956578016281128,
    "hardness": 73.46843312360454,
    "depth": 56.971918647510286,
    "brightness": 62.959276061352895,
    "roughness": 71.87254699951859,
    "warmth": 44.50300632479783,
    "sharpness": 52.99898789300927,
    "boominess": 32.71786455078925,
    "reverb": false
}