{
    "duration": 0.08163265138864517,
    "lossless": 1.0,
    "codec": "pcm_f32le",
    "bitrate": 1411200.0,
    "samplerate": 44100.0,
    "channels": 1.0,
    "audio_md5": "073523e41be684f6ce1feff9fd80ca1e",
    "loudness": -13.886360168457031,
    "dynamic_range": 0.0,
    "temporal_centroid": 0.5836070775985718,
    "log_attack_time": -1.2889870405197144,
    "filesize": 14458,
    "single_event": false,
    "tonality": "D major",
    "tonality_confidence": 0.853428840637207,
    "loop": false,
    "tempo": 0,
    "tempo_confidence": 0.0,
    "note_midi": 38,
    "note_name": "D2",
    "note_frequency": 73.44705200195312,
    "note_confidence": 0.9280925989151001,
    "hardness": 46.57957933746471,
    "depth": 61.61099014894738,
    "brightness": 42.94697267550258,
    "roughness": 52.88114130489924,
    "warmth": 65.1845778286351,
    "sharpness": 26.555333384748156,
    "boominess": 42.5250290100881,
    "reverb": false
}