{
    "duration": 0.08163265138864517,
    "lossless": 1.0,
    "codec": "pcm_f32le",
    "bitrate": 1411200.0,
    "samplerate": 44100.0,
    "channels": 1.0,
    "audio_md5": "232d8bae66874c25aa9f97ebcb6b9805",
    "loudness": -20.972057342529297,
    "dynamic_range": 0.0,
    "temporal_centroid": 0.6292186975479126,
    "log_attack_time": -1.172706961631775,
    "filesize": 14458,
    "single_event": false,
    "tonality": "D major",
    "tonality_confidence": 0.8118370771408081,
    "loop": false,
    "tempo": 0,
    "tempo_confidence": 0.0,
    "note_midi": 38,
    "note_name": "D2",
    "note_frequency": 73.42839813232422,
    "note_confidence": 0.9999985694885254,
    "hardness": 70.9109514204134,
    "depth": 43.76136247475732,
    "brightness": 58.70783552557644,
    "roughness": 70.72058711697842,
    "warmth": 48.531576990429066,
    "sharpness": 46.50052114202925,
    "boominess": 26.64332966697631,
    "reverb": false
}