{
    "duration": 0.08163265138864517,
    "lossless": 1.0,
    "codec": "pcm_f32le",
    "bitrate": 1411200.0,
    "samplerate": 44100.0,
    "channels": 1.0,
    "audio_md5": "a81b6fb3df31bc655846bd8d443a3dd4",
    "loudness": -16.25607681274414,
    "dynamic_range": 0.0,
    "temporal_centroid": 0.5819945931434631,
    "log_attack_time": -1.3341702222824097,
    "filesize": 14458,
    "single_event": false,
    "tonality": "D major",
    "tonality_confidence": 0.8058004975318909,
    "loop": false,
    "tempo": 0,
    "tempo_confidence": 0.0,
    "note_midi": 39,
    "note_name": "D#2",
    "note_frequency": 76.96383666992188,
    "note_confidence": 0.8776447772979736,
    "hardness": 66.08448417533776,
    "depth": 60.86292447356233,
    "brightness": 64.33956421198049,
    "roughness": 62.913357639321475,
    "warmth": 43.609572980776555,
    "sharpness": 57.06737693990894,
    "boominess": 34.56418410443841,
    "reverb": false
}