{
    "duration": 0.08163265138864517,
    "lossless": 1.0,
    "codec": "pcm_f32le",
    "bitrate": 1411200.0,
    "samplerate": 44100.0,
    "channels": 1.0,
    "audio_md5": "98931653e875c0e02e4553166678a25c",
    "loudness": -19.228500366210938,
    "dynamic_range": 0.0,
    "temporal_centroid": 0.5935319066047668,
    "log_attack_time": -1.268592119216919,
    "filesize": 14458,
    "single_event": false,
    "tonality": "D minor",
    "tonality_confidence": 0.7767212986946106,
    "loop": false,
    "tempo": 0,
    "tempo_confidence": 0.0,
    "note_midi": 38,
    "note_name": "D2",
    "note_frequency": 73.42839813232422,
    "note_confidence": 0.8585002422332764,
    "hardness": 60.38062930106622,
    "depth": 49.25892489408042,
    "brightness": 53.14656052239688,
    "roughness": 63.207112708977526,
    "warmth": 56.85091802099433,
    "sharpness": 38.67124196706538,
    "boominess": 33.540378326973226,
    "reverb": false
}