{
    "duration": 0.08163265138864517,
    "lossless": 1.0,
    "codec": "pcm_f32le",
    "bitrate": 1411200.0,
    "samplerate": 44100.0,
    "channels": 1.0,
    "audio_md5": "9aa448e89f11847f1fd45b8575a3cd95",
    "loudness": -11.831207275390625,
    "dynamic_range": 0.0,
    "temporal_centroid": 0.5725414156913757,
    "log_attack_time": -1.457764744758606,
    "filesize": 14458,
    "single_event": false,
    "tonality": "F# minor",
    "tonality_confidence": 0.5343297719955444,
    "loop": false,
    "tempo": 0,
    "tempo_confidence": 0.0,
    "note_midi": 38,
    "note_name": "D2",
    "note_frequency": 73.42839813232422,
    "note_confidence": 0.9429566264152527,
    "hardness": 76.70831391931307,
    "depth": 60.6672540915737,
    "brightness": 59.18855624850775,
    "roughness": 61.3389773190344,
    "warmth": 47.548208779881406,
    "sharpness": 49.30972951503592,
    "boominess": 34.43751900959645,
    "reverb": false
}