{
    "duration": 0.08163265138864517,
    "lossless": 1.0,
    "codec": "pcm_f32le",
    "bitrate": 1411200.0,
    "samplerate": 44100.0,
    "channels": 1.0,
    "audio_md5": "89ceeb2d3e2cbb07c4068683bc97d404",
    "loudness": -14.873046875,
    "dynamic_range": 0.0,
    "temporal_centroid": 0.586527943611145,
    "log_attack_time": -1.2730013132095337,
    "filesize": 14458,
    "single_event": false,
    "tonality": "D major",
    "tonality_confidence": 0.6808269619941711,
    "loop": false,
    "tempo": 0,
    "tempo_confidence": 0.0,
    "note_midi": 38,
    "note_name": "D2",
    "note_frequency": 73.4453125,
    "note_confidence": 0.8917922973632812,
    "hardness": 42.577167044648064,
    "depth": 56.191857785866425,
    "brightness": 40.27957353336998,
    "roughness": 50.68090252857299,
    "warmth": 64.81434559079973,
    "sharpness": 21.45488481838771,
    "boominess": 42.25437034223188,
    "reverb": false
}