{
    "duration": 0.08163265138864517,
    "lossless": 1.0,
    "codec": "pcm_f32le",
    "bitrate": 1411200.0,
    "samplerate": 44100.0,
    "channels": 1.0,
    "audio_md5": "38c9dfe2a66602823411a21c0705f0b6",
    "loudness": -13.997673034667969,
    "dynamic_range": 0.0,
    "temporal_centroid": 0.5753449201583862,
    "log_attack_time": -1.2770826816558838,
    "filesize": 14458,
    "single_event": false,
    "tonality": "D major",
    "tonality_confidence": 0.6448546648025513,
    "loop": false,
    "tempo": 0,
    "tempo_confidence": 0.0,
    "note_midi": 38,
    "note_name": "D2",
    "note_frequency": 73.42839813232422,
    "note_confidence": 0.9187026023864746,
    "hardness": 45.68481865896206,
    "depth": 60.74625594055156,
    "brightness": 41.166766160832175,
    "roughness": 53.564547107688625,
    "warmth": 66.34881258291156,
    "sharpness": 18.499805790783746,
    "boominess": 44.92136109165911,
    "reverb": false
}