{
    "duration": 0.08163265138864517,
    "lossless": 1.0,
    "codec": "pcm_f32le",
    "bitrate": 1411200.0,
    "samplerate": 44100.0,
    "channels": 1.0,
    "audio_md5": "d58246634916a8680f111c33069a4f5a",
    "loudness": -13.66749382019043,
    "dynamic_range": 0.0,
    "temporal_centroid": 0.5915713906288147,
    "log_attack_time": -1.289754033088684,
    "filesize": 14458,
    "single_event": false,
    "tonality": "D# minor",
    "tonality_confidence": 0.27655038237571716,
    "loop": false,
    "tempo": 0,
    "tempo_confidence": 0.0,
    "note_midi": 38,
    "note_name": "D2",
    "note_frequency": 73.42860412597656,
    "note_confidence": 0.9604315757751465,
    "hardness": 77.347856847419,
    "depth": 46.548055951883946,
    "brightness": 59.57449705435367,
    "roughness": 69.27904395277736,
    "warmth": 39.790559578128594,
    "sharpness": 50.6536490002482,
    "boominess": 22.728797378171357,
    "reverb": false
}