{
    "duration": 0.08163265138864517,
    "lossless": 1.0,
    "codec": "pcm_f32le",
    "bitrate": 1411200.0,
    "samplerate": 44100.0,
    "channels": 1.0,
    "audio_md5": "52854e5072c459587a4b29b5c94fbc38",
    "loudness": -10.113656044006348,
    "dynamic_range": 0.0,
    "temporal_centroid": 0.554862916469574,
    "log_attack_time": -1.6567723751068115,
    "filesize": 14458,
    "single_event": false,
    "tonality": "A major",
    "tonality_confidence": 0.3087778687477112,
    "loop": false,
    "tempo": 0,
    "tempo_confidence": 0.0,
    "note_midi": 38,
    "note_name": "D2",
    "note_frequency": 73.43788146972656,
    "note_confidence": 0.9666858911514282,
    "hardness": 47.59585311370324,
    "depth": 61.795115961184585,
    "brightness": 42.862452574593334,
    "roughness": 41.15054104813687,
    "warmth": 62.25743542710059,
    "sharpness": 24.315014309792595,
    "boominess": 42.14675679673829,
    "reverb": false
}