{
    "duration": 0.08163265138864517,
    "lossless": 1.0,
    "codec": "pcm_f32le",
    "bitrate": 1411200.0,
    "samplerate": 44100.0,
    "channels": 1.0,
    "audio_md5": "01c9d767505fe094acf7bf744e0c749b",
    "loudness": -14.144856452941895,
    "dynamic_range": 0.0,
    "temporal_centroid": 0.5816195607185364,
    "log_attack_time": -1.2586536407470703,
    "filesize": 14458,
    "single_event": false,
    "tonality": "D major",
    "tonality_confidence": 0.7972162961959839,
    "loop": false,
    "tempo": 0,
    "tempo_confidence": 0.0,
    "note_midi": 38,
    "note_name": "D2",
    "note_frequency": 73.4286117553711,
    "note_confidence": 0.985210657119751,
    "hardness": 71.6607151534117,
    "depth": 58.84960572995646,
    "brightness": 58.72856562664237,
    "roughness": 66.26369811673966,
    "warmth": 48.85777690268446,
    "sharpness": 49.990796636572,
    "boominess": 34.64447215291288,
    "reverb": false
}