{
    "duration": 0.08163265138864517,
    "lossless": 1.0,
    "codec": "pcm_f32le",
    "bitrate": 1411200.0,
    "samplerate": 44100.0,
    "channels": 1.0,
    "audio_md5": "5f450a80901766f94daa6b2cf5645eea",
    "loudness": -14.629314422607422,
    "dynamic_range": 0.0,
    "temporal_centroid": 0.5905440449714661,
    "log_attack_time": -1.2674968242645264,
    "filesize": 14458,
    "single_event": false,
    "tonality": "D major",
    "tonality_confidence": 0.6071606278419495,
    "loop": false,
    "tempo": 0,
    "tempo_confidence": 0.0,
    "note_midi": 38,
    "note_name": "D2",
    "note_frequency": 73.42839813232422,
    "note_confidence": 0.8895928859710693,
    "hardness": 73.69735497887291,
    "depth": 58.055047433113096,
    "brightness": 56.78920174761947,
    "roughness": 65.90223926143382,
    "warmth": 51.89806677488991,
    "sharpness": 49.69919080924167,
    "boominess": 36.170381589343584,
    "reverb": false
}