{
    "duration": 0.08163265138864517,
    "lossless": 1.0,
    "codec": "pcm_f32le",
    "bitrate": 1411200.0,
    "samplerate": 44100.0,
    "channels": 1.0,
    "audio_md5": "95d851cbbf9151c120364d37ba6bc41c",
    "loudness": -14.239265441894531,
    "dynamic_range": 0.0,
    "temporal_centroid": 0.5766156315803528,
    "log_attack_time": -1.3870000839233398,
    "filesize": 14458,
    "single_event": false,
    "tonality": "D major",
    "tonality_confidence": 0.5510275959968567,
    "loop": false,
    "tempo": 0,
    "tempo_confidence": 0.0,
    "note_midi": 38,
    "note_name": "D2",
    "note_frequency": 73.43013000488281,
    "note_confidence": 0.9825302958488464,
    "hardness": 58.63228782066716,
    "depth": 63.144408639435525,
    "brightness": 55.36984388621923,
    "roughness": 54.495114036853515,
    "warmth": 51.58089434662704,
    "sharpness": 49.70369112178962,
    "boominess": 40.79322714558339,
    "reverb": false
}