{
    "duration": 0.08163265138864517,
    "lossless": 1.0,
    "codec": "pcm_f32le",
    "bitrate": 1411200.0,
    "samplerate": 44100.0,
    "channels": 1.0,
    "audio_md5": "14912260c8d1e27467a2d56900241c13",
    "loudness": -13.576470375061035,
    "dynamic_range": 0.0,
    "temporal_centroid": 0.5904585719108582,
    "log_attack_time": -1.3134164810180664,
    "filesize": 14458,
    "single_event": false,
    "tonality": "D major",
    "tonality_confidence": 0.7890967130661011,
    "loop": false,
    "tempo": 0,
    "tempo_confidence": 0.0,
    "note_midi": 50,
    "note_name": "D3",
    "note_frequency": 147.3968963623047,
    "note_confidence": 0.9705273509025574,
    "hardness": 37.45824037745871,
    "depth": 56.14381407508827,
    "brightness": 33.22670937978412,
    "roughness": 47.26762503146705,
    "warmth": 72.53898903176302,
    "sharpness": 6.816638949466945,
    "boominess": 46.08314262011555,
    "reverb": false
}