{
    "duration": 0.08163265138864517,
    "lossless": 1.0,
    "codec": "pcm_f32le",
    "bitrate": 1411200.0,
    "samplerate": 44100.0,
    "channels": 1.0,
    "audio_md5": "1b1d63fd1ca07b20a2007cc8f5ab5fb6",
    "loudness": -13.875757217407227,
    "dynamic_range": 0.0,
    "temporal_centroid": 0.5849294662475586,
    "log_attack_time": -1.3335329294204712,
    "filesize": 14458,
    "single_event": false,
    "tonality": "A major",
    "tonality_confidence": 0.49925708770751953,
    "loop": false,
    "tempo": 0,
    "tempo_confidence": 0.0,
    "note_midi": 38,
    "note_name": "D2",
    "note_frequency": 73.42843627929688,
    "note_confidence": 0.9954416155815125,
    "hardness": 19.44307757088967,
    "depth": 54.82403821201699,
    "brightness": 26.047722701770244,
    "roughness": 44.071797695964285,
    "warmth": 60.147888866230986,
    "sharpness": 0.0,
    "boominess": 58.996682720246085,
    "reverb": false
}