{
    "duration": 0.08163265138864517,
    "lossless": 1.0,
    "codec": "pcm_f32le",
    "bitrate": 1411200.0,
    "samplerate": 44100.0,
    "channels": 1.0,
    "audio_md5": "54661e54c55c115ef77568749e3e6283",
    "loudness": -11.20321273803711,
    "dynamic_range": 0.0,
    "temporal_centroid": 0.5774518847465515,
    "log_attack_time": -1.396710753440857,
    "filesize": 14458,
    "single_event": false,
    "tonality": "A# major",
    "tonality_confidence": 0.4397547245025635,
    "loop": false,
    "tempo": 0,
    "tempo_confidence": 0.0,
    "note_midi": 50,
    "note_name": "D3",
    "note_frequency": 146.0892791748047,
    "note_confidence": 0.9391409158706665,
    "hardness": 36.4314116821397,
    "depth": 57.126284014232596,
    "brightness": 30.696171035302182,
    "roughness": 49.385578983808294,
    "warmth": 69.61994388614734,
    "sharpness": 8.194809959796302,
    "boominess": 47.391086730913756,
    "reverb": false
}