{
    "duration": 0.08163265138864517,
    "lossless": 1.0,
    "codec": "pcm_f32le",
    "bitrate": 1411200.0,
    "samplerate": 44100.0,
    "channels": 1.0,
    "audio_md5": "c80b60b5b48dc638d11c32a66ca43bcd",
    "loudness": -18.703046798706055,
    "dynamic_range": 0.0,
    "temporal_centroid": 0.5867425799369812,
    "log_attack_time": -1.3640879392623901,
    "filesize": 14458,
    "single_event": false,
    "tonality": "D major",
    "tonality_confidence": 0.8805561661720276,
    "loop": false,
    "tempo": 0,
    "tempo_confidence": 0.0,
    "note_midi": 38,
    "note_name": "D2",
    "note_frequency": 73.42839813232422,
    "note_confidence": 0.9980257153511047,
    "hardness": 72.92529344771299,
    "depth": 58.30190499925956,
    "brightness": 63.18125738742228,
    "roughness": 73.87015514627595,
    "warmth": 43.021930223479025,
    "sharpness": 51.790060021972124,
    "boominess": 33.686220072274416,
    "reverb": false
}