{
    "duration": 0.08163265138864517,
    "lossless": 1.0,
    "codec": "pcm_f32le",
    "bitrate": 1411200.0,
    "samplerate": 44100.0,
    "channels": 1.0,
    "audio_md5": "c47029b48aa31a89f1c6bd35437ac381",
    "loudness": -13.463704109191895,
    "dynamic_range": 0.0,
    "temporal_centroid": 0.5885807871818542,
    "log_attack_time": -1.3012269735336304,
    "filesize": 14458,
    "single_event": false,
    "tonality": "D major",
    "tonality_confidence": 0.8160305619239807,
    "loop": false,
    "tempo": 0,
    "tempo_confidence": 0.0,
    "note_midi": 38,
    "note_name": "D2",
    "note_frequency": 73.42848205566406,
    "note_confidence": 0.9926056265830994,
    "hardness": 71.50544240895886,
    "depth": 57.94386345880413,
    "brightness": 55.12349128927134,
    "roughness": 64.77973560564928,
    "warmth": 51.75625544646153,
    "sharpness": 49.62968233136837,
    "boominess": 36.10052588434205,
    "reverb": false
}