{
    "duration": 0.08163265138864517,
    "lossless": 1.0,
    "codec": "pcm_f32le",
    "bitrate": 1411200.0,
    "samplerate": 44100.0,
    "channels": 1.0,
    "audio_md5": "b3fd9bea59c0d494776ee75780af75e0",
    "loudness": -13.027896881103516,
    "dynamic_range": 0.0,
    "temporal_centroid": 0.5722708702087402,
    "log_attack_time": -1.4915390014648438,
    "filesize": 14458,
    "single_event": false,
    "tonality": "D major",
    "tonality_confidence": 0.7852529287338257,
    "loop": false,
    "tempo": 0,
    "tempo_confidence": 0.0,
    "note_midi": 38,
    "note_name": "D2",
    "note_frequency": 73.4285659790039,
    "note_confidence": 0.9943315982818604,
    "hardness": 60.59391650586477,
    "depth": 61.27217713338861,
    "brightness": 56.58339741885626,
    "roughness": 61.49157844032816,
    "warmth": 49.25157527262647,
    "sharpness": 48.594567991552694,
    "boominess": 36.39392287896014,
    "reverb": false
}