{
    "duration": 0.08163265138864517,
    "lossless": 1.0,
    "codec": "pcm_f32le",
    "bitrate": 1411200.0,
    "samplerate": 44100.0,
    "channels": 1.0,
    "audio_md5": "e3aa42935c14961721783c6e2613baf2",
    "loudness": -14.617849349975586,
    "dynamic_range": 0.0,
    "temporal_centroid": 0.5886802673339844,
    "log_attack_time": -1.266768217086792,
    "filesize": 14458,
    "single_event": false,
    "tonality": "D major",
    "tonality_confidence": 0.5786150693893433,
    "loop": false,
    "tempo": 0,
    "tempo_confidence": 0.0,
    "note_midi": 38,
    "note_name": "D2",
    "note_frequency": 73.43888092041016,
    "note_confidence": 0.9777600765228271,
    "hardness": 40.40646655379206,
    "depth": 62.015140636377964,
    "brightness": 39.111894247316044,
    "roughness": 49.339065804608694,
    "warmth": 67.06482810439047,
    "sharpness": 18.19478516697565,
    "boominess": 44.52816750883635,
    "reverb": false
}