{
    "duration": 0.08163265138864517,
    "lossless": 1.0,
    "codec": "pcm_f32le",
    "bitrate": 1411200.0,
    "samplerate": 44100.0,
    "channels": 1.0,
    "audio_md5": "a3d35a127b98129bad2b8120325e819e",
    "loudness": -14.390656471252441,
    "dynamic_range": 0.0,
    "temporal_centroid": 0.5855531692504883,
    "log_attack_time": -1.3228402137756348,
    "filesize": 14458,
    "single_event": false,
    "tonality": "E major",
    "tonality_confidence": 0.2602001428604126,
    "loop": false,
    "tempo": 0,
    "tempo_confidence": 0.0,
    "note_midi": 38,
    "note_name": "D2",
    "note_frequency": 73.45169830322266,
    "note_confidence": 0.9844275116920471,
    "hardness": 26.40071947834599,
    "depth": 63.554343116596996,
    "brightness": 29.4586732137217,
    "roughness": 35.732159249841416,
    "warmth": 64.71408115248933,
    "sharpness": 0.0,
    "boominess": 55.325153990614965,
    "reverb": false
}