{
    "duration": 0.08163265138864517,
    "lossless": 1.0,
    "codec": "pcm_f32le",
    "bitrate": 1411200.0,
    "samplerate": 44100.0,
    "channels": 1.0,
    "audio_md5": "3f0c0b54b3d1e43f5fb06575b09ca9dd",
    "loudness": -15.048110008239746,
    "dynamic_range": 0.0,
    "temporal_centroid": 0.593192994594574,
    "log_attack_time": -1.2693239450454712,
    "filesize": 14458,
    "single_event": false,
    "tonality": "D major",
    "tonality_confidence": 0.8139005303382874,
    "loop": false,
    "tempo": 0,
    "tempo_confidence": 0.0,
    "note_midi": 38,
    "note_name": "D2",
    "note_frequency": 73.4306869506836,
    "note_confidence": 0.9380060434341431,
    "hardness": 62.989076422416815,
    "depth": 60.91231303737854,
    "brightness": 51.06911399871491,
    "roughness": 58.03069286318576,
    "warmth": 54.56435346567682,
    "sharpness": 44.14045238947421,
    "boominess": 38.498788436979986,
    "reverb": false
}