{
    "duration": 0.08163265138864517,
    "lossless": 1.0,
    "codec": "pcm_f32le",
    "bitrate": 1411200.0,
    "samplerate": 44100.0,
    "channels": 1.0,
    "audio_md5": "251ed3102f836bc6ffc9198d17e92e40",
    "loudness": -14.543573379516602,
    "dynamic_range": 0.0,
    "temporal_centroid": 0.5920427441596985,
    "log_attack_time": -1.273925542831421,
    "filesize": 14458,
    "single_event": false,
    "tonality": "D major",
    "tonality_confidence": 0.861950159072876,
    "loop": false,
    "tempo": 0,
    "tempo_confidence": 0.0,
    "note_midi": 38,
    "note_name": "D2",
    "note_frequency": 73.42839813232422,
    "note_confidence": 0.9986375570297241,
    "hardness": 47.018829769818666,
    "depth": 60.12307202411007,
    "brightness": 42.78016461238436,
    "roughness": 55.932453646771584,
    "warmth": 68.78203797006168,
    "sharpness": 26.0986292185739,
    "boominess": 42.63875414374252,
    "reverb": false
}