{
    "duration": 0.08163265138864517,
    "lossless": 1.0,
    "codec": "pcm_f32le",
    "bitrate": 1411200.0,
    "samplerate": 44100.0,
    "channels": 1.0,
    "audio_md5": "1e140b50bb2f654ee961e645b2342962",
    "loudness": -18.13566017150879,
    "dynamic_range": 0.0,
    "temporal_centroid": 0.6003396511077881,
    "log_attack_time": -1.2613416910171509,
    "filesize": 14458,
    "single_event": false,
    "tonality": "D major",
    "tonality_confidence": 0.8238424062728882,
    "loop": false,
    "tempo": 0,
    "tempo_confidence": 0.0,
    "note_midi": 38,
    "note_name": "D2",
    "note_frequency": 73.42855834960938,
    "note_confidence": 0.9973912239074707,
    "hardness": 47.30200661275205,
    "depth": 49.58968650430032,
    "brightness": 47.40160333792665,
    "roughness": 54.89764466325307,
    "warmth": 59.87616835080365,
    "sharpness": 31.174359910936634,
    "boominess": 35.01476842363881,
    "reverb": false
}