{
    "duration": 0.08163265138864517,
    "lossless": 1.0,
    "codec": "pcm_f32le",
    "bitrate": 1411200.0,
    "samplerate": 44100.0,
    "channels": 1.0,
    "audio_md5": "3da2df291dcccdb0d91ec3759ac966dd",
    "loudness": -14.568269729614258,
    "dynamic_range": 0.0,
    "temporal_centroid": 0.5930486917495728,
    "log_attack_time": -1.2698734998703003,
    "filesize": 14458,
    "single_event": false,
    "tonality": "D minor",
    "tonality_confidence": 0.7272475957870483,
    "loop": false,
    "tempo": 0,
    "tempo_confidence": 0.0,
    "note_midi": 38,
    "note_name": "D2",
    "note_frequency": 73.44280242919922,
    "note_confidence": 0.9644429683685303,
    "hardness": 29.54957119887493,
    "depth": 62.34519112137584,
    "brightness": 28.270474534486596,
    "roughness": 46.117039936045224,
    "warmth": 71.70433099307343,
    "sharpness": 2.1142605996981345,
    "boominess": 51.848015306477926,
    "reverb": false
}