{
    "duration": 0.08163265138864517,
    "lossless": 1.0,
    "codec": "pcm_f32le",
    "bitrate": 1411200.0,
    "samplerate": 44100.0,
    "channels": 1.0,
    "audio_md5": "41dbcf91b68712c04af0db9eaa0557f5",
    "loudness": -16.24544906616211,
    "dynamic_range": 0.0,
    "temporal_centroid": 0.6248608231544495,
    "log_attack_time": -1.257226824760437,
    "filesize": 14458,
    "single_event": false,
    "tonality": "D major",
    "tonality_confidence": 0.5895476937294006,
    "loop": false,
    "tempo": 0,
    "tempo_confidence": 0.0,
    "note_midi": 38,
    "note_name": "D2",
    "note_frequency": 73.42841339111328,
    "note_confidence": 0.9947105646133423,
    "hardness": 82.71754815031093,
    "depth": 49.41942857110375,
    "brightness": 62.11639486865414,
    "roughness": 76.62077629495985,
    "warmth": 45.5204852251131,
    "sharpness": 53.02584133952632,
    "boominess": 28.856027926299753,
    "reverb": false
}