{
    "duration": 0.08163265138864517,
    "lossless": 1.0,
    "codec": "pcm_f32le",
    "bitrate": 1411200.0,
    "samplerate": 44100.0,
    "channels": 1.0,
    "audio_md5": "60113f055929486ec13ff58d741f6ce0",
    "loudness": -17.233659744262695,
    "dynamic_range": 0.0,
    "temporal_centroid": 0.5918695330619812,
    "log_attack_time": -1.2798875570297241,
    "filesize": 14458,
    "single_event": false,
    "tonality": "D major",
    "tonality_confidence": 0.7584421038627625,
    "loop": false,
    "tempo": 0,
    "tempo_confidence": 0.0,
    "note_midi": 38,
    "note_name": "D2",
    "note_frequency": 73.42937469482422,
    "note_confidence": 0.9082404971122742,
    "hardness": 74.45910853641317,
    "depth": 45.65767001206734,
    "brightness": 57.52515327055195,
    "roughness": 71.50173306625342,
    "warmth": 47.67382569954077,
    "sharpness": 48.09123006822779,
    "boominess": 29.45369326101866,
    "reverb": false
}