{
    "duration": 0.08163265138864517,
    "lossless": 1.0,
    "codec": "pcm_f32le",
    "bitrate": 1411200.0,
    "samplerate": 44100.0,
    "channels": 1.0,
    "audio_md5": "99dbf94bd16ee6c624136402c2b8bbfa",
    "loudness": -13.901876449584961,
    "dynamic_range": 0.0,
    "temporal_centroid": 0.5893121957778931,
    "log_attack_time": -1.2914847135543823,
    "filesize": 14458,
    "single_event": false,
    "tonality": "D minor",
    "tonality_confidence": 0.7211483716964722,
    "loop": false,
    "tempo": 0,
    "tempo_confidence": 0.0,
    "note_midi": 38,
    "note_name": "D2",
    "note_frequency": 73.43895721435547,
    "note_confidence": 0.9204301238059998,
    "hardness": 39.70096206201568,
    "depth": 55.13737809543079,
    "brightness": 35.358361309564785,
    "roughness": 46.306058255713864,
    "warmth": 63.75844813454056,
    "sharpness": 13.128057914830261,
    "boominess": 36.72478399205275,
    "reverb": false
}