{
    "duration": 0.08163265138864517,
    "lossless": 1.0,
    "codec": "pcm_f32le",
    "bitrate": 1411200.0,
    "samplerate": 44100.0,
    "channels": 1.0,
    "audio_md5": "c3189f64720fc87e20130badc1e2f24e",
    "loudness": -17.329408645629883,
    "dynamic_range": 0.0,
    "temporal_centroid": 0.5939359664916992,
    "log_attack_time": -1.2662224769592285,
    "filesize": 14458,
    "single_event": false,
    "tonality": "D major",
    "tonality_confidence": 0.7936074733734131,
    "loop": false,
    "tempo": 0,
    "tempo_confidence": 0.0,
    "note_midi": 38,
    "note_name": "D2",
    "note_frequency": 73.42839813232422,
    "note_confidence": 0.9938803911209106,
    "hardness": 62.693998229833596,
    "depth": 61.49170998486582,
    "brightness": 50.67940213091714,
    "roughness": 55.80187899974582,
    "warmth": 53.49416645002074,
    "sharpness": 43.9138511545075,
    "boominess": 40.23170937108917,
    "reverb": false
}