{
    "duration": 0.08163265138864517,
    "lossless": 1.0,
    "codec": "pcm_f32le",
    "bitrate": 1411200.0,
    "samplerate": 44100.0,
    "channels": 1.0,
    "audio_md5": "81e9265d47b1e01ac1fbd22eb6900218",
    "loudness": -17.487215042114258,
    "dynamic_range": 0.0,
    "temporal_centroid": 0.5710093975067139,
    "log_attack_time": -1.3903741836547852,
    "filesize": 14458,
    "single_event": false,
    "tonality": "D major",
    "tonality_confidence": 0.7589602470397949,
    "loop": false,
    "tempo": 0,
    "tempo_confidence": 0.0,
    "note_midi": 38,
    "note_name": "D2",
    "note_frequency": 73.42082977294922,
    "note_confidence": 0.8546134829521179,
    "hardness": 48.21402303297569,
    "depth": 70.03174432090134,
    "brightness": 44.25406092485586,
    "roughness": 47.317179767085136,
    "warmth": 59.06953689507966,
    "sharpness": 34.07063513697567,
    "boominess": 43.90973359081663,
    "reverb": false
}