{
    "duration": 0.08163265138864517,
    "lossless": 1.0,
    "codec": "pcm_f32le",
    "bitrate": 1411200.0,
    "samplerate": 44100.0,
    "channels": 1.0,
    "audio_md5": "72ef4bcad3c6b114ec688683564503e1",
    "loudness": -13.168893814086914,
    "dynamic_range": 0.0,
    "temporal_centroid": 0.5877261161804199,
    "log_attack_time": -1.2878391742706299,
    "filesize": 14458,
    "single_event": false,
    "tonality": "D minor",
    "tonality_confidence": 0.8280429244041443,
    "loop": false,
    "tempo": 0,
    "tempo_confidence": 0.0,
    "note_midi": 38,
    "note_name": "D2",
    "note_frequency": 73.42839813232422,
    "note_confidence": 0.9334040284156799,
    "hardness": 77.91271007477638,
    "depth": 58.400399286562134,
    "brightness": 57.74570895052838,
    "roughness": 65.85978595005659,
    "warmth": 48.776539639711395,
    "sharpness": 50.3374169168742,
    "boominess": 30.117681728176073,
    "reverb": false
}