{
    "duration": 0.08163265138864517,
    "lossless": 1.0,
    "codec": "pcm_f32le",
    "bitrate": 1411200.0,
    "samplerate": 44100.0,
    "channels": 1.0,
    "audio_md5": "47b049063446a3bfc4fef5e0ec483822",
    "loudness": -16.419870376586914,
    "dynamic_range": 0.0,
    "temporal_centroid": 0.5970834493637085,
    "log_attack_time": -1.259726881980896,
    "filesize": 14458,
    "single_event": false,
    "tonality": "D major",
    "tonality_confidence": 0.8601750135421753,
    "loop": false,
    "tempo": 0,
    "tempo_confidence": 0.0,
    "note_midi": 38,
    "note_name": "D2",
    "note_frequency": 73.42842864990234,
    "note_confidence": 0.9678608775138855,
    "hardness": 82.41076886586336,
    "depth": 38.44417039535416,
    "brightness": 67.52224239795478,
    "roughness": 79.14667593199191,
    "warmth": 32.40582338174231,
    "sharpness": 55.73886518548133,
    "boominess": 17.84213722966918,
    "reverb": false
}