{
    "duration": 0.08163265138864517,
    "lossless": 1.0,
    "codec": "pcm_f32le",
    "bitrate": 1411200.0,
    "samplerate": 44100.0,
    "channels": 1.0,
    "audio_md5": "4fc642d63f325be54a3d3f57195494a8",
    "loudness": -14.135759353637695,
    "dynamic_range": 0.0,
    "temporal_centroid": 0.5830990076065063,
    "log_attack_time": -1.2926422357559204,
    "filesize": 14458,
    "single_event": false,
    "tonality": "D major",
    "tonality_confidence": 0.8117529153823853,
    "loop": false,
    "tempo": 0,
    "tempo_confidence": 0.0,
    "note_midi": 38,
    "note_name": "D2",
    "note_frequency": 73.4527587890625,
    "note_confidence": 0.9423379302024841,
    "hardness": 41.90418869880878,
    "depth": 62.39365328785705,
    "brightness": 39.28139935347631,
    "roughness": 50.28937742513325,
    "warmth": 67.08489830382064,
    "sharpness": 19.935605269110233,
    "boominess": 45.550400413216515,
    "reverb": false
}