{
    "duration": 0.08163265138864517,
    "lossless": 1.0,
    "codec": "pcm_f32le",
    "bitrate": 1411200.0,
    "samplerate": 44100.0,
    "channels": 1.0,
    "audio_md5": "a1e35f48cc4a71c7dfd3e46bd69edd55",
    "loudness": -16.084796905517578,
    "dynamic_range": 0.0,
    "temporal_centroid": 0.5795150399208069,
    "log_attack_time": -1.3989259004592896,
    "filesize": 14458,
    "single_event": false,
    "tonality": "D major",
    "tonality_confidence": 0.6168923377990723,
    "loop": false,
    "tempo": 0,
    "tempo_confidence": 0.0,
    "note_midi": 38,
    "note_name": "D2",
    "note_frequency": 73.42953491210938,
    "note_confidence": 0.9578296542167664,
    "hardness": 71.11864275841552,
    "depth": 62.58492874586442,
    "brightness": 60.9487850888592,
    "roughness": 57.713523866870034,
    "warmth": 45.31326446088548,
    "sharpness": 52.0880302492771,
    "boominess": 38.179671145545484,
    "reverb": false
}