{
    "duration": 0.08163265138864517,
    "lossless": 1.0,
    "codec": "pcm_f32le",
    "bitrate": 1411200.0,
    "samplerate": 44100.0,
    "channels": 1.0,
    "audio_md5": "df0f163870ce81059dde266b27574fd3",
    "loudness": -13.869588851928711,
    "dynamic_range": 0.0,
    "temporal_centroid": 0.5882613062858582,
    "log_attack_time": -1.2914847135543823,
    "filesize": 14458,
    "single_event": false,
    "tonality": "D major",
    "tonality_confidence": 0.8637181520462036,
    "loop": false,
    "tempo": 0,
    "tempo_confidence": 0.0,
    "note_midi": 38,
    "note_name": "D2",
    "note_frequency": 73.43739318847656,
    "note_confidence": 0.9260234236717224,
    "hardness": 46.70967210011611,
    "depth": 60.340457092995315,
    "brightness": 41.79892314294457,
    "roughness": 57.812271805458685,
    "warmth": 72.09438094085793,
    "sharpness": 19.80676534832647,
    "boominess": 42.5758485364363,
    "reverb": false
}