{
    "duration": 0.08163265138864517,
    "lossless": 1.0,
    "codec": "pcm_f32le",
    "bitrate": 1411200.0,
    "samplerate": 44100.0,
    "channels": 1.0,
    "audio_md5": "c56ce2a5f78f436a6ddd72dcf0f95377",
    "loudness": -18.376752853393555,
    "dynamic_range": 0.0,
    "temporal_centroid": 0.5916571021080017,
    "log_attack_time": -1.26386559009552,
    "filesize": 14458,
    "single_event": false,
    "tonality": "D major",
    "tonality_confidence": 0.8905026912689209,
    "loop": false,
    "tempo": 0,
    "tempo_confidence": 0.0,
    "note_midi": 38,
    "note_name": "D2",
    "note_frequency": 73.42839813232422,
    "note_confidence": 0.9856287240982056,
    "hardness": 58.30040373197306,
    "depth": 55.77387229546402,
    "brightness": 55.147067091606544,
    "roughness": 64.02440107921744,
    "warmth": 57.08175854489056,
    "sharpness": 43.51260876100443,
    "boominess": 38.90293335399818,
    "reverb": false
}