{
    "duration": 0.08163265138864517,
    "lossless": 1.0,
    "codec": "pcm_f32le",
    "bitrate": 1411200.0,
    "samplerate": 44100.0,
    "channels": 1.0,
    "audio_md5": "b80cc73be6c548d93584abd9fa612ed7",
    "loudness": -15.747108459472656,
    "dynamic_range": 0.0,
    "temporal_centroid": 0.5928747057914734,
    "log_attack_time": -1.2654958963394165,
    "filesize": 14458,
    "single_event": false,
    "tonality": "D major",
    "tonality_confidence": 0.7567476630210876,
    "loop": false,
    "tempo": 0,
    "tempo_confidence": 0.0,
    "note_midi": 38,
    "note_name": "D2",
    "note_frequency": 73.42841339111328,
    "note_confidence": 0.9907575249671936,
    "hardness": 73.58311929907435,
    "depth": 49.69766155428454,
    "brightness": 61.64531772154524,
    "roughness": 75.95468241039313,
    "warmth": 45.12200177901141,
    "sharpness": 52.30825672437564,
    "boominess": 30.174623853498545,
    "reverb": false
}