{
    "duration": 0.08163265138864517,
    "lossless": 1.0,
    "codec": "pcm_f32le",
    "bitrate": 1411200.0,
    "samplerate": 44100.0,
    "channels": 1.0,
    "audio_md5": "4e41e0b23c1e39327728f6ced755272f",
    "loudness": -12.465874671936035,
    "dynamic_range": 0.0,
    "temporal_centroid": 0.5749219655990601,
    "log_attack_time": -1.384605884552002,
    "filesize": 14458,
    "single_event": false,
    "tonality": "D major",
    "tonality_confidence": 0.5806138515472412,
    "loop": false,
    "tempo": 0,
    "tempo_confidence": 0.0,
    "note_midi": 38,
    "note_name": "D2",
    "note_frequency": 73.43893432617188,
    "note_confidence": 0.9622105360031128,
    "hardness": 37.065928091952,
    "depth": 60.3451307708682,
    "brightness": 34.786018554247335,
    "roughness": 47.73554593010155,
    "warmth": 67.17434550169585,
    "sharpness": 11.467822098270116,
    "boominess": 43.567853700106696,
    "reverb": false
}