{
    "duration": 0.08163265138864517,
    "lossless": 1.0,
    "codec": "pcm_f32le",
    "bitrate": 1411200.0,
    "samplerate": 44100.0,
    "channels": 1.0,
    "audio_md5": "152591c88bf88554d00d2973290f468c",
    "loudness": -14.879398345947266,
    "dynamic_range": 0.0,
    "temporal_centroid": 0.5840924382209778,
    "log_attack_time": -1.2730013132095337,
    "filesize": 14458,
    "single_event": false,
    "tonality": "D major",
    "tonality_confidence": 0.8772537112236023,
    "loop": false,
    "tempo": 0,
    "tempo_confidence": 0.0,
    "note_midi": 38,
    "note_name": "D2",
    "note_frequency": 73.45272064208984,
    "note_confidence": 0.9032377600669861,
    "hardness": 43.04367023822735,
    "depth": 59.278151555693974,
    "brightness": 38.97752244436506,
    "roughness": 48.832766869666656,
    "warmth": 65.40022608115002,
    "sharpness": 18.1652411840729,
    "boominess": 45.599611625041604,
    "reverb": false
}