{
    "duration": 0.08163265138864517,
    "lossless": 1.0,
    "codec": "pcm_f32le",
    "bitrate": 1411200.0,
    "samplerate": 44100.0,
    "channels": 1.0,
    "audio_md5": "b16a203faa65ce59b7d33c68496fdc71",
    "loudness": -8.968432426452637,
    "dynamic_range": 0.0,
    "temporal_centroid": 0.5854411721229553,
    "log_attack_time": -1.4129689931869507,
    "filesize": 14458,
    "single_event": false,
    "tonality": "D major",
    "tonality_confidence": 0.8485984802246094,
    "loop": false,
    "tempo": 0,
    "tempo_confidence": 0.0,
    "note_midi": 137,
    "note_name": "F10",
    "note_frequency": 22028.48828125,
    "note_confidence": 0.9652339816093445,
    "hardness": 86.84186803662084,
    "depth": 40.714394945125406,
    "brightness": 90.18087480379143,
    "roughness": 74.69620067007753,
    "warmth": 31.61902301652107,
    "sharpness": 53.47649137016566,
    "boominess": 33.519385830321326,
    "reverb": false
}