{
    "duration": 0.08163265138864517,
    "lossless": 1.0,
    "codec": "pcm_f32le",
    "bitrate": 1411200.0,
    "samplerate": 44100.0,
    "channels": 1.0,
    "audio_md5": "35ee098234e4a10c2c414ac4d5696b2e",
    "loudness": -14.352246284484863,
    "dynamic_range": 0.0,
    "temporal_centroid": 0.5946094989776611,
    "log_attack_time": -1.2759658098220825,
    "filesize": 14458,
    "single_event": false,
    "tonality": "D major",
    "tonality_confidence": 0.8289989829063416,
    "loop": false,
    "tempo": 0,
    "tempo_confidence": 0.0,
    "note_midi": 38,
    "note_name": "D2",
    "note_frequency": 73.42839813232422,
    "note_confidence": 0.9997400641441345,
    "hardness": 64.83795900731786,
    "depth": 58.24052852243068,
    "brightness": 50.23871185103508,
    "roughness": 59.70113517472586,
    "warmth": 57.18483697038199,
    "sharpness": 43.05617586790116,
    "boominess": 39.510518634741835,
    "reverb": false
}