{
    "duration": 0.08163265138864517,
    "lossless": 1.0,
    "codec": "pcm_f32le",
    "bitrate": 1411200.0,
    "samplerate": 44100.0,
    "channels": 1.0,
    "audio_md5": "66f8ab532b1dcdd69dab23578616d178",
    "loudness": -13.044683456420898,
    "dynamic_range": 0.0,
    "temporal_centroid": 0.5759521722793579,
    "log_attack_time": -1.3872401714324951,
    "filesize": 14458,
    "single_event": false,
    "tonality": "D major",
    "tonality_confidence": 0.4763655662536621,
    "loop": false,
    "tempo": 0,
    "tempo_confidence": 0.0,
    "note_midi": 38,
    "note_name": "D2",
    "note_frequency": 73.43062591552734,
    "note_confidence": 0.9857807755470276,
    "hardness": 51.11639822630079,
    "depth": 54.77590980569191,
    "brightness": 53.463950654891676,
    "roughness": 42.09014763878661,
    "warmth": 48.751208283462745,
    "sharpness": 49.08937136857259,
    "boominess": 47.245834465991564,
    "reverb": false
}