{
    "duration": 0.08163265138864517,
    "lossless": 1.0,
    "codec": "pcm_f32le",
    "bitrate": 1411200.0,
    "samplerate": 44100.0,
    "channels": 1.0,
    "audio_md5": "060b4c5c67a5b479de00fca236d56ff4",
    "loudness": -17.551748275756836,
    "dynamic_range": 0.0,
    "temporal_centroid": 0.6092653274536133,
    "log_attack_time": -1.2684093713760376,
    "filesize": 14458,
    "single_event": false,
    "tonality": "D minor",
    "tonality_confidence": 0.7703907489776611,
    "loop": false,
    "tempo": 0,
    "tempo_confidence": 0.0,
    "note_midi": 38,
    "note_name": "D2",
    "note_frequency": 73.43973541259766,
    "note_confidence": 0.8955633640289307,
    "hardness": 55.322623455218746,
    "depth": 59.415557191283696,
    "brightness": 45.55319424856831,
    "roughness": 54.93960240400182,
    "warmth": 60.67564536226445,
    "sharpness": 35.00038905906527,
    "boominess": 40.85042634714448,
    "reverb": false
}