{
    "duration": 0.08163265138864517,
    "lossless": 1.0,
    "codec": "pcm_f32le",
    "bitrate": 1411200.0,
    "samplerate": 44100.0,
    "channels": 1.0,
    "audio_md5": "e4b3a379967009dcb90a4b9224ace445",
    "loudness": -14.464569091796875,
    "dynamic_range": 0.0,
    "temporal_centroid": 0.5921042561531067,
    "log_attack_time": -1.2700568437576294,
    "filesize": 14458,
    "single_event": false,
    "tonality": "D major",
    "tonality_confidence": 0.8268727660179138,
    "loop": false,
    "tempo": 0,
    "tempo_confidence": 0.0,
    "note_midi": 50,
    "note_name": "D3",
    "note_frequency": 146.4116668701172,
    "note_confidence": 0.8543143272399902,
    "hardness": 43.81149629651978,
    "depth": 56.58981177284504,
    "brightness": 41.65649476675812,
    "roughness": 53.24862533549616,
    "warmth": 64.94955123401807,
    "sharpness": 22.52279455226665,
    "boominess": 39.77253511696176,
    "reverb": false
}