{
    "duration": 0.08163265138864517,
    "lossless": 1.0,
    "codec": "pcm_f32le",
    "bitrate": 1411200.0,
    "samplerate": 44100.0,
    "channels": 1.0,
    "audio_md5": "89d865e93be202c459ed61c9a6c7a53c",
    "loudness": -11.789166450500488,
    "dynamic_range": 0.0,
    "temporal_centroid": 0.5822247266769409,
    "log_attack_time": -1.3850836753845215,
    "filesize": 14458,
    "single_event": false,
    "tonality": "D major",
    "tonality_confidence": 0.6437441110610962,
    "loop": false,
    "tempo": 0,
    "tempo_confidence": 0.0,
    "note_midi": 38,
    "note_name": "D2",
    "note_frequency": 73.42839813232422,
    "note_confidence": 0.992161750793457,
    "hardness": 69.48842043193272,
    "depth": 59.499352503489845,
    "brightness": 58.24614588042565,
    "roughness": 64.67541686449789,
    "warmth": 47.96622507175388,
    "sharpness": 49.94246543953538,
    "boominess": 35.27768391364087,
    "reverb": false
}