{
    "duration": 0.08163265138864517,
    "lossless": 1.0,
    "codec": "pcm_f32le",
    "bitrate": 1411200.0,
    "samplerate": 44100.0,
    "channels": 1.0,
    "audio_md5": "c99f825abb0eea0fbe4b098ee563c32f",
    "loudness": -11.694523811340332,
    "dynamic_range": 0.0,
    "temporal_centroid": 0.5788227319717407,
    "log_attack_time": -1.397447943687439,
    "filesize": 14458,
    "single_event": false,
    "tonality": "D major",
    "tonality_confidence": 0.8030257821083069,
    "loop": false,
    "tempo": 0,
    "tempo_confidence": 0.0,
    "note_midi": 38,
    "note_name": "D2",
    "note_frequency": 73.43875885009766,
    "note_confidence": 0.947182834148407,
    "hardness": 34.517894688134106,
    "depth": 56.61626355865586,
    "brightness": 29.36970114558426,
    "roughness": 47.20764632224535,
    "warmth": 69.64560165014358,
    "sharpness": 7.770946265924273,
    "boominess": 43.028004070714815,
    "reverb": false
}