{
    "duration": 0.08163265138864517,
    "lossless": 1.0,
    "codec": "pcm_f32le",
    "bitrate": 1411200.0,
    "samplerate": 44100.0,
    "channels": 1.0,
    "audio_md5": "93992e933ddfb6a7e0a37f99d325af2d",
    "loudness": -14.548393249511719,
    "dynamic_range": 0.0,
    "temporal_centroid": 0.5960744023323059,
    "log_attack_time": -1.3230472803115845,
    "filesize": 14458,
    "single_event": false,
    "tonality": "D major",
    "tonality_confidence": 0.7946596145629883,
    "loop": false,
    "tempo": 0,
    "tempo_confidence": 0.0,
    "note_midi": 38,
    "note_name": "D2",
    "note_frequency": 73.43696594238281,
    "note_confidence": 0.9902761578559875,
    "hardness": 28.400240285137272,
    "depth": 54.417195761734504,
    "brightness": 21.299664659829908,
    "roughness": 45.82942451697569,
    "warmth": 66.63936999459213,
    "sharpness": 0.0,
    "boominess": 53.81141043861703,
    "reverb": false
}