{
    "duration": 0.08163265138864517,
    "lossless": 1.0,
    "codec": "pcm_f32le",
    "bitrate": 1411200.0,
    "samplerate": 44100.0,
    "channels": 1.0,
    "audio_md5": "bb1521e432f9cb1e11ca20103e4d3e84",
    "loudness": -16.69683074951172,
    "dynamic_range": 0.0,
    "temporal_centroid": 0.5991018414497375,
    "log_attack_time": -1.2624216079711914,
    "filesize": 14458,
    "single_event": false,
    "tonality": "D major",
    "tonality_confidence": 0.8843618035316467,
    "loop": false,
    "tempo": 0,
    "tempo_confidence": 0.0,
    "note_midi": 38,
    "note_name": "D2",
    "note_frequency": 73.42839050292969,
    "note_confidence": 0.976370096206665,
    "hardness": 76.15051550646078,
    "depth": 46.058802905008534,
    "brightness": 61.40503742999513,
    "roughness": 78.34859592513936,
    "warmth": 45.912992729475036,
    "sharpness": 52.89198901647092,
    "boominess": 29.395106885599336,
    "reverb": false
}