{
    "duration": 0.08163265138864517,
    "lossless": 1.0,
    "codec": "pcm_f32le",
    "bitrate": 1411200.0,
    "samplerate": 44100.0,
    "channels": 1.0,
    "audio_md5": "2d154a654464281415c215c14f936200",
    "loudness": -12.354331970214844,
    "dynamic_range": 0.0,
    "temporal_centroid": 0.5908941626548767,
    "log_attack_time": -1.319128155708313,
    "filesize": 14458,
    "single_event": false,
    "tonality": "D major",
    "tonality_confidence": 0.644457995891571,
    "loop": false,
    "tempo": 0,
    "tempo_confidence": 0.0,
    "note_midi": 38,
    "note_name": "D2",
    "note_frequency": 73.42839813232422,
    "note_confidence": 0.9898269772529602,
    "hardness": 73.52676135679548,
    "depth": 54.732164393302114,
    "brightness": 59.44899750566943,
    "roughness": 70.95714194698274,
    "warmth": 48.402793675733015,
    "sharpness": 50.03036452766798,
    "boominess": 32.71066063914038,
    "reverb": false
}