{
    "duration": 0.08163265138864517,
    "lossless": 1.0,
    "codec": "pcm_f32le",
    "bitrate": 1411200.0,
    "samplerate": 44100.0,
    "channels": 1.0,
    "audio_md5": "23e44da7bbfc11504416ac53b05193f3",
    "loudness": -18.9129695892334,
    "dynamic_range": 0.0,
    "temporal_centroid": 0.5990036725997925,
    "log_attack_time": -1.2631429433822632,
    "filesize": 14458,
    "single_event": false,
    "tonality": "D major",
    "tonality_confidence": 0.745090126991272,
    "loop": false,
    "tempo": 0,
    "tempo_confidence": 0.0,
    "note_midi": 38,
    "note_name": "D2",
    "note_frequency": 73.43074035644531,
    "note_confidence": 0.8728334903717041,
    "hardness": 63.24087574177656,
    "depth": 49.46163874432334,
    "brightness": 56.46745391156268,
    "roughness": 64.2463891633315,
    "warmth": 57.67148702521986,
    "sharpness": 39.342567055687326,
    "boominess": 31.25753663736024,
    "reverb": false
}