{
    "duration": 0.08163265138864517,
    "lossless": 1.0,
    "codec": "pcm_f32le",
    "bitrate": 1411200.0,
    "samplerate": 44100.0,
    "channels": 1.0,
    "audio_md5": "3bbefeeca067e17d51b2c345fda82cbf",
    "loudness": -11.204246520996094,
    "dynamic_range": 0.0,
    "temporal_centroid": 0.5618694424629211,
    "log_attack_time": -1.4824719429016113,
    "filesize": 14458,
    "single_event": false,
    "tonality": "D major",
    "tonality_confidence": 0.6241503357887268,
    "loop": false,
    "tempo": 0,
    "tempo_confidence": 0.0,
    "note_midi": 38,
    "note_name": "D2",
    "note_frequency": 73.4413833618164,
    "note_confidence": 0.9675791263580322,
    "hardness": 44.602391398664935,
    "depth": 62.23175061499592,
    "brightness": 40.932703883181745,
    "roughness": 53.62444668534643,
    "warmth": 64.5671775026156,
    "sharpness": 19.106805042291448,
    "boominess": 43.70490274346683,
    "reverb": false
}