{
    "duration": 0.08163265138864517,
    "lossless": 1.0,
    "codec": "pcm_f32le",
    "bitrate": 1411200.0,
    "samplerate": 44100.0,
    "channels": 1.0,
    "audio_md5": "2eee7ab7885d2f5a3870b2fe6532da0a",
    "loudness": -16.957151412963867,
    "dynamic_range": 0.0,
    "temporal_centroid": 0.5933812856674194,
    "log_attack_time": -1.2664042711257935,
    "filesize": 14458,
    "single_event": false,
    "tonality": "D major",
    "tonality_confidence": 0.7565319538116455,
    "loop": false,
    "tempo": 0,
    "tempo_confidence": 0.0,
    "note_midi": 38,
    "note_name": "D2",
    "note_frequency": 73.42829895019531,
    "note_confidence": 0.8227095603942871,
    "hardness": 68.12994682569638,
    "depth": 56.657731472029944,
    "brightness": 54.4657977730331,
    "roughness": 67.15757528767472,
    "warmth": 57.42997949897802,
    "sharpness": 45.645967889607874,
    "boominess": 35.733270488885736,
    "reverb": false
}