{
    "duration": 0.08163265138864517,
    "lossless": 1.0,
    "codec": "pcm_f32le",
    "bitrate": 1411200.0,
    "samplerate": 44100.0,
    "channels": 1.0,
    "audio_md5": "972b2e8d1fe4e6ce56452204e6d2aa18",
    "loudness": -16.364864349365234,
    "dynamic_range": 0.0,
    "temporal_centroid": 0.5928351283073425,
    "log_attack_time": -1.268592119216919,
    "filesize": 14458,
    "single_event": false,
    "tonality": "D major",
    "tonality_confidence": 0.6117358803749084,
    "loop": false,
    "tempo": 0,
    "tempo_confidence": 0.0,
    "note_midi": 38,
    "note_name": "D2",
    "note_frequency": 73.43241119384766,
    "note_confidence": 0.979719340801239,
    "hardness": 48.14607329593318,
    "depth": 60.87180056816806,
    "brightness": 43.14534005238382,
    "roughness": 51.26705323459977,
    "warmth": 65.99345768675104,
    "sharpness": 17.410417673560996,
    "boominess": 42.581288500905885,
    "reverb": false
}