{
    "duration": 0.08163265138864517,
    "lossless": 1.0,
    "codec": "pcm_f32le",
    "bitrate": 1411200.0,
    "samplerate": 44100.0,
    "channels": 1.0,
    "audio_md5": "8be4e95dffca6bfa6111df151cda9108",
    "loudness": -14.721445083618164,
    "dynamic_range": 0.0,
    "temporal_centroid": 0.6000901460647583,
    "log_attack_time": -1.2907146215438843,
    "filesize": 14458,
    "single_event": false,
    "tonality": "D major",
    "tonality_confidence": 0.8329809308052063,
    "loop": false,
    "tempo": 0,
    "tempo_confidence": 0.0,
    "note_midi": 38,
    "note_name": "D2",
    "note_frequency": 73.42875671386719,
    "note_confidence": 0.9972872138023376,
    "hardness": 47.3479338527826,
    "depth": 56.54304907552185,
    "brightness": 42.83473509455848,
    "roughness": 50.95680716236426,
    "warmth": 64.80529084102143,
    "sharpness": 30.47462757047466,
    "boominess": 42.47999590365569,
    "reverb": false
}