{
    "duration": 0.08163265138864517,
    "lossless": 1.0,
    "codec": "pcm_f32le",
    "bitrate": 1411200.0,
    "samplerate": 44100.0,
    "channels": 1.0,
    "audio_md5": "3d4ab0af680156a8a1ddbf78ff7f7185",
    "loudness": -13.399186134338379,
    "dynamic_range": 0.0,
    "temporal_centroid": 0.5772157907485962,
    "log_attack_time": -1.388683795928955,
    "filesize": 14458,
    "single_event": false,
    "tonality": "D major",
    "tonality_confidence": 0.4945089817047119,
    "loop": false,
    "tempo": 0,
    "tempo_confidence": 0.0,
    "note_midi": 38,
    "note_name": "D2",
    "note_frequency": 73.47223663330078,
    "note_confidence": 0.9576959609985352,
    "hardness": 31.476455389426405,
    "depth": 63.36635885032485,
    "brightness": 33.41523473128632,
    "roughness": 45.37711498369805,
    "warmth": 64.1148307002633,
    "sharpness": 11.094305527062414,
    "boominess": 51.71366025686773,
    "reverb": false
}