{
    "duration": 0.08163265138864517,
    "lossless": 1.0,
    "codec": "pcm_f32le",
    "bitrate": 1411200.0,
    "samplerate": 44100.0,
    "channels": 1.0,
    "audio_md5": "b634e71a40777555b9c350d41e89596c",
    "loudness": -15.199840545654297,
    "dynamic_range": 0.0,
    "temporal_centroid": 0.5904355645179749,
    "log_attack_time": -1.2973037958145142,
    "filesize": 14458,
    "single_event": false,
    "tonality": "D major",
    "tonality_confidence": 0.5972480773925781,
    "loop": false,
    "tempo": 0,
    "tempo_confidence": 0.0,
    "note_midi": 38,
    "note_name": "D2",
    "note_frequency": 73.4410629272461,
    "note_confidence": 0.9622148275375366,
    "hardness": 40.04170934645998,
    "depth": 61.85572988736807,
    "brightness": 39.93329101820106,
    "roughness": 51.56957028835848,
    "warmth": 65.37577526733722,
    "sharpness": 18.01107433957611,
    "boominess": 44.57273117409265,
    "reverb": false
}