{
    "duration": 0.08163265138864517,
    "lossless": 1.0,
    "codec": "pcm_f32le",
    "bitrate": 1411200.0,
    "samplerate": 44100.0,
    "channels": 1.0,
    "audio_md5": "e966a0e921f38957086fe44b3d48c94e",
    "loudness": -12.37544059753418,
    "dynamic_range": 0.0,
    "temporal_centroid": 0.5753092765808105,
    "log_attack_time": -1.3150407075881958,
    "filesize": 14458,
    "single_event": false,
    "tonality": "D major",
    "tonality_confidence": 0.8084653615951538,
    "loop": false,
    "tempo": 0,
    "tempo_confidence": 0.0,
    "note_midi": 50,
    "note_name": "D3",
    "note_frequency": 146.81161499023438,
    "note_confidence": 0.9154794812202454,
    "hardness": 46.098778879875,
    "depth": 54.07264569969214,
    "brightness": 40.65690995547976,
    "roughness": 55.813466384250916,
    "warmth": 70.85681401001703,
    "sharpness": 18.87274002952371,
    "boominess": 40.60615324924299,
    "reverb": false
}