{
    "duration": 0.08163265138864517,
    "lossless": 1.0,
    "codec": "pcm_f32le",
    "bitrate": 1411200.0,
    "samplerate": 44100.0,
    "channels": 1.0,
    "audio_md5": "4e832556bf6c6397a0dd42ca5ec6fa0c",
    "loudness": -11.03909683227539,
    "dynamic_range": 0.0,
    "temporal_centroid": 0.5593568682670593,
    "log_attack_time": -1.5605777502059937,
    "filesize": 14458,
    "single_event": false,
    "tonality": "F# minor",
    "tonality_confidence": 0.5866246223449707,
    "loop": false,
    "tempo": 0,
    "tempo_confidence": 0.0,
    "note_midi": 38,
    "note_name": "D2",
    "note_frequency": 73.44575500488281,
    "note_confidence": 0.9604216814041138,
    "hardness": 43.30405356742227,
    "depth": 62.329685186733215,
    "brightness": 41.78600547813268,
    "roughness": 39.962542529360306,
    "warmth": 65.29732204573747,
    "sharpness": 23.274831286826277,
    "boominess": 43.784736696622126,
    "reverb": false
}