{
    "duration": 0.08163265138864517,
    "lossless": 1.0,
    "codec": "pcm_f32le",
    "bitrate": 1411200.0,
    "samplerate": 44100.0,
    "channels": 1.0,
    "audio_md5": "b41401d6dba5a19effabac71d595bddc",
    "loudness": -14.593802452087402,
    "dynamic_range": 0.0,
    "temporal_centroid": 0.5848773717880249,
    "log_attack_time": -1.2899459600448608,
    "filesize": 14458,
    "single_event": false,
    "tonality": "D minor",
    "tonality_confidence": 0.5198208689689636,
    "loop": false,
    "tempo": 0,
    "tempo_confidence": 0.0,
    "note_midi": 38,
    "note_name": "D2",
    "note_frequency": 73.42930603027344,
    "note_confidence": 0.9548840522766113,
    "hardness": 61.03018633221967,
    "depth": 33.68739703060113,
    "brightness": 54.14738253186697,
    "roughness": 59.53504192234646,
    "warmth": 39.21396906473767,
    "sharpness": 38.53644598995626,
    "boominess": 24.40473820259381,
    "reverb": false
}