{
    "duration": 0.08163265138864517,
    "lossless": 1.0,
    "codec": "pcm_f32le",
    "bitrate": 1411200.0,
    "samplerate": 44100.0,
    "channels": 1.0,
    "audio_md5": "2be284b6719c6ab39cf914cd9701a3bd",
    "loudness": -15.886069297790527,
    "dynamic_range": 0.0,
    "temporal_centroid": 0.5906156301498413,
    "log_attack_time": -1.2840344905853271,
    "filesize": 14458,
    "single_event": false,
    "tonality": "D minor",
    "tonality_confidence": 0.6514312624931335,
    "loop": false,
    "tempo": 0,
    "tempo_confidence": 0.0,
    "note_midi": 50,
    "note_name": "D3",
    "note_frequency": 147.02622985839844,
    "note_confidence": 0.8794156312942505,
    "hardness": 78.1569939796176,
    "depth": 46.74071614409383,
    "brightness": 59.96524816898909,
    "roughness": 73.15271917642599,
    "warmth": 45.30312911724496,
    "sharpness": 51.08614766554609,
    "boominess": 27.048727841952545,
    "reverb": false
}