{
    "duration": 0.08163265138864517,
    "lossless": 1.0,
    "codec": "pcm_f32le",
    "bitrate": 1411200.0,
    "samplerate": 44100.0,
    "channels": 1.0,
    "audio_md5": "14b7913d517a0d74c71e4cb9477ef399",
    "loudness": -17.24482536315918,
    "dynamic_range": 0.0,
    "temporal_centroid": 0.5973969101905823,
    "log_attack_time": -1.258832335472107,
    "filesize": 14458,
    "single_event": false,
    "tonality": "A minor",
    "tonality_confidence": 0.5282511711120605,
    "loop": false,
    "tempo": 0,
    "tempo_confidence": 0.0,
    "note_midi": 38,
    "note_name": "D2",
    "note_frequency": 73.43067169189453,
    "note_confidence": 0.9293084740638733,
    "hardness": 59.769521542251255,
    "depth": 44.11151481776905,
    "brightness": 51.72960701578458,
    "roughness": 55.74818373653995,
    "warmth": 61.22406249714061,
    "sharpness": 44.37872390494991,
    "boominess": 30.05477310895951,
    "reverb": false
}