{
    "duration": 0.08163265138864517,
    "lossless": 1.0,
    "codec": "pcm_f32le",
    "bitrate": 1411200.0,
    "samplerate": 44100.0,
    "channels": 1.0,
    "audio_md5": "b50606fd51c55919fa6e1457de33df9f",
    "loudness": -14.321016311645508,
    "dynamic_range": 0.0,
    "temporal_centroid": 0.5935227870941162,
    "log_attack_time": -1.2667680978775024,
    "filesize": 14458,
    "single_event": false,
    "tonality": "D major",
    "tonality_confidence": 0.6816174387931824,
    "loop": false,
    "tempo": 0,
    "tempo_confidence": 0.0,
    "note_midi": 38,
    "note_name": "D2",
    "note_frequency": 73.43208312988281,
    "note_confidence": 0.9709583520889282,
    "hardness": 44.037497819359714,
    "depth": 47.71095570131065,
    "brightness": 40.011828270168174,
    "roughness": 55.644324085621236,
    "warmth": 69.51193504618858,
    "sharpness": 15.932241447960795,
    "boominess": 39.56802860296551,
    "reverb": false
}