{
    "duration": 0.08163265138864517,
    "lossless": 1.0,
    "codec": "pcm_f32le",
    "bitrate": 1411200.0,
    "samplerate": 44100.0,
    "channels": 1.0,
    "audio_md5": "92d2a73768c6e98e104573b83391375d",
    "loudness": -18.627803802490234,
    "dynamic_range": 0.0,
    "temporal_centroid": 0.6186125874519348,
    "log_attack_time": -1.2477163076400757,
    "filesize": 14458,
    "single_event": false,
    "tonality": "E major",
    "tonality_confidence": 0.49921461939811707,
    "loop": false,
    "tempo": 0,
    "tempo_confidence": 0.0,
    "note_midi": 38,
    "note_name": "D2",
    "note_frequency": 73.42835998535156,
    "note_confidence": 0.950687825679779,
    "hardness": 87.3607934661635,
    "depth": 37.48492929383315,
    "brightness": 84.14820510132911,
    "roughness": 84.55014502611182,
    "warmth": 25.914064521594142,
    "sharpness": 63.64333469737254,
    "boominess": 25.879501736667756,
    "reverb": false
}