{
    "duration": 0.08163265138864517,
    "lossless": 1.0,
    "codec": "pcm_f32le",
    "bitrate": 1411200.0,
    "samplerate": 44100.0,
    "channels": 1.0,
    "audio_md5": "fbfde2b8b9e962a16c9baf60d7112de6",
    "loudness": -12.05090045928955,
    "dynamic_range": 0.0,
    "temporal_centroid": 0.5705524682998657,
    "log_attack_time": -1.4583301544189453,
    "filesize": 14458,
    "single_event": false,
    "tonality": "C# minor",
    "tonality_confidence": 0.45076054334640503,
    "loop": false,
    "tempo": 0,
    "tempo_confidence": 0.0,
    "note_midi": 38,
    "note_name": "D2",
    "note_frequency": 73.45320129394531,
    "note_confidence": 0.9831240177154541,
    "hardness": 21.245024953638733,
    "depth": 54.821564717017026,
    "brightness": 28.040436552008444,
    "roughness": 26.411709376275752,
    "warmth": 59.15017074072885,
    "sharpness": 0.0,
    "boominess": 56.87774344658531,
    "reverb": false
}