{
    "duration": 0.08163265138864517,
    "lossless": 1.0,
    "codec": "pcm_f32le",
    "bitrate": 1411200.0,
    "samplerate": 44100.0,
    "channels": 1.0,
    "audio_md5": "ca2c40012ba1169277096ef5644898bc",
    "loudness": -13.261297225952148,
    "dynamic_range": 0.0,
    "temporal_centroid": 0.5737608671188354,
    "log_attack_time": -1.3760946989059448,
    "filesize": 14458,
    "single_event": false,
    "tonality": "D major",
    "tonality_confidence": 0.5177039504051208,
    "loop": false,
    "tempo": 0,
    "tempo_confidence": 0.0,
    "note_midi": 38,
    "note_name": "D2",
    "note_frequency": 73.46051025390625,
    "note_confidence": 0.9701381325721741,
    "hardness": 27.223474853801775,
    "depth": 63.26575276124281,
    "brightness": 22.72904264762537,
    "roughness": 32.59884584562482,
    "warmth": 61.686192172256774,
    "sharpness": 1.4968440132847292,
    "boominess": 50.60994335167055,
    "reverb": false
}