{
    "duration": 0.08163265138864517,
    "lossless": 1.0,
    "codec": "pcm_f32le",
    "bitrate": 1411200.0,
    "samplerate": 44100.0,
    "channels": 1.0,
    "audio_md5": "e80b32ff7a643734af9d23910fe1e4e4",
    "loudness": -11.560302734375,
    "dynamic_range": 0.0,
    "temporal_centroid": 0.5658529996871948,
    "log_attack_time": -1.52849543094635,
    "filesize": 14458,
    "single_event": false,
    "tonality": "F major",
    "tonality_confidence": 0.28298714756965637,
    "loop": false,
    "tempo": 0,
    "tempo_confidence": 0.0,
    "note_midi": 38,
    "note_name": "D2",
    "note_frequency": 73.45648956298828,
    "note_confidence": 0.9770280122756958,
    "hardness": 29.278594852121074,
    "depth": 54.715872985165525,
    "brightness": 31.4066041823656,
    "roughness": 27.525164230937364,
    "warmth": 65.04273741007005,
    "sharpness": 3.6056542521259907,
    "boominess": 52.8516439222505,
    "reverb": false
}