{
    "duration": 0.08163265138864517,
    "lossless": 1.0,
    "codec": "pcm_f32le",
    "bitrate": 1411200.0,
    "samplerate": 44100.0,
    "channels": 1.0,
    "audio_md5": "fbb327e71737ffd3579488aa0dbfcb41",
    "loudness": -14.653727531433105,
    "dynamic_range": 0.0,
    "temporal_centroid": 0.584578812122345,
    "log_attack_time": -1.2711586952209473,
    "filesize": 14458,
    "single_event": false,
    "tonality": "D major",
    "tonality_confidence": 0.6620811223983765,
    "loop": false,
    "tempo": 0,
    "tempo_confidence": 0.0,
    "note_midi": 38,
    "note_name": "D2",
    "note_frequency": 73.43942260742188,
    "note_confidence": 0.9848743677139282,
    "hardness": 37.64183278492611,
    "depth": 54.40512939961526,
    "brightness": 39.1446446510474,
    "roughness": 48.29987635916035,
    "warmth": 64.06812378485303,
    "sharpness": 16.335395873465817,
    "boominess": 47.467355245798146,
    "reverb": false
}