{
    "duration": 0.08163265138864517,
    "lossless": 1.0,
    "codec": "pcm_f32le",
    "bitrate": 1411200.0,
    "samplerate": 44100.0,
    "channels": 1.0,
    "audio_md5": "0bf7d3942de53a9b7bddc17f95af9986",
    "loudness": -16.100914001464844,
    "dynamic_range": 0.0,
    "temporal_centroid": 0.5874885320663452,
    "log_attack_time": -1.3222192525863647,
    "filesize": 14458,
    "single_event": false,
    "tonality": "D major",
    "tonality_confidence": 0.7294386029243469,
    "loop": false,
    "tempo": 0,
    "tempo_confidence": 0.0,
    "note_midi": 38,
    "note_name": "D2",
    "note_frequency": 73.42839813232422,
    "note_confidence": 0.986896812915802,
    "hardness": 69.72640511080496,
    "depth": 61.64851446953687,
    "brightness": 58.365827239273344,
    "roughness": 59.658127365892824,
    "warmth": 47.45987917937442,
    "sharpness": 50.23812828769314,
    "boominess": 36.29619053202249,
    "reverb": false
}