{
    "duration": 0.08163265138864517,
    "lossless": 1.0,
    "codec": "pcm_f32le",
    "bitrate": 1411200.0,
    "samplerate": 44100.0,
    "channels": 1.0,
    "audio_md5": "34b589549c44eb1e84546a505333b2a7",
    "loudness": -13.0045804977417,
    "dynamic_range": 0.0,
    "temporal_centroid": 0.6047245264053345,
    "log_attack_time": -1.2645894289016724,
    "filesize": 14458,
    "single_event": false,
    "tonality": "F# minor",
    "tonality_confidence": 0.6550533771514893,
    "loop": false,
    "tempo": 0,
    "tempo_confidence": 0.0,
    "note_midi": 38,
    "note_name": "D2",
    "note_frequency": 73.42845916748047,
    "note_confidence": 0.918083667755127,
    "hardness": 68.37386762920494,
    "depth": 4.6200686070272425,
    "brightness": 74.80358968198504,
    "roughness": 71.35600208890231,
    "warmth": 26.732572361626712,
    "sharpness": 61.97357793992125,
    "boominess": 0.0,
    "reverb": false
}