{
    "duration": 0.08163265138864517,
    "lossless": 1.0,
    "codec": "pcm_f32le",
    "bitrate": 1411200.0,
    "samplerate": 44100.0,
    "channels": 1.0,
    "audio_md5": "e8007e508a53779831c309383ed2f7aa",
    "loudness": -14.314547538757324,
    "dynamic_range": 0.0,
    "temporal_centroid": 0.5886704325675964,
    "log_attack_time": -1.2846031188964844,
    "filesize": 14458,
    "single_event": false,
    "tonality": "D minor",
    "tonality_confidence": 0.7127534747123718,
    "loop": false,
    "tempo": 0,
    "tempo_confidence": 0.0,
    "note_midi": 38,
    "note_name": "D2",
    "note_frequency": 73.44368743896484,
    "note_confidence": 0.9329414367675781,
    "hardness": 30.869636323314253,
    "depth": 57.81880103934458,
    "brightness": 28.001655671328205,
    "roughness": 50.552846195398224,
    "warmth": 68.97538805571422,
    "sharpness": 1.7383794602562261,
    "boominess": 45.220867029916725,
    "reverb": false
}