{
    "duration": 0.08163265138864517,
    "lossless": 1.0,
    "codec": "pcm_f32le",
    "bitrate": 1411200.0,
    "samplerate": 44100.0,
    "channels": 1.0,
    "audio_md5": "9268c065be79512090efd1d7235d63f7",
    "loudness": -17.067832946777344,
    "dynamic_range": 0.0,
    "temporal_centroid": 0.6044706106185913,
    "log_attack_time": -1.2563374042510986,
    "filesize": 14458,
    "single_event": false,
    "tonality": "D major",
    "tonality_confidence": 0.6322269439697266,
    "loop": false,
    "tempo": 0,
    "tempo_confidence": 0.0,
    "note_midi": 38,
    "note_name": "D2",
    "note_frequency": 73.4308090209961,
    "note_confidence": 0.9362814426422119,
    "hardness": 55.57254016022267,
    "depth": 48.08828982771987,
    "brightness": 50.14633576937991,
    "roughness": 60.342187903841165,
    "warmth": 59.84556682157583,
    "sharpness": 26.395955936254687,
    "boominess": 32.06209441464374,
    "reverb": false
}