{
    "duration": 0.08163265138864517,
    "lossless": 1.0,
    "codec": "pcm_f32le",
    "bitrate": 1411200.0,
    "samplerate": 44100.0,
    "channels": 1.0,
    "audio_md5": "c56077eef83e72c1c3eab4db17392e4c",
    "loudness": -13.866921424865723,
    "dynamic_range": 0.0,
    "temporal_centroid": 0.580531895160675,
    "log_attack_time": -1.3120001554489136,
    "filesize": 14458,
    "single_event": false,
    "tonality": "D major",
    "tonality_confidence": 0.5774953961372375,
    "loop": false,
    "tempo": 0,
    "tempo_confidence": 0.0,
    "note_midi": 38,
    "note_name": "D2",
    "note_frequency": 73.45475006103516,
    "note_confidence": 0.976678192615509,
    "hardness": 25.75074054013966,
    "depth": 63.48231025729756,
    "brightness": 22.72046552386861,
    "roughness": 44.95008482079126,
    "warmth": 67.08170468539453,
    "sharpness": 0.0,
    "boominess": 55.4044239841811,
    "reverb": false
}