{
    "duration": 0.08163265138864517,
    "lossless": 1.0,
    "codec": "pcm_f32le",
    "bitrate": 1411200.0,
    "samplerate": 44100.0,
    "channels": 1.0,
    "audio_md5": "54f38cf797a5956ba41d8a62af802f92",
    "loudness": -19.618328094482422,
    "dynamic_range": 0.0,
    "temporal_centroid": 0.6142578721046448,
    "log_attack_time": -1.1721210479736328,
    "filesize": 14458,
    "single_event": false,
    "tonality": "D major",
    "tonality_confidence": 0.7732869982719421,
    "loop": false,
    "tempo": 0,
    "tempo_confidence": 0.0,
    "note_midi": 38,
    "note_name": "D2",
    "note_frequency": 73.42839050292969,
    "note_confidence": 0.7469403743743896,
    "hardness": 71.89280108326284,
    "depth": 49.379011996371,
    "brightness": 58.18272937623053,
    "roughness": 71.55228186838866,
    "warmth": 50.230619245320156,
    "sharpness": 47.76946974907614,
    "boominess": 29.198781590179806,
    "reverb": false
}