{
    "duration": 0.08163265138864517,
    "lossless": 1.0,
    "codec": "pcm_f32le",
    "bitrate": 1411200.0,
    "samplerate": 44100.0,
    "channels": 1.0,
    "audio_md5": "ad311ae117620ea0f7d8fae6356183eb",
    "loudness": -12.850902557373047,
    "dynamic_range": 0.0,
    "temporal_centroid": 0.5876424312591553,
    "log_attack_time": -1.272632122039795,
    "filesize": 14458,
    "single_event": false,
    "tonality": "A major",
    "tonality_confidence": 0.6330360770225525,
    "loop": false,
    "tempo": 0,
    "tempo_confidence": 0.0,
    "note_midi": 38,
    "note_name": "D2",
    "note_frequency": 73.42839813232422,
    "note_confidence": 0.996384859085083,
    "hardness": 70.71121180617564,
    "depth": 60.09239577523906,
    "brightness": 58.81583021225669,
    "roughness": 61.17496224987418,
    "warmth": 48.51379318933439,
    "sharpness": 50.212485631813315,
    "boominess": 35.01204827141659,
    "reverb": false
}