{
    "duration": 0.08163265138864517,
    "lossless": 1.0,
    "codec": "pcm_f32le",
    "bitrate": 1411200.0,
    "samplerate": 44100.0,
    "channels": 1.0,
    "audio_md5": "8b59ec1fcfa498171860f0be1e6c8721",
    "loudness": -8.5709810256958,
    "dynamic_range": 0.0,
    "temporal_centroid": 0.5635229349136353,
    "log_attack_time": -1.5248527526855469,
    "filesize": 14458,
    "single_event": false,
    "tonality": "D minor",
    "tonality_confidence": 0.7891231775283813,
    "loop": false,
    "tempo": 0,
    "tempo_confidence": 0.0,
    "note_midi": 62,
    "note_name": "D4",
    "note_frequency": 293.7195739746094,
    "note_confidence": 1.0,
    "hardness": 81.6793936136716,
    "depth": 41.261084800523946,
    "brightness": 61.48098543823478,
    "roughness": 63.186889483002204,
    "warmth": 38.97470808082488,
    "sharpness": 55.10391245177506,
    "boominess": 17.902658602140573,
    "reverb": false
}