{
    "duration": 0.08163265138864517,
    "lossless": 1.0,
    "codec": "pcm_f32le",
    "bitrate": 1411200.0,
    "samplerate": 44100.0,
    "channels": 1.0,
    "audio_md5": "cd7685dc8fc478b737300f480e95f5c7",
    "loudness": -20.192110061645508,
    "dynamic_range": 0.0,
    "temporal_centroid": 0.6050927042961121,
    "log_attack_time": -1.2642273902893066,
    "filesize": 14458,
    "single_event": false,
    "tonality": "D major",
    "tonality_confidence": 0.8300385475158691,
    "loop": false,
    "tempo": 0,
    "tempo_confidence": 0.0,
    "note_midi": 38,
    "note_name": "D2",
    "note_frequency": 73.46308898925781,
    "note_confidence": 0.8008776307106018,
    "hardness": 47.271422994022856,
    "depth": 56.59767970373071,
    "brightness": 40.9708663411969,
    "roughness": 52.771564473096106,
    "warmth": 69.28739119374475,
    "sharpness": 19.14946711706884,
    "boominess": 40.57391347669345,
    "reverb": false
}