{
    "duration": 0.08163265138864517,
    "lossless": 1.0,
    "codec": "pcm_f32le",
    "bitrate": 1411200.0,
    "samplerate": 44100.0,
    "channels": 1.0,
    "audio_md5": "21c41959fe3d512146be7083032cf46d",
    "loudness": -14.331356048583984,
    "dynamic_range": 0.0,
    "temporal_centroid": 0.5843781232833862,
    "log_attack_time": -1.3591063022613525,
    "filesize": 14458,
    "single_event": false,
    "tonality": "D major",
    "tonality_confidence": 0.8860646486282349,
    "loop": false,
    "tempo": 0,
    "tempo_confidence": 0.0,
    "note_midi": 38,
    "note_name": "D2",
    "note_frequency": 73.42839813232422,
    "note_confidence": 0.9975285530090332,
    "hardness": 38.28071957760058,
    "depth": 62.01691337393352,
    "brightness": 40.65208697764837,
    "roughness": 51.215336038662066,
    "warmth": 64.96391003152159,
    "sharpness": 23.680554171465207,
    "boominess": 45.01881176441039,
    "reverb": false
}