{
    "duration": 0.08163265138864517,
    "lossless": 1.0,
    "codec": "pcm_f32le",
    "bitrate": 1411200.0,
    "samplerate": 44100.0,
    "channels": 1.0,
    "audio_md5": "ab33791f091222f680f0d700c7b96a7f",
    "loudness": -16.106779098510742,
    "dynamic_range": 0.0,
    "temporal_centroid": 0.5831224918365479,
    "log_attack_time": -1.2720789909362793,
    "filesize": 14458,
    "single_event": false,
    "tonality": "D major",
    "tonality_confidence": 0.846606969833374,
    "loop": false,
    "tempo": 0,
    "tempo_confidence": 0.0,
    "note_midi": 38,
    "note_name": "D2",
    "note_frequency": 73.42839813232422,
    "note_confidence": 0.8773811459541321,
    "hardness": 74.31647109328199,
    "depth": 59.1909294285736,
    "brightness": 58.969751554032385,
    "roughness": 64.34283607989917,
    "warmth": 48.98656476625711,
    "sharpness": 49.672534144532634,
    "boominess": 33.47090456538699,
    "reverb": false
}