{
    "duration": 0.08163265138864517,
    "lossless": 1.0,
    "codec": "pcm_f32le",
    "bitrate": 1411200.0,
    "samplerate": 44100.0,
    "channels": 1.0,
    "audio_md5": "8bb283565e3dc065b73645d4a394851b",
    "loudness": -13.171708106994629,
    "dynamic_range": 0.0,
    "temporal_centroid": 0.578955352306366,
    "log_attack_time": -1.3853226900100708,
    "filesize": 14458,
    "single_event": false,
    "tonality": "D major",
    "tonality_confidence": 0.5259099006652832,
    "loop": false,
    "tempo": 0,
    "tempo_confidence": 0.0,
    "note_midi": 38,
    "note_name": "D2",
    "note_frequency": 73.446044921875,
    "note_confidence": 0.9900044798851013,
    "hardness": 21.756295454538957,
    "depth": 54.886454424062634,
    "brightness": 18.030867738313198,
    "roughness": 34.785522759483946,
    "warmth": 57.67599385829591,
    "sharpness": 0.0,
    "boominess": 61.23585432811342,
    "reverb": false
}