{
    "duration": 0.08163265138864517,
    "lossless": 1.0,
    "codec": "pcm_f32le",
    "bitrate": 1411200.0,
    "samplerate": 44100.0,
    "channels": 1.0,
    "audio_md5": "81f27888cdc57e766c7cf48d6e1d7aaf",
    "loudness": -15.319665908813477,
    "dynamic_range": 0.0,
    "temporal_centroid": 0.5838684439659119,
    "log_attack_time": -1.3049871921539307,
    "filesize": 14458,
    "single_event": false,
    "tonality": "D minor",
    "tonality_confidence": 0.47680023312568665,
    "loop": false,
    "tempo": 0,
    "tempo_confidence": 0.0,
    "note_midi": 38,
    "note_name": "D2",
    "note_frequency": 73.43057250976562,
    "note_confidence": 0.9291737079620361,
    "hardness": 61.20444913283802,
    "depth": 59.65899238917784,
    "brightness": 56.06859227350556,
    "roughness": 62.431122106366146,
    "warmth": 58.58379903541544,
    "sharpness": 42.53208045032181,
    "boominess": 35.53015344509308,
    "reverb": false
}