{
    "duration": 0.08163265138864517,
    "lossless": 1.0,
    "codec": "pcm_f32le",
    "bitrate": 1411200.0,
    "samplerate": 44100.0,
    "channels": 1.0,
    "audio_md5": "f31c2f20c296ec40b705b2d138552a3f",
    "loudness": -15.084185600280762,
    "dynamic_range": 0.0,
    "temporal_centroid": 0.5894718766212463,
    "log_attack_time": -1.3460222482681274,
    "filesize": 14458,
    "single_event": false,
    "tonality": "D major",
    "tonality_confidence": 0.8835976123809814,
    "loop": false,
    "tempo": 0,
    "tempo_confidence": 0.0,
    "note_midi": 38,
    "note_name": "D2",
    "note_frequency": 73.42841339111328,
    "note_confidence": 0.9985785484313965,
    "hardness": 72.1172326291204,
    "depth": 58.092513242489396,
    "brightness": 59.73445523849344,
    "roughness": 66.21224258954074,
    "warmth": 46.476397541763696,
    "sharpness": 49.79774332450771,
    "boominess": 34.40154133456875,
    "reverb": false
}