{
    "duration": 0.08163265138864517,
    "lossless": 1.0,
    "codec": "pcm_f32le",
    "bitrate": 1411200.0,
    "samplerate": 44100.0,
    "channels": 1.0,
    "audio_md5": "095411e51c07c8477f50a58c701a6e52",
    "loudness": -12.841920852661133,
    "dynamic_range": 0.0,
    "temporal_centroid": 0.5762804746627808,
    "log_attack_time": -1.3894073963165283,
    "filesize": 14458,
    "single_event": false,
    "tonality": "D# major",
    "tonality_confidence": 0.5873759984970093,
    "loop": false,
    "tempo": 0,
    "tempo_confidence": 0.0,
    "note_midi": 38,
    "note_name": "D2",
    "note_frequency": 73.45182037353516,
    "note_confidence": 0.9867264032363892,
    "hardness": 19.848040832079704,
    "depth": 54.88963167536273,
    "brightness": 10.868392090093941,
    "roughness": 0,
    "warmth": 55.75024153409908,
    "sharpness": 0.0,
    "boominess": 61.951918168712155,
    "reverb": false
}