{
    "duration": 0.08163265138864517,
    "lossless": 1.0,
    "codec": "pcm_f32le",
    "bitrate": 1411200.0,
    "samplerate": 44100.0,
    "channels": 1.0,
    "audio_md5": "b848c3dc3758fdb22d3fdd8752f9da42",
    "loudness": -14.106496810913086,
    "dynamic_range": 0.0,
    "temporal_centroid": 0.5915957093238831,
    "log_attack_time": -1.2664042711257935,
    "filesize": 14458,
    "single_event": false,
    "tonality": "D major",
    "tonality_confidence": 0.9136444926261902,
    "loop": false,
    "tempo": 0,
    "tempo_confidence": 0.0,
    "note_midi": 38,
    "note_name": "D2",
    "note_frequency": 73.42858123779297,
    "note_confidence": 0.9709142446517944,
    "hardness": 75.63655250766729,
    "depth": 46.49276208682981,
    "brightness": 57.718279706629914,
    "roughness": 70.57925754216652,
    "warmth": 44.587416003475006,
    "sharpness": 50.384384282183525,
    "boominess": 22.976959893743565,
    "reverb": false
}