{
    "duration": 0.08163265138864517,
    "lossless": 1.0,
    "codec": "pcm_f32le",
    "bitrate": 1411200.0,
    "samplerate": 44100.0,
    "channels": 1.0,
    "audio_md5": "095f16285b8d410cdbbc8ee5666ae401",
    "loudness": -12.993005752563477,
    "dynamic_range": 0.0,
    "temporal_centroid": 0.5776392221450806,
    "log_attack_time": -1.3679767847061157,
    "filesize": 14458,
    "single_event": false,
    "tonality": "D major",
    "tonality_confidence": 0.8622176051139832,
    "loop": false,
    "tempo": 0,
    "tempo_confidence": 0.0,
    "note_midi": 50,
    "note_name": "D3",
    "note_frequency": 147.0633544921875,
    "note_confidence": 0.905193567276001,
    "hardness": 37.00953683096387,
    "depth": 59.80940908377226,
    "brightness": 33.6770590241389,
    "roughness": 52.57067800226172,
    "warmth": 72.74247246340002,
    "sharpness": 9.317399197910149,
    "boominess": 47.184233438764736,
    "reverb": false
}