{
    "duration": 0.08163265138864517,
    "lossless": 1.0,
    "codec": "pcm_f32le",
    "bitrate": 1411200.0,
    "samplerate": 44100.0,
    "channels": 1.0,
    "audio_md5": "d0313cc1e1e26e58a92273967c984b5c",
    "loudness": -10.184861183166504,
    "dynamic_range": 0.0,
    "temporal_centroid": 0.5589105486869812,
    "log_attack_time": -1.6545441150665283,
    "filesize": 14458,
    "single_event": false,
    "tonality": "A major",
    "tonality_confidence": 0.6170364618301392,
    "loop": false,
    "tempo": 0,
    "tempo_confidence": 0.0,
    "note_midi": 38,
    "note_name": "D2",
    "note_frequency": 73.42882537841797,
    "note_confidence": 0.9859796762466431,
    "hardness": 64.06167132174261,
    "depth": 61.64632386956473,
    "brightness": 55.97386015105232,
    "roughness": 59.50606550570908,
    "warmth": 50.980924300264974,
    "sharpness": 48.03643468353057,
    "boominess": 36.756750373487705,
    "reverb": false
}