{
    "duration": 0.08163265138864517,
    "lossless": 1.0,
    "codec": "pcm_f32le",
    "bitrate": 1411200.0,
    "samplerate": 44100.0,
    "channels": 1.0,
    "audio_md5": "1cb9355b7d3c3faa8f38fdf18c15c8ca",
    "loudness": -22.476884841918945,
    "dynamic_range": 0.0,
    "temporal_centroid": 0.6170514822006226,
    "log_attack_time": -1.2145248651504517,
    "filesize": 14458,
    "single_event": false,
    "tonality": "D minor",
    "tonality_confidence": 0.8329638242721558,
    "loop": false,
    "tempo": 0,
    "tempo_confidence": 0.0,
    "note_midi": 62,
    "note_name": "D4",
    "note_frequency": 293.7406311035156,
    "note_confidence": 0.9192565083503723,
    "hardness": 73.37214774503991,
    "depth": 18.500458105273374,
    "brightness": 72.68441960647084,
    "roughness": 74.24992353661756,
    "warmth": 25.095073494554615,
    "sharpness": 62.28890799247811,
    "boominess": 6.654465094822694,
    "reverb": false
}