{
    "duration": 0.08163265138864517,
    "lossless": 1.0,
    "codec": "pcm_f32le",
    "bitrate": 1411200.0,
    "samplerate": 44100.0,
    "channels": 1.0,
    "audio_md5": "5d730f136bddb14cb73802a81709c919",
    "loudness": -14.743074417114258,
    "dynamic_range": 0.0,
    "temporal_centroid": 0.5856581926345825,
    "log_attack_time": -1.3640879392623901,
    "filesize": 14458,
    "single_event": false,
    "tonality": "D major",
    "tonality_confidence": 0.8817939162254333,
    "loop": false,
    "tempo": 0,
    "tempo_confidence": 0.0,
    "note_midi": 38,
    "note_name": "D2",
    "note_frequency": 73.42839813232422,
    "note_confidence": 0.9973918795585632,
    "hardness": 63.37552222901047,
    "depth": 58.7267370116421,
    "brightness": 57.58217076810203,
    "roughness": 65.83864175421738,
    "warmth": 51.36853408220448,
    "sharpness": 49.50107131817685,
    "boominess": 34.218715810515775,
    "reverb": false
}