{
    "duration": 0.08163265138864517,
    "lossless": 1.0,
    "codec": "pcm_f32le",
    "bitrate": 1411200.0,
    "samplerate": 44100.0,
    "channels": 1.0,
    "audio_md5": "bb678c748a3adf59c502fad2ad2b35c8",
    "loudness": -14.414785385131836,
    "dynamic_range": 0.0,
    "temporal_centroid": 0.5988326668739319,
    "log_attack_time": -1.251038908958435,
    "filesize": 14458,
    "single_event": false,
    "tonality": "D major",
    "tonality_confidence": 0.8054647445678711,
    "loop": false,
    "tempo": 0,
    "tempo_confidence": 0.0,
    "note_midi": 38,
    "note_name": "D2",
    "note_frequency": 73.42860412597656,
    "note_confidence": 0.9857487678527832,
    "hardness": 76.44824584649297,
    "depth": 45.391474664872234,
    "brightness": 54.579116454533825,
    "roughness": 65.98822348888228,
    "warmth": 49.340122734853466,
    "sharpness": 44.66238631183901,
    "boominess": 30.298169673823104,
    "reverb": false
}