{
    "duration": 0.08163265138864517,
    "lossless": 1.0,
    "codec": "pcm_f32le",
    "bitrate": 1411200.0,
    "samplerate": 44100.0,
    "channels": 1.0,
    "audio_md5": "e17414ac1dc3d5b0d72553b5f0c7e9e6",
    "loudness": -9.489727973937988,
    "dynamic_range": 0.0,
    "temporal_centroid": 0.5664641261100769,
    "log_attack_time": -1.4906237125396729,
    "filesize": 14458,
    "single_event": false,
    "tonality": "D minor",
    "tonality_confidence": 0.7975093126296997,
    "loop": false,
    "tempo": 0,
    "tempo_confidence": 0.0,
    "note_midi": 38,
    "note_name": "D2",
    "note_frequency": 73.42925262451172,
    "note_confidence": 0.9683240056037903,
    "hardness": 63.17351106997543,
    "depth": 53.88119265807141,
    "brightness": 53.15874457009561,
    "roughness": 67.18566004969121,
    "warmth": 57.6019781229058,
    "sharpness": 42.64162133213405,
    "boominess": 33.363867510653606,
    "reverb": false
}