{
    "duration": 0.08163265138864517,
    "lossless": 1.0,
    "codec": "pcm_f32le",
    "bitrate": 1411200.0,
    "samplerate": 44100.0,
    "channels": 1.0,
    "audio_md5": "145ed589cde0959931a657a0f98d5d6b",
    "loudness": -11.38764476776123,
    "dynamic_range": 0.0,
    "temporal_centroid": 0.5532495975494385,
    "log_attack_time": -1.6662580966949463,
    "filesize": 14458,
    "single_event": false,
    "tonality": "D major",
    "tonality_confidence": 0.8033865094184875,
    "loop": false,
    "tempo": 0,
    "tempo_confidence": 0.0,
    "note_midi": 38,
    "note_name": "D2",
    "note_frequency": 73.42839050292969,
    "note_confidence": 0.9589296579360962,
    "hardness": 78.36428114329516,
    "depth": 55.96747593189928,
    "brightness": 57.75853277697904,
    "roughness": 63.97559034792529,
    "warmth": 48.83820978604891,
    "sharpness": 49.607536122607954,
    "boominess": 35.63187835762098,
    "reverb": false
}