{
    "duration": 0.08163265138864517,
    "lossless": 1.0,
    "codec": "pcm_f32le",
    "bitrate": 1411200.0,
    "samplerate": 44100.0,
    "channels": 1.0,
    "audio_md5": "b0acf41cf31bf3f192ba6fe7845e06e9",
    "loudness": -11.1802396774292,
    "dynamic_range": 0.0,
    "temporal_centroid": 0.5782703757286072,
    "log_attack_time": -1.3775017261505127,
    "filesize": 14458,
    "single_event": false,
    "tonality": "D major",
    "tonality_confidence": 0.4883480966091156,
    "loop": false,
    "tempo": 0,
    "tempo_confidence": 0.0,
    "note_midi": 38,
    "note_name": "D2",
    "note_frequency": 73.42921447753906,
    "note_confidence": 0.9692959785461426,
    "hardness": 54.67639006532275,
    "depth": 43.911777269683654,
    "brightness": 53.056978690417324,
    "roughness": 53.488056157048916,
    "warmth": 44.74116560669892,
    "sharpness": 33.83101333937771,
    "boominess": 28.182324496555793,
    "reverb": false
}