{
    "duration": 0.08163265138864517,
    "lossless": 1.0,
    "codec": "pcm_f32le",
    "bitrate": 1411200.0,
    "samplerate": 44100.0,
    "channels": 1.0,
    "audio_md5": "71437d6f296651b38d5407c9dbcb0c20",
    "loudness": -9.42886734008789,
    "dynamic_range": 0.0,
    "temporal_centroid": 0.5769445300102234,
    "log_attack_time": -1.3848446607589722,
    "filesize": 14458,
    "single_event": false,
    "tonality": "G# major",
    "tonality_confidence": 0.5185935497283936,
    "loop": false,
    "tempo": 0,
    "tempo_confidence": 0.0,
    "note_midi": 38,
    "note_name": "D2",
    "note_frequency": 73.42859649658203,
    "note_confidence": 0.9610928893089294,
    "hardness": 63.188429288270584,
    "depth": 32.8416520154719,
    "brightness": 63.009913845495554,
    "roughness": 58.82699931945689,
    "warmth": 35.295080500191744,
    "sharpness": 40.86269171597602,
    "boominess": 19.536702238646527,
    "reverb": false
}