{
    "duration": 0.08163265138864517,
    "lossless": 1.0,
    "codec": "pcm_f32le",
    "bitrate": 1411200.0,
    "samplerate": 44100.0,
    "channels": 1.0,
    "audio_md5": "cfbcd9b5e54a49b8c7db2fce9748d592",
    "loudness": -17.22929573059082,
    "dynamic_range": 0.0,
    "temporal_centroid": 0.6126360297203064,
    "log_attack_time": -1.1750584840774536,
    "filesize": 14458,
    "single_event": false,
    "tonality": "D major",
    "tonality_confidence": 0.7696388363838196,
    "loop": false,
    "tempo": 0,
    "tempo_confidence": 0.0,
    "note_midi": 38,
    "note_name": "D2",
    "note_frequency": 73.42984008789062,
    "note_confidence": 0.7368501424789429,
    "hardness": 79.08899863512357,
    "depth": 40.26600094166239,
    "brightness": 62.29643841646673,
    "roughness": 77.39045541622467,
    "warmth": 37.44459923000206,
    "sharpness": 53.33235290238234,
    "boominess": 20.70917287199024,
    "reverb": false
}