{
    "duration": 0.08163265138864517,
    "lossless": 1.0,
    "codec": "pcm_f32le",
    "bitrate": 1411200.0,
    "samplerate": 44100.0,
    "channels": 1.0,
    "audio_md5": "796fe39960ac9d47131c3a9957b1cdd0",
    "loudness": -13.21445083618164,
    "dynamic_range": 0.0,
    "temporal_centroid": 0.5833407044410706,
    "log_attack_time": -1.2899459600448608,
    "filesize": 14458,
    "single_event": false,
    "tonality": "D major",
    "tonality_confidence": 0.8181574940681458,
    "loop": false,
    "tempo": 0,
    "tempo_confidence": 0.0,
    "note_midi": 38,
    "note_name": "D2",
    "note_frequency": 73.44731903076172,
    "note_confidence": 0.9339979290962219,
    "hardness": 42.86869006316002,
    "depth": 61.12060273501414,
    "brightness": 39.05432438136796,
    "roughness": 48.90813363664281,
    "warmth": 68.20226499092213,
    "sharpness": 18.73041279584706,
    "boominess": 43.14638275018278,
    "reverb": false
}