{
    "duration": 0.08163265138864517,
    "lossless": 1.0,
    "codec": "pcm_f32le",
    "bitrate": 1411200.0,
    "samplerate": 44100.0,
    "channels": 1.0,
    "audio_md5": "376e63aef09a70d0ffd15235fda24fe5",
    "loudness": -13.867273330688477,
    "dynamic_range": 0.0,
    "temporal_centroid": 0.6041045784950256,
    "log_attack_time": -1.2606232166290283,
    "filesize": 14458,
    "single_event": false,
    "tonality": "D minor",
    "tonality_confidence": 0.8704774975776672,
    "loop": false,
    "tempo": 0,
    "tempo_confidence": 0.0,
    "note_midi": 38,
    "note_name": "D2",
    "note_frequency": 73.42845916748047,
    "note_confidence": 0.9899676442146301,
    "hardness": 77.09559496493756,
    "depth": 53.632542940281716,
    "brightness": 59.04205521947031,
    "roughness": 69.13989358350861,
    "warmth": 48.45708453685916,
    "sharpness": 51.025228066020034,
    "boominess": 31.176561639295738,
    "reverb": false
}