{
    "duration": 0.08163265138864517,
    "lossless": 1.0,
    "codec": "pcm_f32le",
    "bitrate": 1411200.0,
    "samplerate": 44100.0,
    "channels": 1.0,
    "audio_md5": "528b65da13f2c81397446eba1da30814",
    "loudness": -18.26683235168457,
    "dynamic_range": 0.0,
    "temporal_centroid": 0.5812245607376099,
    "log_attack_time": -1.3197447061538696,
    "filesize": 14458,
    "single_event": false,
    "tonality": "D major",
    "tonality_confidence": 0.7296852469444275,
    "loop": false,
    "tempo": 0,
    "tempo_confidence": 0.0,
    "note_midi": 38,
    "note_name": "D2",
    "note_frequency": 73.46229553222656,
    "note_confidence": 0.9642095565795898,
    "hardness": 32.92722526548013,
    "depth": 63.28795461321037,
    "brightness": 36.95513559913883,
    "roughness": 44.95262377170972,
    "warmth": 62.12876199245043,
    "sharpness": 21.160022819330486,
    "boominess": 49.74175662072071,
    "reverb": false
}