{
    "duration": 0.08163265138864517,
    "lossless": 1.0,
    "codec": "pcm_f32le",
    "bitrate": 1411200.0,
    "samplerate": 44100.0,
    "channels": 1.0,
    "audio_md5": "ee9acb0a950e017937603ff1cf261719",
    "loudness": -15.864035606384277,
    "dynamic_range": 0.0,
    "temporal_centroid": 0.5978839993476868,
    "log_attack_time": -1.2066880464553833,
    "filesize": 14458,
    "single_event": false,
    "tonality": "D minor",
    "tonality_confidence": 0.7348545789718628,
    "loop": false,
    "tempo": 0,
    "tempo_confidence": 0.0,
    "note_midi": 38,
    "note_name": "D2",
    "note_frequency": 73.44478607177734,
    "note_confidence": 0.9750885963439941,
    "hardness": 29.5842599434972,
    "depth": 54.32391481822556,
    "brightness": 29.66069829908071,
    "roughness": 45.484381648605705,
    "warmth": 67.93163727921205,
    "sharpness": 2.3290303884515495,
    "boominess": 54.701268143029054,
    "reverb": false
}