{
    "duration": 0.08163265138864517,
    "lossless": 1.0,
    "codec": "pcm_f32le",
    "bitrate": 1411200.0,
    "samplerate": 44100.0,
    "channels": 1.0,
    "audio_md5": "2922ecdffdce8f5238ff442095f59a6c",
    "loudness": -16.487890243530273,
    "dynamic_range": 0.0,
    "temporal_centroid": 0.623018205165863,
    "log_attack_time": -1.2647706270217896,
    "filesize": 14458,
    "single_event": false,
    "tonality": "A major",
    "tonality_confidence": 0.510055661201477,
    "loop": false,
    "tempo": 0,
    "tempo_confidence": 0.0,
    "note_midi": 38,
    "note_name": "D2",
    "note_frequency": 73.42839813232422,
    "note_confidence": 0.9999863505363464,
    "hardness": 65.6021235188881,
    "depth": 59.498376189454795,
    "brightness": 54.818434853580065,
    "roughness": 63.095523444288006,
    "warmth": 54.814797060658776,
    "sharpness": 47.308659579773995,
    "boominess": 35.31093947121726,
    "reverb": false
}