{
    "duration": 0.08163265138864517,
    "lossless": 1.0,
    "codec": "pcm_f32le",
    "bitrate": 1411200.0,
    "samplerate": 44100.0,
    "channels": 1.0,
    "audio_md5": "a5ae3120da04705889e6e83bfc47d28e",
    "loudness": -14.24200439453125,
    "dynamic_range": 0.0,
    "temporal_centroid": 0.5839665532112122,
    "log_attack_time": -1.2863132953643799,
    "filesize": 14458,
    "single_event": false,
    "tonality": "D major",
    "tonality_confidence": 0.8790568709373474,
    "loop": false,
    "tempo": 0,
    "tempo_confidence": 0.0,
    "note_midi": 38,
    "note_name": "D2",
    "note_frequency": 73.43968200683594,
    "note_confidence": 0.918144702911377,
    "hardness": 55.19224670847757,
    "depth": 60.59171336761993,
    "brightness": 47.374116150965264,
    "roughness": 56.25712359519773,
    "warmth": 61.58881081508706,
    "sharpness": 34.25270071273697,
    "boominess": 39.28491237363377,
    "reverb": false
}