{
    "duration": 0.08163265138864517,
    "lossless": 1.0,
    "codec": "pcm_f32le",
    "bitrate": 1411200.0,
    "samplerate": 44100.0,
    "channels": 1.0,
    "audio_md5": "2fb9217e03cf08163b31a1699c96e384",
    "loudness": -11.836349487304688,
    "dynamic_range": 0.0,
    "temporal_centroid": 0.5808324217796326,
    "log_attack_time": -1.3154476881027222,
    "filesize": 14458,
    "single_event": false,
    "tonality": "A major",
    "tonality_confidence": 0.7295821905136108,
    "loop": false,
    "tempo": 0,
    "tempo_confidence": 0.0,
    "note_midi": 38,
    "note_name": "D2",
    "note_frequency": 73.4294662475586,
    "note_confidence": 0.9424732327461243,
    "hardness": 53.3552376495374,
    "depth": 37.473174380775035,
    "brightness": 52.56142148012879,
    "roughness": 60.76506420834258,
    "warmth": 55.45924557281845,
    "sharpness": 27.09997740111908,
    "boominess": 27.638268502519068,
    "reverb": false
}