{
    "duration": 0.08163265138864517,
    "lossless": 1.0,
    "codec": "pcm_f32le",
    "bitrate": 1411200.0,
    "samplerate": 44100.0,
    "channels": 1.0,
    "audio_md5": "c50f62df5ed024d66dcc12e365b7f860",
    "loudness": -13.757349014282227,
    "dynamic_range": 0.0,
    "temporal_centroid": 0.5722823143005371,
    "log_attack_time": -1.3819875717163086,
    "filesize": 14458,
    "single_event": false,
    "tonality": "D major",
    "tonality_confidence": 0.8567459583282471,
    "loop": false,
    "tempo": 0,
    "tempo_confidence": 0.0,
    "note_midi": 38,
    "note_name": "D2",
    "note_frequency": 73.42839050292969,
    "note_confidence": 0.965708315372467,
    "hardness": 67.90159742939417,
    "depth": 61.65752565164721,
    "brightness": 57.86693783876738,
    "roughness": 59.870153753967365,
    "warmth": 48.28369786413691,
    "sharpness": 49.43386632005908,
    "boominess": 36.430139214703985,
    "reverb": false
}