{
    "duration": 0.08163265138864517,
    "lossless": 1.0,
    "codec": "pcm_f32le",
    "bitrate": 1411200.0,
    "samplerate": 44100.0,
    "channels": 1.0,
    "audio_md5": "cda9b2e464791b82530ed11bca41f54c",
    "loudness": -16.01032829284668,
    "dynamic_range": 0.0,
    "temporal_centroid": 0.5932244062423706,
    "log_attack_time": -1.256159782409668,
    "filesize": 14458,
    "single_event": false,
    "tonality": "D major",
    "tonality_confidence": 0.7978447675704956,
    "loop": false,
    "tempo": 0,
    "tempo_confidence": 0.0,
    "note_midi": 38,
    "note_name": "D2",
    "note_frequency": 73.43130493164062,
    "note_confidence": 0.9714007377624512,
    "hardness": 51.03784387881467,
    "depth": 60.49511202721666,
    "brightness": 45.18757025288931,
    "roughness": 53.428088988999136,
    "warmth": 65.98326962544995,
    "sharpness": 36.69353114650325,
    "boominess": 41.614873102955656,
    "reverb": false
}