{
    "duration": 0.08163265138864517,
    "lossless": 1.0,
    "codec": "pcm_f32le",
    "bitrate": 1411200.0,
    "samplerate": 44100.0,
    "channels": 1.0,
    "audio_md5": "7c9e43ef01b7ddaa3470a21ea610be9a",
    "loudness": -10.726434707641602,
    "dynamic_range": 0.0,
    "temporal_centroid": 0.5586821436882019,
    "log_attack_time": -1.5777400732040405,
    "filesize": 14458,
    "single_event": false,
    "tonality": "A major",
    "tonality_confidence": 0.5142287015914917,
    "loop": false,
    "tempo": 0,
    "tempo_confidence": 0.0,
    "note_midi": 38,
    "note_name": "D2",
    "note_frequency": 73.43952178955078,
    "note_confidence": 0.9710439443588257,
    "hardness": 44.12935922726524,
    "depth": 62.62793461093311,
    "brightness": 43.59223059940102,
    "roughness": 46.19690047802393,
    "warmth": 63.17634350200587,
    "sharpness": 28.585764487788243,
    "boominess": 43.38933315275762,
    "reverb": false
}