{
    "duration": 0.08163265138864517,
    "lossless": 1.0,
    "codec": "pcm_f32le",
    "bitrate": 1411200.0,
    "samplerate": 44100.0,
    "channels": 1.0,
    "audio_md5": "ab8a5a018e8e4bc9ee00a61b91a822d4",
    "loudness": -16.7243709564209,
    "dynamic_range": 0.0,
    "temporal_centroid": 0.5977003574371338,
    "log_attack_time": -1.2695070505142212,
    "filesize": 14458,
    "single_event": false,
    "tonality": "D major",
    "tonality_confidence": 0.8231017589569092,
    "loop": false,
    "tempo": 0,
    "tempo_confidence": 0.0,
    "note_midi": 38,
    "note_name": "D2",
    "note_frequency": 73.43013763427734,
    "note_confidence": 0.9167858362197876,
    "hardness": 57.67773805539713,
    "depth": 39.250849020215014,
    "brightness": 53.58920130401101,
    "roughness": 61.29221755908017,
    "warmth": 56.68466300341378,
    "sharpness": 30.6405794056864,
    "boominess": 28.979841008570368,
    "reverb": false
}