{
    "duration": 0.08163265138864517,
    "lossless": 1.0,
    "codec": "pcm_f32le",
    "bitrate": 1411200.0,
    "samplerate": 44100.0,
    "channels": 1.0,
    "audio_md5": "e744ae08d45fad81c6a2e6ab74c576df",
    "loudness": -17.743684768676758,
    "dynamic_range": 0.0,
    "temporal_centroid": 0.6040819883346558,
    "log_attack_time": -1.2202105522155762,
    "filesize": 14458,
    "single_event": false,
    "tonality": "D major",
    "tonality_confidence": 0.9032403230667114,
    "loop": false,
    "tempo": 0,
    "tempo_confidence": 0.0,
    "note_midi": 38,
    "note_name": "D2",
    "note_frequency": 73.42864990234375,
    "note_confidence": 0.9666423201560974,
    "hardness": 78.87762162522955,
    "depth": 33.39033215474464,
    "brightness": 73.1227157599138,
    "roughness": 80.21080547016479,
    "warmth": 29.916234110829407,
    "sharpness": 62.16966301507925,
    "boominess": 17.72875994153363,
    "reverb": false
}