{
    "duration": 0.08163265138864517,
    "lossless": 1.0,
    "codec": "pcm_f32le",
    "bitrate": 1411200.0,
    "samplerate": 44100.0,
    "channels": 1.0,
    "audio_md5": "f2363e9c2faa0305f196e8c7ec2c8d89",
    "loudness": -14.735086441040039,
    "dynamic_range": 0.0,
    "temporal_centroid": 0.583267867565155,
    "log_attack_time": -1.2728166580200195,
    "filesize": 14458,
    "single_event": false,
    "tonality": "D minor",
    "tonality_confidence": 0.8218072652816772,
    "loop": false,
    "tempo": 0,
    "tempo_confidence": 0.0,
    "note_midi": 50,
    "note_name": "D3",
    "note_frequency": 146.8936004638672,
    "note_confidence": 0.8801834583282471,
    "hardness": 30.48377411066143,
    "depth": 59.24109376621138,
    "brightness": 20.726477136600607,
    "roughness": 45.70357057015558,
    "warmth": 65.14516323501564,
    "sharpness": 0.5069788398551296,
    "boominess": 48.13657893530424,
    "reverb": false
}