{
    "duration": 0.08163265138864517,
    "lossless": 1.0,
    "codec": "pcm_f32le",
    "bitrate": 1411200.0,
    "samplerate": 44100.0,
    "channels": 1.0,
    "audio_md5": "7c724ee000648238e248f2b7fad1fa33",
    "loudness": -15.046435356140137,
    "dynamic_range": 0.0,
    "temporal_centroid": 0.5864676237106323,
    "log_attack_time": -1.3097838163375854,
    "filesize": 14458,
    "single_event": false,
    "tonality": "D minor",
    "tonality_confidence": 0.8947753310203552,
    "loop": false,
    "tempo": 0,
    "tempo_confidence": 0.0,
    "note_midi": 38,
    "note_name": "D2",
    "note_frequency": 73.4489974975586,
    "note_confidence": 0.9440425038337708,
    "hardness": 33.48693399833128,
    "depth": 60.208587344035365,
    "brightness": 33.55188739001301,
    "roughness": 44.34525433769651,
    "warmth": 62.80311279919575,
    "sharpness": 7.070143430349969,
    "boominess": 50.51260249518121,
    "reverb": false
}