{
    "duration": 0.08163265138864517,
    "lossless": 1.0,
    "codec": "pcm_f32le",
    "bitrate": 1411200.0,
    "samplerate": 44100.0,
    "channels": 1.0,
    "audio_md5": "a1b11c3d6f4484695e91c3dd29ac3ba8",
    "loudness": -15.174139022827148,
    "dynamic_range": 0.0,
    "temporal_centroid": 0.5791438817977905,
    "log_attack_time": -1.325749397277832,
    "filesize": 14458,
    "single_event": false,
    "tonality": "A major",
    "tonality_confidence": 0.6445278525352478,
    "loop": false,
    "tempo": 0,
    "tempo_confidence": 0.0,
    "note_midi": 38,
    "note_name": "D2",
    "note_frequency": 73.46334075927734,
    "note_confidence": 0.9509930610656738,
    "hardness": 36.95278168353404,
    "depth": 62.95228643867195,
    "brightness": 36.92606012195316,
    "roughness": 47.811688044989324,
    "warmth": 67.19637223190092,
    "sharpness": 15.485655834047083,
    "boominess": 48.089340430843166,
    "reverb": false
}