{
    "duration": 0.08163265138864517,
    "lossless": 1.0,
    "codec": "pcm_f32le",
    "bitrate": 1411200.0,
    "samplerate": 44100.0,
    "channels": 1.0,
    "audio_md5": "fb32fbc756324d89bd18d4c48f7ff3eb",
    "loudness": -18.43328094482422,
    "dynamic_range": 0.0,
    "temporal_centroid": 0.6012033820152283,
    "log_attack_time": -1.2590110301971436,
    "filesize": 14458,
    "single_event": false,
    "tonality": "D major",
    "tonality_confidence": 0.8931304216384888,
    "loop": false,
    "tempo": 0,
    "tempo_confidence": 0.0,
    "note_midi": 38,
    "note_name": "D2",
    "note_frequency": 73.42839813232422,
    "note_confidence": 0.9801313281059265,
    "hardness": 57.04971473535474,
    "depth": 45.686357844895966,
    "brightness": 56.93116525405071,
    "roughness": 63.594953084110585,
    "warmth": 56.222931087355605,
    "sharpness": 37.81082603713647,
    "boominess": 30.97357777200111,
    "reverb": false
}