{
    "duration": 0.08163265138864517,
    "lossless": 1.0,
    "codec": "pcm_f32le",
    "bitrate": 1411200.0,
    "samplerate": 44100.0,
    "channels": 1.0,
    "audio_md5": "5ac86b97dd3b635fdff9880ddaddac71",
    "loudness": -13.52347469329834,
    "dynamic_range": 0.0,
    "temporal_centroid": 0.5740767121315002,
    "log_attack_time": -1.3915855884552002,
    "filesize": 14458,
    "single_event": false,
    "tonality": "D major",
    "tonality_confidence": 0.8274106383323669,
    "loop": false,
    "tempo": 0,
    "tempo_confidence": 0.0,
    "note_midi": 38,
    "note_name": "D2",
    "note_frequency": 73.45681762695312,
    "note_confidence": 0.9305052757263184,
    "hardness": 33.702946452748805,
    "depth": 60.2172833399368,
    "brightness": 28.849116076152747,
    "roughness": 49.569838261594754,
    "warmth": 72.98323154732734,
    "sharpness": 5.113709806666083,
    "boominess": 50.22471626010831,
    "reverb": false
}