{
    "duration": 0.08163265138864517,
    "lossless": 1.0,
    "codec": "pcm_f32le",
    "bitrate": 1411200.0,
    "samplerate": 44100.0,
    "channels": 1.0,
    "audio_md5": "52a1d9af5807cda113c21c1e10a412aa",
    "loudness": -27.079282760620117,
    "dynamic_range": 0.0,
    "temporal_centroid": 0.6341504454612732,
    "log_attack_time": -1.26386559009552,
    "filesize": 14458,
    "single_event": false,
    "tonality": "D major",
    "tonality_confidence": 0.8438332676887512,
    "loop": false,
    "tempo": 0,
    "tempo_confidence": 0.0,
    "note_midi": 38,
    "note_name": "D2",
    "note_frequency": 73.42835235595703,
    "note_confidence": 0.9508123993873596,
    "hardness": 86.1345788196808,
    "depth": 25.152138686484534,
    "brightness": 85.89732228765408,
    "roughness": 80.59334880682945,
    "warmth": 16.673760131922936,
    "sharpness": 83.96654583254204,
    "boominess": 5.114338340945622,
    "reverb": false
}