{
    "duration": 0.08163265138864517,
    "lossless": 1.0,
    "codec": "pcm_f32le",
    "bitrate": 1411200.0,
    "samplerate": 44100.0,
    "channels": 1.0,
    "audio_md5": "98ea36adadb597cbbc199df64a56c8cd",
    "loudness": -14.061071395874023,
    "dynamic_range": 0.0,
    "temporal_centroid": 0.582908034324646,
    "log_attack_time": -1.2724477052688599,
    "filesize": 14458,
    "single_event": false,
    "tonality": "D major",
    "tonality_confidence": 0.72904372215271,
    "loop": false,
    "tempo": 0,
    "tempo_confidence": 0.0,
    "note_midi": 50,
    "note_name": "D3",
    "note_frequency": 146.91238403320312,
    "note_confidence": 0.9056151509284973,
    "hardness": 30.566997171630888,
    "depth": 61.00455423197586,
    "brightness": 29.14171133370459,
    "roughness": 47.91906966889249,
    "warmth": 73.8990391432092,
    "sharpness": 0.5260030294436007,
    "boominess": 52.2131389773119,
    "reverb": false
}