{
    "duration": 0.08163265138864517,
    "lossless": 1.0,
    "codec": "pcm_f32le",
    "bitrate": 1411200.0,
    "samplerate": 44100.0,
    "channels": 1.0,
    "audio_md5": "723bab91f90231be05ee66dbc82deb68",
    "loudness": -15.495945930480957,
    "dynamic_range": 0.0,
    "temporal_centroid": 0.5844181180000305,
    "log_attack_time": -1.2691408395767212,
    "filesize": 14458,
    "single_event": false,
    "tonality": "D major",
    "tonality_confidence": 0.534956157207489,
    "loop": false,
    "tempo": 0,
    "tempo_confidence": 0.0,
    "note_midi": 38,
    "note_name": "D2",
    "note_frequency": 73.42839813232422,
    "note_confidence": 0.9353624582290649,
    "hardness": 46.43779475085336,
    "depth": 60.2449480768998,
    "brightness": 42.25693407403527,
    "roughness": 51.428054009410836,
    "warmth": 63.36827803480725,
    "sharpness": 31.752774033485053,
    "boominess": 45.5138185400107,
    "reverb": false
}