{
    "duration": 0.08163265138864517,
    "lossless": 1.0,
    "codec": "pcm_f32le",
    "bitrate": 1411200.0,
    "samplerate": 44100.0,
    "channels": 1.0,
    "audio_md5": "96f22b7fb502225cbff489db3ce111a2",
    "loudness": -17.267562866210938,
    "dynamic_range": 0.0,
    "temporal_centroid": 0.5908887982368469,
    "log_attack_time": -1.2644083499908447,
    "filesize": 14458,
    "single_event": false,
    "tonality": "A minor",
    "tonality_confidence": 0.7480853199958801,
    "loop": false,
    "tempo": 0,
    "tempo_confidence": 0.0,
    "note_midi": 38,
    "note_name": "D2",
    "note_frequency": 73.43097686767578,
    "note_confidence": 0.9476583003997803,
    "hardness": 54.29641209127544,
    "depth": 42.3336118018603,
    "brightness": 51.026247987683206,
    "roughness": 59.915756394042724,
    "warmth": 55.799701375241526,
    "sharpness": 40.795758213345046,
    "boominess": 33.0321342290394,
    "reverb": false
}