{
    "duration": 0.08163265138864517,
    "lossless": 1.0,
    "codec": "pcm_f32le",
    "bitrate": 1411200.0,
    "samplerate": 44100.0,
    "channels": 1.0,
    "audio_md5": "8734703c9d938bbc79a2111ccb012e30",
    "loudness": -14.363504409790039,
    "dynamic_range": 0.0,
    "temporal_centroid": 0.5869642496109009,
    "log_attack_time": -1.3408106565475464,
    "filesize": 14458,
    "single_event": false,
    "tonality": "D major",
    "tonality_confidence": 0.5541686415672302,
    "loop": false,
    "tempo": 0,
    "tempo_confidence": 0.0,
    "note_midi": 38,
    "note_name": "D2",
    "note_frequency": 73.42842102050781,
    "note_confidence": 0.9929637312889099,
    "hardness": 38.48348900498664,
    "depth": 61.18971025012867,
    "brightness": 38.57447699098361,
    "roughness": 50.45951001792531,
    "warmth": 69.99613343498166,
    "sharpness": 18.40505034784903,
    "boominess": 45.89330047933676,
    "reverb": false
}