{
    "duration": 0.08163265138864517,
    "lossless": 1.0,
    "codec": "pcm_f32le",
    "bitrate": 1411200.0,
    "samplerate": 44100.0,
    "channels": 1.0,
    "audio_md5": "6c4b1bb0dc3c5eff19458a2778be506b",
    "loudness": -17.00191879272461,
    "dynamic_range": 0.0,
    "temporal_centroid": 0.6108878254890442,
    "log_attack_time": -1.198678731918335,
    "filesize": 14458,
    "single_event": false,
    "tonality": "D major",
    "tonality_confidence": 0.8911624550819397,
    "loop": false,
    "tempo": 0,
    "tempo_confidence": 0.0,
    "note_midi": 38,
    "note_name": "D2",
    "note_frequency": 73.44303894042969,
    "note_confidence": 0.9331595301628113,
    "hardness": 40.64829143295218,
    "depth": 59.96535794125252,
    "brightness": 36.30154974747722,
    "roughness": 51.69985546009119,
    "warmth": 72.6807563963773,
    "sharpness": 10.205113699373207,
    "boominess": 45.03411185566035,
    "reverb": false
}