{
    "duration": 0.08163265138864517,
    "lossless": 1.0,
    "codec": "pcm_f32le",
    "bitrate": 1411200.0,
    "samplerate": 44100.0,
    "channels": 1.0,
    "audio_md5": "d5146c46ca5b619ad0227a5e8403a4ba",
    "loudness": -16.910961151123047,
    "dynamic_range": 0.0,
    "temporal_centroid": 0.6033018231391907,
    "log_attack_time": -1.2664042711257935,
    "filesize": 14458,
    "single_event": false,
    "tonality": "D major",
    "tonality_confidence": 0.6253682374954224,
    "loop": false,
    "tempo": 0,
    "tempo_confidence": 0.0,
    "note_midi": 38,
    "note_name": "D2",
    "note_frequency": 73.4286880493164,
    "note_confidence": 0.9995071291923523,
    "hardness": 37.6330227881449,
    "depth": 54.00972379850108,
    "brightness": 38.656175878305,
    "roughness": 36.540674734598625,
    "warmth": 68.96461720751662,
    "sharpness": 17.465174507855895,
    "boominess": 46.91985239975265,
    "reverb": false
}