{
    "duration": 0.08163265138864517,
    "lossless": 1.0,
    "codec": "pcm_f32le",
    "bitrate": 1411200.0,
    "samplerate": 44100.0,
    "channels": 1.0,
    "audio_md5": "7d614be733befae0446525742e0021c5",
    "loudness": -14.474027633666992,
    "dynamic_range": 0.0,
    "temporal_centroid": 0.5799133777618408,
    "log_attack_time": -1.3810392618179321,
    "filesize": 14458,
    "single_event": false,
    "tonality": "D major",
    "tonality_confidence": 0.7071437239646912,
    "loop": false,
    "tempo": 0,
    "tempo_confidence": 0.0,
    "note_midi": 38,
    "note_name": "D2",
    "note_frequency": 73.42903900146484,
    "note_confidence": 0.9750036001205444,
    "hardness": 64.59693797634958,
    "depth": 61.5122440788773,
    "brightness": 59.1625344732871,
    "roughness": 58.94849900802236,
    "warmth": 47.173838300205546,
    "sharpness": 49.623011600499524,
    "boominess": 34.691303331189545,
    "reverb": false
}