{
    "duration": 0.08163265138864517,
    "lossless": 1.0,
    "codec": "pcm_f32le",
    "bitrate": 1411200.0,
    "samplerate": 44100.0,
    "channels": 1.0,
    "audio_md5": "3d223aa94294d2e0aa4c25af4b449e35",
    "loudness": -16.75465202331543,
    "dynamic_range": 0.0,
    "temporal_centroid": 0.5990540385246277,
    "log_attack_time": -1.2166279554367065,
    "filesize": 14458,
    "single_event": false,
    "tonality": "D minor",
    "tonality_confidence": 0.838855504989624,
    "loop": false,
    "tempo": 0,
    "tempo_confidence": 0.0,
    "note_midi": 38,
    "note_name": "D2",
    "note_frequency": 73.42842864990234,
    "note_confidence": 0.9984869956970215,
    "hardness": 59.12888431142525,
    "depth": 52.92087129537439,
    "brightness": 53.01828167357497,
    "roughness": 64.91318188044144,
    "warmth": 55.176856554992355,
    "sharpness": 45.65355442758581,
    "boominess": 34.610837234681185,
    "reverb": false
}