{
    "duration": 0.08163265138864517,
    "lossless": 1.0,
    "codec": "pcm_f32le",
    "bitrate": 1411200.0,
    "samplerate": 44100.0,
    "channels": 1.0,
    "audio_md5": "6e30aea08e478c8ccb62690af84f5bf5",
    "loudness": -15.971240997314453,
    "dynamic_range": 0.0,
    "temporal_centroid": 0.5833486318588257,
    "log_attack_time": -1.2711586952209473,
    "filesize": 14458,
    "single_event": false,
    "tonality": "D major",
    "tonality_confidence": 0.6703289747238159,
    "loop": false,
    "tempo": 0,
    "tempo_confidence": 0.0,
    "note_midi": 38,
    "note_name": "D2",
    "note_frequency": 73.48013305664062,
    "note_confidence": 0.9178694486618042,
    "hardness": 33.97081208311563,
    "depth": 60.909564741331366,
    "brightness": 37.45394683093518,
    "roughness": 47.02606141102463,
    "warmth": 66.31740573267336,
    "sharpness": 11.839997463840046,
    "boominess": 48.29346586196873,
    "reverb": false
}