{
    "duration": 0.08163265138864517,
    "lossless": 1.0,
    "codec": "pcm_f32le",
    "bitrate": 1411200.0,
    "samplerate": 44100.0,
    "channels": 1.0,
    "audio_md5": "59626f819d7e4662cb444c451be3f6f2",
    "loudness": -19.003271102905273,
    "dynamic_range": 0.0,
    "temporal_centroid": 0.5963950753211975,
    "log_attack_time": -1.2695070505142212,
    "filesize": 14458,
    "single_event": false,
    "tonality": "D minor",
    "tonality_confidence": 0.6362168788909912,
    "loop": false,
    "tempo": 0,
    "tempo_confidence": 0.0,
    "note_midi": 38,
    "note_name": "D2",
    "note_frequency": 73.42841339111328,
    "note_confidence": 0.8382601737976074,
    "hardness": 57.33005502300932,
    "depth": 32.86144566059498,
    "brightness": 53.81214574227149,
    "roughness": 59.49109826563388,
    "warmth": 44.998165693708565,
    "sharpness": 32.58526399937486,
    "boominess": 22.033225384277227,
    "reverb": false
}