{
    "duration": 0.08163265138864517,
    "lossless": 1.0,
    "codec": "pcm_f32le",
    "bitrate": 1411200.0,
    "samplerate": 44100.0,
    "channels": 1.0,
    "audio_md5": "87e5d20431e07c07bcd05dcc52260164",
    "loudness": -11.405904769897461,
    "dynamic_range": 0.0,
    "temporal_centroid": 0.5653191208839417,
    "log_attack_time": -1.5368894338607788,
    "filesize": 14458,
    "single_event": false,
    "tonality": "A major",
    "tonality_confidence": 0.5400447249412537,
    "loop": false,
    "tempo": 0,
    "tempo_confidence": 0.0,
    "note_midi": 38,
    "note_name": "D2",
    "note_frequency": 73.45722961425781,
    "note_confidence": 0.9734970927238464,
    "hardness": 34.132939709969875,
    "depth": 54.69255609089336,
    "brightness": 36.6101465176491,
    "roughness": 33.62910849121687,
    "warmth": 60.74188174042837,
    "sharpness": 19.00947700947154,
    "boominess": 50.38584657508902,
    "reverb": false
}