{
    "duration": 0.08163265138864517,
    "lossless": 1.0,
    "codec": "pcm_f32le",
    "bitrate": 1411200.0,
    "samplerate": 44100.0,
    "channels": 1.0,
    "audio_md5": "f4a982353a844a8b265abefaab164164",
    "loudness": -14.328452110290527,
    "dynamic_range": 0.0,
    "temporal_centroid": 0.5866135954856873,
    "log_attack_time": -1.360459327697754,
    "filesize": 14458,
    "single_event": false,
    "tonality": "D major",
    "tonality_confidence": 0.8818063735961914,
    "loop": false,
    "tempo": 0,
    "tempo_confidence": 0.0,
    "note_midi": 38,
    "note_name": "D2",
    "note_frequency": 73.42839813232422,
    "note_confidence": 0.9976703524589539,
    "hardness": 55.85515358046783,
    "depth": 60.75490352039501,
    "brightness": 50.700343747656255,
    "roughness": 59.78046854608461,
    "warmth": 56.57484243709904,
    "sharpness": 44.9286150469728,
    "boominess": 39.07067347528381,
    "reverb": false
}