{
    "duration": 0.08163265138864517,
    "lossless": 1.0,
    "codec": "pcm_f32le",
    "bitrate": 1411200.0,
    "samplerate": 44100.0,
    "channels": 1.0,
    "audio_md5": "176df15add0e20cdf266f4570126cf96",
    "loudness": -13.154417991638184,
    "dynamic_range": 0.0,
    "temporal_centroid": 0.5781252980232239,
    "log_attack_time": -1.3855619430541992,
    "filesize": 14458,
    "single_event": false,
    "tonality": "G minor",
    "tonality_confidence": 0.507049560546875,
    "loop": false,
    "tempo": 0,
    "tempo_confidence": 0.0,
    "note_midi": 38,
    "note_name": "D2",
    "note_frequency": 73.43872833251953,
    "note_confidence": 0.9875841736793518,
    "hardness": 28.87701972942152,
    "depth": 54.888196468829115,
    "brightness": 36.7287398362427,
    "roughness": 0,
    "warmth": 53.17965503154299,
    "sharpness": 38.303630972425836,
    "boominess": 56.430760198735825,
    "reverb": false
}