{
    "duration": 0.08163265138864517,
    "lossless": 1.0,
    "codec": "pcm_f32le",
    "bitrate": 1411200.0,
    "samplerate": 44100.0,
    "channels": 1.0,
    "audio_md5": "19752c87836fca594766d92d52983ea9",
    "loudness": -15.427770614624023,
    "dynamic_range": 0.0,
    "temporal_centroid": 0.5766423344612122,
    "log_attack_time": -1.276337742805481,
    "filesize": 14458,
    "single_event": false,
    "tonality": "D minor",
    "tonality_confidence": 0.4709186851978302,
    "loop": false,
    "tempo": 0,
    "tempo_confidence": 0.0,
    "note_midi": 38,
    "note_name": "D2",
    "note_frequency": 73.42839813232422,
    "note_confidence": 0.8895001411437988,
    "hardness": 66.54070841593955,
    "depth": 58.50790683325155,
    "brightness": 54.71183358377531,
    "roughness": 64.97368751027118,
    "warmth": 55.63703781958668,
    "sharpness": 45.246111280690315,
    "boominess": 36.26324914238194,
    "reverb": false
}