{
    "duration": 0.08163265138864517,
    "lossless": 1.0,
    "codec": "pcm_f32le",
    "bitrate": 1411200.0,
    "samplerate": 44100.0,
    "channels": 1.0,
    "audio_md5": "af667ccccdf69ea58893e2dceb7b5669",
    "loudness": -19.782297134399414,
    "dynamic_range": 0.0,
    "temporal_centroid": 0.6201087236404419,
    "log_attack_time": -1.2470200061798096,
    "filesize": 14458,
    "single_event": false,
    "tonality": "D minor",
    "tonality_confidence": 0.6217241287231445,
    "loop": false,
    "tempo": 0,
    "tempo_confidence": 0.0,
    "note_midi": 38,
    "note_name": "D2",
    "note_frequency": 73.42855834960938,
    "note_confidence": 0.8987608551979065,
    "hardness": 81.96471036873595,
    "depth": 40.42693433997149,
    "brightness": 66.08595393816249,
    "roughness": 79.749451737838,
    "warmth": 35.266829674860226,
    "sharpness": 55.57717167508815,
    "boominess": 20.267160136247615,
    "reverb": false
}