{
    "duration": 0.08163265138864517,
    "lossless": 1.0,
    "codec": "pcm_f32le",
    "bitrate": 1411200.0,
    "samplerate": 44100.0,
    "channels": 1.0,
    "audio_md5": "823b8c33f4caaf2f56339ded1be76a1e",
    "loudness": -16.58685874938965,
    "dynamic_range": 0.0,
    "temporal_centroid": 0.5955464839935303,
    "log_attack_time": -1.266586184501648,
    "filesize": 14458,
    "single_event": false,
    "tonality": "D major",
    "tonality_confidence": 0.7477869391441345,
    "loop": false,
    "tempo": 0,
    "tempo_confidence": 0.0,
    "note_midi": 38,
    "note_name": "D2",
    "note_frequency": 73.47496032714844,
    "note_confidence": 0.8523260354995728,
    "hardness": 40.539627231376045,
    "depth": 59.31932914689855,
    "brightness": 30.039312618197314,
    "roughness": 51.75045261020547,
    "warmth": 68.1172896258249,
    "sharpness": 10.459934115744815,
    "boominess": 46.678391642158246,
    "reverb": false
}