{
    "duration": 0.08163265138864517,
    "lossless": 1.0,
    "codec": "pcm_f32le",
    "bitrate": 1411200.0,
    "samplerate": 44100.0,
    "channels": 1.0,
    "audio_md5": "2613b4d58f552ab01b41f3222b3fca53",
    "loudness": -18.370059967041016,
    "dynamic_range": 0.0,
    "temporal_centroid": 0.5938377976417542,
    "log_attack_time": -1.29264235496521,
    "filesize": 14458,
    "single_event": false,
    "tonality": "D major",
    "tonality_confidence": 0.7801411747932434,
    "loop": false,
    "tempo": 0,
    "tempo_confidence": 0.0,
    "note_midi": 38,
    "note_name": "D2",
    "note_frequency": 73.43257141113281,
    "note_confidence": 0.8833298683166504,
    "hardness": 69.68059452985173,
    "depth": 56.325271522368766,
    "brightness": 53.465578516041816,
    "roughness": 62.3193819679954,
    "warmth": 55.53867071457313,
    "sharpness": 43.809884337573266,
    "boominess": 35.68708928037782,
    "reverb": false
}