{
    "duration": 0.08163265138864517,
    "lossless": 1.0,
    "codec": "pcm_f32le",
    "bitrate": 1411200.0,
    "samplerate": 44100.0,
    "channels": 1.0,
    "audio_md5": "70757697bcdb9128401afc0f3a0f8536",
    "loudness": -17.229190826416016,
    "dynamic_range": 0.0,
    "temporal_centroid": 0.6008567810058594,
    "log_attack_time": -1.254918098449707,
    "filesize": 14458,
    "single_event": false,
    "tonality": "D major",
    "tonality_confidence": 0.6474989652633667,
    "loop": false,
    "tempo": 0,
    "tempo_confidence": 0.0,
    "note_midi": 38,
    "note_name": "D2",
    "note_frequency": 73.43083953857422,
    "note_confidence": 0.916054368019104,
    "hardness": 67.5439704136098,
    "depth": 55.21116379342853,
    "brightness": 52.49399454367853,
    "roughness": 61.776386442455,
    "warmth": 56.88781983001567,
    "sharpness": 44.79523902107151,
    "boominess": 36.21487716646409,
    "reverb": false
}