{
    "duration": 0.08163265138864517,
    "lossless": 1.0,
    "codec": "pcm_f32le",
    "bitrate": 1411200.0,
    "samplerate": 44100.0,
    "channels": 1.0,
    "audio_md5": "e2dc2bef44ca445eda88cfa82dd28356",
    "loudness": -13.856898307800293,
    "dynamic_range": 0.0,
    "temporal_centroid": 0.5816202759742737,
    "log_attack_time": -1.359106421470642,
    "filesize": 14458,
    "single_event": false,
    "tonality": "D major",
    "tonality_confidence": 0.8724859356880188,
    "loop": false,
    "tempo": 0,
    "tempo_confidence": 0.0,
    "note_midi": 38,
    "note_name": "D2",
    "note_frequency": 73.428466796875,
    "note_confidence": 0.9501274228096008,
    "hardness": 23.685685925560065,
    "depth": 59.91028260705438,
    "brightness": 23.374873923807144,
    "roughness": 46.71095951209958,
    "warmth": 74.68311289553729,
    "sharpness": 0.0,
    "boominess": 50.532087057704885,
    "reverb": false
}