{
    "duration": 0.08163265138864517,
    "lossless": 1.0,
    "codec": "pcm_f32le",
    "bitrate": 1411200.0,
    "samplerate": 44100.0,
    "channels": 1.0,
    "audio_md5": "704a9360ff3108d6a11d76283686fbe8",
    "loudness": -13.386617660522461,
    "dynamic_range": 0.0,
    "temporal_centroid": 0.5781033039093018,
    "log_attack_time": -1.3858013153076172,
    "filesize": 14458,
    "single_event": false,
    "tonality": "D# minor",
    "tonality_confidence": 0.5854482650756836,
    "loop": false,
    "tempo": 0,
    "tempo_confidence": 0.0,
    "note_midi": 38,
    "note_name": "D2",
    "note_frequency": 73.44989013671875,
    "note_confidence": 0.9878137111663818,
    "hardness": 20.254679445989694,
    "depth": 54.89261819452804,
    "brightness": 21.772834877305254,
    "roughness": 0,
    "warmth": 48.33147140247687,
    "sharpness": 0.0,
    "boominess": 62.273401247760226,
    "reverb": false
}