{
    "duration": 0.08163265138864517,
    "lossless": 1.0,
    "codec": "pcm_f32le",
    "bitrate": 1411200.0,
    "samplerate": 44100.0,
    "channels": 1.0,
    "audio_md5": "b7f08107f194ee63435950d620f2d088",
    "loudness": -12.85975456237793,
    "dynamic_range": 0.0,
    "temporal_centroid": 0.5694133639335632,
    "log_attack_time": -1.3882019519805908,
    "filesize": 14458,
    "single_event": false,
    "tonality": "D major",
    "tonality_confidence": 0.7266353368759155,
    "loop": false,
    "tempo": 0,
    "tempo_confidence": 0.0,
    "note_midi": 38,
    "note_name": "D2",
    "note_frequency": 73.42839813232422,
    "note_confidence": 0.9355428814888,
    "hardness": 73.89952424669298,
    "depth": 62.30897682283768,
    "brightness": 58.489850272478826,
    "roughness": 58.27748896450599,
    "warmth": 47.34724099702529,
    "sharpness": 49.780114168286495,
    "boominess": 37.82305565457348,
    "reverb": false
}