{
    "duration": 0.08163265138864517,
    "lossless": 1.0,
    "codec": "pcm_f32le",
    "bitrate": 1411200.0,
    "samplerate": 44100.0,
    "channels": 1.0,
    "audio_md5": "64ed7de1f4c5b2fae858ae05d4deabe8",
    "loudness": -14.463953971862793,
    "dynamic_range": 0.0,
    "temporal_centroid": 0.5854746699333191,
    "log_attack_time": -1.268044114112854,
    "filesize": 14458,
    "single_event": false,
    "tonality": "D major",
    "tonality_confidence": 0.6973393559455872,
    "loop": false,
    "tempo": 0,
    "tempo_confidence": 0.0,
    "note_midi": 38,
    "note_name": "D2",
    "note_frequency": 73.4591293334961,
    "note_confidence": 0.9296233057975769,
    "hardness": 39.04628533578057,
    "depth": 60.02704650932862,
    "brightness": 37.057712045147085,
    "roughness": 52.07436366375175,
    "warmth": 68.2273503866819,
    "sharpness": 14.845160910651057,
    "boominess": 45.984985372046154,
    "reverb": false
}