{
    "duration": 0.08163265138864517,
    "lossless": 1.0,
    "codec": "pcm_f32le",
    "bitrate": 1411200.0,
    "samplerate": 44100.0,
    "channels": 1.0,
    "audio_md5": "5dd4ec47eebbc56f28cfbff4f3ff16c5",
    "loudness": -16.05868148803711,
    "dynamic_range": 0.0,
    "temporal_centroid": 0.6116364598274231,
    "log_attack_time": -1.2420052289962769,
    "filesize": 14458,
    "single_event": false,
    "tonality": "D major",
    "tonality_confidence": 0.749485433101654,
    "loop": false,
    "tempo": 0,
    "tempo_confidence": 0.0,
    "note_midi": 38,
    "note_name": "D2",
    "note_frequency": 73.44950103759766,
    "note_confidence": 0.8810117244720459,
    "hardness": 39.72215241917026,
    "depth": 57.14196937864966,
    "brightness": 34.4812678430777,
    "roughness": 49.405381159610464,
    "warmth": 69.6427641575487,
    "sharpness": 11.31633592176848,
    "boominess": 41.95585649715466,
    "reverb": false
}