{
    "duration": 0.08163265138864517,
    "lossless": 1.0,
    "codec": "pcm_f32le",
    "bitrate": 1411200.0,
    "samplerate": 44100.0,
    "channels": 1.0,
    "audio_md5": "a30f0630e39ff30bbb1103870db92b46",
    "loudness": -11.840363502502441,
    "dynamic_range": 0.0,
    "temporal_centroid": 0.5727477669715881,
    "log_attack_time": -1.477416753768921,
    "filesize": 14458,
    "single_event": false,
    "tonality": "D# minor",
    "tonality_confidence": 0.5174405574798584,
    "loop": false,
    "tempo": 0,
    "tempo_confidence": 0.0,
    "note_midi": 38,
    "note_name": "D2",
    "note_frequency": 73.42839813232422,
    "note_confidence": 0.9852355122566223,
    "hardness": 66.09110714418824,
    "depth": 62.53494781960022,
    "brightness": 61.283998946041905,
    "roughness": 56.99502882201122,
    "warmth": 43.76126706548558,
    "sharpness": 51.072957782111416,
    "boominess": 37.323081878656275,
    "reverb": false
}