{
    "duration": 0.08163265138864517,
    "lossless": 1.0,
    "codec": "pcm_f32le",
    "bitrate": 1411200.0,
    "samplerate": 44100.0,
    "channels": 1.0,
    "audio_md5": "87b51d048a312884f8a3c4ff40021fb1",
    "loudness": -14.706127166748047,
    "dynamic_range": 0.0,
    "temporal_centroid": 0.5822404623031616,
    "log_attack_time": -1.3181027173995972,
    "filesize": 14458,
    "single_event": false,
    "tonality": "D major",
    "tonality_confidence": 0.635161817073822,
    "loop": false,
    "tempo": 0,
    "tempo_confidence": 0.0,
    "note_midi": 38,
    "note_name": "D2",
    "note_frequency": 73.43767547607422,
    "note_confidence": 0.984973132610321,
    "hardness": 40.42411267536363,
    "depth": 63.59847827003915,
    "brightness": 39.692205511583765,
    "roughness": 44.251126074316375,
    "warmth": 52.090614922768964,
    "sharpness": 32.61950408910562,
    "boominess": 50.28706566036982,
    "reverb": false
}