{
    "duration": 0.08163265138864517,
    "lossless": 1.0,
    "codec": "pcm_f32le",
    "bitrate": 1411200.0,
    "samplerate": 44100.0,
    "channels": 1.0,
    "audio_md5": "8f0bc49856d138ac37df2aa7673d52b3",
    "loudness": -13.827203750610352,
    "dynamic_range": 0.0,
    "temporal_centroid": 0.5852943658828735,
    "log_attack_time": -1.3375848531723022,
    "filesize": 14458,
    "single_event": false,
    "tonality": "D major",
    "tonality_confidence": 0.8280301690101624,
    "loop": false,
    "tempo": 0,
    "tempo_confidence": 0.0,
    "note_midi": 38,
    "note_name": "D2",
    "note_frequency": 73.42845153808594,
    "note_confidence": 0.9908043146133423,
    "hardness": 38.09083020964388,
    "depth": 62.88981935124025,
    "brightness": 38.87134056961331,
    "roughness": 42.361521155957725,
    "warmth": 60.408489428931475,
    "sharpness": 22.132043819253852,
    "boominess": 47.23280864094765,
    "reverb": false
}