{
    "duration": 0.08163265138864517,
    "lossless": 1.0,
    "codec": "pcm_f32le",
    "bitrate": 1411200.0,
    "samplerate": 44100.0,
    "channels": 1.0,
    "audio_md5": "f6c5fac71be8a4033c5c1fd79b052836",
    "loudness": -14.531647682189941,
    "dynamic_range": 0.0,
    "temporal_centroid": 0.6009541153907776,
    "log_attack_time": -1.271526575088501,
    "filesize": 14458,
    "single_event": false,
    "tonality": "D major",
    "tonality_confidence": 0.6591429710388184,
    "loop": false,
    "tempo": 0,
    "tempo_confidence": 0.0,
    "note_midi": 38,
    "note_name": "D2",
    "note_frequency": 73.45790100097656,
    "note_confidence": 0.9072142243385315,
    "hardness": 34.4808983565875,
    "depth": 61.40752870041056,
    "brightness": 27.251941159847643,
    "roughness": 42.55829448668584,
    "warmth": 71.62851941880893,
    "sharpness": 6.736185601609517,
    "boominess": 48.737313096094155,
    "reverb": false
}