{
    "duration": 0.08163265138864517,
    "lossless": 1.0,
    "codec": "pcm_f32le",
    "bitrate": 1411200.0,
    "samplerate": 44100.0,
    "channels": 1.0,
    "audio_md5": "676ffe74c82573e688d44c94ff361527",
    "loudness": -13.282720565795898,
    "dynamic_range": 0.0,
    "temporal_centroid": 0.574739933013916,
    "log_attack_time": -1.3860408067703247,
    "filesize": 14458,
    "single_event": false,
    "tonality": "D major",
    "tonality_confidence": 0.9074516296386719,
    "loop": false,
    "tempo": 0,
    "tempo_confidence": 0.0,
    "note_midi": 38,
    "note_name": "D2",
    "note_frequency": 73.44164276123047,
    "note_confidence": 0.9715404510498047,
    "hardness": 39.75421574305574,
    "depth": 60.78393226072818,
    "brightness": 38.93183315582614,
    "roughness": 51.06130245665547,
    "warmth": 68.5556465091961,
    "sharpness": 19.283003135726013,
    "boominess": 45.98503679083694,
    "reverb": false
}