{
    "duration": 0.08163265138864517,
    "lossless": 1.0,
    "codec": "pcm_f32le",
    "bitrate": 1411200.0,
    "samplerate": 44100.0,
    "channels": 1.0,
    "audio_md5": "91c89a499be65cdd86e86eb34224509e",
    "loudness": -15.663278579711914,
    "dynamic_range": 0.0,
    "temporal_centroid": 0.587721049785614,
    "log_attack_time": -1.2780156135559082,
    "filesize": 14458,
    "single_event": false,
    "tonality": "D major",
    "tonality_confidence": 0.6948332190513611,
    "loop": false,
    "tempo": 0,
    "tempo_confidence": 0.0,
    "note_midi": 38,
    "note_name": "D2",
    "note_frequency": 73.44046783447266,
    "note_confidence": 0.9412500262260437,
    "hardness": 43.47133061882721,
    "depth": 59.846107477025924,
    "brightness": 40.6949132444266,
    "roughness": 52.44207143035044,
    "warmth": 67.84962441483437,
    "sharpness": 20.733825181321343,
    "boominess": 42.41609748681,
    "reverb": false
}