{
    "duration": 0.08163265138864517,
    "lossless": 1.0,
    "codec": "pcm_f32le",
    "bitrate": 1411200.0,
    "samplerate": 44100.0,
    "channels": 1.0,
    "audio_md5": "43981e54b9f5f7471ac7203ab50e134e",
    "loudness": -20.487112045288086,
    "dynamic_range": 0.0,
    "temporal_centroid": 0.6130144000053406,
    "log_attack_time": -1.185951828956604,
    "filesize": 14458,
    "single_event": false,
    "tonality": "D major",
    "tonality_confidence": 0.8025237917900085,
    "loop": false,
    "tempo": 0,
    "tempo_confidence": 0.0,
    "note_midi": 38,
    "note_name": "D2",
    "note_frequency": 73.42985534667969,
    "note_confidence": 0.8819589614868164,
    "hardness": 66.15803689567173,
    "depth": 40.244609735103666,
    "brightness": 56.58060977250901,
    "roughness": 67.34214466020559,
    "warmth": 49.00900113808382,
    "sharpness": 47.260102990325855,
    "boominess": 22.289317940365724,
    "reverb": false
}