{
    "duration": 0.08163265138864517,
    "lossless": 1.0,
    "codec": "pcm_f32le",
    "bitrate": 1411200.0,
    "samplerate": 44100.0,
    "channels": 1.0,
    "audio_md5": "7fe4dfce140ffe6269ce60514f10f968",
    "loudness": -14.511497497558594,
    "dynamic_range": 0.0,
    "temporal_centroid": 0.5828046798706055,
    "log_attack_time": -1.3831757307052612,
    "filesize": 14458,
    "single_event": false,
    "tonality": "D minor",
    "tonality_confidence": 0.6944953203201294,
    "loop": false,
    "tempo": 0,
    "tempo_confidence": 0.0,
    "note_midi": 38,
    "note_name": "D2",
    "note_frequency": 73.48040771484375,
    "note_confidence": 0.95619136095047,
    "hardness": 27.217015044062506,
    "depth": 63.43590491471891,
    "brightness": 21.59048314789039,
    "roughness": 42.021743796206245,
    "warmth": 61.08190431627402,
    "sharpness": 0.0,
    "boominess": 56.020825172569836,
    "reverb": false
}