{"duration": 0.08163265138864517, "lossless": 1.0, "codec": "pcm_f32le", "bitrate": 1411200.0, "samplerate": 44100.0, "channels": 1.0, "audio_md5": "dd8dacf7d01b5156efde20b69eadf2e8", "loudness": -18.072492599487305, "dynamic_range": 0.0, "temporal_centroid": 0.613648533821106, "log_attack_time": -1.2600852251052856, "filesize": 14458, "single_event": false, "tonality": "D major", "tonality_confidence": 0.7794490456581116, "loop": false, "tempo": 0, "tempo_confidence": 0.0, "note_midi": 38, "note_name": "D2", "note_frequency": 73.42839813232422, "note_confidence": 0.9998985528945923, "hardness": 70.52423323753959, "depth": 49.15607073208237, "brightness": 61.271904851635654, "roughness": 74.40732456362407, "warmth": 45.796600714380936, "sharpness": 51.695768883893194, "boominess": 28.53518876049953, "reverb": false, "name": "AKWF_oscchip_0074.wav", "SpectralCentroid": 0.7406396067237555, "SpectralSpread": 0.7277901948550659, "SpectralKurtosis": 0.4621008786822659, "ZeroCrossingRate": 0.2330271804613616, "SpectralComplexity": 1.0, "OddToEvenHarmonicEnergyRatio": 0.25502765000813665, "Dissonance": 0.9999983953983526, "PitchSalience": 0.8509613377528099, "HNR": 0.0}