{
    "duration": 0.08163265138864517,
    "lossless": 1.0,
    "codec": "pcm_f32le",
    "bitrate": 1411200.0,
    "samplerate": 44100.0,
    "channels": 1.0,
    "audio_md5": "0e4e43567a039b017e204c9040ffea2e",
    "loudness": -14.967058181762695,
    "dynamic_range": 0.0,
    "temporal_centroid": 0.5787568092346191,
    "log_attack_time": -1.3022133111953735,
    "filesize": 14458,
    "single_event": false,
    "tonality": "D major",
    "tonality_confidence": 0.8533055186271667,
    "loop": false,
    "tempo": 0,
    "tempo_confidence": 0.0,
    "note_midi": 38,
    "note_name": "D2",
    "note_frequency": 73.4503173828125,
    "note_confidence": 0.9598761200904846,
    "hardness": 36.88329433548164,
    "depth": 54.32741839263895,
    "brightness": 37.745513153711684,
    "roughness": 45.23979001052066,
    "warmth": 58.35674379856269,
    "sharpness": 23.826677914387044,
    "boominess": 50.169039054004514,
    "reverb": false
}