{"duration": 0.08163265138864517, "lossless": 1.0, "codec": "pcm_f32le", "bitrate": 1411200.0, "samplerate": 44100.0, "channels": 1.0, "audio_md5": "140cfef4fdf10e0bbcb21d1b464b537c", "loudness": -13.395383834838867, "dynamic_range": 0.0, "temporal_centroid": 0.5878820419311523, "log_attack_time": -1.2757798433303833, "filesize": 14458, "single_event": false, "tonality": "D minor", "tonality_confidence": 0.7277978658676147, "loop": false, "tempo": 0, "tempo_confidence": 0.0, "note_midi": 50, "note_name": "D3", "note_frequency": 147.79876708984375, "note_confidence": 0.8807014226913452, "hardness": 31.835898799036443, "depth": 62.212709013290606, "brightness": 25.21957480778354, "roughness": 43.276156009426614, "warmth": 71.53695346965065, "sharpness": 3.7311502986423584, "boominess": 51.123620670655995, "reverb": false, "name": "AKWF_eorgan_0119.wav", "SpectralCentroid": 0.060197962647954274, "SpectralSpread": 0.006122363994941797, "SpectralKurtosis": 0.8874737487620005, "ZeroCrossingRate": 0.4252420033405892, "SpectralComplexity": 0.29850746268656714, "OddToEvenHarmonicEnergyRatio": 0.7540703464192546, "Dissonance": 0.5135386075908744, "PitchSalience": 0.32685759683237986, "HNR": 0.8285497612902292}