{
    "duration": 0.08163265138864517,
    "lossless": 1.0,
    "codec": "pcm_f32le",
    "bitrate": 1411200.0,
    "samplerate": 44100.0,
    "channels": 1.0,
    "audio_md5": "98ac36e0cdfb0fc7c5d8a616bb62244b",
    "loudness": -15.479694366455078,
    "dynamic_range": 0.0,
    "temporal_centroid": 0.5928046107292175,
    "log_attack_time": -1.263504147529602,
    "filesize": 14458,
    "single_event": false,
    "tonality": "D minor",
    "tonality_confidence": 0.82110995054245,
    "loop": false,
    "tempo": 0,
    "tempo_confidence": 0.0,
    "note_midi": 38,
    "note_name": "D2",
    "note_frequency": 73.43409729003906,
    "note_confidence": 0.9503452181816101,
    "hardness": 47.891288382287854,
    "depth": 56.24800806688408,
    "brightness": 43.8458813668347,
    "roughness": 55.4333012090965,
    "warmth": 65.0017405238093,
    "sharpness": 27.813339913666184,
    "boominess": 38.0503839106209,
    "reverb": false
}