{"duration": 0.08163265138864517, "lossless": 1.0, "codec": "pcm_f32le", "bitrate": 1411200.0, "samplerate": 44100.0, "channels": 1.0, "audio_md5": "39f99ce53b4fa90af4f57232a6783621", "loudness": -14.054837226867676, "dynamic_range": 0.0, "temporal_centroid": 0.5846905708312988, "log_attack_time": -1.303399920463562, "filesize": 14458, "single_event": false, "tonality": "D major", "tonality_confidence": 0.8816814422607422, "loop": false, "tempo": 0, "tempo_confidence": 0.0, "note_midi": 38, "note_name": "D2", "note_frequency": 73.44969177246094, "note_confidence": 0.9682322144508362, "hardness": 27.191253911245255, "depth": 54.1930932517807, "brightness": 22.789834071994427, "roughness": 42.16006866393189, "warmth": 64.58055317985455, "sharpness": 0.0, "boominess": 53.421493523142665, "reverb": false, "name": "AKWF_epiano_0065.wav", "SpectralCentroid": 0.043478042377421, "SpectralSpread": 0.01418598286170213, "SpectralKurtosis": 0.8588270095370149, "ZeroCrossingRate": 0.4252420033405892, "SpectralComplexity": 0.1791044776119403, "OddToEvenHarmonicEnergyRatio": 0.41356027826988506, "Dissonance": 0.487327074997914, "PitchSalience": 0.32243995101764406, "HNR": 0.0}