{"duration": 0.08163265138864517, "lossless": 1.0, "codec": "pcm_f32le", "bitrate": 1411200.0, "samplerate": 44100.0, "channels": 1.0, "audio_md5": "0d63ef4076cccc72812ccce65863198d", "loudness": -16.151334762573242, "dynamic_range": 0.0, "temporal_centroid": 0.5892834663391113, "log_attack_time": -1.2447649240493774, "filesize": 14458, "single_event": false, "tonality": "D major", "tonality_confidence": 0.8832942247390747, "loop": false, "tempo": 0, "tempo_confidence": 0.0, "note_midi": 38, "note_name": "D2", "note_frequency": 73.42852020263672, "note_confidence": 0.9932152628898621, "hardness": 62.29237913751979, "depth": 56.41966215071055, "brightness": 56.80836858107654, "roughness": 65.73232176058357, "warmth": 51.172647347462146, "sharpness": 48.508200342092984, "boominess": 33.86543138453685, "reverb": false, "name": "AKWF_oscchip_0123.wav", "SpectralCentroid": 0.6327201347040351, "SpectralSpread": 0.5805851379710787, "SpectralKurtosis": 0.4827010481785743, "ZeroCrossingRate": 0.2330271804613616, "SpectralComplexity": 1.0, "OddToEvenHarmonicEnergyRatio": 0.47423442464562554, "Dissonance": 0.9739723401685474, "PitchSalience": 0.5902005483031565, "HNR": 0.0}