{
    "duration": 0.08163265138864517,
    "lossless": 1.0,
    "codec": "pcm_f32le",
    "bitrate": 1411200.0,
    "samplerate": 44100.0,
    "channels": 1.0,
    "audio_md5": "689c03aa402c8a52c062e3ac0d6cc9bd",
    "loudness": -12.93887710571289,
    "dynamic_range": 0.0,
    "temporal_centroid": 0.5909635424613953,
    "log_attack_time": -1.369818925857544,
    "filesize": 14458,
    "single_event": false,
    "tonality": "D major",
    "tonality_confidence": 0.6795931458473206,
    "loop": false,
    "tempo": 0,
    "tempo_confidence": 0.0,
    "note_midi": 38,
    "note_name": "D2",
    "note_frequency": 73.42841339111328,
    "note_confidence": 0.9991792440414429,
    "hardness": 66.27254839361797,
    "depth": 59.46203294589764,
    "brightness": 56.19990549066018,
    "roughness": 63.52787475086856,
    "warmth": 52.10297005755047,
    "sharpness": 48.30380472495094,
    "boominess": 34.379787524148355,
    "reverb": false
}