{"duration": 0.08163265138864517, "lossless": 1.0, "codec": "pcm_f32le", "bitrate": 1411200.0, "samplerate": 44100.0, "channels": 1.0, "audio_md5": "80e2c3cbe961d89a7070e065996389fc", "loudness": -16.06702995300293, "dynamic_range": 0.0, "temporal_centroid": 0.5947876572608948, "log_attack_time": -1.2658590078353882, "filesize": 14458, "single_event": false, "tonality": "D major", "tonality_confidence": 0.7375838756561279, "loop": false, "tempo": 0, "tempo_confidence": 0.0, "note_midi": 38, "note_name": "D2", "note_frequency": 73.44192504882812, "note_confidence": 0.9439572095870972, "hardness": 42.981106054312846, "depth": 58.79605415569441, "brightness": 39.59212273711424, "roughness": 51.83047124190027, "warmth": 65.40334517646448, "sharpness": 20.298600500213652, "boominess": 44.21659572746077, "reverb": false, "name": "AKWF_linear_0005.wav", "SpectralCentroid": 0.17096552949119787, "SpectralSpread": 0.12424360060323832, "SpectralKurtosis": 0.7030512261015026, "ZeroCrossingRate": 0.4252420033405892, "SpectralComplexity": 0.8059701492537313, "OddToEvenHarmonicEnergyRatio": 0.5899555179838459, "Dissonance": 0.9031943826105526, "PitchSalience": 0.49845125249721733, "HNR": 0.0}