{"duration": 0.08163265138864517, "lossless": 1.0, "codec": "pcm_f32le", "bitrate": 1411200.0, "samplerate": 44100.0, "channels": 1.0, "audio_md5": "7c066d30bf5a949e4c35307612226ad0", "loudness": -18.269010543823242, "dynamic_range": 0.0, "temporal_centroid": 0.6038515567779541, "log_attack_time": -1.236877679824829, "filesize": 14458, "single_event": false, "tonality": "D major", "tonality_confidence": 0.7734150886535645, "loop": false, "tempo": 0, "tempo_confidence": 0.0, "note_midi": 38, "note_name": "D2", "note_frequency": 73.4295425415039, "note_confidence": 0.9934104681015015, "hardness": 40.260068152695894, "depth": 57.42187765875455, "brightness": 41.31786780751101, "roughness": 52.637089623067155, "warmth": 66.31023629478813, "sharpness": 18.788470106235923, "boominess": 39.86137955601395, "reverb": false, "name": "AKWF_0409.wav", "SpectralCentroid": 0.1579562321766167, "SpectralSpread": 0.05762224849913016, "SpectralKurtosis": 0.7088978890094383, "ZeroCrossingRate": 0.2330271804613616, "SpectralComplexity": 1.0, "OddToEvenHarmonicEnergyRatio": 0.1331232012936286, "Dissonance": 0.9113213982090311, "PitchSalience": 0.5230483725814334, "HNR": 0.2093527568588978}