{
    "duration": 0.08163265138864517,
    "lossless": 1.0,
    "codec": "pcm_f32le",
    "bitrate": 1411200.0,
    "samplerate": 44100.0,
    "channels": 1.0,
    "audio_md5": "142e71b32b4869cddef370ef72a49eb6",
    "loudness": -11.995006561279297,
    "dynamic_range": 0.0,
    "temporal_centroid": 0.5726654529571533,
    "log_attack_time": -1.431186556816101,
    "filesize": 14458,
    "single_event": false,
    "tonality": "D major",
    "tonality_confidence": 0.6875889301300049,
    "loop": false,
    "tempo": 0,
    "tempo_confidence": 0.0,
    "note_midi": 38,
    "note_name": "D2",
    "note_frequency": 73.42839813232422,
    "note_confidence": 0.967720627784729,
    "hardness": 70.40630988922766,
    "depth": 61.20613037493719,
    "brightness": 56.78144679665121,
    "roughness": 60.77094696063679,
    "warmth": 51.617525072776616,
    "sharpness": 48.74165511780936,
    "boominess": 35.16412284823552,
    "reverb": false
}