{"duration": 0.08163265138864517, "lossless": 1.0, "codec": "pcm_f32le", "bitrate": 1411200.0, "samplerate": 44100.0, "channels": 1.0, "audio_md5": "344d52a4faac6bb5be9cb015612a2c59", "loudness": -12.567259788513184, "dynamic_range": 0.0, "temporal_centroid": 0.583059549331665, "log_attack_time": -1.3976938724517822, "filesize": 14458, "single_event": false, "tonality": "D# minor", "tonality_confidence": 0.2665693163871765, "loop": false, "tempo": 0, "tempo_confidence": 0.0, "note_midi": 38, "note_name": "D2", "note_frequency": 73.42839813232422, "note_confidence": 0.9949430227279663, "hardness": 69.21989292682679, "depth": 60.66727896295397, "brightness": 59.593143436311685, "roughness": 58.94553905824311, "warmth": 47.37782136773315, "sharpness": 50.3360831203519, "boominess": 34.86159466405073, "reverb": false, "name": "AKWF_1327.wav", "SpectralCentroid": 0.779714514571511, "SpectralSpread": 0.8756881334560166, "SpectralKurtosis": 0.43440662127856344, "ZeroCrossingRate": 0.2330271804613616, "SpectralComplexity": 1.0, "OddToEvenHarmonicEnergyRatio": 0.03488974991449392, "Dissonance": 0.9349701631617304, "PitchSalience": 0.474534728185266, "HNR": 0.0}