{
    "duration": 0.08163265138864517,
    "lossless": 1.0,
    "codec": "pcm_f32le",
    "bitrate": 1411200.0,
    "samplerate": 44100.0,
    "channels": 1.0,
    "audio_md5": "9d1d1075d92db7f8b212af04e16978df",
    "loudness": -13.746271133422852,
    "dynamic_range": 0.0,
    "temporal_centroid": 0.5818150639533997,
    "log_attack_time": -1.3012269735336304,
    "filesize": 14458,
    "single_event": false,
    "tonality": "D minor",
    "tonality_confidence": 0.7524436712265015,
    "loop": false,
    "tempo": 0,
    "tempo_confidence": 0.0,
    "note_midi": 38,
    "note_name": "D2",
    "note_frequency": 73.44165802001953,
    "note_confidence": 0.9660336375236511,
    "hardness": 27.974147039921576,
    "depth": 60.41391626586982,
    "brightness": 21.407458915968682,
    "roughness": 46.197136220692684,
    "warmth": 70.73058934020494,
    "sharpness": 0.0,
    "boominess": 50.91246490970248,
    "reverb": false
}