{"duration": 0.08163265138864517, "lossless": 1.0, "codec": "pcm_f32le", "bitrate": 1411200.0, "samplerate": 44100.0, "channels": 1.0, "audio_md5": "55c9f1558bc773e8581d42e59aba2e47", "loudness": -11.432012557983398, "dynamic_range": 0.0, "temporal_centroid": 0.5780161619186401, "log_attack_time": -1.3672879934310913, "filesize": 14458, "single_event": false, "tonality": "D minor", "tonality_confidence": 0.5451640486717224, "loop": false, "tempo": 0, "tempo_confidence": 0.0, "note_midi": 50, "note_name": "D3", "note_frequency": 147.2198486328125, "note_confidence": 0.9970245361328125, "hardness": 25.00780353308194, "depth": 56.8209177787045, "brightness": 28.448190269193027, "roughness": 42.89680510189896, "warmth": 72.70581813702356, "sharpness": 0.0, "boominess": 52.976524330235975, "reverb": false, "name": "AKWF_granular_0042.wav", "SpectralCentroid": 0.07402139062356868, "SpectralSpread": 0.042176429750563134, "SpectralKurtosis": 0.7624872019241197, "ZeroCrossingRate": 0.4252420033405892, "SpectralComplexity": 0.6567164179104478, "OddToEvenHarmonicEnergyRatio": 1.0, "Dissonance": 0.9314401854102616, "PitchSalience": 0.04312263881816082, "HNR": 0.9337985086530115}