{"duration": 0.08163265138864517, "lossless": 1.0, "codec": "pcm_f32le", "bitrate": 1411200.0, "samplerate": 44100.0, "channels": 1.0, "audio_md5": "8bafd15806870961f45832cb3977a5c4", "loudness": -16.6019344329834, "dynamic_range": 0.0, "temporal_centroid": 0.595759928226471, "log_attack_time": -1.266586184501648, "filesize": 14458, "single_event": false, "tonality": "D major", "tonality_confidence": 0.7406560182571411, "loop": false, "tempo": 0, "tempo_confidence": 0.0, "note_midi": 38, "note_name": "D2", "note_frequency": 73.47608947753906, "note_confidence": 0.8527238965034485, "hardness": 39.95612238246704, "depth": 59.39003063434627, "brightness": 29.525940527875612, "roughness": 51.53758461992246, "warmth": 67.3964821063717, "sharpness": 9.991663323120427, "boominess": 46.89399314641179, "reverb": false, "name": "AKWF_epiano_0055.wav", "SpectralCentroid": 0.08781278137492769, "SpectralSpread": 0.02070236245710542, "SpectralKurtosis": 0.8311241373136916, "ZeroCrossingRate": 0.4252420033405892, "SpectralComplexity": 0.34328358208955223, "OddToEvenHarmonicEnergyRatio": 0.3756300920682641, "Dissonance": 0.8123611654892781, "PitchSalience": 0.5580561908613497, "HNR": 0.0}