{
    "duration": 0.08163265138864517,
    "lossless": 1.0,
    "codec": "pcm_f32le",
    "bitrate": 1411200.0,
    "samplerate": 44100.0,
    "channels": 1.0,
    "audio_md5": "c6b88392daf6c9030598abf2584a9ef7",
    "loudness": -14.338251113891602,
    "dynamic_range": 0.0,
    "temporal_centroid": 0.5844219923019409,
    "log_attack_time": -1.2660406827926636,
    "filesize": 14458,
    "single_event": false,
    "tonality": "D minor",
    "tonality_confidence": 0.6259467005729675,
    "loop": false,
    "tempo": 0,
    "tempo_confidence": 0.0,
    "note_midi": 38,
    "note_name": "D2",
    "note_frequency": 73.43693542480469,
    "note_confidence": 0.9726608991622925,
    "hardness": 41.19160743499114,
    "depth": 59.71018154761783,
    "brightness": 39.60827072870906,
    "roughness": 53.338008895598634,
    "warmth": 71.50890829678889,
    "sharpness": 20.425095093893027,
    "boominess": 45.544347545046996,
    "reverb": false
}