{"duration": 0.08163265138864517, "lossless": 1.0, "codec": "pcm_f32le", "bitrate": 1411200.0, "samplerate": 44100.0, "channels": 1.0, "audio_md5": "06347a94214a19c998009953d251b243", "loudness": -15.949512481689453, "dynamic_range": 0.0, "temporal_centroid": 0.5875341892242432, "log_attack_time": -1.2691408395767212, "filesize": 14458, "single_event": false, "tonality": "D major", "tonality_confidence": 0.7961951494216919, "loop": false, "tempo": 0, "tempo_confidence": 0.0, "note_midi": 38, "note_name": "D2", "note_frequency": 73.44696807861328, "note_confidence": 0.8869315385818481, "hardness": 46.36759322389679, "depth": 56.79537329596101, "brightness": 42.36697818848459, "roughness": 53.03572558108746, "warmth": 68.43405989761993, "sharpness": 27.90048600419924, "boominess": 41.51753951569663, "reverb": false, "name": "AKWF_1090.wav", "SpectralCentroid": 0.21377496622533046, "SpectralSpread": 0.1677470572232373, "SpectralKurtosis": 0.6488071756900615, "ZeroCrossingRate": 0.6763055068286788, "SpectralComplexity": 0.8656716417910447, "OddToEvenHarmonicEnergyRatio": 0.3942312937983343, "Dissonance": 0.8234515885848055, "PitchSalience": 0.7057352909759452, "HNR": 0.5944653470147183}