{
    "duration": 0.08163265138864517,
    "lossless": 1.0,
    "codec": "pcm_f32le",
    "bitrate": 1411200.0,
    "samplerate": 44100.0,
    "channels": 1.0,
    "audio_md5": "78e197f70cf7a2461e47c48159f53101",
    "loudness": -18.755815505981445,
    "dynamic_range": 0.0,
    "temporal_centroid": 0.6119112372398376,
    "log_attack_time": -1.2600852251052856,
    "filesize": 14458,
    "single_event": false,
    "tonality": "D minor",
    "tonality_confidence": 0.386620432138443,
    "loop": false,
    "tempo": 0,
    "tempo_confidence": 0.0,
    "note_midi": 38,
    "note_name": "D2",
    "note_frequency": 73.42889404296875,
    "note_confidence": 0.8983731269836426,
    "hardness": 73.88010480764919,
    "depth": 14.701871390964847,
    "brightness": 63.15332591257639,
    "roughness": 70.80183395853985,
    "warmth": 33.69954667761296,
    "sharpness": 51.36422242882463,
    "boominess": 8.241581664525011,
    "reverb": false
}