{
    "duration": 0.08163265138864517,
    "lossless": 1.0,
    "codec": "pcm_f32le",
    "bitrate": 1411200.0,
    "samplerate": 44100.0,
    "channels": 1.0,
    "audio_md5": "1caded13b71717b6d67ac2c0a5ec1b4c",
    "loudness": -13.022981643676758,
    "dynamic_range": 0.0,
    "temporal_centroid": 0.5858094692230225,
    "log_attack_time": -1.2945785522460938,
    "filesize": 14458,
    "single_event": false,
    "tonality": "D major",
    "tonality_confidence": 0.7502726316452026,
    "loop": false,
    "tempo": 0,
    "tempo_confidence": 0.0,
    "note_midi": 38,
    "note_name": "D2",
    "note_frequency": 73.44178009033203,
    "note_confidence": 0.9390537738800049,
    "hardness": 31.628874998840473,
    "depth": 56.85651923153572,
    "brightness": 25.682218273769337,
    "roughness": 44.78553485034231,
    "warmth": 70.32473350880448,
    "sharpness": 5.364306287860575,
    "boominess": 45.343105069903345,
    "reverb": false
}