{
    "duration": 0.08163265138864517,
    "lossless": 1.0,
    "codec": "pcm_f32le",
    "bitrate": 1411200.0,
    "samplerate": 44100.0,
    "channels": 1.0,
    "audio_md5": "a9c4a6fcb957e8d6dab04e4689b076a1",
    "loudness": -13.039997100830078,
    "dynamic_range": 0.0,
    "temporal_centroid": 0.5768663883209229,
    "log_attack_time": -1.3877208232879639,
    "filesize": 14458,
    "single_event": false,
    "tonality": "G# major",
    "tonality_confidence": 0.703335165977478,
    "loop": false,
    "tempo": 0,
    "tempo_confidence": 0.0,
    "note_midi": 38,
    "note_name": "D2",
    "note_frequency": 73.44861602783203,
    "note_confidence": 0.9863530397415161,
    "hardness": 23.05359491761203,
    "depth": 54.89083832174394,
    "brightness": 28.64554118541126,
    "roughness": 0,
    "warmth": 47.689339406800926,
    "sharpness": 14.047004609023098,
    "boominess": 60.8038365948277,
    "reverb": false
}