{"duration": 0.08163265138864517, "lossless": 1.0, "codec": "pcm_f32le", "bitrate": 1411200.0, "samplerate": 44100.0, "channels": 1.0, "audio_md5": "8ed44ebfc98dad442388b8c3d565847d", "loudness": -13.469419479370117, "dynamic_range": 0.0, "temporal_centroid": 0.569078803062439, "log_attack_time": -1.4680578708648682, "filesize": 14458, "single_event": false, "tonality": "D major", "tonality_confidence": 0.5687852501869202, "loop": false, "tempo": 0, "tempo_confidence": 0.0, "note_midi": 38, "note_name": "D2", "note_frequency": 73.45953369140625, "note_confidence": 0.9714064598083496, "hardness": 32.681708001621175, "depth": 63.41356249478561, "brightness": 35.93765808902674, "roughness": 45.53942969665028, "warmth": 61.82058402482544, "sharpness": 17.519945094557137, "boominess": 49.894003919587675, "reverb": false, "name": "AKWF_0061.wav", "SpectralCentroid": 0.1186575427015171, "SpectralSpread": 0.11953414787962273, "SpectralKurtosis": 0.7111189312152325, "ZeroCrossingRate": 0.2330271804613616, "SpectralComplexity": 0.9253731343283582, "OddToEvenHarmonicEnergyRatio": 0.7863921357429338, "Dissonance": 0.9120166283409994, "PitchSalience": 0.2118023012769479, "HNR": 0.0}