{"duration": 0.08163265138864517, "lossless": 1.0, "codec": "pcm_f32le", "bitrate": 1411200.0, "samplerate": 44100.0, "channels": 1.0, "audio_md5": "852b701504463283eaa76247d365ca4d", "loudness": -13.355427742004395, "dynamic_range": 0.0, "temporal_centroid": 0.5823508501052856, "log_attack_time": -1.3519610166549683, "filesize": 14458, "single_event": false, "tonality": "D major", "tonality_confidence": 0.7812345623970032, "loop": false, "tempo": 0, "tempo_confidence": 0.0, "note_midi": 50, "note_name": "D3", "note_frequency": 146.75201416015625, "note_confidence": 0.9175805449485779, "hardness": 30.221158334884322, "depth": 60.79709513575708, "brightness": 30.206124940978135, "roughness": 45.65599055493328, "warmth": 71.75258558345044, "sharpness": 2.2009755139498637, "boominess": 52.19203953948859, "reverb": false, "name": "AKWF_eorgan_0038.wav", "SpectralCentroid": 0.08142577267212318, "SpectralSpread": 0.027671263444409275, "SpectralKurtosis": 0.8007312852853445, "ZeroCrossingRate": 0.4252420033405892, "SpectralComplexity": 0.6865671641791045, "OddToEvenHarmonicEnergyRatio": 0.017417480916536974, "Dissonance": 0.6170556901800129, "PitchSalience": 0.24501109103564658, "HNR": 0.8480788966364449}