{"duration": 0.08163265138864517, "lossless": 1.0, "codec": "pcm_f32le", "bitrate": 1411200.0, "samplerate": 44100.0, "channels": 1.0, "audio_md5": "46097c7aea7f01e657f3dc913b0abcad", "loudness": -11.574201583862305, "dynamic_range": 0.0, "temporal_centroid": 0.5678870677947998, "log_attack_time": -1.522222638130188, "filesize": 14458, "single_event": false, "tonality": "B major", "tonality_confidence": 0.5760765671730042, "loop": false, "tempo": 0, "tempo_confidence": 0.0, "note_midi": 38, "note_name": "D2", "note_frequency": 73.44276428222656, "note_confidence": 0.9841055274009705, "hardness": 30.78772539602835, "depth": 54.54363033296501, "brightness": 35.13415005287199, "roughness": 32.66008906380874, "warmth": 66.44837994001377, "sharpness": 9.76699469341726, "boominess": 49.881480662121945, "reverb": false, "name": "AKWF_rAsymSqu_08.wav", "SpectralCentroid": 0.0693732396293701, "SpectralSpread": 0.015794759470688133, "SpectralKurtosis": 0.7516130226090493, "ZeroCrossingRate": 0.2330271804613616, "SpectralComplexity": 0.4925373134328358, "OddToEvenHarmonicEnergyRatio": 0.7776896507940286, "Dissonance": 0.9906566234163311, "PitchSalience": 0.2939842863297424, "HNR": 0.0}