{
    "duration": 0.08163265138864517,
    "lossless": 1.0,
    "codec": "pcm_f32le",
    "bitrate": 1411200.0,
    "samplerate": 44100.0,
    "channels": 1.0,
    "audio_md5": "5f0c544b6376f9cad7137a4b50b035f4",
    "loudness": -19.706340789794922,
    "dynamic_range": 0.0,
    "temporal_centroid": 0.6193843483924866,
    "log_attack_time": -1.2531505823135376,
    "filesize": 14458,
    "single_event": false,
    "tonality": "D major",
    "tonality_confidence": 0.8459340929985046,
    "loop": false,
    "tempo": 0,
    "tempo_confidence": 0.0,
    "note_midi": 38,
    "note_name": "D2",
    "note_frequency": 73.43104553222656,
    "note_confidence": 0.9915681481361389,
    "hardness": 43.89507806934577,
    "depth": 61.23223969662724,
    "brightness": 38.53177795161076,
    "roughness": 51.31254767648218,
    "warmth": 68.93667574957308,
    "sharpness": 20.2609191175844,
    "boominess": 46.59713654353018,
    "reverb": false
}