{
    "duration": 0.08163265138864517,
    "lossless": 1.0,
    "codec": "pcm_f32le",
    "bitrate": 1411200.0,
    "samplerate": 44100.0,
    "channels": 1.0,
    "audio_md5": "b30f4ec10c2e4a5533513a48dac8ba0f",
    "loudness": -17.253332138061523,
    "dynamic_range": 0.0,
    "temporal_centroid": 0.593868613243103,
    "log_attack_time": -1.2590110301971436,
    "filesize": 14458,
    "single_event": false,
    "tonality": "D major",
    "tonality_confidence": 0.8375579714775085,
    "loop": false,
    "tempo": 0,
    "tempo_confidence": 0.0,
    "note_midi": 38,
    "note_name": "D2",
    "note_frequency": 73.42999267578125,
    "note_confidence": 0.9794490933418274,
    "hardness": 50.04523719569272,
    "depth": 51.173192831769164,
    "brightness": 46.59600472037161,
    "roughness": 58.12011187865497,
    "warmth": 61.038104422855675,
    "sharpness": 22.58559357370218,
    "boominess": 33.13338799983727,
    "reverb": false
}