{
    "duration": 0.08163265138864517,
    "lossless": 1.0,
    "codec": "pcm_f32le",
    "bitrate": 1411200.0,
    "samplerate": 44100.0,
    "channels": 1.0,
    "audio_md5": "fcc348d4b565d194e3dbb95d6539525e",
    "loudness": -15.055209159851074,
    "dynamic_range": 0.0,
    "temporal_centroid": 0.5902836322784424,
    "log_attack_time": -1.2664042711257935,
    "filesize": 14458,
    "single_event": false,
    "tonality": "D major",
    "tonality_confidence": 0.8075711131095886,
    "loop": false,
    "tempo": 0,
    "tempo_confidence": 0.0,
    "note_midi": 38,
    "note_name": "D2",
    "note_frequency": 73.42839813232422,
    "note_confidence": 0.9952362775802612,
    "hardness": 69.39973642216424,
    "depth": 54.341227113785614,
    "brightness": 57.32440566574801,
    "roughness": 66.50955191279338,
    "warmth": 52.019988657594055,
    "sharpness": 49.35509720903027,
    "boominess": 35.63975545850185,
    "reverb": false
}