{
    "duration": 0.08163265138864517,
    "lossless": 1.0,
    "codec": "pcm_f32le",
    "bitrate": 1411200.0,
    "samplerate": 44100.0,
    "channels": 1.0,
    "audio_md5": "c5da2c0c6a7ea0c823f62bf7c53a8493",
    "loudness": -14.07634162902832,
    "dynamic_range": 0.0,
    "temporal_centroid": 0.5831332802772522,
    "log_attack_time": -1.3550726175308228,
    "filesize": 14458,
    "single_event": false,
    "tonality": "D major",
    "tonality_confidence": 0.7484796643257141,
    "loop": false,
    "tempo": 0,
    "tempo_confidence": 0.0,
    "note_midi": 38,
    "note_name": "D2",
    "note_frequency": 73.42839813232422,
    "note_confidence": 0.953283429145813,
    "hardness": 73.55767995661992,
    "depth": 53.959763537371195,
    "brightness": 56.95126405449135,
    "roughness": 62.433573710418386,
    "warmth": 52.06810105502299,
    "sharpness": 49.03860628169133,
    "boominess": 31.987090795393318,
    "reverb": false
}