{
    "duration": 0.08163265138864517,
    "lossless": 1.0,
    "codec": "pcm_f32le",
    "bitrate": 1411200.0,
    "samplerate": 44100.0,
    "channels": 1.0,
    "audio_md5": "d3210ba913d7dd7ac99298d7d327b85a",
    "loudness": -13.979836463928223,
    "dynamic_range": 0.0,
    "temporal_centroid": 0.5812544822692871,
    "log_attack_time": -1.3111928701400757,
    "filesize": 14458,
    "single_event": false,
    "tonality": "D major",
    "tonality_confidence": 0.5754404664039612,
    "loop": false,
    "tempo": 0,
    "tempo_confidence": 0.0,
    "note_midi": 38,
    "note_name": "D2",
    "note_frequency": 73.43348693847656,
    "note_confidence": 0.9686959385871887,
    "hardness": 53.25653731905797,
    "depth": 54.73303821500876,
    "brightness": 47.41247887692208,
    "roughness": 46.41097135874151,
    "warmth": 49.71265884090791,
    "sharpness": 45.18057109955234,
    "boominess": 47.66030450208745,
    "reverb": false
}