{"duration": 0.08163265138864517, "lossless": 1.0, "codec": "pcm_f32le", "bitrate": 1411200.0, "samplerate": 44100.0, "channels": 1.0, "audio_md5": "cf337ed7be6abef651573d35b042fbbc", "loudness": -10.651147842407227, "dynamic_range": 0.0, "temporal_centroid": 0.5747401714324951, "log_attack_time": -1.4056400060653687, "filesize": 14458, "single_event": false, "tonality": "D major", "tonality_confidence": 0.7600166201591492, "loop": false, "tempo": 0, "tempo_confidence": 0.0, "note_midi": 38, "note_name": "D2", "note_frequency": 73.4288558959961, "note_confidence": 0.9764921069145203, "hardness": 67.88320400345063, "depth": 55.35078310412682, "brightness": 52.24531137684239, "roughness": 62.83128190695237, "warmth": 56.17130339981425, "sharpness": 44.54746792164511, "boominess": 34.125067483696995, "reverb": false, "name": "AKWF_0567.wav", "SpectralCentroid": 0.6878107038887402, "SpectralSpread": 0.785982226320116, "SpectralKurtosis": 0.4859917471854609, "ZeroCrossingRate": 0.5688738575398764, "SpectralComplexity": 1.0, "OddToEvenHarmonicEnergyRatio": 0.46464351475184995, "Dissonance": 0.9595010943383235, "PitchSalience": 0.6956707322363719, "HNR": 0.1367037196965523}