{
    "duration": 0.08163265138864517,
    "lossless": 1.0,
    "codec": "pcm_f32le",
    "bitrate": 1411200.0,
    "samplerate": 44100.0,
    "channels": 1.0,
    "audio_md5": "e9acf97c88fe762db015a1184a0eab6f",
    "loudness": -16.476104736328125,
    "dynamic_range": 0.0,
    "temporal_centroid": 0.6098537445068359,
    "log_attack_time": -1.241146445274353,
    "filesize": 14458,
    "single_event": false,
    "tonality": "D major",
    "tonality_confidence": 0.8243384957313538,
    "loop": false,
    "tempo": 0,
    "tempo_confidence": 0.0,
    "note_midi": 38,
    "note_name": "D2",
    "note_frequency": 73.43514251708984,
    "note_confidence": 0.9825793504714966,
    "hardness": 30.997521615279297,
    "depth": 58.09544659514437,
    "brightness": 25.750181368918806,
    "roughness": 48.986894259557396,
    "warmth": 65.8095966262874,
    "sharpness": 0.0,
    "boominess": 50.464513181293526,
    "reverb": false
}