{
    "duration": 0.08163265138864517,
    "lossless": 1.0,
    "codec": "pcm_f32le",
    "bitrate": 1411200.0,
    "samplerate": 44100.0,
    "channels": 1.0,
    "audio_md5": "22e0786b2f2f8f08f9ab2033d0f0cfd2",
    "loudness": -13.968475341796875,
    "dynamic_range": 0.0,
    "temporal_centroid": 0.5858643054962158,
    "log_attack_time": -1.278576374053955,
    "filesize": 14458,
    "single_event": false,
    "tonality": "D major",
    "tonality_confidence": 0.8405736088752747,
    "loop": false,
    "tempo": 0,
    "tempo_confidence": 0.0,
    "note_midi": 50,
    "note_name": "D3",
    "note_frequency": 146.88401794433594,
    "note_confidence": 0.997940182685852,
    "hardness": 28.66846194128466,
    "depth": 55.76856718562436,
    "brightness": 34.137416189842114,
    "roughness": 44.61732190417776,
    "warmth": 70.1700384142985,
    "sharpness": 7.181144145830846,
    "boominess": 48.98080638619473,
    "reverb": false
}