{"duration": 0.08163265138864517, "lossless": 1.0, "codec": "pcm_f32le", "bitrate": 1411200.0, "samplerate": 44100.0, "channels": 1.0, "audio_md5": "b49e4b0b1185ac2b7c90d0783841eb05", "loudness": -26.45034408569336, "dynamic_range": 0.0, "temporal_centroid": 0.6317178606987, "log_attack_time": -1.212913990020752, "filesize": 14458, "single_event": false, "tonality": "E minor", "tonality_confidence": 0.36919447779655457, "loop": false, "tempo": 0, "tempo_confidence": 0.0, "note_midi": 38, "note_name": "D2", "note_frequency": 73.42837524414062, "note_confidence": 0.9989363551139832, "hardness": 78.07018685992537, "depth": 30.014282057602813, "brightness": 82.42283179726182, "roughness": 83.40132527032064, "warmth": 20.17771351949955, "sharpness": 72.8819405603505, "boominess": 10.52338805699511, "reverb": false, "name": "AKWF_0029.wav", "SpectralCentroid": 0.9567831872332736, "SpectralSpread": 0.8137261611845478, "SpectralKurtosis": 0.2181967666858497, "ZeroCrossingRate": 0.999742925937685, "SpectralComplexity": 0.9701492537313433, "OddToEvenHarmonicEnergyRatio": 0.26513648583628435, "Dissonance": 0.9958777783677525, "PitchSalience": 0.9662072556055848, "HNR": 0.0}