{
    "duration": 0.08163265138864517,
    "lossless": 1.0,
    "codec": "pcm_f32le",
    "bitrate": 1411200.0,
    "samplerate": 44100.0,
    "channels": 1.0,
    "audio_md5": "eade75fc95b8f828fb679b51c4f5774e",
    "loudness": -12.053900718688965,
    "dynamic_range": 0.0,
    "temporal_centroid": 0.5680168271064758,
    "log_attack_time": -1.5225505828857422,
    "filesize": 14458,
    "single_event": false,
    "tonality": "D major",
    "tonality_confidence": 0.545693039894104,
    "loop": false,
    "tempo": 0,
    "tempo_confidence": 0.0,
    "note_midi": 38,
    "note_name": "D2",
    "note_frequency": 73.42839813232422,
    "note_confidence": 0.9855657815933228,
    "hardness": 61.501302170149444,
    "depth": 61.80108201300193,
    "brightness": 54.92226719451737,
    "roughness": 58.35589373702059,
    "warmth": 52.49008895730845,
    "sharpness": 47.49716237891633,
    "boominess": 36.715156347319464,
    "reverb": false
}