{
    "duration": 0.08163265138864517,
    "lossless": 1.0,
    "codec": "pcm_f32le",
    "bitrate": 1411200.0,
    "samplerate": 44100.0,
    "channels": 1.0,
    "audio_md5": "25f895aed976ce71cb4fd66ae5dd01c4",
    "loudness": -12.416729927062988,
    "dynamic_range": 0.0,
    "temporal_centroid": 0.5769537687301636,
    "log_attack_time": -1.4004089832305908,
    "filesize": 14458,
    "single_event": false,
    "tonality": "D# minor",
    "tonality_confidence": 0.7407392859458923,
    "loop": false,
    "tempo": 0,
    "tempo_confidence": 0.0,
    "note_midi": 38,
    "note_name": "D2",
    "note_frequency": 73.42839813232422,
    "note_confidence": 0.9871538877487183,
    "hardness": 66.19531865997911,
    "depth": 63.1679715369573,
    "brightness": 61.13432465978908,
    "roughness": 47.480387061515,
    "warmth": 42.2481344194236,
    "sharpness": 51.500663924081074,
    "boominess": 41.591835637059305,
    "reverb": false
}