{"duration": 0.08163265138864517, "lossless": 1.0, "codec": "pcm_f32le", "bitrate": 1411200.0, "samplerate": 44100.0, "channels": 1.0, "audio_md5": "54e6709e3b528cf87ffe2b10476175a1", "loudness": -12.147869110107422, "dynamic_range": 0.0, "temporal_centroid": 0.5823827385902405, "log_attack_time": -1.3199503421783447, "filesize": 14458, "single_event": false, "tonality": "D minor", "tonality_confidence": 0.721561074256897, "loop": false, "tempo": 0, "tempo_confidence": 0.0, "note_midi": 38, "note_name": "D2", "note_frequency": 73.4294662475586, "note_confidence": 0.9577628970146179, "hardness": 50.58184296789801, "depth": 34.21993969337308, "brightness": 47.81147344589837, "roughness": 55.90618098769716, "warmth": 46.60610486863493, "sharpness": 27.16210227119864, "boominess": 24.498192868090854, "reverb": false, "name": "AKWF_birds_0004.wav", "SpectralCentroid": 0.2514865317733664, "SpectralSpread": 0.06145135096724769, "SpectralKurtosis": 0.7456683991043684, "ZeroCrossingRate": 0.8961703981297011, "SpectralComplexity": 0.9253731343283582, "OddToEvenHarmonicEnergyRatio": 0.19805709513980507, "Dissonance": 0.9936148524262453, "PitchSalience": 0.5699376698900009, "HNR": 0.7911219193202}