{"duration": 0.08163265138864517, "lossless": 1.0, "codec": "pcm_f32le", "bitrate": 1411200.0, "samplerate": 44100.0, "channels": 1.0, "audio_md5": "d2882b25ccd932296b28ca98f2d41852", "loudness": -15.475774765014648, "dynamic_range": 0.0, "temporal_centroid": 0.6011948585510254, "log_attack_time": -1.208116888999939, "filesize": 14458, "single_event": false, "tonality": "D minor", "tonality_confidence": 0.8040223121643066, "loop": false, "tempo": 0, "tempo_confidence": 0.0, "note_midi": 38, "note_name": "D2", "note_frequency": 73.44003295898438, "note_confidence": 0.9015200138092041, "hardness": 38.66006085011571, "depth": 49.56703792415882, "brightness": 27.27288452253525, "roughness": 36.63850693992166, "warmth": 60.48286466831405, "sharpness": 12.508544715660715, "boominess": 40.68793547304843, "reverb": false, "name": "AKWF_0705.wav", "SpectralCentroid": 0.09109075739055511, "SpectralSpread": 0.0022542367885490127, "SpectralKurtosis": 0.9372007446350702, "ZeroCrossingRate": 0.8170126056699671, "SpectralComplexity": 0.05970149253731343, "OddToEvenHarmonicEnergyRatio": 0.12350084829930286, "Dissonance": 0.8034415496134077, "PitchSalience": 0.586800571526819, "HNR": 0.030099903274567883}