{"duration": 0.08163265138864517, "lossless": 1.0, "codec": "pcm_f32le", "bitrate": 1411200.0, "samplerate": 44100.0, "channels": 1.0, "audio_md5": "c22bf84a9ea77c605d051016fe5d0ae5", "loudness": -12.616294860839844, "dynamic_range": 0.0, "temporal_centroid": 0.5753951072692871, "log_attack_time": -1.3796207904815674, "filesize": 14458, "single_event": false, "tonality": "D major", "tonality_confidence": 0.4240736961364746, "loop": false, "tempo": 0, "tempo_confidence": 0.0, "note_midi": 38, "note_name": "D2", "note_frequency": 73.428466796875, "note_confidence": 0.953135073184967, "hardness": 28.101839894811093, "depth": 61.56740757787263, "brightness": 30.775131739029064, "roughness": 43.13141706026988, "warmth": 66.833942386771, "sharpness": 2.57782876065054, "boominess": 48.6093142943177, "reverb": false, "name": "AKWF_fmsynth_0037.wav", "SpectralCentroid": 0.06322460110246994, "SpectralSpread": 0.031076682308302798, "SpectralKurtosis": 0.7886823713606129, "ZeroCrossingRate": 0.2330271804613616, "SpectralComplexity": 0.40298507462686567, "OddToEvenHarmonicEnergyRatio": 0.6539689962172417, "Dissonance": 0.976684116952704, "PitchSalience": 0.40442177529578754, "HNR": 0.0}