{
    "duration": 0.08163265138864517,
    "lossless": 1.0,
    "codec": "pcm_f32le",
    "bitrate": 1411200.0,
    "samplerate": 44100.0,
    "channels": 1.0,
    "audio_md5": "b9dbb7a18b58859dd5988554f8430617",
    "loudness": -13.483120918273926,
    "dynamic_range": 0.0,
    "temporal_centroid": 0.583854615688324,
    "log_attack_time": -1.320980191230774,
    "filesize": 14458,
    "single_event": false,
    "tonality": "D major",
    "tonality_confidence": 0.7293832302093506,
    "loop": false,
    "tempo": 0,
    "tempo_confidence": 0.0,
    "note_midi": 50,
    "note_name": "D3",
    "note_frequency": 146.9027862548828,
    "note_confidence": 0.9919891357421875,
    "hardness": 49.67590722972716,
    "depth": 50.46751762929408,
    "brightness": 46.334876879421856,
    "roughness": 51.05873644192684,
    "warmth": 60.30866825724056,
    "sharpness": 32.59294621305756,
    "boominess": 32.169435444343385,
    "reverb": false
}