{"duration": 0.08163265138864517, "lossless": 1.0, "codec": "pcm_f32le", "bitrate": 1411200.0, "samplerate": 44100.0, "channels": 1.0, "audio_md5": "5c59cc949f8e1bcda8797f81cc553fdb", "loudness": -10.072507858276367, "dynamic_range": 0.0, "temporal_centroid": 0.5547672510147095, "log_attack_time": -1.655434012413025, "filesize": 14458, "single_event": false, "tonality": "A major", "tonality_confidence": 0.33592090010643005, "loop": false, "tempo": 0, "tempo_confidence": 0.0, "note_midi": 38, "note_name": "D2", "note_frequency": 73.4358139038086, "note_confidence": 0.9665704369544983, "hardness": 50.474278465346686, "depth": 61.738627596276714, "brightness": 45.76233629513146, "roughness": 44.125892709823646, "warmth": 62.117446211856034, "sharpness": 29.276508616890883, "boominess": 40.83938344601972, "reverb": false, "name": "AKWF_rSymSqu_18.wav", "SpectralCentroid": 0.200409628899115, "SpectralSpread": 0.08310367885623947, "SpectralKurtosis": 0.6480484306073113, "ZeroCrossingRate": 0.2330271804613616, "SpectralComplexity": 0.47761194029850745, "OddToEvenHarmonicEnergyRatio": 0.04810916509424734, "Dissonance": 0.9956998863942034, "PitchSalience": 0.46226069834263306, "HNR": 0.0}