{"duration": 0.08163265138864517, "lossless": 1.0, "codec": "pcm_f32le", "bitrate": 1411200.0, "samplerate": 44100.0, "channels": 1.0, "audio_md5": "9016af150b72b3303a2452fdd5832ea7", "loudness": -13.630380630493164, "dynamic_range": 0.0, "temporal_centroid": 0.5896639823913574, "log_attack_time": -1.2660406827926636, "filesize": 14458, "single_event": false, "tonality": "D major", "tonality_confidence": 0.9200714230537415, "loop": false, "tempo": 0, "tempo_confidence": 0.0, "note_midi": 38, "note_name": "D2", "note_frequency": 73.42876434326172, "note_confidence": 0.9640308022499084, "hardness": 68.88197103277679, "depth": 46.68111913244404, "brightness": 54.32998925112584, "roughness": 66.18335903225746, "warmth": 54.084009938953905, "sharpness": 47.55608754817578, "boominess": 32.468666358328676, "reverb": false, "name": "AKWF_0864.wav", "SpectralCentroid": 0.7754792329846446, "SpectralSpread": 0.8631014036281812, "SpectralKurtosis": 0.44094951182669, "ZeroCrossingRate": 0.6763055068286788, "SpectralComplexity": 1.0, "OddToEvenHarmonicEnergyRatio": 0.14133077989132134, "Dissonance": 0.9597655618643954, "PitchSalience": 0.6307032362008906, "HNR": 0.3154479086786527}