{
    "duration": 0.08163265138864517,
    "lossless": 1.0,
    "codec": "pcm_f32le",
    "bitrate": 1411200.0,
    "samplerate": 44100.0,
    "channels": 1.0,
    "audio_md5": "daafce013707833e0b539c2fde89c8d9",
    "loudness": -11.664474487304688,
    "dynamic_range": 0.0,
    "temporal_centroid": 0.5558044910430908,
    "log_attack_time": -1.6567723751068115,
    "filesize": 14458,
    "single_event": false,
    "tonality": "D major",
    "tonality_confidence": 0.9299297332763672,
    "loop": false,
    "tempo": 0,
    "tempo_confidence": 0.0,
    "note_midi": 38,
    "note_name": "D2",
    "note_frequency": 73.42839813232422,
    "note_confidence": 0.9453517198562622,
    "hardness": 70.628454406385,
    "depth": 64.78873779604615,
    "brightness": 55.12925882338831,
    "roughness": 60.259419200196355,
    "warmth": 52.734198287992484,
    "sharpness": 48.461218741804316,
    "boominess": 36.574653947931765,
    "reverb": false
}