{"duration": 0.08163265138864517, "lossless": 1.0, "codec": "pcm_f32le", "bitrate": 1411200.0, "samplerate": 44100.0, "channels": 1.0, "audio_md5": "d871090c7ab59701e97f99a8de738872", "loudness": -12.878194808959961, "dynamic_range": 0.0, "temporal_centroid": 0.5740285515785217, "log_attack_time": -1.3772668838500977, "filesize": 14458, "single_event": false, "tonality": "D major", "tonality_confidence": 0.7209902405738831, "loop": false, "tempo": 0, "tempo_confidence": 0.0, "note_midi": 38, "note_name": "D2", "note_frequency": 73.42839813232422, "note_confidence": 0.9913927316665649, "hardness": 35.97784917948944, "depth": 62.54269387550963, "brightness": 39.88898226236202, "roughness": 51.295908035622354, "warmth": 65.36534319767738, "sharpness": 21.46956488026772, "boominess": 45.923963709969826, "reverb": false, "name": "AKWF_1855.wav", "SpectralCentroid": 0.1398281752917353, "SpectralSpread": 0.04619607963261358, "SpectralKurtosis": 0.6682355801283185, "ZeroCrossingRate": 0.2330271804613616, "SpectralComplexity": 1.0, "OddToEvenHarmonicEnergyRatio": 0.703447097435316, "Dissonance": 0.9414609226984615, "PitchSalience": 0.3600990025827673, "HNR": 0.0}