{
    "duration": 0.08163265138864517,
    "lossless": 1.0,
    "codec": "pcm_f32le",
    "bitrate": 1411200.0,
    "samplerate": 44100.0,
    "channels": 1.0,
    "audio_md5": "84629f8cb7a366be87275c605bda911f",
    "loudness": -15.37044906616211,
    "dynamic_range": 0.0,
    "temporal_centroid": 0.5846791863441467,
    "log_attack_time": -1.2684093713760376,
    "filesize": 14458,
    "single_event": false,
    "tonality": "D major",
    "tonality_confidence": 0.4790443480014801,
    "loop": false,
    "tempo": 0,
    "tempo_confidence": 0.0,
    "note_midi": 38,
    "note_name": "D2",
    "note_frequency": 73.43186950683594,
    "note_confidence": 0.9333270788192749,
    "hardness": 60.83783247581084,
    "depth": 60.13658116182682,
    "brightness": 48.208605145904954,
    "roughness": 58.8062927554417,
    "warmth": 58.887250486742545,
    "sharpness": 43.531112865658805,
    "boominess": 42.039348837350396,
    "reverb": false
}