{
    "duration": 0.08163265138864517,
    "lossless": 1.0,
    "codec": "pcm_f32le",
    "bitrate": 1411200.0,
    "samplerate": 44100.0,
    "channels": 1.0,
    "audio_md5": "3260ea005a5e08c353f71568922d9133",
    "loudness": -16.047096252441406,
    "dynamic_range": 0.0,
    "temporal_centroid": 0.5900927782058716,
    "log_attack_time": -1.2704238891601562,
    "filesize": 14458,
    "single_event": false,
    "tonality": "D major",
    "tonality_confidence": 0.8680806756019592,
    "loop": false,
    "tempo": 0,
    "tempo_confidence": 0.0,
    "note_midi": 38,
    "note_name": "D2",
    "note_frequency": 73.44813537597656,
    "note_confidence": 0.8665564060211182,
    "hardness": 49.23494060161741,
    "depth": 57.44262145293028,
    "brightness": 43.211152865213634,
    "roughness": 52.980524482591036,
    "warmth": 63.07917496350753,
    "sharpness": 26.678468957753104,
    "boominess": 41.16364643254383,
    "reverb": false
}