{"duration": 0.08163265138864517, "lossless": 1.0, "codec": "pcm_f32le", "bitrate": 1411200.0, "samplerate": 44100.0, "channels": 1.0, "audio_md5": "4fcb8c3e71cd4ae8eda2a22585d43cdf", "loudness": -15.743929862976074, "dynamic_range": 0.0, "temporal_centroid": 0.6001377105712891, "log_attack_time": -1.204474687576294, "filesize": 14458, "single_event": false, "tonality": "D major", "tonality_confidence": 0.746773362159729, "loop": false, "tempo": 0, "tempo_confidence": 0.0, "note_midi": 38, "note_name": "D2", "note_frequency": 73.43637084960938, "note_confidence": 0.947594940662384, "hardness": 47.05388666357524, "depth": 56.86415020530084, "brightness": 43.279647901739374, "roughness": 53.007489141274306, "warmth": 64.55197118491604, "sharpness": 24.173477167270377, "boominess": 37.00620531362071, "reverb": false, "name": "AKWF_linear_0015.wav", "SpectralCentroid": 0.19931156407413358, "SpectralSpread": 0.1267127998471438, "SpectralKurtosis": 0.694175931463588, "ZeroCrossingRate": 0.6763055068286788, "SpectralComplexity": 0.8805970149253731, "OddToEvenHarmonicEnergyRatio": 0.44163887985706873, "Dissonance": 0.8440961745713234, "PitchSalience": 0.629644172704414, "HNR": 0.0}