{
    "duration": 0.08163265138864517,
    "lossless": 1.0,
    "codec": "pcm_f32le",
    "bitrate": 1411200.0,
    "samplerate": 44100.0,
    "channels": 1.0,
    "audio_md5": "a532fbaac56d0e59863bfdf8d27c9070",
    "loudness": -12.833183288574219,
    "dynamic_range": 0.0,
    "temporal_centroid": 0.5837692618370056,
    "log_attack_time": -1.3093820810317993,
    "filesize": 14458,
    "single_event": false,
    "tonality": "D major",
    "tonality_confidence": 0.7932749390602112,
    "loop": false,
    "tempo": 0,
    "tempo_confidence": 0.0,
    "note_midi": 38,
    "note_name": "D2",
    "note_frequency": 73.42839813232422,
    "note_confidence": 0.9393596649169922,
    "hardness": 83.58058859752163,
    "depth": 54.56401552483952,
    "brightness": 61.038160949382295,
    "roughness": 74.67056882460508,
    "warmth": 49.54500840628479,
    "sharpness": 51.9243129219803,
    "boominess": 30.67565065775959,
    "reverb": false
}