{"duration": 0.08163265138864517, "lossless": 1.0, "codec": "pcm_f32le", "bitrate": 1411200.0, "samplerate": 44100.0, "channels": 1.0, "audio_md5": "a6018d435ec1d99693863768ffbbabef", "loudness": -11.40805721282959, "dynamic_range": 0.0, "temporal_centroid": 0.5787061452865601, "log_attack_time": -1.381750226020813, "filesize": 14458, "single_event": false, "tonality": "D major", "tonality_confidence": 0.7494774460792542, "loop": false, "tempo": 0, "tempo_confidence": 0.0, "note_midi": 38, "note_name": "D2", "note_frequency": 73.4312515258789, "note_confidence": 0.9738566875457764, "hardness": 51.64391861041517, "depth": 56.45544537916723, "brightness": 45.364362602876696, "roughness": 55.25733173523111, "warmth": 63.66144430052283, "sharpness": 34.07287347654071, "boominess": 38.626766411898544, "reverb": false, "name": "AKWF_0606.wav", "SpectralCentroid": 0.3979887302848797, "SpectralSpread": 0.423090626947547, "SpectralKurtosis": 0.5924989689256905, "ZeroCrossingRate": 0.5688738575398764, "SpectralComplexity": 1.0, "OddToEvenHarmonicEnergyRatio": 0.3986398807518662, "Dissonance": 0.8882683780861595, "PitchSalience": 0.5725810339495899, "HNR": 0.522699022263754}