{"duration": 0.08163265138864517, "lossless": 1.0, "codec": "pcm_f32le", "bitrate": 1411200.0, "samplerate": 44100.0, "channels": 1.0, "audio_md5": "2a6d6ba7765bc492818d7cc51f38f3f4", "loudness": -16.73955726623535, "dynamic_range": 0.0, "temporal_centroid": 0.5930311679840088, "log_attack_time": -1.2664042711257935, "filesize": 14458, "single_event": false, "tonality": "D minor", "tonality_confidence": 0.7179926037788391, "loop": false, "tempo": 0, "tempo_confidence": 0.0, "note_midi": 38, "note_name": "D2", "note_frequency": 73.42839050292969, "note_confidence": 0.9943822622299194, "hardness": 31.274602879699955, "depth": 57.66991220349749, "brightness": 29.599767116970447, "roughness": 47.7439705814344, "warmth": 67.31752011190264, "sharpness": 0.4914992950827539, "boominess": 50.666584764820875, "reverb": false, "name": "AKWF_aguitar_0004.wav", "SpectralCentroid": 0.06875684647463393, "SpectralSpread": 0.026578720857746433, "SpectralKurtosis": 0.7954272679988857, "ZeroCrossingRate": 0.4252420033405892, "SpectralComplexity": 0.1791044776119403, "OddToEvenHarmonicEnergyRatio": 0.637064178847274, "Dissonance": 0.845959044147551, "PitchSalience": 0.3994537041855053, "HNR": 0.0}