{"duration": 0.08163265138864517, "lossless": 1.0, "codec": "pcm_f32le", "bitrate": 1411200.0, "samplerate": 44100.0, "channels": 1.0, "audio_md5": "1bf3a52dc17751f2a75b6ffece66c8c3", "loudness": -18.496606826782227, "dynamic_range": 0.0, "temporal_centroid": 0.590936005115509, "log_attack_time": -1.2815792560577393, "filesize": 14458, "single_event": false, "tonality": "D major", "tonality_confidence": 0.6044518351554871, "loop": false, "tempo": 0, "tempo_confidence": 0.0, "note_midi": 38, "note_name": "D2", "note_frequency": 73.4289779663086, "note_confidence": 0.9184103012084961, "hardness": 69.72462295436779, "depth": 33.149913109596376, "brightness": 62.76532498739621, "roughness": 67.81549756826145, "warmth": 40.85592411273228, "sharpness": 48.79128865893685, "boominess": 21.024036045721054, "reverb": false, "name": "AKWF_hvoice_0041.wav", "SpectralCentroid": 0.558169266585691, "SpectralSpread": 0.3186917656677267, "SpectralKurtosis": 0.5648711935674781, "ZeroCrossingRate": 0.9553159698341652, "SpectralComplexity": 0.9850746268656716, "OddToEvenHarmonicEnergyRatio": 0.33568057574548543, "Dissonance": 0.9941219065468331, "PitchSalience": 0.6886573062616055, "HNR": 0.6994135291852317}