{"duration": 0.08163265138864517, "lossless": 1.0, "codec": "pcm_f32le", "bitrate": 1411200.0, "samplerate": 44100.0, "channels": 1.0, "audio_md5": "6086470e380573d7162bc5b338700c6e", "loudness": -12.085575103759766, "dynamic_range": 0.0, "temporal_centroid": 0.5898568630218506, "log_attack_time": -1.3069792985916138, "filesize": 14458, "single_event": false, "tonality": "D major", "tonality_confidence": 0.8558852672576904, "loop": false, "tempo": 0, "tempo_confidence": 0.0, "note_midi": 38, "note_name": "D2", "note_frequency": 73.42860412597656, "note_confidence": 0.9775873422622681, "hardness": 64.04900428799564, "depth": 29.694263258302726, "brightness": 59.87952702409514, "roughness": 66.03000152681963, "warmth": 44.52596607505111, "sharpness": 41.536797150220735, "boominess": 19.26166765784753, "reverb": false, "name": "AKWF_fmsynth_0027.wav", "SpectralCentroid": 0.43998432724019726, "SpectralSpread": 0.15911501345157905, "SpectralKurtosis": 0.6343603999468208, "ZeroCrossingRate": 0.9216804862306207, "SpectralComplexity": 1.0, "OddToEvenHarmonicEnergyRatio": 0.2825465757590675, "Dissonance": 0.994959873288984, "PitchSalience": 0.8982123878913215, "HNR": 0.6918331739558935}