{"duration": 0.08163265138864517, "lossless": 1.0, "codec": "pcm_f32le", "bitrate": 1411200.0, "samplerate": 44100.0, "channels": 1.0, "audio_md5": "f8a1e7460451987511561119b99ff06f", "loudness": -15.250582695007324, "dynamic_range": 0.0, "temporal_centroid": 0.5845193862915039, "log_attack_time": -1.3148373365402222, "filesize": 14458, "single_event": false, "tonality": "D major", "tonality_confidence": 0.7894881963729858, "loop": false, "tempo": 0, "tempo_confidence": 0.0, "note_midi": 38, "note_name": "D2", "note_frequency": 73.4306869506836, "note_confidence": 0.977484941482544, "hardness": 53.97817815307232, "depth": 60.91209501948668, "brightness": 47.751416368364566, "roughness": 55.509075205755316, "warmth": 57.243271937578704, "sharpness": 37.951182674615296, "boominess": 40.35909480142049, "reverb": false, "name": "AKWF_0688.wav", "SpectralCentroid": 0.48866109876019365, "SpectralSpread": 0.6069255839237664, "SpectralKurtosis": 0.5525857943007647, "ZeroCrossingRate": 0.4252420033405892, "SpectralComplexity": 1.0, "OddToEvenHarmonicEnergyRatio": 0.4041352069065978, "Dissonance": 0.9711090744015857, "PitchSalience": 0.4302910902853315, "HNR": 0.0}