{"duration": 0.08163265138864517, "lossless": 1.0, "codec": "pcm_f32le", "bitrate": 1411200.0, "samplerate": 44100.0, "channels": 1.0, "audio_md5": "8c4e0f4067c1ae1e958e5e7ce77042ee", "loudness": -14.335617065429688, "dynamic_range": 0.0, "temporal_centroid": 0.5943843722343445, "log_attack_time": -1.2724477052688599, "filesize": 14458, "single_event": false, "tonality": "D major", "tonality_confidence": 0.7384679913520813, "loop": false, "tempo": 0, "tempo_confidence": 0.0, "note_midi": 38, "note_name": "D2", "note_frequency": 73.43267059326172, "note_confidence": 0.9479110836982727, "hardness": 59.79036745948321, "depth": 62.77183733761251, "brightness": 46.04837145224017, "roughness": 55.05653356908705, "warmth": 58.21600445159969, "sharpness": 44.35160826598188, "boominess": 45.771199265508756, "reverb": false, "name": "AKWF_vgame_0011.wav", "SpectralCentroid": 0.6032492064051521, "SpectralSpread": 0.7209301705030751, "SpectralKurtosis": 0.5001096980812351, "ZeroCrossingRate": 0.5688738575398764, "SpectralComplexity": 1.0, "OddToEvenHarmonicEnergyRatio": 0.25291968029304596, "Dissonance": 0.9244536769009132, "PitchSalience": 0.2917142765187093, "HNR": 0.0}