{"duration": 0.08163265138864517, "lossless": 1.0, "codec": "pcm_f32le", "bitrate": 1411200.0, "samplerate": 44100.0, "channels": 1.0, "audio_md5": "2aa3d44bc7d580ac4c97df5fc250702d", "loudness": -14.113995552062988, "dynamic_range": 0.0, "temporal_centroid": 0.5955379605293274, "log_attack_time": -1.2963285446166992, "filesize": 14458, "single_event": false, "tonality": "D major", "tonality_confidence": 0.8425450921058655, "loop": false, "tempo": 0, "tempo_confidence": 0.0, "note_midi": 38, "note_name": "D2", "note_frequency": 73.47151184082031, "note_confidence": 0.9380590915679932, "hardness": 31.380684376505386, "depth": 62.93681408740023, "brightness": 25.42495446994635, "roughness": 47.27359473166917, "warmth": 71.76030457422296, "sharpness": 2.78942156313715, "boominess": 53.539391356215944, "reverb": false, "name": "AKWF_ebass_0069.wav", "SpectralCentroid": 0.03994668171003529, "SpectralSpread": 0.003935400196771454, "SpectralKurtosis": 0.888487684945381, "ZeroCrossingRate": 0.4252420033405892, "SpectralComplexity": 0.3880597014925373, "OddToEvenHarmonicEnergyRatio": 0.28333227340396355, "Dissonance": 0.7046371091263324, "PitchSalience": 0.4486431966470234, "HNR": 0.0}