{"duration": 0.08163265138864517, "lossless": 1.0, "codec": "pcm_f32le", "bitrate": 1411200.0, "samplerate": 44100.0, "channels": 1.0, "audio_md5": "b3ae381cf3de5bfcf9dfdf5a500ab25c", "loudness": -15.825124740600586, "dynamic_range": 0.0, "temporal_centroid": 0.5984465479850769, "log_attack_time": -1.2647706270217896, "filesize": 14458, "single_event": false, "tonality": "D major", "tonality_confidence": 0.5339686870574951, "loop": false, "tempo": 0, "tempo_confidence": 0.0, "note_midi": 38, "note_name": "D2", "note_frequency": 73.43727111816406, "note_confidence": 0.9739591479301453, "hardness": 36.62718929223479, "depth": 60.64671319681069, "brightness": 31.426751142192206, "roughness": 46.64552871686893, "warmth": 66.93927490603423, "sharpness": 6.947482889212161, "boominess": 43.150368269779435, "reverb": false, "name": "AKWF_0037.wav", "SpectralCentroid": 0.05884002204940001, "SpectralSpread": 0.004542791143798787, "SpectralKurtosis": 0.8952895819231813, "ZeroCrossingRate": 0.4252420033405892, "SpectralComplexity": 0.22388059701492538, "OddToEvenHarmonicEnergyRatio": 0.0448499695182266, "Dissonance": 0.985848945134877, "PitchSalience": 0.5257052774758373, "HNR": 0.9015161324025913}