{"duration": 0.08163265138864517, "lossless": 1.0, "codec": "pcm_f32le", "bitrate": 1411200.0, "samplerate": 44100.0, "channels": 1.0, "audio_md5": "d9b19cb58947ecbd214eb99394147aac", "loudness": -12.557713508605957, "dynamic_range": 0.0, "temporal_centroid": 0.5767967104911804, "log_attack_time": -1.388683795928955, "filesize": 14458, "single_event": false, "tonality": "B major", "tonality_confidence": 0.6051679849624634, "loop": false, "tempo": 0, "tempo_confidence": 0.0, "note_midi": 38, "note_name": "D2", "note_frequency": 73.43038177490234, "note_confidence": 0.9912359714508057, "hardness": 47.36967028904991, "depth": 54.34297316928349, "brightness": 46.60647244703958, "roughness": 39.98097426555076, "warmth": 54.79583342725794, "sharpness": 37.84040541789281, "boominess": 43.351601023956434, "reverb": false, "name": "AKWF_0853.wav", "SpectralCentroid": 0.44157527439649447, "SpectralSpread": 0.5739005765287732, "SpectralKurtosis": 0.5640047702667517, "ZeroCrossingRate": 0.2330271804613616, "SpectralComplexity": 0.4925373134328358, "OddToEvenHarmonicEnergyRatio": 0.9191068942297277, "Dissonance": 0.9156095502389106, "PitchSalience": 0.28925405549836475, "HNR": 0.0}