{"duration": 0.08163265138864517, "lossless": 1.0, "codec": "pcm_f32le", "bitrate": 1411200.0, "samplerate": 44100.0, "channels": 1.0, "audio_md5": "52b33a2d0de1f961602c6162c927b803", "loudness": -16.649120330810547, "dynamic_range": 0.0, "temporal_centroid": 0.5915135145187378, "log_attack_time": -1.2658590078353882, "filesize": 14458, "single_event": false, "tonality": "D minor", "tonality_confidence": 0.9081124067306519, "loop": false, "tempo": 0, "tempo_confidence": 0.0, "note_midi": 38, "note_name": "D2", "note_frequency": 73.42842864990234, "note_confidence": 0.9786452054977417, "hardness": 42.45532381160896, "depth": 54.57846233998414, "brightness": 40.708064305183875, "roughness": 53.660256145742366, "warmth": 66.30608550536395, "sharpness": 17.121015624507915, "boominess": 38.872606584903465, "reverb": false, "name": "AKWF_cello_0018.wav", "SpectralCentroid": 0.1585967778487252, "SpectralSpread": 0.04464673688580246, "SpectralKurtosis": 0.7540421741335053, "ZeroCrossingRate": 0.5688738575398764, "SpectralComplexity": 0.7761194029850746, "OddToEvenHarmonicEnergyRatio": 0.3719179212499533, "Dissonance": 0.9999981036525984, "PitchSalience": 0.7044238202645857, "HNR": 0.0}