{"duration": 0.08163265138864517, "lossless": 1.0, "codec": "pcm_f32le", "bitrate": 1411200.0, "samplerate": 44100.0, "channels": 1.0, "audio_md5": "9f53ef9a699898defe44ec0edcc926c2", "loudness": -16.011388778686523, "dynamic_range": 0.0, "temporal_centroid": 0.5962488055229187, "log_attack_time": -1.275408387184143, "filesize": 14458, "single_event": false, "tonality": "D major", "tonality_confidence": 0.8535187244415283, "loop": false, "tempo": 0, "tempo_confidence": 0.0, "note_midi": 38, "note_name": "D2", "note_frequency": 73.43956756591797, "note_confidence": 0.8712669610977173, "hardness": 46.544454424408826, "depth": 48.16148553730183, "brightness": 41.3271780169803, "roughness": 54.248124815236984, "warmth": 69.96778568324063, "sharpness": 17.607398919589937, "boominess": 36.90847680433677, "reverb": false, "name": "AKWF_1212.wav", "SpectralCentroid": 0.1651463032987617, "SpectralSpread": 0.01368074486393999, "SpectralKurtosis": 0.7577731254184209, "ZeroCrossingRate": 0.8170126056699671, "SpectralComplexity": 0.582089552238806, "OddToEvenHarmonicEnergyRatio": 0.23969348180263328, "Dissonance": 0.899283822522889, "PitchSalience": 0.5194442674919972, "HNR": 0.0}