{"duration": 0.08163265138864517, "lossless": 1.0, "codec": "pcm_f32le", "bitrate": 1411200.0, "samplerate": 44100.0, "channels": 1.0, "audio_md5": "e93cec22c12ce1ecc536a3fc28163469", "loudness": -13.771722793579102, "dynamic_range": 0.0, "temporal_centroid": 0.5797802209854126, "log_attack_time": -1.3278392553329468, "filesize": 14458, "single_event": false, "tonality": "D major", "tonality_confidence": 0.6411421298980713, "loop": false, "tempo": 0, "tempo_confidence": 0.0, "note_midi": 38, "note_name": "D2", "note_frequency": 73.44950866699219, "note_confidence": 0.9874944090843201, "hardness": 25.367959142421427, "depth": 63.67378043263086, "brightness": 27.598302514033634, "roughness": 33.8848708077883, "warmth": 58.890563107623045, "sharpness": 4.3976159208497165, "boominess": 56.16422999246539, "reverb": false, "name": "AKWF_1983.wav", "SpectralCentroid": 0.048672517089456385, "SpectralSpread": 0.03825328115112945, "SpectralKurtosis": 0.7858591136227737, "ZeroCrossingRate": 0.2330271804613616, "SpectralComplexity": 0.4925373134328358, "OddToEvenHarmonicEnergyRatio": 0.000880921562927508, "Dissonance": 0.7871575415402192, "PitchSalience": 0.06038560893713707, "HNR": 0.5597975517175778}