{"duration": 0.08163265138864517, "lossless": 1.0, "codec": "pcm_f32le", "bitrate": 1411200.0, "samplerate": 44100.0, "channels": 1.0, "audio_md5": "ab7fbb6de9acc7036e971152480baa81", "loudness": -15.539266586303711, "dynamic_range": 0.0, "temporal_centroid": 0.5930463671684265, "log_attack_time": -1.2840344905853271, "filesize": 14458, "single_event": false, "tonality": "D major", "tonality_confidence": 0.658654510974884, "loop": false, "tempo": 0, "tempo_confidence": 0.0, "note_midi": 38, "note_name": "D2", "note_frequency": 73.44242858886719, "note_confidence": 0.9226031303405762, "hardness": 39.849138794889114, "depth": 56.525680557515855, "brightness": 37.97385481583201, "roughness": 51.63997813361921, "warmth": 76.86111373990957, "sharpness": 13.31309820301438, "boominess": 42.70331323717036, "reverb": false, "name": "AKWF_0798.wav", "SpectralCentroid": 0.12566506050009596, "SpectralSpread": 0.01833637272458949, "SpectralKurtosis": 0.7485704161123791, "ZeroCrossingRate": 0.5688738575398764, "SpectralComplexity": 0.8059701492537313, "OddToEvenHarmonicEnergyRatio": 0.6538102757321619, "Dissonance": 0.8770805119087699, "PitchSalience": 0.715343050447855, "HNR": 0.5078724513195989}