{"duration": 0.08163265138864517, "lossless": 1.0, "codec": "pcm_f32le", "bitrate": 1411200.0, "samplerate": 44100.0, "channels": 1.0, "audio_md5": "00d7f882dac26176ef890276f497fe41", "loudness": -14.072690963745117, "dynamic_range": 0.0, "temporal_centroid": 0.5850844979286194, "log_attack_time": -1.3444956541061401, "filesize": 14458, "single_event": false, "tonality": "D major", "tonality_confidence": 0.6349718570709229, "loop": false, "tempo": 0, "tempo_confidence": 0.0, "note_midi": 38, "note_name": "D2", "note_frequency": 73.42837524414062, "note_confidence": 0.9877769947052002, "hardness": 33.27209394835201, "depth": 61.537914499344446, "brightness": 36.82065338585981, "roughness": 48.54069202878424, "warmth": 65.50008617709973, "sharpness": 16.291010256255063, "boominess": 48.22536744487933, "reverb": false, "name": "AKWF_1985.wav", "SpectralCentroid": 0.11952593116494085, "SpectralSpread": 0.08837411318612645, "SpectralKurtosis": 0.7286198182737826, "ZeroCrossingRate": 0.2330271804613616, "SpectralComplexity": 0.8955223880597015, "OddToEvenHarmonicEnergyRatio": 0.5519980533322116, "Dissonance": 0.8124308197880642, "PitchSalience": 0.4141197177900794, "HNR": 0.183466274806438}