{
    "duration": 0.08163265138864517,
    "lossless": 1.0,
    "codec": "pcm_f32le",
    "bitrate": 1411200.0,
    "samplerate": 44100.0,
    "channels": 1.0,
    "audio_md5": "11e2da558b882db68ebeae737903fa62",
    "loudness": -13.940422058105469,
    "dynamic_range": 0.0,
    "temporal_centroid": 0.5867701768875122,
    "log_attack_time": -1.35708487033844,
    "filesize": 14458,
    "single_event": false,
    "tonality": "D major",
    "tonality_confidence": 0.8816807866096497,
    "loop": false,
    "tempo": 0,
    "tempo_confidence": 0.0,
    "note_midi": 38,
    "note_name": "D2",
    "note_frequency": 73.42839813232422,
    "note_confidence": 0.9978691339492798,
    "hardness": 39.509178224731414,
    "depth": 61.507624200356666,
    "brightness": 41.27437125634269,
    "roughness": 52.142599407658395,
    "warmth": 64.87735860062364,
    "sharpness": 24.102454683310164,
    "boominess": 44.00808864517511,
    "reverb": false
}