{"duration": 0.08163265138864517, "lossless": 1.0, "codec": "pcm_f32le", "bitrate": 1411200.0, "samplerate": 44100.0, "channels": 1.0, "audio_md5": "2626353283ead1b34ccdbe97cff2adeb", "loudness": -19.17266273498535, "dynamic_range": 0.0, "temporal_centroid": 0.6473863124847412, "log_attack_time": -1.2622413635253906, "filesize": 14458, "single_event": false, "tonality": "D minor", "tonality_confidence": 0.6143458485603333, "loop": false, "tempo": 0, "tempo_confidence": 0.0, "note_midi": 38, "note_name": "D2", "note_frequency": 73.42839050292969, "note_confidence": 0.8689711093902588, "hardness": 81.53593852999134, "depth": 23.288413788536396, "brightness": 66.49967187997271, "roughness": 75.33222003165537, "warmth": 31.487661911650704, "sharpness": 56.234075688272114, "boominess": 16.462248407659168, "reverb": false, "name": "AKWF_oscchip_0064.wav", "SpectralCentroid": 0.7255351857738326, "SpectralSpread": 0.5705675744431256, "SpectralKurtosis": 0.4732315337591568, "ZeroCrossingRate": 0.8170126056699671, "SpectralComplexity": 0.9552238805970149, "OddToEvenHarmonicEnergyRatio": 0.29550921662021035, "Dissonance": 0.9953612425101571, "PitchSalience": 0.98054731258926, "HNR": 0.0}