{
    "duration": 0.08163265138864517,
    "lossless": 1.0,
    "codec": "pcm_f32le",
    "bitrate": 1411200.0,
    "samplerate": 44100.0,
    "channels": 1.0,
    "audio_md5": "33ac3840f4a6b127c55ee5b4b8ec18f3",
    "loudness": -9.84242057800293,
    "dynamic_range": 0.0,
    "temporal_centroid": 0.5628602504730225,
    "log_attack_time": -1.5020490884780884,
    "filesize": 14458,
    "single_event": false,
    "tonality": "D major",
    "tonality_confidence": 0.7999942898750305,
    "loop": false,
    "tempo": 0,
    "tempo_confidence": 0.0,
    "note_midi": 38,
    "note_name": "D2",
    "note_frequency": 73.42830657958984,
    "note_confidence": 0.9475059509277344,
    "hardness": 69.91470299577162,
    "depth": 48.67690207218251,
    "brightness": 54.55251311612032,
    "roughness": 65.94011581548278,
    "warmth": 51.060229204056775,
    "sharpness": 44.181777282423255,
    "boominess": 28.93243800604416,
    "reverb": false
}