{"duration": 0.08163265138864517, "lossless": 1.0, "codec": "pcm_f32le", "bitrate": 1411200.0, "samplerate": 44100.0, "channels": 1.0, "audio_md5": "e334b8e8d939eafaddf96339a7a2823e", "loudness": -12.109942436218262, "dynamic_range": 0.0, "temporal_centroid": 0.5540663599967957, "log_attack_time": -1.6699268817901611, "filesize": 14458, "single_event": false, "tonality": "D major", "tonality_confidence": 0.8838204741477966, "loop": false, "tempo": 0, "tempo_confidence": 0.0, "note_midi": 38, "note_name": "D2", "note_frequency": 73.42839813232422, "note_confidence": 0.9288499355316162, "hardness": 58.52334323881064, "depth": 65.11622039898755, "brightness": 49.11454087650574, "roughness": 54.3533027730138, "warmth": 60.96200078352151, "sharpness": 36.96135958548016, "boominess": 37.05828356661386, "reverb": false, "name": "AKWF_0538.wav", "SpectralCentroid": 0.29459914947485644, "SpectralSpread": 0.24598400851379512, "SpectralKurtosis": 0.6266649551099724, "ZeroCrossingRate": 0.2330271804613616, "SpectralComplexity": 1.0, "OddToEvenHarmonicEnergyRatio": 0.10195980262014782, "Dissonance": 0.9508440496411236, "PitchSalience": 0.4964134728218178, "HNR": 0.0}