{
    "duration": 0.08163265138864517,
    "lossless": 1.0,
    "codec": "pcm_f32le",
    "bitrate": 1411200.0,
    "samplerate": 44100.0,
    "channels": 1.0,
    "audio_md5": "255bbd3954e5ad445df5c068230af645",
    "loudness": -11.880780220031738,
    "dynamic_range": 0.0,
    "temporal_centroid": 0.5690985321998596,
    "log_attack_time": -1.4686369895935059,
    "filesize": 14458,
    "single_event": false,
    "tonality": "A major",
    "tonality_confidence": 0.5967414379119873,
    "loop": false,
    "tempo": 0,
    "tempo_confidence": 0.0,
    "note_midi": 38,
    "note_name": "D2",
    "note_frequency": 73.44725799560547,
    "note_confidence": 0.9814895391464233,
    "hardness": 37.206568870599654,
    "depth": 54.78336078112235,
    "brightness": 38.98641847994368,
    "roughness": 30.58245160039983,
    "warmth": 61.371289874915504,
    "sharpness": 27.250011408133822,
    "boominess": 50.04259896846092,
    "reverb": false
}