{"duration": 0.08163265138864517, "lossless": 1.0, "codec": "pcm_f32le", "bitrate": 1411200.0, "samplerate": 44100.0, "channels": 1.0, "audio_md5": "17e699dfe2ae80ae8518bbc8905b21a1", "loudness": -19.54176139831543, "dynamic_range": 0.0, "temporal_centroid": 0.606573224067688, "log_attack_time": -1.2590110301971436, "filesize": 14458, "single_event": false, "tonality": "D major", "tonality_confidence": 0.6604418158531189, "loop": false, "tempo": 0, "tempo_confidence": 0.0, "note_midi": 38, "note_name": "D2", "note_frequency": 73.42923736572266, "note_confidence": 0.7687899470329285, "hardness": 75.34845242491653, "depth": 14.109101992556326, "brightness": 66.29730410681117, "roughness": 69.60186680086856, "warmth": 21.045850724869226, "sharpness": 55.6540284046704, "boominess": 10.737902636443394, "reverb": false, "name": "AKWF_hvoice_0062.wav", "SpectralCentroid": 0.6828332285339013, "SpectralSpread": 0.5457654686749579, "SpectralKurtosis": 0.5630358853108411, "ZeroCrossingRate": 0.9999946187842197, "SpectralComplexity": 1.0, "OddToEvenHarmonicEnergyRatio": 0.28563012185691666, "Dissonance": 0.9994574258338531, "PitchSalience": 0.9125953793531522, "HNR": 0.5587678957773363}