{"duration": 0.08163265138864517, "lossless": 1.0, "codec": "pcm_f32le", "bitrate": 1411200.0, "samplerate": 44100.0, "channels": 1.0, "audio_md5": "4401af7a6ca02155a48347e5aaa55b48", "loudness": -15.426979064941406, "dynamic_range": 0.0, "temporal_centroid": 0.5844674110412598, "log_attack_time": -1.3022133111953735, "filesize": 14458, "single_event": false, "tonality": "D major", "tonality_confidence": 0.4467267394065857, "loop": false, "tempo": 0, "tempo_confidence": 0.0, "note_midi": 38, "note_name": "D2", "note_frequency": 73.44913482666016, "note_confidence": 0.9785374402999878, "hardness": 31.17741753135884, "depth": 54.57920815270701, "brightness": 30.712888021264636, "roughness": 46.69334439406654, "warmth": 66.34650654881574, "sharpness": 4.538327496719457, "boominess": 52.294977636205104, "reverb": false, "name": "AKWF_R_asym_saw_05.wav", "SpectralCentroid": 0.06182067743677221, "SpectralSpread": 0.012025937300253406, "SpectralKurtosis": 0.8164242755260126, "ZeroCrossingRate": 0.2330271804613616, "SpectralComplexity": 0.5970149253731343, "OddToEvenHarmonicEnergyRatio": 0.6672291106689013, "Dissonance": 0.8398730089081649, "PitchSalience": 0.22827112436507144, "HNR": 0.8690531217747953}