{
    "duration": 0.08163265138864517,
    "lossless": 1.0,
    "codec": "pcm_f32le",
    "bitrate": 1411200.0,
    "samplerate": 44100.0,
    "channels": 1.0,
    "audio_md5": "b39eb1cedeb2b9cd8060aa4fec23c239",
    "loudness": -13.193321228027344,
    "dynamic_range": 0.0,
    "temporal_centroid": 0.5823422074317932,
    "log_attack_time": -1.3901323080062866,
    "filesize": 14458,
    "single_event": false,
    "tonality": "D major",
    "tonality_confidence": 0.8888053297996521,
    "loop": false,
    "tempo": 0,
    "tempo_confidence": 0.0,
    "note_midi": 38,
    "note_name": "D2",
    "note_frequency": 73.46538543701172,
    "note_confidence": 0.9532340168952942,
    "hardness": 29.852713517392402,
    "depth": 63.07419651588221,
    "brightness": 30.93267915267214,
    "roughness": 46.51120939585317,
    "warmth": 67.43769833744888,
    "sharpness": 3.88116307227547,
    "boominess": 52.19711425913722,
    "reverb": false
}