{"duration": 0.08163265138864517, "lossless": 1.0, "codec": "pcm_f32le", "bitrate": 1411200.0, "samplerate": 44100.0, "channels": 1.0, "audio_md5": "7c668e6bd5415c163ff292365d2f9186", "loudness": -13.924072265625, "dynamic_range": 0.0, "temporal_centroid": 0.5858945250511169, "log_attack_time": -1.3645436763763428, "filesize": 14458, "single_event": false, "tonality": "D major", "tonality_confidence": 0.8799713253974915, "loop": false, "tempo": 0, "tempo_confidence": 0.0, "note_midi": 38, "note_name": "D2", "note_frequency": 73.42839813232422, "note_confidence": 0.9978253841400146, "hardness": 70.25826830814435, "depth": 58.8075962862048, "brightness": 59.801682781199474, "roughness": 66.34492860186677, "warmth": 45.76422007115414, "sharpness": 51.323674310187755, "boominess": 34.34643925286954, "reverb": false, "name": "AKWF_saw6bit.wav", "SpectralCentroid": 0.8218466034947582, "SpectralSpread": 0.8966459686693585, "SpectralKurtosis": 0.40830738627914853, "ZeroCrossingRate": 0.2330271804613616, "SpectralComplexity": 1.0, "OddToEvenHarmonicEnergyRatio": 0.06696905201626435, "Dissonance": 0.9917638714894963, "PitchSalience": 0.541650963864172, "HNR": 0.0}