{
    "duration": 0.08163265138864517,
    "lossless": 1.0,
    "codec": "pcm_f32le",
    "bitrate": 1411200.0,
    "samplerate": 44100.0,
    "channels": 1.0,
    "audio_md5": "26598df825581bfd86e16976ec44b656",
    "loudness": -15.17082405090332,
    "dynamic_range": 0.0,
    "temporal_centroid": 0.5777949094772339,
    "log_attack_time": -1.2986729145050049,
    "filesize": 14458,
    "single_event": false,
    "tonality": "A major",
    "tonality_confidence": 0.48155784606933594,
    "loop": false,
    "tempo": 0,
    "tempo_confidence": 0.0,
    "note_midi": 38,
    "note_name": "D2",
    "note_frequency": 73.42839813232422,
    "note_confidence": 0.9849177002906799,
    "hardness": 66.56765117265618,
    "depth": 57.225472297136385,
    "brightness": 59.45271015053584,
    "roughness": 64.58136769132477,
    "warmth": 48.471184704607154,
    "sharpness": 50.19003361711396,
    "boominess": 31.915227152808917,
    "reverb": false
}