{
    "duration": 0.08163265138864517,
    "lossless": 1.0,
    "codec": "pcm_f32le",
    "bitrate": 1411200.0,
    "samplerate": 44100.0,
    "channels": 1.0,
    "audio_md5": "e2c811410353b5ab6ca454f6964aff54",
    "loudness": -12.687868118286133,
    "dynamic_range": 0.0,
    "temporal_centroid": 0.5769772529602051,
    "log_attack_time": -1.3976938724517822,
    "filesize": 14458,
    "single_event": false,
    "tonality": "D minor",
    "tonality_confidence": 0.5677306652069092,
    "loop": false,
    "tempo": 0,
    "tempo_confidence": 0.0,
    "note_midi": 38,
    "note_name": "D2",
    "note_frequency": 73.45953369140625,
    "note_confidence": 0.9797793030738831,
    "hardness": 23.6263924240278,
    "depth": 54.78837418478237,
    "brightness": 25.63894375471296,
    "roughness": 45.475679684912635,
    "warmth": 61.73617497098025,
    "sharpness": 0.0,
    "boominess": 55.22617193271221,
    "reverb": false
}