{"duration": 0.08163265138864517, "lossless": 1.0, "codec": "pcm_f32le", "bitrate": 1411200.0, "samplerate": 44100.0, "channels": 1.0, "audio_md5": "805195c390372f46aee752c21f432d59", "loudness": -9.536581993103027, "dynamic_range": 0.0, "temporal_centroid": 0.5552290081977844, "log_attack_time": -1.633291244506836, "filesize": 14458, "single_event": false, "tonality": "D major", "tonality_confidence": 0.7801100015640259, "loop": false, "tempo": 0, "tempo_confidence": 0.0, "note_midi": 38, "note_name": "D2", "note_frequency": 73.42839813232422, "note_confidence": 0.96305912733078, "hardness": 78.14369951118468, "depth": 57.54848001972665, "brightness": 59.626225213365714, "roughness": 63.40196597259986, "warmth": 44.33882157516438, "sharpness": 50.047381527297304, "boominess": 30.353180213610838, "reverb": false, "name": "AKWF_distorted_0044.wav", "SpectralCentroid": 0.7489700166159836, "SpectralSpread": 0.8324853278293513, "SpectralKurtosis": 0.45781329851450225, "ZeroCrossingRate": 0.4252420033405892, "SpectralComplexity": 0.9850746268656716, "OddToEvenHarmonicEnergyRatio": 0.6908808249429885, "Dissonance": 0.9788026287459426, "PitchSalience": 0.4221275390619715, "HNR": 0.0}