{"duration": 0.08163265138864517, "lossless": 1.0, "codec": "pcm_f32le", "bitrate": 1411200.0, "samplerate": 44100.0, "channels": 1.0, "audio_md5": "24064f70eab23c564f13ae141b3e1628", "loudness": -14.568841934204102, "dynamic_range": 0.0, "temporal_centroid": 0.5928292870521545, "log_attack_time": -1.2930288314819336, "filesize": 14458, "single_event": false, "tonality": "D minor", "tonality_confidence": 0.8556802868843079, "loop": false, "tempo": 0, "tempo_confidence": 0.0, "note_midi": 38, "note_name": "D2", "note_frequency": 73.42852020263672, "note_confidence": 0.9462110996246338, "hardness": 80.37932887691059, "depth": 32.5650642706682, "brightness": 68.01050858186626, "roughness": 75.31720072674082, "warmth": 32.012210912759876, "sharpness": 55.05022808257678, "boominess": 21.720368365655844, "reverb": false, "name": "AKWF_snippet_0009.wav", "SpectralCentroid": 0.8181880044768948, "SpectralSpread": 0.8019255290742333, "SpectralKurtosis": 0.4320265234942976, "ZeroCrossingRate": 0.998340491227561, "SpectralComplexity": 1.0, "OddToEvenHarmonicEnergyRatio": 0.16096148855291775, "Dissonance": 0.9907658822012334, "PitchSalience": 0.7089559864650636, "HNR": 0.6226935528965347}