{"duration": 0.08163265138864517, "lossless": 1.0, "codec": "pcm_f32le", "bitrate": 1411200.0, "samplerate": 44100.0, "channels": 1.0, "audio_md5": "402630ff1d56c664858d471df4e1da1b", "loudness": -12.083259582519531, "dynamic_range": 0.0, "temporal_centroid": 0.5803423523902893, "log_attack_time": -1.3749256134033203, "filesize": 14458, "single_event": false, "tonality": "D major", "tonality_confidence": 0.8598183393478394, "loop": false, "tempo": 0, "tempo_confidence": 0.0, "note_midi": 50, "note_name": "D3", "note_frequency": 146.35162353515625, "note_confidence": 0.937477171421051, "hardness": 36.1933538095069, "depth": 56.08157894283576, "brightness": 34.51495429834063, "roughness": 46.826370630276294, "warmth": 66.22744092237183, "sharpness": 13.360358170356367, "boominess": 50.772366826227056, "reverb": false, "name": "AKWF_dbass_0018.wav", "SpectralCentroid": 0.182403739581189, "SpectralSpread": 0.22774772482653738, "SpectralKurtosis": 0.6754213281641234, "ZeroCrossingRate": 0.4252420033405892, "SpectralComplexity": 0.7761194029850746, "OddToEvenHarmonicEnergyRatio": 0.014157042638028134, "Dissonance": 0.71579944755024, "PitchSalience": 0.2795053224055552, "HNR": 0.8690524390361121}