{"duration": 0.08163265138864517, "lossless": 1.0, "codec": "pcm_f32le", "bitrate": 1411200.0, "samplerate": 44100.0, "channels": 1.0, "audio_md5": "32a4c053bd0ed1d3659ab847bea2f4e2", "loudness": -14.72037410736084, "dynamic_range": 0.0, "temporal_centroid": 0.589036226272583, "log_attack_time": -1.2859326601028442, "filesize": 14458, "single_event": false, "tonality": "D major", "tonality_confidence": 0.6070558428764343, "loop": false, "tempo": 0, "tempo_confidence": 0.0, "note_midi": 38, "note_name": "D2", "note_frequency": 73.44273376464844, "note_confidence": 0.9355814456939697, "hardness": 32.984557441523606, "depth": 59.53299591043824, "brightness": 28.258475854645017, "roughness": 48.900824567528076, "warmth": 68.55888934805137, "sharpness": 5.135153536788859, "boominess": 45.18407392427103, "reverb": false, "name": "AKWF_1928.wav", "SpectralCentroid": 0.07226841739427049, "SpectralSpread": 0.014597718439595422, "SpectralKurtosis": 0.8557603960855694, "ZeroCrossingRate": 0.4252420033405892, "SpectralComplexity": 0.23880597014925373, "OddToEvenHarmonicEnergyRatio": 0.12655447442135134, "Dissonance": 0.617522483386538, "PitchSalience": 0.5963481569447989, "HNR": 0.0}