{
    "duration": 0.08163265138864517,
    "lossless": 1.0,
    "codec": "pcm_f32le",
    "bitrate": 1411200.0,
    "samplerate": 44100.0,
    "channels": 1.0,
    "audio_md5": "ca339edf48a07b10533e90332b5ed36b",
    "loudness": -16.53180694580078,
    "dynamic_range": 0.0,
    "temporal_centroid": 0.6314478516578674,
    "log_attack_time": -1.2624216079711914,
    "filesize": 14458,
    "single_event": false,
    "tonality": "D major",
    "tonality_confidence": 0.8663120269775391,
    "loop": false,
    "tempo": 0,
    "tempo_confidence": 0.0,
    "note_midi": 38,
    "note_name": "D2",
    "note_frequency": 73.42839050292969,
    "note_confidence": 0.9996138215065002,
    "hardness": 74.07119434781751,
    "depth": 49.30149300111964,
    "brightness": 57.887769180084035,
    "roughness": 72.04564777225863,
    "warmth": 48.91125784482397,
    "sharpness": 46.219148220808414,
    "boominess": 31.550922611446257,
    "reverb": false
}