{"duration": 0.08163265138864517, "lossless": 1.0, "codec": "pcm_f32le", "bitrate": 1411200.0, "samplerate": 44100.0, "channels": 1.0, "audio_md5": "1abf5c2f0e11ea46dc1e4f1738e8a044", "loudness": -11.974571228027344, "dynamic_range": 0.0, "temporal_centroid": 0.5709183812141418, "log_attack_time": -1.4709609746932983, "filesize": 14458, "single_event": false, "tonality": "D major", "tonality_confidence": 0.7215750217437744, "loop": false, "tempo": 0, "tempo_confidence": 0.0, "note_midi": 38, "note_name": "D2", "note_frequency": 73.42828369140625, "note_confidence": 0.9727833271026611, "hardness": 61.24740628498864, "depth": 62.10921120227553, "brightness": 51.97895803699175, "roughness": 57.49644780600496, "warmth": 54.8448729684804, "sharpness": 43.55720949425252, "boominess": 39.66301987958448, "reverb": false, "name": "AKWF_1032.wav", "SpectralCentroid": 0.4878223330366737, "SpectralSpread": 0.506691812325631, "SpectralKurtosis": 0.5611999158418135, "ZeroCrossingRate": 0.2330271804613616, "SpectralComplexity": 1.0, "OddToEvenHarmonicEnergyRatio": 0.01922739747567966, "Dissonance": 0.9927051162285909, "PitchSalience": 0.2721208940031379, "HNR": 0.0}