{"duration": 0.08163265138864517, "lossless": 1.0, "codec": "pcm_f32le", "bitrate": 1411200.0, "samplerate": 44100.0, "channels": 1.0, "audio_md5": "283746b56d9c5089cf75f6a9e25a36df", "loudness": -13.211881637573242, "dynamic_range": 0.0, "temporal_centroid": 0.5787559747695923, "log_attack_time": -1.3848446607589722, "filesize": 14458, "single_event": false, "tonality": "E major", "tonality_confidence": 0.42005226016044617, "loop": false, "tempo": 0, "tempo_confidence": 0.0, "note_midi": 38, "note_name": "D2", "note_frequency": 73.43318176269531, "note_confidence": 0.9888365864753723, "hardness": 44.374018164952474, "depth": 54.87178501492617, "brightness": 45.92906325205544, "roughness": 40.058780314682885, "warmth": 51.443293599265296, "sharpness": 46.916073657351156, "boominess": 52.55076131563433, "reverb": false, "name": "AKWF_vgsin_0010.wav", "SpectralCentroid": 0.38032249885237895, "SpectralSpread": 0.400275744101923, "SpectralKurtosis": 0.531240285665744, "ZeroCrossingRate": 0.4252420033405892, "SpectralComplexity": 0.9850746268656716, "OddToEvenHarmonicEnergyRatio": 1.0, "Dissonance": 0.9614719827799986, "PitchSalience": 0.011218225902200618, "HNR": 0.0}