{"duration": 0.08163265138864517, "lossless": 1.0, "codec": "pcm_f32le", "bitrate": 1411200.0, "samplerate": 44100.0, "channels": 1.0, "audio_md5": "bc5d157d48277e375ce54344e5a413e4", "loudness": -13.823135375976562, "dynamic_range": 0.0, "temporal_centroid": 0.5870906710624695, "log_attack_time": -1.289754033088684, "filesize": 14458, "single_event": false, "tonality": "D major", "tonality_confidence": 0.7246032357215881, "loop": false, "tempo": 0, "tempo_confidence": 0.0, "note_midi": 38, "note_name": "D2", "note_frequency": 73.44388580322266, "note_confidence": 0.9287376403808594, "hardness": 32.20694728645171, "depth": 57.400045490012914, "brightness": 26.053071262378644, "roughness": 48.15277838376304, "warmth": 65.88806949659227, "sharpness": 5.105249872857051, "boominess": 43.48192135810431, "reverb": false, "name": "AKWF_1941.wav", "SpectralCentroid": 0.06048177119093999, "SpectralSpread": 0.013324598849673252, "SpectralKurtosis": 0.8639538831010584, "ZeroCrossingRate": 0.4252420033405892, "SpectralComplexity": 0.07462686567164178, "OddToEvenHarmonicEnergyRatio": 0.11920487764715634, "Dissonance": 0.3766255708735043, "PitchSalience": 0.5783550146192792, "HNR": 0.2807561493375702}