{"duration": 0.08163265138864517, "lossless": 1.0, "codec": "pcm_f32le", "bitrate": 1411200.0, "samplerate": 44100.0, "channels": 1.0, "audio_md5": "fffe4d36d2553f582e8ad362f1bcb447", "loudness": -7.688943862915039, "dynamic_range": 0.0, "temporal_centroid": 0.5801321268081665, "log_attack_time": -1.3688969612121582, "filesize": 14458, "single_event": false, "tonality": "D major", "tonality_confidence": 0.6154584884643555, "loop": false, "tempo": 0, "tempo_confidence": 0.0, "note_midi": 38, "note_name": "D2", "note_frequency": 73.42841339111328, "note_confidence": 0.9714975953102112, "hardness": 77.1218093457403, "depth": 32.31442510811111, "brightness": 76.52939077698039, "roughness": 78.73862951437485, "warmth": 22.892716925851563, "sharpness": 64.42330278453778, "boominess": 14.128660869719027, "reverb": false, "name": "AKWF_fmsynth_0026.wav", "SpectralCentroid": 0.8363834721230614, "SpectralSpread": 0.6127156650144339, "SpectralKurtosis": 0.4787234069701325, "ZeroCrossingRate": 0.9999585864626829, "SpectralComplexity": 1.0, "OddToEvenHarmonicEnergyRatio": 0.4316142257959351, "Dissonance": 0.9950805101582955, "PitchSalience": 0.8398691095288223, "HNR": 0.8277551870402606}