{"duration": 0.08163265138864517, "lossless": 1.0, "codec": "pcm_f32le", "bitrate": 1411200.0, "samplerate": 44100.0, "channels": 1.0, "audio_md5": "d76772e41790ab79cdda83c9d609c6fc", "loudness": -12.955195426940918, "dynamic_range": 0.0, "temporal_centroid": 0.5766491293907166, "log_attack_time": -1.3786777257919312, "filesize": 14458, "single_event": false, "tonality": "D major", "tonality_confidence": 0.6905831098556519, "loop": false, "tempo": 0, "tempo_confidence": 0.0, "note_midi": 38, "note_name": "D2", "note_frequency": 73.42845153808594, "note_confidence": 0.9469842910766602, "hardness": 30.796230540842487, "depth": 59.51795813182797, "brightness": 27.724928953820978, "roughness": 47.18464913518653, "warmth": 67.3252156879206, "sharpness": 1.7487409116201817, "boominess": 47.458244025567254, "reverb": false, "name": "AKWF_fmsynth_0073.wav", "SpectralCentroid": 0.08363098847085697, "SpectralSpread": 0.024980223364085473, "SpectralKurtosis": 0.8181913738339192, "ZeroCrossingRate": 0.4252420033405892, "SpectralComplexity": 0.29850746268656714, "OddToEvenHarmonicEnergyRatio": 0.5499234861318771, "Dissonance": 0.7247389021373878, "PitchSalience": 0.4288759757305734, "HNR": 0.0}