{"duration": 0.08163265138864517, "lossless": 1.0, "codec": "pcm_f32le", "bitrate": 1411200.0, "samplerate": 44100.0, "channels": 1.0, "audio_md5": "56e090b9a8d1804ad4275a1c04bba530", "loudness": -11.391849517822266, "dynamic_range": 0.0, "temporal_centroid": 0.5641980171203613, "log_attack_time": -1.4952194690704346, "filesize": 14458, "single_event": false, "tonality": "A major", "tonality_confidence": 0.4515029191970825, "loop": false, "tempo": 0, "tempo_confidence": 0.0, "note_midi": 38, "note_name": "D2", "note_frequency": 73.4290771484375, "note_confidence": 0.9769357442855835, "hardness": 63.07231823043631, "depth": 60.84368639968179, "brightness": 54.91434894187037, "roughness": 59.92984202915973, "warmth": 53.33905665498331, "sharpness": 47.36935859293031, "boominess": 36.54001999247474, "reverb": false, "name": "AKWF_blended_0042.wav", "SpectralCentroid": 0.6768619223770614, "SpectralSpread": 0.7533654964987228, "SpectralKurtosis": 0.48591540255625704, "ZeroCrossingRate": 0.2330271804613616, "SpectralComplexity": 1.0, "OddToEvenHarmonicEnergyRatio": 0.6321546815787614, "Dissonance": 0.9733284572892968, "PitchSalience": 0.48234837629420835, "HNR": 0.0}