{"duration": 0.08163265138864517, "lossless": 1.0, "codec": "pcm_f32le", "bitrate": 1411200.0, "samplerate": 44100.0, "channels": 1.0, "audio_md5": "8edd6b70a98b31e2a45e0d50e0b5f6cb", "loudness": -13.849054336547852, "dynamic_range": 0.0, "temporal_centroid": 0.5802224278450012, "log_attack_time": -1.3979400396347046, "filesize": 14458, "single_event": false, "tonality": "A minor", "tonality_confidence": 0.674936830997467, "loop": false, "tempo": 0, "tempo_confidence": 0.0, "note_midi": 38, "note_name": "D2", "note_frequency": 73.4591064453125, "note_confidence": 0.9348002672195435, "hardness": 32.59556378033034, "depth": 62.01302675376132, "brightness": 24.96572779673496, "roughness": 49.19712873341631, "warmth": 65.79622298932654, "sharpness": 3.4523257616387184, "boominess": 50.297686252656916, "reverb": false, "name": "AKWF_epiano_0036.wav", "SpectralCentroid": 0.0635695670188602, "SpectralSpread": 0.015794145196500953, "SpectralKurtosis": 0.8505877585993133, "ZeroCrossingRate": 0.4252420033405892, "SpectralComplexity": 0.2835820895522388, "OddToEvenHarmonicEnergyRatio": 0.3648432280419685, "Dissonance": 0.634188970143323, "PitchSalience": 0.5230150896201833, "HNR": 0.6019070562610975}