{"duration": 0.08163265138864517, "lossless": 1.0, "codec": "pcm_f32le", "bitrate": 1411200.0, "samplerate": 44100.0, "channels": 1.0, "audio_md5": "d80ed750b01e3422105cc458e88f71b5", "loudness": -13.18523120880127, "dynamic_range": 0.0, "temporal_centroid": 0.5783799886703491, "log_attack_time": -1.3853226900100708, "filesize": 14458, "single_event": false, "tonality": "D minor", "tonality_confidence": 0.43098315596580505, "loop": false, "tempo": 0, "tempo_confidence": 0.0, "note_midi": 38, "note_name": "D2", "note_frequency": 73.4388198852539, "note_confidence": 0.9883729219436646, "hardness": 33.07815417030788, "depth": 54.88782163828723, "brightness": 37.074084838124676, "roughness": 0, "warmth": 52.307135261123406, "sharpness": 39.31548055421422, "boominess": 56.253095688885566, "reverb": false, "name": "AKWF_vgsin_0015.wav", "SpectralCentroid": 0.2501905494673964, "SpectralSpread": 0.29789399789518706, "SpectralKurtosis": 0.579075133284514, "ZeroCrossingRate": 0.2330271804613616, "SpectralComplexity": 0.8805970149253731, "OddToEvenHarmonicEnergyRatio": 1.0, "Dissonance": 0.9279005071124697, "PitchSalience": 0.007705322198686928, "HNR": 0.0}