{"duration": 0.08163265138864517, "lossless": 1.0, "codec": "pcm_f32le", "bitrate": 1411200.0, "samplerate": 44100.0, "channels": 1.0, "audio_md5": "fe04eb26e6062fbeac5f1b99a2fb3288", "loudness": -13.315702438354492, "dynamic_range": 0.0, "temporal_centroid": 0.5779471397399902, "log_attack_time": -1.3969563245773315, "filesize": 14458, "single_event": false, "tonality": "A major", "tonality_confidence": 0.43222150206565857, "loop": false, "tempo": 0, "tempo_confidence": 0.0, "note_midi": 38, "note_name": "D2", "note_frequency": 73.42886352539062, "note_confidence": 0.9364107847213745, "hardness": 67.2779583920653, "depth": 58.534352061579526, "brightness": 59.659073426331915, "roughness": 65.16893299938201, "warmth": 48.398159382779696, "sharpness": 50.204750714175645, "boominess": 35.14651981809744, "reverb": false, "name": "AKWF_1329.wav", "SpectralCentroid": 0.8090512463821392, "SpectralSpread": 0.8904117756013382, "SpectralKurtosis": 0.41733215431403387, "ZeroCrossingRate": 0.2330271804613616, "SpectralComplexity": 1.0, "OddToEvenHarmonicEnergyRatio": 0.7123991591804008, "Dissonance": 0.9603068231746489, "PitchSalience": 0.4916518321842161, "HNR": 0.0}