{"duration": 0.08163265138864517, "lossless": 1.0, "codec": "pcm_f32le", "bitrate": 1411200.0, "samplerate": 44100.0, "channels": 1.0, "audio_md5": "e6c9503d8cc84ab91b6fc1c8081ebe00", "loudness": -10.977344512939453, "dynamic_range": 0.0, "temporal_centroid": 0.561938464641571, "log_attack_time": -1.5416619777679443, "filesize": 14458, "single_event": false, "tonality": "D major", "tonality_confidence": 0.8019801378250122, "loop": false, "tempo": 0, "tempo_confidence": 0.0, "note_midi": 38, "note_name": "D2", "note_frequency": 73.4293441772461, "note_confidence": 0.9578661918640137, "hardness": 71.01299021406254, "depth": 51.89915971879729, "brightness": 56.06254290804537, "roughness": 62.52438751583219, "warmth": 52.46449712536781, "sharpness": 48.43885598793033, "boominess": 34.90313922704664, "reverb": false, "name": "AKWF_oscchip_0114.wav", "SpectralCentroid": 0.6574343792497497, "SpectralSpread": 0.6794648083918885, "SpectralKurtosis": 0.4882542372014379, "ZeroCrossingRate": 0.2330271804613616, "SpectralComplexity": 0.9701492537313433, "OddToEvenHarmonicEnergyRatio": 0.062355002299276735, "Dissonance": 0.9979837450935658, "PitchSalience": 0.4940956398015794, "HNR": 0.0}