{"duration": 0.08163265138864517, "lossless": 1.0, "codec": "pcm_f32le", "bitrate": 1411200.0, "samplerate": 44100.0, "channels": 1.0, "audio_md5": "738b2e34a285f93c43586d62c5e30c0c", "loudness": -16.705705642700195, "dynamic_range": 0.0, "temporal_centroid": 0.592438817024231, "log_attack_time": -1.270240306854248, "filesize": 14458, "single_event": false, "tonality": "D minor", "tonality_confidence": 0.8404036164283752, "loop": false, "tempo": 0, "tempo_confidence": 0.0, "note_midi": 50, "note_name": "D3", "note_frequency": 147.15335083007812, "note_confidence": 0.859464704990387, "hardness": 38.94332849035702, "depth": 58.6400856078538, "brightness": 27.16193216138996, "roughness": 44.469365396628284, "warmth": 63.97177994790806, "sharpness": 9.204393301276301, "boominess": 43.93897697158138, "reverb": false, "name": "AKWF_0925.wav", "SpectralCentroid": 0.09072708545785373, "SpectralSpread": 0.00453689107061636, "SpectralKurtosis": 0.8974092102786695, "ZeroCrossingRate": 0.4252420033405892, "SpectralComplexity": 0.11940298507462686, "OddToEvenHarmonicEnergyRatio": 0.0633470625279341, "Dissonance": 0.7011805054320142, "PitchSalience": 0.6494186155526936, "HNR": 0.8017503026016182}