{"duration": 0.08163265138864517, "lossless": 1.0, "codec": "pcm_f32le", "bitrate": 1411200.0, "samplerate": 44100.0, "channels": 1.0, "audio_md5": "57fdb64e9aaef7718931adcbf55cc7ff", "loudness": -12.521706581115723, "dynamic_range": 0.0, "temporal_centroid": 0.5778442621231079, "log_attack_time": -1.3903741836547852, "filesize": 14458, "single_event": false, "tonality": "G# major", "tonality_confidence": 0.5759733319282532, "loop": false, "tempo": 0, "tempo_confidence": 0.0, "note_midi": 38, "note_name": "D2", "note_frequency": 73.4320068359375, "note_confidence": 0.9801777005195618, "hardness": 39.395156819402644, "depth": 58.195981167169315, "brightness": 36.041702848479275, "roughness": 25.562548979689552, "warmth": 59.22503142099171, "sharpness": 14.403290178672123, "boominess": 38.74977134130872, "reverb": false, "name": "AKWF_fmsynth_0119.wav", "SpectralCentroid": 0.1016811557969042, "SpectralSpread": 0.009848391865156842, "SpectralKurtosis": 0.836479930625091, "ZeroCrossingRate": 0.5688738575398764, "SpectralComplexity": 0.34328358208955223, "OddToEvenHarmonicEnergyRatio": 0.49784352726001485, "Dissonance": 0.6996332318252606, "PitchSalience": 0.4164089415832094, "HNR": 0.603252703172879}