{"duration": 0.08163265138864517, "lossless": 1.0, "codec": "pcm_f32le", "bitrate": 1411200.0, "samplerate": 44100.0, "channels": 1.0, "audio_md5": "254141ab14dff1c1450eabce09cff4cf", "loudness": -13.78337287902832, "dynamic_range": 0.0, "temporal_centroid": 0.5891899466514587, "log_attack_time": -1.273740530014038, "filesize": 14458, "single_event": false, "tonality": "D major", "tonality_confidence": 0.8656598925590515, "loop": false, "tempo": 0, "tempo_confidence": 0.0, "note_midi": 38, "note_name": "D2", "note_frequency": 73.43685150146484, "note_confidence": 0.9758094549179077, "hardness": 29.894435252062962, "depth": 61.71697055815248, "brightness": 33.78086982998365, "roughness": 48.242448332795874, "warmth": 72.63048476167243, "sharpness": 5.454120699946934, "boominess": 49.77432241296623, "reverb": false, "name": "AKWF_0876.wav", "SpectralCentroid": 0.10266943780507673, "SpectralSpread": 0.031559378814487206, "SpectralKurtosis": 0.7641587345249353, "ZeroCrossingRate": 0.4252420033405892, "SpectralComplexity": 0.7313432835820896, "OddToEvenHarmonicEnergyRatio": 0.04500112850840114, "Dissonance": 0.9191261076856918, "PitchSalience": 0.2947398395636609, "HNR": 0.7751119485402089}