{
    "duration": 0.08163265138864517,
    "lossless": 1.0,
    "codec": "pcm_f32le",
    "bitrate": 1411200.0,
    "samplerate": 44100.0,
    "channels": 1.0,
    "audio_md5": "2e7edb4980f091cb7c1695d9c4bfcda4",
    "loudness": -15.233978271484375,
    "dynamic_range": 0.0,
    "temporal_centroid": 0.5817360877990723,
    "log_attack_time": -1.3550726175308228,
    "filesize": 14458,
    "single_event": false,
    "tonality": "D major",
    "tonality_confidence": 0.8843674659729004,
    "loop": false,
    "tempo": 0,
    "tempo_confidence": 0.0,
    "note_midi": 38,
    "note_name": "D2",
    "note_frequency": 73.42839813232422,
    "note_confidence": 0.9690914154052734,
    "hardness": 31.835426909260747,
    "depth": 62.33421454916124,
    "brightness": 35.50072691986806,
    "roughness": 49.55369225841129,
    "warmth": 72.59021160328632,
    "sharpness": 14.897110575987139,
    "boominess": 50.19187835239881,
    "reverb": false
}