{
    "duration": 0.08163265138864517,
    "lossless": 1.0,
    "codec": "pcm_f32le",
    "bitrate": 1411200.0,
    "samplerate": 44100.0,
    "channels": 1.0,
    "audio_md5": "156b2a328b0c6dcf3c6f8b1f4d16d99a",
    "loudness": -14.472247123718262,
    "dynamic_range": 0.0,
    "temporal_centroid": 0.5820850729942322,
    "log_attack_time": -1.3288880586624146,
    "filesize": 14458,
    "single_event": false,
    "tonality": "D major",
    "tonality_confidence": 0.5864478349685669,
    "loop": false,
    "tempo": 0,
    "tempo_confidence": 0.0,
    "note_midi": 38,
    "note_name": "D2",
    "note_frequency": 73.42896270751953,
    "note_confidence": 0.9581832885742188,
    "hardness": 66.37695478343448,
    "depth": 61.05392528631477,
    "brightness": 56.69483479585142,
    "roughness": 62.581617699921665,
    "warmth": 52.974104614065354,
    "sharpness": 50.760761771762276,
    "boominess": 36.403321686674985,
    "reverb": false
}