{"duration": 0.08163265138864517, "lossless": 1.0, "codec": "pcm_f32le", "bitrate": 1411200.0, "samplerate": 44100.0, "channels": 1.0, "audio_md5": "0eb85e6d25a699dcbd057c1b4f460a55", "loudness": -18.806978225708008, "dynamic_range": 0.0, "temporal_centroid": 0.5964315533638, "log_attack_time": -1.2591899633407593, "filesize": 14458, "single_event": false, "tonality": "D major", "tonality_confidence": 0.7502737045288086, "loop": false, "tempo": 0, "tempo_confidence": 0.0, "note_midi": 38, "note_name": "D2", "note_frequency": 73.42840576171875, "note_confidence": 0.9933170676231384, "hardness": 57.046607597686176, "depth": 45.95984354158148, "brightness": 61.894087180738865, "roughness": 68.12034539229775, "warmth": 48.69179003720036, "sharpness": 45.39979219738068, "boominess": 30.48862042135759, "reverb": false, "name": "AKWF_hvoice_0021.wav", "SpectralCentroid": 0.48733719406598636, "SpectralSpread": 0.21965074333395163, "SpectralKurtosis": 0.5570882635669556, "ZeroCrossingRate": 0.8622249050771842, "SpectralComplexity": 1.0, "OddToEvenHarmonicEnergyRatio": 0.2664258097410342, "Dissonance": 0.9999872361232591, "PitchSalience": 0.682907024346552, "HNR": 0.8558789513736558}