{"duration": 0.08163265138864517, "lossless": 1.0, "codec": "pcm_f32le", "bitrate": 1411200.0, "samplerate": 44100.0, "channels": 1.0, "audio_md5": "5596d583dfff4bb820ccf3ebdb4a1233", "loudness": -11.135766983032227, "dynamic_range": 0.0, "temporal_centroid": 0.5774057507514954, "log_attack_time": -1.373526930809021, "filesize": 14458, "single_event": false, "tonality": "D minor", "tonality_confidence": 0.8131230473518372, "loop": false, "tempo": 0, "tempo_confidence": 0.0, "note_midi": 50, "note_name": "D3", "note_frequency": 147.11648559570312, "note_confidence": 0.9825491309165955, "hardness": 36.52925236946892, "depth": 56.3454437149657, "brightness": 32.204310242171175, "roughness": 39.22597191399149, "warmth": 71.15730463354578, "sharpness": 9.084691928237664, "boominess": 48.68866153349744, "reverb": false, "name": "AKWF_fmsynth_0088.wav", "SpectralCentroid": 0.12128329934740294, "SpectralSpread": 0.0355846531073469, "SpectralKurtosis": 0.7824297112795782, "ZeroCrossingRate": 0.4252420033405892, "SpectralComplexity": 0.6567164179104478, "OddToEvenHarmonicEnergyRatio": 0.8449275030301283, "Dissonance": 0.8760798969087203, "PitchSalience": 0.19863267778214133, "HNR": 0.9063123073557802}