{
    "duration": 0.08163265138864517,
    "lossless": 1.0,
    "codec": "pcm_f32le",
    "bitrate": 1411200.0,
    "samplerate": 44100.0,
    "channels": 1.0,
    "audio_md5": "8e67bc6857f48103211bfaa308ca648c",
    "loudness": -16.507781982421875,
    "dynamic_range": 0.0,
    "temporal_centroid": 0.5952469706535339,
    "log_attack_time": -1.266950249671936,
    "filesize": 14458,
    "single_event": false,
    "tonality": "D major",
    "tonality_confidence": 0.7222434878349304,
    "loop": false,
    "tempo": 0,
    "tempo_confidence": 0.0,
    "note_midi": 38,
    "note_name": "D2",
    "note_frequency": 73.47225189208984,
    "note_confidence": 0.8508328795433044,
    "hardness": 41.27182864309145,
    "depth": 59.136318459170056,
    "brightness": 31.335346607306125,
    "roughness": 52.77178422463322,
    "warmth": 67.8465680596821,
    "sharpness": 11.532337856065126,
    "boominess": 46.18850224463152,
    "reverb": false
}