{
    "duration": 0.08163265138864517,
    "lossless": 1.0,
    "codec": "pcm_f32le",
    "bitrate": 1411200.0,
    "samplerate": 44100.0,
    "channels": 1.0,
    "audio_md5": "ab110b54f20d982cc5a87ecda72b36db",
    "loudness": -10.841142654418945,
    "dynamic_range": 0.0,
    "temporal_centroid": 0.5770912766456604,
    "log_attack_time": -1.3645436763763428,
    "filesize": 14458,
    "single_event": false,
    "tonality": "D major",
    "tonality_confidence": 0.6273834705352783,
    "loop": false,
    "tempo": 0,
    "tempo_confidence": 0.0,
    "note_midi": 38,
    "note_name": "D2",
    "note_frequency": 73.42964172363281,
    "note_confidence": 0.956514835357666,
    "hardness": 55.846932071016425,
    "depth": 47.36763495600066,
    "brightness": 50.40709107545108,
    "roughness": 60.480106951434564,
    "warmth": 58.72461753001871,
    "sharpness": 26.155001288412365,
    "boominess": 32.25252645533576,
    "reverb": false
}