{"duration": 0.08163265138864517, "lossless": 1.0, "codec": "pcm_f32le", "bitrate": 1411200.0, "samplerate": 44100.0, "channels": 1.0, "audio_md5": "87aa4e4219aaa4bb1c3d78b325035580", "loudness": -14.461723327636719, "dynamic_range": 0.0, "temporal_centroid": 0.5848478674888611, "log_attack_time": -1.3251242637634277, "filesize": 14458, "single_event": false, "tonality": "D major", "tonality_confidence": 0.765021800994873, "loop": false, "tempo": 0, "tempo_confidence": 0.0, "note_midi": 38, "note_name": "D2", "note_frequency": 73.43748474121094, "note_confidence": 0.9940955638885498, "hardness": 20.849619147051357, "depth": 54.85273775238906, "brightness": 25.873406017181523, "roughness": 40.5285584719815, "warmth": 59.31630617618394, "sharpness": 0.0, "boominess": 60.06983038432668, "reverb": false, "name": "AKWF_flute_0010.wav", "SpectralCentroid": 0.027163917200654048, "SpectralSpread": 0.012769536360947244, "SpectralKurtosis": 0.854847011441572, "ZeroCrossingRate": 0.2330271804613616, "SpectralComplexity": 0.5373134328358209, "OddToEvenHarmonicEnergyRatio": 0.9064673174584189, "Dissonance": 0.8485832972054841, "PitchSalience": 0.1260666676539526, "HNR": 0.6320414743559062}