{
    "duration": 0.08163265138864517,
    "lossless": 1.0,
    "codec": "pcm_f32le",
    "bitrate": 1411200.0,
    "samplerate": 44100.0,
    "channels": 1.0,
    "audio_md5": "62423315c7c2594c22af3c86614a6a3d",
    "loudness": -17.211177825927734,
    "dynamic_range": 0.0,
    "temporal_centroid": 0.5900072455406189,
    "log_attack_time": -1.263684868812561,
    "filesize": 14458,
    "single_event": false,
    "tonality": "D major",
    "tonality_confidence": 0.8144247531890869,
    "loop": false,
    "tempo": 0,
    "tempo_confidence": 0.0,
    "note_midi": 38,
    "note_name": "D2",
    "note_frequency": 73.42840576171875,
    "note_confidence": 0.9856049418449402,
    "hardness": 54.611336475393074,
    "depth": 58.5252825453285,
    "brightness": 52.14283519335594,
    "roughness": 65.46763575760184,
    "warmth": 60.829737819103826,
    "sharpness": 40.6428573692296,
    "boominess": 37.236105095241186,
    "reverb": false
}