{"duration": 0.08163265138864517, "lossless": 1.0, "codec": "pcm_f32le", "bitrate": 1411200.0, "samplerate": 44100.0, "channels": 1.0, "audio_md5": "69b352f2ca7064def653704872507dcd", "loudness": -11.03055477142334, "dynamic_range": 0.0, "temporal_centroid": 0.5743442177772522, "log_attack_time": -1.42564058303833, "filesize": 14458, "single_event": false, "tonality": "D major", "tonality_confidence": 0.5815938115119934, "loop": false, "tempo": 0, "tempo_confidence": 0.0, "note_midi": 38, "note_name": "D2", "note_frequency": 73.4393539428711, "note_confidence": 0.9560128450393677, "hardness": 36.65988655535189, "depth": 58.24334340617337, "brightness": 34.176637761150005, "roughness": 51.24713673566486, "warmth": 71.4683131154255, "sharpness": 7.5287175443823, "boominess": 45.47835900288251, "reverb": false, "name": "AKWF_fmsynth_0062.wav", "SpectralCentroid": 0.10821125645189969, "SpectralSpread": 0.029816352243352644, "SpectralKurtosis": 0.7942368541280362, "ZeroCrossingRate": 0.5688738575398764, "SpectralComplexity": 0.7313432835820896, "OddToEvenHarmonicEnergyRatio": 0.18357430400856448, "Dissonance": 0.769516186346182, "PitchSalience": 0.496702893383946, "HNR": 0.0}