{"duration": 0.08163265138864517, "lossless": 1.0, "codec": "pcm_f32le", "bitrate": 1411200.0, "samplerate": 44100.0, "channels": 1.0, "audio_md5": "d91ddf59bb5c023f39d5646b4b1e7cc7", "loudness": -12.3709716796875, "dynamic_range": 0.0, "temporal_centroid": 0.556063711643219, "log_attack_time": -1.5995069742202759, "filesize": 14458, "single_event": false, "tonality": "D major", "tonality_confidence": 0.7598738074302673, "loop": false, "tempo": 0, "tempo_confidence": 0.0, "note_midi": 38, "note_name": "D2", "note_frequency": 73.43482208251953, "note_confidence": 0.9588173627853394, "hardness": 51.48783155717109, "depth": 56.55062587698187, "brightness": 44.72823972241314, "roughness": 54.785908180527436, "warmth": 62.08099233639571, "sharpness": 25.612837721935566, "boominess": 40.59765758416823, "reverb": false, "name": "AKWF_c604_0010.wav", "SpectralCentroid": 0.19201678000030534, "SpectralSpread": 0.12186641109904445, "SpectralKurtosis": 0.7111425632905254, "ZeroCrossingRate": 0.2330271804613616, "SpectralComplexity": 0.9552238805970149, "OddToEvenHarmonicEnergyRatio": 0.4284761683376053, "Dissonance": 0.9565105544861453, "PitchSalience": 0.4177017657104702, "HNR": 0.0}