{
    "duration": 0.08163265138864517,
    "lossless": 1.0,
    "codec": "pcm_f32le",
    "bitrate": 1411200.0,
    "samplerate": 44100.0,
    "channels": 1.0,
    "audio_md5": "105b570d5bd852730070d7a3b9a6cb67",
    "loudness": -12.890860557556152,
    "dynamic_range": 0.0,
    "temporal_centroid": 0.5911481380462646,
    "log_attack_time": -1.2939966917037964,
    "filesize": 14458,
    "single_event": false,
    "tonality": "D minor",
    "tonality_confidence": 0.6879666447639465,
    "loop": false,
    "tempo": 0,
    "tempo_confidence": 0.0,
    "note_midi": 62,
    "note_name": "D4",
    "note_frequency": 293.7196960449219,
    "note_confidence": 1.0000001192092896,
    "hardness": 66.93544222867064,
    "depth": 41.21854380412057,
    "brightness": 59.19771270033141,
    "roughness": 49.17359129263589,
    "warmth": 40.49173322496226,
    "sharpness": 48.35488205344496,
    "boominess": 17.502265195872454,
    "reverb": false
}