{"duration": 0.08163265138864517, "lossless": 1.0, "codec": "pcm_f32le", "bitrate": 1411200.0, "samplerate": 44100.0, "channels": 1.0, "audio_md5": "69e9c7f96f2153908fd05d53cde6e4a9", "loudness": -11.61473274230957, "dynamic_range": 0.0, "temporal_centroid": 0.5716705322265625, "log_attack_time": -1.3874804973602295, "filesize": 14458, "single_event": false, "tonality": "D major", "tonality_confidence": 0.8542190790176392, "loop": false, "tempo": 0, "tempo_confidence": 0.0, "note_midi": 38, "note_name": "D2", "note_frequency": 73.42839050292969, "note_confidence": 0.9675132632255554, "hardness": 43.215266608428266, "depth": 61.5260258449421, "brightness": 40.52581666044301, "roughness": 53.51515812684458, "warmth": 68.76678096148909, "sharpness": 23.521966229950515, "boominess": 45.62561032977996, "reverb": false, "name": "AKWF_1259.wav", "SpectralCentroid": 0.17906433964973517, "SpectralSpread": 0.08145687964885795, "SpectralKurtosis": 0.6952333968587036, "ZeroCrossingRate": 0.4252420033405892, "SpectralComplexity": 1.0, "OddToEvenHarmonicEnergyRatio": 0.25899507962551266, "Dissonance": 0.899032264746435, "PitchSalience": 0.4204444476219949, "HNR": 0.7058437477721942}