{"duration": 0.08163265138864517, "lossless": 1.0, "codec": "pcm_f32le", "bitrate": 1411200.0, "samplerate": 44100.0, "channels": 1.0, "audio_md5": "35ae714d4c948b9bb58e7a761e11696a", "loudness": -14.546643257141113, "dynamic_range": 0.0, "temporal_centroid": 0.5789456367492676, "log_attack_time": -1.3791489601135254, "filesize": 14458, "single_event": false, "tonality": "G minor", "tonality_confidence": 0.6581929922103882, "loop": false, "tempo": 0, "tempo_confidence": 0.0, "note_midi": 38, "note_name": "D2", "note_frequency": 73.4284439086914, "note_confidence": 0.9865473508834839, "hardness": 24.599318341301014, "depth": 63.66392405865593, "brightness": 28.24379162622273, "roughness": 38.40026387701741, "warmth": 59.71412083576767, "sharpness": 0.8165394756865538, "boominess": 58.35149401335143, "reverb": false, "name": "AKWF_1359.wav", "SpectralCentroid": 0.05186210801688148, "SpectralSpread": 0.04649583923316781, "SpectralKurtosis": 0.7766076392771994, "ZeroCrossingRate": 0.2330271804613616, "SpectralComplexity": 0.6567164179104478, "OddToEvenHarmonicEnergyRatio": 0.8343186349714564, "Dissonance": 0.9795171870341185, "PitchSalience": 0.058808804789146595, "HNR": 0.0}