{"duration": 0.08163265138864517, "lossless": 1.0, "codec": "pcm_f32le", "bitrate": 1411200.0, "samplerate": 44100.0, "channels": 1.0, "audio_md5": "59d0cc4ecb63a9625863f97effb454d4", "loudness": -13.659653663635254, "dynamic_range": 0.0, "temporal_centroid": 0.5749440789222717, "log_attack_time": -1.3896489143371582, "filesize": 14458, "single_event": false, "tonality": "D# minor", "tonality_confidence": 0.38441401720046997, "loop": false, "tempo": 0, "tempo_confidence": 0.0, "note_midi": 38, "note_name": "D2", "note_frequency": 73.46380615234375, "note_confidence": 0.9777635335922241, "hardness": 24.97583569688838, "depth": 63.62727469639363, "brightness": 27.904034645338136, "roughness": 42.49053409817307, "warmth": 59.396640181097354, "sharpness": 0.0, "boominess": 55.93810869793991, "reverb": false, "name": "AKWF_clarinett_0010.wav", "SpectralCentroid": 0.035002644080086506, "SpectralSpread": 0.015099974767805939, "SpectralKurtosis": 0.847931066441316, "ZeroCrossingRate": 0.2330271804613616, "SpectralComplexity": 0.5223880597014925, "OddToEvenHarmonicEnergyRatio": 0.9149748799742782, "Dissonance": 0.8620933866488975, "PitchSalience": 0.1491017302260076, "HNR": 0.0}