{"duration": 0.08163265138864517, "lossless": 1.0, "codec": "pcm_f32le", "bitrate": 1411200.0, "samplerate": 44100.0, "channels": 1.0, "audio_md5": "9fef6a171781804f4722e33e6032054f", "loudness": -14.480411529541016, "dynamic_range": 0.0, "temporal_centroid": 0.5929308533668518, "log_attack_time": -1.2735555171966553, "filesize": 14458, "single_event": false, "tonality": "D minor", "tonality_confidence": 0.860571563243866, "loop": false, "tempo": 0, "tempo_confidence": 0.0, "note_midi": 38, "note_name": "D2", "note_frequency": 73.45687103271484, "note_confidence": 0.9193804264068604, "hardness": 39.82119974779057, "depth": 61.7413351547205, "brightness": 34.90428786258248, "roughness": 48.12314468012257, "warmth": 72.55792318301222, "sharpness": 11.874953199200018, "boominess": 46.79419396470591, "reverb": false, "name": "AKWF_eorgan_0053.wav", "SpectralCentroid": 0.08290289130055867, "SpectralSpread": 0.015357157430370473, "SpectralKurtosis": 0.791081126081104, "ZeroCrossingRate": 0.5688738575398764, "SpectralComplexity": 0.582089552238806, "OddToEvenHarmonicEnergyRatio": 0.21334357763097608, "Dissonance": 0.7816915389646877, "PitchSalience": 0.5443244948205176, "HNR": 0.0}