{"duration": 0.08163265138864517, "lossless": 1.0, "codec": "pcm_f32le", "bitrate": 1411200.0, "samplerate": 44100.0, "channels": 1.0, "audio_md5": "90b980b86169942eba73e9894513820f", "loudness": -11.601154327392578, "dynamic_range": 0.0, "temporal_centroid": 0.5705486536026001, "log_attack_time": -1.4513139724731445, "filesize": 14458, "single_event": false, "tonality": "D major", "tonality_confidence": 0.6610378623008728, "loop": false, "tempo": 0, "tempo_confidence": 0.0, "note_midi": 38, "note_name": "D2", "note_frequency": 73.42886352539062, "note_confidence": 0.9848518967628479, "hardness": 62.96561875020322, "depth": 61.801397026051035, "brightness": 55.85110848351736, "roughness": 60.80774323879462, "warmth": 50.73563144117702, "sharpness": 47.247701539560616, "boominess": 37.163610211249875, "reverb": false, "name": "AKWF_1779.wav", "SpectralCentroid": 0.7212172908633736, "SpectralSpread": 0.8143421261402884, "SpectralKurtosis": 0.4715862556250726, "ZeroCrossingRate": 0.2330271804613616, "SpectralComplexity": 1.0, "OddToEvenHarmonicEnergyRatio": 0.6991607380916874, "Dissonance": 0.9629452988380933, "PitchSalience": 0.41040482092120717, "HNR": 0.0}