{"duration": 0.08163265138864517, "lossless": 1.0, "codec": "pcm_f32le", "bitrate": 1411200.0, "samplerate": 44100.0, "channels": 1.0, "audio_md5": "393fbb7e88c84763e22a86a060c6f02e", "loudness": -14.908829689025879, "dynamic_range": 0.0, "temporal_centroid": 0.5867232084274292, "log_attack_time": -1.3215993642807007, "filesize": 14458, "single_event": false, "tonality": "D major", "tonality_confidence": 0.45458999276161194, "loop": false, "tempo": 0, "tempo_confidence": 0.0, "note_midi": 38, "note_name": "D2", "note_frequency": 73.44114685058594, "note_confidence": 0.9906936287879944, "hardness": 31.364778967231885, "depth": 54.73890172412948, "brightness": 28.99668198497185, "roughness": 27.26384461286264, "warmth": 59.83429964341968, "sharpness": 0.0, "boominess": 53.3828295714695, "reverb": false, "name": "AKWF_c604_0013.wav", "SpectralCentroid": 0.044496994878076436, "SpectralSpread": 0.0057909854387282805, "SpectralKurtosis": 0.8703200013894106, "ZeroCrossingRate": 0.4252420033405892, "SpectralComplexity": 0.2537313432835821, "OddToEvenHarmonicEnergyRatio": 1.0, "Dissonance": 0.8808257250903099, "PitchSalience": 0.20181248487701708, "HNR": 0.7717067055739947}