{"duration": 0.08163265138864517, "lossless": 1.0, "codec": "pcm_f32le", "bitrate": 1411200.0, "samplerate": 44100.0, "channels": 1.0, "audio_md5": "5a839cf24c2e530be4210c9b180f4102", "loudness": -10.552839279174805, "dynamic_range": 0.0, "temporal_centroid": 0.5596147179603577, "log_attack_time": -1.6183140277862549, "filesize": 14458, "single_event": false, "tonality": "B major", "tonality_confidence": 0.32594889402389526, "loop": false, "tempo": 0, "tempo_confidence": 0.0, "note_midi": 38, "note_name": "D2", "note_frequency": 73.43264770507812, "note_confidence": 0.9772481918334961, "hardness": 49.99277716682076, "depth": 62.44808668733538, "brightness": 47.93308616440457, "roughness": 44.81843784817513, "warmth": 58.42653594277733, "sharpness": 37.52651512424877, "boominess": 40.817701686500804, "reverb": false, "name": "AKWF_squ_0005.wav", "SpectralCentroid": 0.3221267032174472, "SpectralSpread": 0.2459476335956772, "SpectralKurtosis": 0.5834133260816394, "ZeroCrossingRate": 0.2330271804613616, "SpectralComplexity": 0.4925373134328358, "OddToEvenHarmonicEnergyRatio": 0.6930895513064911, "Dissonance": 0.9999986871441067, "PitchSalience": 0.4062624179786968, "HNR": 0.0}