{"duration": 0.08163265138864517, "lossless": 1.0, "codec": "pcm_f32le", "bitrate": 1411200.0, "samplerate": 44100.0, "channels": 1.0, "audio_md5": "924926e73df036753111563b02708692", "loudness": -14.558670043945312, "dynamic_range": 0.0, "temporal_centroid": 0.593877911567688, "log_attack_time": -1.2653144598007202, "filesize": 14458, "single_event": false, "tonality": "D minor", "tonality_confidence": 0.6918530464172363, "loop": false, "tempo": 0, "tempo_confidence": 0.0, "note_midi": 38, "note_name": "D2", "note_frequency": 73.42852783203125, "note_confidence": 0.9553945660591125, "hardness": 77.2595016905251, "depth": 48.11497090893177, "brightness": 64.25871898277771, "roughness": 76.87226855171473, "warmth": 40.416195185927634, "sharpness": 53.341790959695736, "boominess": 29.628671491541326, "reverb": false, "name": "AKWF_vgame_0119.wav", "SpectralCentroid": 0.8633353002595222, "SpectralSpread": 0.9013822623149057, "SpectralKurtosis": 0.3837406581493876, "ZeroCrossingRate": 0.8170126056699671, "SpectralComplexity": 1.0, "OddToEvenHarmonicEnergyRatio": 0.2839301756051556, "Dissonance": 0.988849696088448, "PitchSalience": 0.5890424172099559, "HNR": 0.16594782953025425}