{"duration": 0.08163265138864517, "lossless": 1.0, "codec": "pcm_f32le", "bitrate": 1411200.0, "samplerate": 44100.0, "channels": 1.0, "audio_md5": "b89ded31dcfe05ebd752ab897e7f77b0", "loudness": -11.217750549316406, "dynamic_range": 0.0, "temporal_centroid": 0.5695657134056091, "log_attack_time": -1.4605995416641235, "filesize": 14458, "single_event": false, "tonality": "G# major", "tonality_confidence": 0.32905101776123047, "loop": false, "tempo": 0, "tempo_confidence": 0.0, "note_midi": 38, "note_name": "D2", "note_frequency": 73.42986297607422, "note_confidence": 0.9814414978027344, "hardness": 56.692001973274785, "depth": 58.303560876267774, "brightness": 53.956584394338066, "roughness": 51.46346410974092, "warmth": 51.898237124893285, "sharpness": 39.88015442049673, "boominess": 33.3644999563939, "reverb": false, "name": "AKWF_0453.wav", "SpectralCentroid": 0.3860895253858583, "SpectralSpread": 0.27481749568348074, "SpectralKurtosis": 0.6039432357763282, "ZeroCrossingRate": 0.5688738575398764, "SpectralComplexity": 0.4925373134328358, "OddToEvenHarmonicEnergyRatio": 0.023428231761352347, "Dissonance": 0.9507598080546334, "PitchSalience": 0.43927652101245485, "HNR": 0.6722046505023619}