{
    "duration": 0.08163265138864517,
    "lossless": 1.0,
    "codec": "pcm_f32le",
    "bitrate": 1411200.0,
    "samplerate": 44100.0,
    "channels": 1.0,
    "audio_md5": "f85da5a639a7ed8d32251e8417694da1",
    "loudness": -14.059154510498047,
    "dynamic_range": 0.0,
    "temporal_centroid": 0.5804955959320068,
    "log_attack_time": -1.339948058128357,
    "filesize": 14458,
    "single_event": false,
    "tonality": "D minor",
    "tonality_confidence": 0.6879666447639465,
    "loop": false,
    "tempo": 0,
    "tempo_confidence": 0.0,
    "note_midi": 38,
    "note_name": "D2",
    "note_frequency": 73.42842864990234,
    "note_confidence": 0.9292712807655334,
    "hardness": 27.507619837706415,
    "depth": 57.72994538070696,
    "brightness": 21.179222734637676,
    "roughness": 39.35757004863664,
    "warmth": 69.71731407817005,
    "sharpness": 0.0,
    "boominess": 47.99754137816387,
    "reverb": false
}