{"duration": 0.08163265138864517, "lossless": 1.0, "codec": "pcm_f32le", "bitrate": 1411200.0, "samplerate": 44100.0, "channels": 1.0, "audio_md5": "7d0a5deba028cb065200926b2228fb51", "loudness": -10.45615291595459, "dynamic_range": 0.0, "temporal_centroid": 0.5601452589035034, "log_attack_time": -1.5591480731964111, "filesize": 14458, "single_event": false, "tonality": "D major", "tonality_confidence": 0.6768694519996643, "loop": false, "tempo": 0, "tempo_confidence": 0.0, "note_midi": 38, "note_name": "D2", "note_frequency": 73.42880249023438, "note_confidence": 0.9809130430221558, "hardness": 65.38071910434903, "depth": 61.54502839424813, "brightness": 57.3869961972436, "roughness": 59.86255101971679, "warmth": 47.922526437759544, "sharpness": 48.82278490283383, "boominess": 36.98408521208867, "reverb": false, "name": "AKWF_0780.wav", "SpectralCentroid": 0.7797479363432194, "SpectralSpread": 0.8734853754537341, "SpectralKurtosis": 0.43510622403193044, "ZeroCrossingRate": 0.2330271804613616, "SpectralComplexity": 1.0, "OddToEvenHarmonicEnergyRatio": 0.8170367821096951, "Dissonance": 0.9688756147812403, "PitchSalience": 0.4009583726786802, "HNR": 0.0}