{"duration": 0.08163265138864517, "lossless": 1.0, "codec": "pcm_f32le", "bitrate": 1411200.0, "samplerate": 44100.0, "channels": 1.0, "audio_md5": "5364ec8c1264f573f69dd1688244bcf6", "loudness": -17.32120132446289, "dynamic_range": 0.0, "temporal_centroid": 0.5886661410331726, "log_attack_time": -1.2689578533172607, "filesize": 14458, "single_event": false, "tonality": "D major", "tonality_confidence": 0.7138208150863647, "loop": false, "tempo": 0, "tempo_confidence": 0.0, "note_midi": 38, "note_name": "D2", "note_frequency": 73.44252014160156, "note_confidence": 0.8644685745239258, "hardness": 54.600478217496544, "depth": 55.78775653192098, "brightness": 47.15370808847919, "roughness": 56.65395776344779, "warmth": 61.74687648404253, "sharpness": 30.478418481451765, "boominess": 34.40313178478467, "reverb": false, "name": "AKWF_hvoice_0029.wav", "SpectralCentroid": 0.27337897126866995, "SpectralSpread": 0.1253008970403435, "SpectralKurtosis": 0.6421934627184412, "ZeroCrossingRate": 0.6763055068286788, "SpectralComplexity": 0.9850746268656716, "OddToEvenHarmonicEnergyRatio": 0.11209634805260932, "Dissonance": 0.8569995057826926, "PitchSalience": 0.5038657122796771, "HNR": 0.6280856444826376}