{"duration": 0.08163265138864517, "lossless": 1.0, "codec": "pcm_f32le", "bitrate": 1411200.0, "samplerate": 44100.0, "channels": 1.0, "audio_md5": "f867c0bf0499e9979b1529c84dffe1fe", "loudness": -22.777629852294922, "dynamic_range": 0.0, "temporal_centroid": 0.5754696726799011, "log_attack_time": -1.3721327781677246, "filesize": 14458, "single_event": false, "tonality": "D major", "tonality_confidence": 0.7886450886726379, "loop": false, "tempo": 0, "tempo_confidence": 0.0, "note_midi": 38, "note_name": "D2", "note_frequency": 73.4284439086914, "note_confidence": 0.9889230728149414, "hardness": 71.69078286440873, "depth": 53.19414659517669, "brightness": 66.44930879146204, "roughness": 60.24052476725035, "warmth": 43.2221712919172, "sharpness": 54.75328948175965, "boominess": 36.94069240478093, "reverb": false, "name": "AKWF_0661.wav", "SpectralCentroid": 0.9100388790186017, "SpectralSpread": 0.960390404755766, "SpectralKurtosis": 0.26950295472552854, "ZeroCrossingRate": 0.2330271804613616, "SpectralComplexity": 1.0, "OddToEvenHarmonicEnergyRatio": 0.7695858996578128, "Dissonance": 0.9714968045087555, "PitchSalience": 0.36199099777050286, "HNR": 0.0}