{"duration": 0.08163265138864517, "lossless": 1.0, "codec": "pcm_f32le", "bitrate": 1411200.0, "samplerate": 44100.0, "channels": 1.0, "audio_md5": "99c3447144caf23c6ce8da68204545c9", "loudness": -13.333171844482422, "dynamic_range": 0.0, "temporal_centroid": 0.5806857943534851, "log_attack_time": -1.274480938911438, "filesize": 14458, "single_event": false, "tonality": "D major", "tonality_confidence": 0.5596019625663757, "loop": false, "tempo": 0, "tempo_confidence": 0.0, "note_midi": 50, "note_name": "D3", "note_frequency": 146.63377380371094, "note_confidence": 0.9918295741081238, "hardness": 28.44805830953979, "depth": 56.332983266641605, "brightness": 30.606446450828155, "roughness": 38.814000517035936, "warmth": 68.47059661563667, "sharpness": 3.1037006884094858, "boominess": 51.720415816357786, "reverb": false, "name": "AKWF_1363.wav", "SpectralCentroid": 0.11209651061441467, "SpectralSpread": 0.10448531650180556, "SpectralKurtosis": 0.7323754046880068, "ZeroCrossingRate": 0.4252420033405892, "SpectralComplexity": 0.7313432835820896, "OddToEvenHarmonicEnergyRatio": 1.0, "Dissonance": 0.7102158714358151, "PitchSalience": 0.30767257493239003, "HNR": 0.9198336191518666}