{"duration": 0.08163265138864517, "lossless": 1.0, "codec": "pcm_f32le", "bitrate": 1411200.0, "samplerate": 44100.0, "channels": 1.0, "audio_md5": "2ebebc053f5e4c81b642d58ea36ca53a", "loudness": -14.149099349975586, "dynamic_range": 0.0, "temporal_centroid": 0.5883123278617859, "log_attack_time": -1.2804508209228516, "filesize": 14458, "single_event": false, "tonality": "D major", "tonality_confidence": 0.8089088797569275, "loop": false, "tempo": 0, "tempo_confidence": 0.0, "note_midi": 38, "note_name": "D2", "note_frequency": 73.43508911132812, "note_confidence": 0.9691681265830994, "hardness": 40.61879659880445, "depth": 55.57933793123325, "brightness": 40.287620107789294, "roughness": 52.33051573439056, "warmth": 70.52270394564555, "sharpness": 19.671836028306714, "boominess": 41.897083028819594, "reverb": false, "name": "AKWF_cello_0002.wav", "SpectralCentroid": 0.17267750364309967, "SpectralSpread": 0.07628165396078485, "SpectralKurtosis": 0.6907762951603428, "ZeroCrossingRate": 0.5688738575398764, "SpectralComplexity": 0.9552238805970149, "OddToEvenHarmonicEnergyRatio": 0.06960825504368078, "Dissonance": 0.9550962440068128, "PitchSalience": 0.5646689764419609, "HNR": 0.6780728679924524}