{"duration": 0.08163265138864517, "lossless": 1.0, "codec": "pcm_f32le", "bitrate": 1411200.0, "samplerate": 44100.0, "channels": 1.0, "audio_md5": "40be15af898ab739bdd00c6d9cd6ae85", "loudness": -15.779730796813965, "dynamic_range": 0.0, "temporal_centroid": 0.5939913988113403, "log_attack_time": -1.2936092615127563, "filesize": 14458, "single_event": false, "tonality": "D major", "tonality_confidence": 0.41913506388664246, "loop": false, "tempo": 0, "tempo_confidence": 0.0, "note_midi": 38, "note_name": "D2", "note_frequency": 73.42882537841797, "note_confidence": 0.9209104180335999, "hardness": 69.59337333655412, "depth": 57.975198888985204, "brightness": 57.30196038066158, "roughness": 67.17651575445808, "warmth": 53.73362567490071, "sharpness": 49.242115885608726, "boominess": 34.154591227316786, "reverb": false, "name": "AKWF_oscchip_0106.wav", "SpectralCentroid": 0.6878183075615276, "SpectralSpread": 0.6915469710656189, "SpectralKurtosis": 0.47871269825483576, "ZeroCrossingRate": 0.4252420033405892, "SpectralComplexity": 1.0, "OddToEvenHarmonicEnergyRatio": 0.4585417220944155, "Dissonance": 0.955808030710325, "PitchSalience": 0.6447527446634588, "HNR": 0.4962544219011273}