{
    "duration": 0.08163265138864517,
    "lossless": 1.0,
    "codec": "pcm_f32le",
    "bitrate": 1411200.0,
    "samplerate": 44100.0,
    "channels": 1.0,
    "audio_md5": "1a040a5d55480da70c0f996ee2f11e8b",
    "loudness": -14.245317459106445,
    "dynamic_range": 0.0,
    "temporal_centroid": 0.5881746411323547,
    "log_attack_time": -1.2838451862335205,
    "filesize": 14458,
    "single_event": false,
    "tonality": "D major",
    "tonality_confidence": 0.8837475180625916,
    "loop": false,
    "tempo": 0,
    "tempo_confidence": 0.0,
    "note_midi": 38,
    "note_name": "D2",
    "note_frequency": 73.4300537109375,
    "note_confidence": 0.916327714920044,
    "hardness": 74.2336497869511,
    "depth": 58.91505417013856,
    "brightness": 56.12914847545724,
    "roughness": 63.94592918986086,
    "warmth": 48.43947554819057,
    "sharpness": 45.7104911931458,
    "boominess": 35.13789834651059,
    "reverb": false
}