{
    "duration": 0.08163265138864517,
    "lossless": 1.0,
    "codec": "pcm_f32le",
    "bitrate": 1411200.0,
    "samplerate": 44100.0,
    "channels": 1.0,
    "audio_md5": "dddd767428b62327ed60371c11c67edd",
    "loudness": -15.974888801574707,
    "dynamic_range": 0.0,
    "temporal_centroid": 0.6036485433578491,
    "log_attack_time": -1.2704238891601562,
    "filesize": 14458,
    "single_event": false,
    "tonality": "D major",
    "tonality_confidence": 0.6265310049057007,
    "loop": false,
    "tempo": 0,
    "tempo_confidence": 0.0,
    "note_midi": 38,
    "note_name": "D2",
    "note_frequency": 73.44932556152344,
    "note_confidence": 0.8897108435630798,
    "hardness": 49.59169050862363,
    "depth": 61.018207956669144,
    "brightness": 44.80160458334738,
    "roughness": 54.185111021809,
    "warmth": 61.37617269743546,
    "sharpness": 34.00307232676984,
    "boominess": 42.0030631357624,
    "reverb": false
}