{"duration": 0.08163265138864517, "lossless": 1.0, "codec": "pcm_f32le", "bitrate": 1411200.0, "samplerate": 44100.0, "channels": 1.0, "audio_md5": "458b7695a485e2b3ea1e1fc26cc83a02", "loudness": -14.413084983825684, "dynamic_range": 0.0, "temporal_centroid": 0.5874986052513123, "log_attack_time": -1.3109912872314453, "filesize": 14458, "single_event": false, "tonality": "D major", "tonality_confidence": 0.7474155426025391, "loop": false, "tempo": 0, "tempo_confidence": 0.0, "note_midi": 50, "note_name": "D3", "note_frequency": 145.4602813720703, "note_confidence": 0.8544535636901855, "hardness": 36.64031568137479, "depth": 50.83322265311492, "brightness": 37.43342941875507, "roughness": 50.866848761411276, "warmth": 67.88873763891124, "sharpness": 18.45694955392982, "boominess": 45.448178506520776, "reverb": false, "name": "AKWF_linear_0040.wav", "SpectralCentroid": 0.17310499916773336, "SpectralSpread": 0.11346601722869812, "SpectralKurtosis": 0.7051857118649569, "ZeroCrossingRate": 0.4252420033405892, "SpectralComplexity": 0.746268656716418, "OddToEvenHarmonicEnergyRatio": 0.9282601340057202, "Dissonance": 0.9999985412712296, "PitchSalience": 0.32824784238048527, "HNR": 0.8118253299347687}