{"duration": 0.08163265138864517, "lossless": 1.0, "codec": "pcm_f32le", "bitrate": 1411200.0, "samplerate": 44100.0, "channels": 1.0, "audio_md5": "ac366ef01ade5d010727c3aae38b77bc", "loudness": -14.739161491394043, "dynamic_range": 0.0, "temporal_centroid": 0.5928492546081543, "log_attack_time": -1.2802629470825195, "filesize": 14458, "single_event": false, "tonality": "D major", "tonality_confidence": 0.8879367709159851, "loop": false, "tempo": 0, "tempo_confidence": 0.0, "note_midi": 38, "note_name": "D2", "note_frequency": 73.42996978759766, "note_confidence": 0.9050175547599792, "hardness": 74.98877214246943, "depth": 57.93229761481332, "brightness": 56.19510707686582, "roughness": 65.10775643389746, "warmth": 48.63358526934786, "sharpness": 45.77280629422439, "boominess": 34.873320629915014, "reverb": false, "name": "AKWF_gapsaw_0008.wav", "SpectralCentroid": 0.7305000636751751, "SpectralSpread": 0.8594894503669551, "SpectralKurtosis": 0.47733375984370086, "ZeroCrossingRate": 0.2330271804613616, "SpectralComplexity": 1.0, "OddToEvenHarmonicEnergyRatio": 0.2148198446099302, "Dissonance": 0.9851544443672939, "PitchSalience": 0.5978906664359583, "HNR": 0.0}