{
    "duration": 0.08163265138864517,
    "lossless": 1.0,
    "codec": "pcm_f32le",
    "bitrate": 1411200.0,
    "samplerate": 44100.0,
    "channels": 1.0,
    "audio_md5": "37d84a269dad473683ca41c41b61e8a0",
    "loudness": -14.430233001708984,
    "dynamic_range": 0.0,
    "temporal_centroid": 0.5905081033706665,
    "log_attack_time": -1.267679214477539,
    "filesize": 14458,
    "single_event": false,
    "tonality": "D major",
    "tonality_confidence": 0.6161773204803467,
    "loop": false,
    "tempo": 0,
    "tempo_confidence": 0.0,
    "note_midi": 38,
    "note_name": "D2",
    "note_frequency": 73.42839813232422,
    "note_confidence": 0.8904271125793457,
    "hardness": 74.30426853874525,
    "depth": 58.06762674514851,
    "brightness": 56.41373582571348,
    "roughness": 64.96640524414715,
    "warmth": 51.94261871590617,
    "sharpness": 49.164424083925745,
    "boominess": 36.24951280712135,
    "reverb": false
}