{"duration": 0.08163265138864517, "lossless": 1.0, "codec": "pcm_f32le", "bitrate": 1411200.0, "samplerate": 44100.0, "channels": 1.0, "audio_md5": "e124d66ff44fa145a9dd7a7ad89c99ac", "loudness": -13.21109390258789, "dynamic_range": 0.0, "temporal_centroid": 0.5929476022720337, "log_attack_time": -1.3352344036102295, "filesize": 14458, "single_event": false, "tonality": "D major", "tonality_confidence": 0.6702602505683899, "loop": false, "tempo": 0, "tempo_confidence": 0.0, "note_midi": 38, "note_name": "D2", "note_frequency": 73.42839813232422, "note_confidence": 0.9862717986106873, "hardness": 70.89442844035463, "depth": 52.42667853756626, "brightness": 61.648853426513284, "roughness": 66.37537337924962, "warmth": 44.78565247408545, "sharpness": 51.66595291097078, "boominess": 32.93350664751652, "reverb": false, "name": "AKWF_hdrawn_0016.wav", "SpectralCentroid": 0.8117107721887605, "SpectralSpread": 0.8868864982606297, "SpectralKurtosis": 0.41976718260170603, "ZeroCrossingRate": 0.25127414437444123, "SpectralComplexity": 1.0, "OddToEvenHarmonicEnergyRatio": 0.037051861037192324, "Dissonance": 0.9778983627811773, "PitchSalience": 0.4364110105169558, "HNR": 0.6167262531047845}