{"duration": 0.08163265138864517, "lossless": 1.0, "codec": "pcm_f32le", "bitrate": 1411200.0, "samplerate": 44100.0, "channels": 1.0, "audio_md5": "51338fbc108438858e3a5c7e5d0453fc", "loudness": -15.943150520324707, "dynamic_range": 0.0, "temporal_centroid": 0.5886366367340088, "log_attack_time": -1.2718948125839233, "filesize": 14458, "single_event": false, "tonality": "D minor", "tonality_confidence": 0.7422105073928833, "loop": false, "tempo": 0, "tempo_confidence": 0.0, "note_midi": 38, "note_name": "D2", "note_frequency": 73.4375228881836, "note_confidence": 0.9267370700836182, "hardness": 57.04334167465646, "depth": 58.22880307527173, "brightness": 46.70937880574248, "roughness": 59.32865084193075, "warmth": 65.52859313166127, "sharpness": 31.67285818809303, "boominess": 40.64117191620359, "reverb": false, "name": "AKWF_0357.wav", "SpectralCentroid": 0.2793072484253727, "SpectralSpread": 0.1158828147438408, "SpectralKurtosis": 0.6000115972933036, "ZeroCrossingRate": 0.4252420033405892, "SpectralComplexity": 1.0, "OddToEvenHarmonicEnergyRatio": 0.22754216384844725, "Dissonance": 0.9709704951683986, "PitchSalience": 0.40663277721153146, "HNR": 0.0}