{"duration": 0.08163265138864517, "lossless": 1.0, "codec": "pcm_f32le", "bitrate": 1411200.0, "samplerate": 44100.0, "channels": 1.0, "audio_md5": "3fdc2e5723b9c5d7c633d656efaf4157", "loudness": -22.56708526611328, "dynamic_range": 0.0, "temporal_centroid": 0.6085254549980164, "log_attack_time": -1.2618812322616577, "filesize": 14458, "single_event": false, "tonality": "D major", "tonality_confidence": 0.840254008769989, "loop": false, "tempo": 0, "tempo_confidence": 0.0, "note_midi": 38, "note_name": "D2", "note_frequency": 73.42850494384766, "note_confidence": 0.9919844269752502, "hardness": 58.213445125860886, "depth": 44.65241773648918, "brightness": 55.598331635715226, "roughness": 60.56521410294265, "warmth": 55.47540768860535, "sharpness": 29.739782512289302, "boominess": 32.586394625612684, "reverb": false, "name": "AKWF_hvoice_0065.wav", "SpectralCentroid": 0.31827234891255773, "SpectralSpread": 0.08649918884222829, "SpectralKurtosis": 0.7022685568635526, "ZeroCrossingRate": 0.9662027975578588, "SpectralComplexity": 0.7910447761194029, "OddToEvenHarmonicEnergyRatio": 0.2481967271622969, "Dissonance": 0.9939440875097224, "PitchSalience": 0.8255462256575967, "HNR": 0.0}