{
    "duration": 0.08163265138864517,
    "lossless": 1.0,
    "codec": "pcm_f32le",
    "bitrate": 1411200.0,
    "samplerate": 44100.0,
    "channels": 1.0,
    "audio_md5": "7194c7ee0c199df65ce019dfcb5fef3c",
    "loudness": -14.257898330688477,
    "dynamic_range": 0.0,
    "temporal_centroid": 0.6004632115364075,
    "log_attack_time": -1.3259577751159668,
    "filesize": 14458,
    "single_event": false,
    "tonality": "D major",
    "tonality_confidence": 0.6608778238296509,
    "loop": false,
    "tempo": 0,
    "tempo_confidence": 0.0,
    "note_midi": 38,
    "note_name": "D2",
    "note_frequency": 73.43463134765625,
    "note_confidence": 0.9494972229003906,
    "hardness": 51.37368351981644,
    "depth": 54.41308666355984,
    "brightness": 46.755513036067285,
    "roughness": 58.5066543826138,
    "warmth": 64.54226918989683,
    "sharpness": 31.647844745668138,
    "boominess": 38.81148543255462,
    "reverb": false
}