{"duration": 0.08163265138864517, "lossless": 1.0, "codec": "pcm_f32le", "bitrate": 1411200.0, "samplerate": 44100.0, "channels": 1.0, "audio_md5": "a9d3e0f94f266fd43e965a4d6539d990", "loudness": -14.217340469360352, "dynamic_range": 0.0, "temporal_centroid": 0.590559184551239, "log_attack_time": -1.273925542831421, "filesize": 14458, "single_event": false, "tonality": "A major", "tonality_confidence": 0.5287665128707886, "loop": false, "tempo": 0, "tempo_confidence": 0.0, "note_midi": 38, "note_name": "D2", "note_frequency": 73.43456268310547, "note_confidence": 0.9604974389076233, "hardness": 55.629392126128096, "depth": 54.47459766887687, "brightness": 45.43047025937055, "roughness": 50.15048130465064, "warmth": 53.45837128021637, "sharpness": 41.716605230683825, "boominess": 45.42908952421486, "reverb": false, "name": "AKWF_0590.wav", "SpectralCentroid": 0.5891263500074897, "SpectralSpread": 0.7488458072252674, "SpectralKurtosis": 0.5075913025588006, "ZeroCrossingRate": 0.2330271804613616, "SpectralComplexity": 1.0, "OddToEvenHarmonicEnergyRatio": 0.5852337585400714, "Dissonance": 0.9290822962258019, "PitchSalience": 0.19009616243554409, "HNR": 0.6746096086155594}