{"duration": 0.08163265138864517, "lossless": 1.0, "codec": "pcm_f32le", "bitrate": 1411200.0, "samplerate": 44100.0, "channels": 1.0, "audio_md5": "f703c1c907254af761c1ddf79efe2664", "loudness": -16.62911605834961, "dynamic_range": 0.0, "temporal_centroid": 0.6007645130157471, "log_attack_time": -1.251038908958435, "filesize": 14458, "single_event": false, "tonality": "D major", "tonality_confidence": 0.8541343808174133, "loop": false, "tempo": 0, "tempo_confidence": 0.0, "note_midi": 38, "note_name": "D2", "note_frequency": 73.43038940429688, "note_confidence": 0.9210292100906372, "hardness": 54.736467459209905, "depth": 44.944427740405665, "brightness": 47.751898511670866, "roughness": 37.49943354208373, "warmth": 53.83996590268303, "sharpness": 27.715194921918528, "boominess": 32.00461767954644, "reverb": false, "name": "AKWF_eorgan_0062.wav", "SpectralCentroid": 0.18431842739936033, "SpectralSpread": 0.01637807471349928, "SpectralKurtosis": 0.8147942679305517, "ZeroCrossingRate": 0.8961703981297011, "SpectralComplexity": 0.11940298507462686, "OddToEvenHarmonicEnergyRatio": 0.39899263020691794, "Dissonance": 0.8475260835291434, "PitchSalience": 0.7385251747001175, "HNR": 0.4761600425201237}