{"duration": 0.08163265138864517, "lossless": 1.0, "codec": "pcm_f32le", "bitrate": 1411200.0, "samplerate": 44100.0, "channels": 1.0, "audio_md5": "a59511c68abfb2244a956e838cf429e6", "loudness": -15.809770584106445, "dynamic_range": 0.0, "temporal_centroid": 0.5967344045639038, "log_attack_time": -1.2622413635253906, "filesize": 14458, "single_event": false, "tonality": "D major", "tonality_confidence": 0.842034101486206, "loop": false, "tempo": 0, "tempo_confidence": 0.0, "note_midi": 38, "note_name": "D2", "note_frequency": 73.42839813232422, "note_confidence": 0.9939913749694824, "hardness": 75.62577550421858, "depth": 52.59127185035563, "brightness": 61.077893245957604, "roughness": 77.89674318420826, "warmth": 47.68816958968802, "sharpness": 52.0388363866639, "boominess": 31.47708113522173, "reverb": false, "name": "AKWF_blended_0067.wav", "SpectralCentroid": 0.8411916974317878, "SpectralSpread": 0.8993335404369102, "SpectralKurtosis": 0.4008591790515823, "ZeroCrossingRate": 0.4252420033405892, "SpectralComplexity": 1.0, "OddToEvenHarmonicEnergyRatio": 0.5835637576198102, "Dissonance": 0.9805551454906901, "PitchSalience": 0.7693596759166577, "HNR": 0.8136519794153798}