{"duration": 0.08163265138864517, "lossless": 1.0, "codec": "pcm_f32le", "bitrate": 1411200.0, "samplerate": 44100.0, "channels": 1.0, "audio_md5": "bac0f72cb7129ec8f591998f9dd9da2f", "loudness": -10.161884307861328, "dynamic_range": 0.0, "temporal_centroid": 0.5555787682533264, "log_attack_time": -1.6514434814453125, "filesize": 14458, "single_event": false, "tonality": "B major", "tonality_confidence": 0.3220828175544739, "loop": false, "tempo": 0, "tempo_confidence": 0.0, "note_midi": 38, "note_name": "D2", "note_frequency": 73.43516540527344, "note_confidence": 0.9691009521484375, "hardness": 48.9115490389363, "depth": 61.899206752634555, "brightness": 46.26448323132308, "roughness": 43.591885483878336, "warmth": 61.57696548456279, "sharpness": 30.964338492659348, "boominess": 40.812552636371976, "reverb": false, "name": "AKWF_0987.wav", "SpectralCentroid": 0.23108157025082351, "SpectralSpread": 0.12356752975656461, "SpectralKurtosis": 0.6333143307036668, "ZeroCrossingRate": 0.2330271804613616, "SpectralComplexity": 0.4925373134328358, "OddToEvenHarmonicEnergyRatio": 0.8592645832668347, "Dissonance": 0.9999985412712296, "PitchSalience": 0.4554427003599125, "HNR": 0.0}