{"duration": 0.08163265138864517, "lossless": 1.0, "codec": "pcm_f32le", "bitrate": 1411200.0, "samplerate": 44100.0, "channels": 1.0, "audio_md5": "19fe0209c65884d52b23af4ed4844034", "loudness": -15.655180931091309, "dynamic_range": 0.0, "temporal_centroid": 0.5896556973457336, "log_attack_time": -1.3008331060409546, "filesize": 14458, "single_event": false, "tonality": "D major", "tonality_confidence": 0.6199783086776733, "loop": false, "tempo": 0, "tempo_confidence": 0.0, "note_midi": 38, "note_name": "D2", "note_frequency": 73.42872619628906, "note_confidence": 0.9567285776138306, "hardness": 69.5093419014703, "depth": 47.43688696221898, "brightness": 60.441225515666424, "roughness": 71.54192426902594, "warmth": 51.4663894991485, "sharpness": 52.528495591241665, "boominess": 30.938804774720754, "reverb": false, "name": "AKWF_snippet_0016.wav", "SpectralCentroid": 0.6601449692260117, "SpectralSpread": 0.552867199097134, "SpectralKurtosis": 0.4994093445378681, "ZeroCrossingRate": 0.9553159698341652, "SpectralComplexity": 1.0, "OddToEvenHarmonicEnergyRatio": 0.5288034748363871, "Dissonance": 0.9780233758367998, "PitchSalience": 0.7206575378435035, "HNR": 0.4991493141921066}