{
    "duration": 0.08163265138864517,
    "lossless": 1.0,
    "codec": "pcm_f32le",
    "bitrate": 1411200.0,
    "samplerate": 44100.0,
    "channels": 1.0,
    "audio_md5": "f21b9182b396bb3c61b06aee4e3b4018",
    "loudness": -15.081544876098633,
    "dynamic_range": 0.0,
    "temporal_centroid": 0.5804829597473145,
    "log_attack_time": -1.2704238891601562,
    "filesize": 14458,
    "single_event": false,
    "tonality": "F major",
    "tonality_confidence": 0.7732604146003723,
    "loop": false,
    "tempo": 0,
    "tempo_confidence": 0.0,
    "note_midi": 38,
    "note_name": "D2",
    "note_frequency": 73.48719024658203,
    "note_confidence": 0.9656957387924194,
    "hardness": 24.366714743085836,
    "depth": 63.60770328529185,
    "brightness": 23.63178408927641,
    "roughness": 40.145138560174,
    "warmth": 62.43990613635056,
    "sharpness": 0.0,
    "boominess": 58.3380265308619,
    "reverb": false
}