{"duration": 0.08163265138864517, "lossless": 1.0, "codec": "pcm_f32le", "bitrate": 1411200.0, "samplerate": 44100.0, "channels": 1.0, "audio_md5": "1a3dc820bab22ff06373ef8d952b5943", "loudness": -14.908653259277344, "dynamic_range": 0.0, "temporal_centroid": 0.5899540781974792, "log_attack_time": -1.2752227783203125, "filesize": 14458, "single_event": false, "tonality": "D major", "tonality_confidence": 0.581693708896637, "loop": false, "tempo": 0, "tempo_confidence": 0.0, "note_midi": 38, "note_name": "D2", "note_frequency": 73.46162414550781, "note_confidence": 0.9223654866218567, "hardness": 31.23689701873907, "depth": 62.093549922628746, "brightness": 30.951236115010932, "roughness": 49.556384521404645, "warmth": 69.28808295592005, "sharpness": 3.7471344231467967, "boominess": 48.9503794839807, "reverb": false, "name": "AKWF_epiano_0003.wav", "SpectralCentroid": 0.08236530387745482, "SpectralSpread": 0.03260993083519742, "SpectralKurtosis": 0.7658602240763687, "ZeroCrossingRate": 0.4252420033405892, "SpectralComplexity": 0.26865671641791045, "OddToEvenHarmonicEnergyRatio": 0.06814811395754267, "Dissonance": 0.7743075998018463, "PitchSalience": 0.5764552619545288, "HNR": 0.0}