{
    "duration": 0.08163265138864517,
    "lossless": 1.0,
    "codec": "pcm_f32le",
    "bitrate": 1411200.0,
    "samplerate": 44100.0,
    "channels": 1.0,
    "audio_md5": "af3fb54049a0786ea146ea19e397c705",
    "loudness": -13.835914611816406,
    "dynamic_range": 0.0,
    "temporal_centroid": 0.5859408974647522,
    "log_attack_time": -1.3375848531723022,
    "filesize": 14458,
    "single_event": false,
    "tonality": "D major",
    "tonality_confidence": 0.8321472406387329,
    "loop": false,
    "tempo": 0,
    "tempo_confidence": 0.0,
    "note_midi": 38,
    "note_name": "D2",
    "note_frequency": 73.43558502197266,
    "note_confidence": 0.99418705701828,
    "hardness": 28.165222190777953,
    "depth": 63.27181724998858,
    "brightness": 31.068268493687466,
    "roughness": 44.76320554124248,
    "warmth": 63.57974061500619,
    "sharpness": 7.199199750207477,
    "boominess": 54.533879662098,
    "reverb": false
}