{"duration": 0.08163265138864517, "lossless": 1.0, "codec": "pcm_f32le", "bitrate": 1411200.0, "samplerate": 44100.0, "channels": 1.0, "audio_md5": "e5b643630ce67c9ca00465974d44acda", "loudness": -12.798633575439453, "dynamic_range": 0.0, "temporal_centroid": 0.5847196578979492, "log_attack_time": -1.3205679655075073, "filesize": 14458, "single_event": false, "tonality": "D minor", "tonality_confidence": 0.7853232026100159, "loop": false, "tempo": 0, "tempo_confidence": 0.0, "note_midi": 62, "note_name": "D4", "note_frequency": 293.7597961425781, "note_confidence": 0.9990625381469727, "hardness": 61.998447969919994, "depth": 38.42320386997355, "brightness": 53.38144084103769, "roughness": 43.8722865998364, "warmth": 51.83557225431211, "sharpness": 38.80516944560175, "boominess": 19.464263746854947, "reverb": false, "name": "AKWF_altosax_0018.wav", "SpectralCentroid": 0.45739652748845516, "SpectralSpread": 0.3044261665384697, "SpectralKurtosis": 0.5970482865836281, "ZeroCrossingRate": 0.8961703981297011, "SpectralComplexity": 0.9850746268656716, "OddToEvenHarmonicEnergyRatio": 0.4469285372099274, "Dissonance": 0.9999978848432829, "PitchSalience": 0.5777711106542925, "HNR": 0.9408855353551222}