{"duration": 0.08163265138864517, "lossless": 1.0, "codec": "pcm_f32le", "bitrate": 1411200.0, "samplerate": 44100.0, "channels": 1.0, "audio_md5": "64a6a332ddbbf59cd8a716176a0ff973", "loudness": -13.242748260498047, "dynamic_range": 0.0, "temporal_centroid": 0.5757257342338562, "log_attack_time": -1.3772668838500977, "filesize": 14458, "single_event": false, "tonality": "F major", "tonality_confidence": 0.3560192883014679, "loop": false, "tempo": 0, "tempo_confidence": 0.0, "note_midi": 38, "note_name": "D2", "note_frequency": 73.44746398925781, "note_confidence": 0.9860077500343323, "hardness": 19.542322198074316, "depth": 54.77734918604614, "brightness": 18.404976777201846, "roughness": 26.917821917054184, "warmth": 55.848428762464984, "sharpness": 0.0, "boominess": 56.788413021714284, "reverb": false, "name": "AKWF_0127.wav", "SpectralCentroid": 0.021215223918701467, "SpectralSpread": 0.008822481355138995, "SpectralKurtosis": 0.8983357858627055, "ZeroCrossingRate": 0.2330271804613616, "SpectralComplexity": 0.11940298507462686, "OddToEvenHarmonicEnergyRatio": 1.0, "Dissonance": 0.6428961221737859, "PitchSalience": 0.23352941663177318, "HNR": 0.0}