{"duration": 0.08163265138864517, "lossless": 1.0, "codec": "pcm_f32le", "bitrate": 1411200.0, "samplerate": 44100.0, "channels": 1.0, "audio_md5": "dc0ba802758649569e713f870944c1d4", "loudness": -15.406234741210938, "dynamic_range": 0.0, "temporal_centroid": 0.6010470986366272, "log_attack_time": -1.2684093713760376, "filesize": 14458, "single_event": false, "tonality": "D minor", "tonality_confidence": 0.6423741579055786, "loop": false, "tempo": 0, "tempo_confidence": 0.0, "note_midi": 38, "note_name": "D2", "note_frequency": 73.43218231201172, "note_confidence": 0.848545491695404, "hardness": 63.569903770158476, "depth": 36.54021347466919, "brightness": 55.44909497482596, "roughness": 62.67292791663144, "warmth": 47.10073091483736, "sharpness": 39.04391975202603, "boominess": 21.092436056316405, "reverb": false, "name": "AKWF_1526.wav", "SpectralCentroid": 0.3803182109198428, "SpectralSpread": 0.09762820690981742, "SpectralKurtosis": 0.6115491511512244, "ZeroCrossingRate": 0.7567375327336924, "SpectralComplexity": 1.0, "OddToEvenHarmonicEnergyRatio": 0.2688154977680815, "Dissonance": 0.9970542431210727, "PitchSalience": 0.7564820909511639, "HNR": 0.6306243585796426}