{
    "duration": 0.08163265138864517,
    "lossless": 1.0,
    "codec": "pcm_f32le",
    "bitrate": 1411200.0,
    "samplerate": 44100.0,
    "channels": 1.0,
    "audio_md5": "c85024a04ddfaeb72b3beb2e361b7510",
    "loudness": -14.219785690307617,
    "dynamic_range": 0.0,
    "temporal_centroid": 0.5863525867462158,
    "log_attack_time": -1.3107898235321045,
    "filesize": 14458,
    "single_event": false,
    "tonality": "D major",
    "tonality_confidence": 0.44729354977607727,
    "loop": false,
    "tempo": 0,
    "tempo_confidence": 0.0,
    "note_midi": 38,
    "note_name": "D2",
    "note_frequency": 73.44967651367188,
    "note_confidence": 0.9740609526634216,
    "hardness": 34.496005078130906,
    "depth": 54.44579352248089,
    "brightness": 32.426855966316076,
    "roughness": 43.275065587822795,
    "warmth": 66.77845289901585,
    "sharpness": 7.688520717484376,
    "boominess": 50.65333641691298,
    "reverb": false
}