{"duration": 0.08163265138864517, "lossless": 1.0, "codec": "pcm_f32le", "bitrate": 1411200.0, "samplerate": 44100.0, "channels": 1.0, "audio_md5": "e95390f1256ff79d98590d2781479509", "loudness": -14.49433422088623, "dynamic_range": 0.0, "temporal_centroid": 0.5677264928817749, "log_attack_time": -1.478008508682251, "filesize": 14458, "single_event": false, "tonality": "D major", "tonality_confidence": 0.5023401975631714, "loop": false, "tempo": 0, "tempo_confidence": 0.0, "note_midi": 38, "note_name": "D2", "note_frequency": 73.45811462402344, "note_confidence": 0.9788531064987183, "hardness": 23.61680937133258, "depth": 54.78893452333509, "brightness": 25.981106164560874, "roughness": 26.495450239511484, "warmth": 65.85848782465041, "sharpness": 0.0, "boominess": 56.06161247595014, "reverb": false, "name": "AKWF_0082.wav", "SpectralCentroid": 0.028991300681446067, "SpectralSpread": 0.009804622003997888, "SpectralKurtosis": 0.8322394270969152, "ZeroCrossingRate": 0.2330271804613616, "SpectralComplexity": 0.2537313432835821, "OddToEvenHarmonicEnergyRatio": 1.0, "Dissonance": 0.5985071515636697, "PitchSalience": 0.22632179356647164, "HNR": 0.0}