{"duration": 0.08163265138864517, "lossless": 1.0, "codec": "pcm_f32le", "bitrate": 1411200.0, "samplerate": 44100.0, "channels": 1.0, "audio_md5": "ab92cadfad84007e927e6b0d0eb56bef", "loudness": -14.403693199157715, "dynamic_range": 0.0, "temporal_centroid": 0.5807825922966003, "log_attack_time": -1.3535140752792358, "filesize": 14458, "single_event": false, "tonality": "D major", "tonality_confidence": 0.8188979029655457, "loop": false, "tempo": 0, "tempo_confidence": 0.0, "note_midi": 38, "note_name": "D2", "note_frequency": 73.42839813232422, "note_confidence": 0.9670604467391968, "hardness": 72.6960027732776, "depth": 57.53282179756063, "brightness": 59.638689056146674, "roughness": 69.60997612540783, "warmth": 48.25362705071678, "sharpness": 50.611424009372726, "boominess": 34.48352315085522, "reverb": false, "name": "AKWF_blended_0029.wav", "SpectralCentroid": 0.8091622763861284, "SpectralSpread": 0.8790705716451278, "SpectralKurtosis": 0.4208392593585551, "ZeroCrossingRate": 0.5688738575398764, "SpectralComplexity": 1.0, "OddToEvenHarmonicEnergyRatio": 0.37952776163669294, "Dissonance": 0.9870151987868044, "PitchSalience": 0.5384535343066769, "HNR": 0.9457969521456175}