{"duration": 0.08163265138864517, "lossless": 1.0, "codec": "pcm_f32le", "bitrate": 1411200.0, "samplerate": 44100.0, "channels": 1.0, "audio_md5": "77221d703a390411529c189dd5333308", "loudness": -13.386628150939941, "dynamic_range": 0.0, "temporal_centroid": 0.5866895318031311, "log_attack_time": -1.2836558818817139, "filesize": 14458, "single_event": false, "tonality": "D minor", "tonality_confidence": 0.767360270023346, "loop": false, "tempo": 0, "tempo_confidence": 0.0, "note_midi": 38, "note_name": "D2", "note_frequency": 73.42893981933594, "note_confidence": 0.9557395577430725, "hardness": 70.6268361977821, "depth": 58.52359188515145, "brightness": 55.150939693585315, "roughness": 65.62391110023066, "warmth": 52.80328460221845, "sharpness": 48.202228464123124, "boominess": 34.087266441848215, "reverb": false, "name": "AKWF_vgame_0128.wav", "SpectralCentroid": 0.7525182245603343, "SpectralSpread": 0.8417107905541591, "SpectralKurtosis": 0.45006577735548436, "ZeroCrossingRate": 0.4252420033405892, "SpectralComplexity": 1.0, "OddToEvenHarmonicEnergyRatio": 0.1886372462621023, "Dissonance": 0.9859255283953225, "PitchSalience": 0.5462915230848415, "HNR": 0.0}