{"duration": 0.08163265138864517, "lossless": 1.0, "codec": "pcm_f32le", "bitrate": 1411200.0, "samplerate": 44100.0, "channels": 1.0, "audio_md5": "cd2adc4c78717f21414cb41026131189", "loudness": -13.253864288330078, "dynamic_range": 0.0, "temporal_centroid": 0.5738264322280884, "log_attack_time": -1.4001615047454834, "filesize": 14458, "single_event": false, "tonality": "D major", "tonality_confidence": 0.5291537642478943, "loop": false, "tempo": 0, "tempo_confidence": 0.0, "note_midi": 38, "note_name": "D2", "note_frequency": 73.4775619506836, "note_confidence": 0.9531357288360596, "hardness": 28.125823295807024, "depth": 63.269601537740485, "brightness": 20.58176714060457, "roughness": 44.218266729867295, "warmth": 60.96666816478876, "sharpness": 2.1644080234271073, "boominess": 52.23438092871575, "reverb": false, "name": "AKWF_0838.wav", "SpectralCentroid": 0.03154111335494365, "SpectralSpread": 0.0013966828687684385, "SpectralKurtosis": 0.9497044729742261, "ZeroCrossingRate": 0.2330271804613616, "SpectralComplexity": 0.07462686567164178, "OddToEvenHarmonicEnergyRatio": 0.704767861896396, "Dissonance": 0.4757577512470672, "PitchSalience": 0.29452291459275454, "HNR": 0.4593122646404794}