{
    "duration": 0.08163265138864517,
    "lossless": 1.0,
    "codec": "pcm_f32le",
    "bitrate": 1411200.0,
    "samplerate": 44100.0,
    "channels": 1.0,
    "audio_md5": "b108b39ea08b454aacf8449c00f91ac3",
    "loudness": -16.38835906982422,
    "dynamic_range": 0.0,
    "temporal_centroid": 0.6100270748138428,
    "log_attack_time": -1.2529741525650024,
    "filesize": 14458,
    "single_event": false,
    "tonality": "D major",
    "tonality_confidence": 0.8832650184631348,
    "loop": false,
    "tempo": 0,
    "tempo_confidence": 0.0,
    "note_midi": 38,
    "note_name": "D2",
    "note_frequency": 73.42955017089844,
    "note_confidence": 0.8760699033737183,
    "hardness": 83.10484819330654,
    "depth": 53.30690213380484,
    "brightness": 57.864055588194915,
    "roughness": 71.76476003038131,
    "warmth": 48.41050364377602,
    "sharpness": 47.17155670828228,
    "boominess": 31.826558870754887,
    "reverb": false
}