{
    "duration": 0.08163265138864517,
    "lossless": 1.0,
    "codec": "pcm_f32le",
    "bitrate": 1411200.0,
    "samplerate": 44100.0,
    "channels": 1.0,
    "audio_md5": "b4ce8f52cf30989e8d1e6128d9389f4c",
    "loudness": -14.200477600097656,
    "dynamic_range": 0.0,
    "temporal_centroid": 0.5840824246406555,
    "log_attack_time": -1.2724477052688599,
    "filesize": 14458,
    "single_event": false,
    "tonality": "D major",
    "tonality_confidence": 0.8757227659225464,
    "loop": false,
    "tempo": 0,
    "tempo_confidence": 0.0,
    "note_midi": 38,
    "note_name": "D2",
    "note_frequency": 73.42839813232422,
    "note_confidence": 0.9081401824951172,
    "hardness": 46.82520110995452,
    "depth": 60.2391583097051,
    "brightness": 40.51611856743283,
    "roughness": 52.219069961764895,
    "warmth": 66.01322733121674,
    "sharpness": 28.030754559342185,
    "boominess": 46.3327575224354,
    "reverb": false
}