{"duration": 0.08163265138864517, "lossless": 1.0, "codec": "pcm_f32le", "bitrate": 1411200.0, "samplerate": 44100.0, "channels": 1.0, "audio_md5": "0a9f0a5f65fac56c867b4809e5f68a14", "loudness": -14.449277877807617, "dynamic_range": 0.0, "temporal_centroid": 0.5873236060142517, "log_attack_time": -1.2825219631195068, "filesize": 14458, "single_event": false, "tonality": "F# major", "tonality_confidence": 0.48325538635253906, "loop": false, "tempo": 0, "tempo_confidence": 0.0, "note_midi": 38, "note_name": "D2", "note_frequency": 73.42898559570312, "note_confidence": 0.9314520359039307, "hardness": 64.45401249332787, "depth": 34.91831812829167, "brightness": 59.70892432411556, "roughness": 60.859193962801086, "warmth": 47.8931464356094, "sharpness": 49.33350551140395, "boominess": 21.58538978848337, "reverb": false, "name": "AKWF_1274.wav", "SpectralCentroid": 0.5650422558504451, "SpectralSpread": 0.291264067068219, "SpectralKurtosis": 0.4792733188597428, "ZeroCrossingRate": 0.9216804862306207, "SpectralComplexity": 0.5074626865671642, "OddToEvenHarmonicEnergyRatio": 0.017256620929673363, "Dissonance": 0.943843902017772, "PitchSalience": 0.8603971247402178, "HNR": 0.42402887325181776}