{
    "duration": 0.08163265138864517,
    "lossless": 1.0,
    "codec": "pcm_f32le",
    "bitrate": 1411200.0,
    "samplerate": 44100.0,
    "channels": 1.0,
    "audio_md5": "f39812ca546bd8648c076c39470c9148",
    "loudness": -15.917759895324707,
    "dynamic_range": 0.0,
    "temporal_centroid": 0.5933755040168762,
    "log_attack_time": -1.2203741073608398,
    "filesize": 14458,
    "single_event": false,
    "tonality": "D major",
    "tonality_confidence": 0.5809876322746277,
    "loop": false,
    "tempo": 0,
    "tempo_confidence": 0.0,
    "note_midi": 38,
    "note_name": "D2",
    "note_frequency": 73.43721008300781,
    "note_confidence": 0.9919753670692444,
    "hardness": 22.13968247876295,
    "depth": 54.68213071514368,
    "brightness": 15.933646511550158,
    "roughness": 46.114570309507656,
    "warmth": 60.401826478386326,
    "sharpness": 0.0,
    "boominess": 57.08463950396919,
    "reverb": false
}