{
    "duration": 0.08163265138864517,
    "lossless": 1.0,
    "codec": "pcm_f32le",
    "bitrate": 1411200.0,
    "samplerate": 44100.0,
    "channels": 1.0,
    "audio_md5": "7ed33fd41ae1c05eaf5f0f92e39e211a",
    "loudness": -14.835587501525879,
    "dynamic_range": 0.0,
    "temporal_centroid": 0.5850269198417664,
    "log_attack_time": -1.3035980463027954,
    "filesize": 14458,
    "single_event": false,
    "tonality": "D major",
    "tonality_confidence": 0.8850561380386353,
    "loop": false,
    "tempo": 0,
    "tempo_confidence": 0.0,
    "note_midi": 38,
    "note_name": "D2",
    "note_frequency": 73.47972869873047,
    "note_confidence": 0.9320680499076843,
    "hardness": 37.27269681890772,
    "depth": 62.97592551583832,
    "brightness": 34.45000339912523,
    "roughness": 49.413019926752,
    "warmth": 68.06497899764487,
    "sharpness": 9.522153362228238,
    "boominess": 49.72753829696563,
    "reverb": false
}