{"duration": 0.08163265138864517, "lossless": 1.0, "codec": "pcm_f32le", "bitrate": 1411200.0, "samplerate": 44100.0, "channels": 1.0, "audio_md5": "2f25309624a88b9749cbed8cc26e3c74", "loudness": -12.637495040893555, "dynamic_range": 0.0, "temporal_centroid": 0.5769397020339966, "log_attack_time": -1.379856824874878, "filesize": 14458, "single_event": false, "tonality": "D# minor", "tonality_confidence": 0.5978965759277344, "loop": false, "tempo": 0, "tempo_confidence": 0.0, "note_midi": 38, "note_name": "D2", "note_frequency": 73.4310073852539, "note_confidence": 0.9792557954788208, "hardness": 44.80438663723663, "depth": 58.624494143082686, "brightness": 45.57419081182377, "roughness": 42.64903959058644, "warmth": 53.61955817411361, "sharpness": 25.525000435054118, "boominess": 40.7566688995817, "reverb": false, "name": "AKWF_fmsynth_0050.wav", "SpectralCentroid": 0.19936649515765045, "SpectralSpread": 0.11012641475254464, "SpectralKurtosis": 0.6809746277266677, "ZeroCrossingRate": 0.5688738575398764, "SpectralComplexity": 1.0, "OddToEvenHarmonicEnergyRatio": 0.5864170101298759, "Dissonance": 0.9092945675190116, "PitchSalience": 0.34971869284191665, "HNR": 0.7505888996959453}