{"duration": 0.08163265138864517, "lossless": 1.0, "codec": "pcm_f32le", "bitrate": 1411200.0, "samplerate": 44100.0, "channels": 1.0, "audio_md5": "361cdb7795de103c7c5223657a167519", "loudness": -13.187365531921387, "dynamic_range": 0.0, "temporal_centroid": 0.575874388217926, "log_attack_time": -1.3879613876342773, "filesize": 14458, "single_event": false, "tonality": "D major", "tonality_confidence": 0.8630067110061646, "loop": false, "tempo": 0, "tempo_confidence": 0.0, "note_midi": 38, "note_name": "D2", "note_frequency": 73.42847442626953, "note_confidence": 0.990609347820282, "hardness": 30.39265836517022, "depth": 54.8308963494954, "brightness": 35.21497162563533, "roughness": 44.97908734149187, "warmth": 56.11067398450274, "sharpness": 25.897092412971375, "boominess": 53.503108389629844, "reverb": false, "name": "AKWF_tri_0008.wav", "SpectralCentroid": 0.24070381929082862, "SpectralSpread": 0.3417435557403811, "SpectralKurtosis": 0.6267872495976986, "ZeroCrossingRate": 0.2330271804613616, "SpectralComplexity": 1.0, "OddToEvenHarmonicEnergyRatio": 0.9221500458218312, "Dissonance": 0.8814230015853465, "PitchSalience": 0.12270397328492058, "HNR": 0.0}