{"duration": 0.08163265138864517, "lossless": 1.0, "codec": "pcm_f32le", "bitrate": 1411200.0, "samplerate": 44100.0, "channels": 1.0, "audio_md5": "62d7b45ec4789d9a92b65d5c220c3393", "loudness": -19.95353126525879, "dynamic_range": 0.0, "temporal_centroid": 0.6318769454956055, "log_attack_time": -1.214040994644165, "filesize": 14458, "single_event": false, "tonality": "E minor", "tonality_confidence": 0.547066330909729, "loop": false, "tempo": 0, "tempo_confidence": 0.0, "note_midi": 38, "note_name": "D2", "note_frequency": 73.4288558959961, "note_confidence": 0.9136613607406616, "hardness": 67.58998574903751, "depth": 19.318582745940553, "brightness": 62.04949318407518, "roughness": 66.80972671624791, "warmth": 34.97234898617967, "sharpness": 45.16302201543163, "boominess": 15.390514391277021, "reverb": false, "name": "AKWF_0024.wav", "SpectralCentroid": 0.5803191627827269, "SpectralSpread": 0.41965825981039134, "SpectralKurtosis": 0.5898259677627072, "ZeroCrossingRate": 0.8622249050771842, "SpectralComplexity": 0.9701492537313433, "OddToEvenHarmonicEnergyRatio": 0.27302183383921946, "Dissonance": 0.9877704556076743, "PitchSalience": 0.9841996159349066, "HNR": 0.0}