{
    "duration": 0.08163265138864517,
    "lossless": 1.0,
    "codec": "pcm_f32le",
    "bitrate": 1411200.0,
    "samplerate": 44100.0,
    "channels": 1.0,
    "audio_md5": "b50a856a7c6e1a164fdd488e18d2c4d4",
    "loudness": -15.19788932800293,
    "dynamic_range": 0.0,
    "temporal_centroid": 0.5864582061767578,
    "log_attack_time": -1.2664042711257935,
    "filesize": 14458,
    "single_event": false,
    "tonality": "D major",
    "tonality_confidence": 0.5155844688415527,
    "loop": false,
    "tempo": 0,
    "tempo_confidence": 0.0,
    "note_midi": 38,
    "note_name": "D2",
    "note_frequency": 73.42842102050781,
    "note_confidence": 0.9860920906066895,
    "hardness": 22.017127482925474,
    "depth": 61.83871158865959,
    "brightness": 24.605753383231377,
    "roughness": 45.993857726586405,
    "warmth": 69.50299665132088,
    "sharpness": 0.0,
    "boominess": 55.43102748273083,
    "reverb": false
}