{"duration": 0.08163265138864517, "lossless": 1.0, "codec": "pcm_f32le", "bitrate": 1411200.0, "samplerate": 44100.0, "channels": 1.0, "audio_md5": "1e4fe5a5a7f156c9314fdf5184dddac5", "loudness": -13.168407440185547, "dynamic_range": 0.0, "temporal_centroid": 0.5781862735748291, "log_attack_time": -1.3760946989059448, "filesize": 14458, "single_event": false, "tonality": "A minor", "tonality_confidence": 0.7052379846572876, "loop": false, "tempo": 0, "tempo_confidence": 0.0, "note_midi": 38, "note_name": "D2", "note_frequency": 73.44947814941406, "note_confidence": 0.9749974608421326, "hardness": 25.240501267034915, "depth": 54.37373340940738, "brightness": 30.51279472810928, "roughness": 40.01883219939788, "warmth": 66.06160570502067, "sharpness": 0.7964957773569381, "boominess": 52.56300275306287, "reverb": false, "name": "AKWF_0971.wav", "SpectralCentroid": 0.0618098292116519, "SpectralSpread": 0.05116656441886291, "SpectralKurtosis": 0.767428445915471, "ZeroCrossingRate": 0.25127414437444123, "SpectralComplexity": 0.47761194029850745, "OddToEvenHarmonicEnergyRatio": 0.755580460401453, "Dissonance": 0.8669748766061333, "PitchSalience": 0.42696721737762705, "HNR": 0.8359201477792852}