{"duration": 0.08163265138864517, "lossless": 1.0, "codec": "pcm_f32le", "bitrate": 1411200.0, "samplerate": 44100.0, "channels": 1.0, "audio_md5": "7d85a6c22120cfe5634be8fd00027d0d", "loudness": -16.85151481628418, "dynamic_range": 0.0, "temporal_centroid": 0.6045573353767395, "log_attack_time": -1.2498118877410889, "filesize": 14458, "single_event": false, "tonality": "D major", "tonality_confidence": 0.7944300174713135, "loop": false, "tempo": 0, "tempo_confidence": 0.0, "note_midi": 50, "note_name": "D3", "note_frequency": 146.89915466308594, "note_confidence": 0.9627981185913086, "hardness": 58.791429709134434, "depth": 38.37078574783361, "brightness": 57.96549513470707, "roughness": 63.13394137141841, "warmth": 48.7908433687766, "sharpness": 36.38182227027061, "boominess": 26.99853747360472, "reverb": false, "name": "AKWF_eorgan_0039.wav", "SpectralCentroid": 0.390008366766738, "SpectralSpread": 0.1473035630952655, "SpectralKurtosis": 0.6513681322409193, "ZeroCrossingRate": 0.9744142976521909, "SpectralComplexity": 1.0, "OddToEvenHarmonicEnergyRatio": 0.2588966473842378, "Dissonance": 0.9891233536057733, "PitchSalience": 0.7672517679631334, "HNR": 0.8847495802522313}