{"duration": 0.08163265138864517, "lossless": 1.0, "codec": "pcm_f32le", "bitrate": 1411200.0, "samplerate": 44100.0, "channels": 1.0, "audio_md5": "fbd5c40dc91edc60057484f963022be3", "loudness": -15.773249626159668, "dynamic_range": 0.0, "temporal_centroid": 0.6087318062782288, "log_attack_time": -1.2396048307418823, "filesize": 14458, "single_event": false, "tonality": "D major", "tonality_confidence": 0.6936412453651428, "loop": false, "tempo": 0, "tempo_confidence": 0.0, "note_midi": 38, "note_name": "D2", "note_frequency": 73.43008422851562, "note_confidence": 0.9880767464637756, "hardness": 48.12592248494292, "depth": 59.48607244261536, "brightness": 41.55769378931771, "roughness": 55.49729445674364, "warmth": 65.46370919325646, "sharpness": 25.04274488332876, "boominess": 41.6225376113601, "reverb": false, "name": "AKWF_vgame_0081.wav", "SpectralCentroid": 0.1870545319789062, "SpectralSpread": 0.07417915760011728, "SpectralKurtosis": 0.6971512875891108, "ZeroCrossingRate": 0.2330271804613616, "SpectralComplexity": 0.9253731343283582, "OddToEvenHarmonicEnergyRatio": 0.4002378228568151, "Dissonance": 0.9495629210985278, "PitchSalience": 0.41283398299728574, "HNR": 0.0}