{"duration": 0.08163265138864517, "lossless": 1.0, "codec": "pcm_f32le", "bitrate": 1411200.0, "samplerate": 44100.0, "channels": 1.0, "audio_md5": "428c8e6366d77310a6a4bcff39136da8", "loudness": -9.04238510131836, "dynamic_range": 0.0, "temporal_centroid": 0.5560826659202576, "log_attack_time": -1.6191327571868896, "filesize": 14458, "single_event": false, "tonality": "D major", "tonality_confidence": 0.8804119229316711, "loop": false, "tempo": 0, "tempo_confidence": 0.0, "note_midi": 38, "note_name": "D2", "note_frequency": 73.4290542602539, "note_confidence": 0.9652618169784546, "hardness": 71.10456864942526, "depth": 57.566560029346014, "brightness": 53.51361376024102, "roughness": 64.35382672523934, "warmth": 56.32619672540643, "sharpness": 45.612038762703214, "boominess": 35.29709468943771, "reverb": false, "name": "AKWF_distorted_0019.wav", "SpectralCentroid": 0.5944315684961016, "SpectralSpread": 0.6113067540264892, "SpectralKurtosis": 0.5261117576938171, "ZeroCrossingRate": 0.4252420033405892, "SpectralComplexity": 1.0, "OddToEvenHarmonicEnergyRatio": 0.2927387753562017, "Dissonance": 0.968609396780644, "PitchSalience": 0.7059907850891857, "HNR": 0.7953510229100081}