{"duration": 0.08163265138864517, "lossless": 1.0, "codec": "pcm_f32le", "bitrate": 1411200.0, "samplerate": 44100.0, "channels": 1.0, "audio_md5": "e056d3fe0becb99254b9212c6e4c4ac9", "loudness": -10.992378234863281, "dynamic_range": 0.0, "temporal_centroid": 0.5714111328125, "log_attack_time": -1.4023942947387695, "filesize": 14458, "single_event": false, "tonality": "D major", "tonality_confidence": 0.6973890662193298, "loop": false, "tempo": 0, "tempo_confidence": 0.0, "note_midi": 38, "note_name": "D2", "note_frequency": 73.44033813476562, "note_confidence": 0.9531516432762146, "hardness": 44.78670490059679, "depth": 59.726295582277025, "brightness": 39.16653431953212, "roughness": 52.61788956841286, "warmth": 69.68622005579398, "sharpness": 21.04894014133274, "boominess": 45.10614382979348, "reverb": false, "name": "AKWF_distorted_0024.wav", "SpectralCentroid": 0.170442071245515, "SpectralSpread": 0.09149712777041225, "SpectralKurtosis": 0.7119066142248671, "ZeroCrossingRate": 0.4252420033405892, "SpectralComplexity": 1.0, "OddToEvenHarmonicEnergyRatio": 0.22292990321873765, "Dissonance": 0.9217887982467247, "PitchSalience": 0.4012051811934397, "HNR": 0.0}