{
    "duration": 0.08163265138864517,
    "lossless": 1.0,
    "codec": "pcm_f32le",
    "bitrate": 1411200.0,
    "samplerate": 44100.0,
    "channels": 1.0,
    "audio_md5": "48454150a5ffc1063b82407072d02782",
    "loudness": -14.148194313049316,
    "dynamic_range": 0.0,
    "temporal_centroid": 0.5804676413536072,
    "log_attack_time": -1.3831757307052612,
    "filesize": 14458,
    "single_event": false,
    "tonality": "D major",
    "tonality_confidence": 0.40943828225135803,
    "loop": false,
    "tempo": 0,
    "tempo_confidence": 0.0,
    "note_midi": 38,
    "note_name": "D2",
    "note_frequency": 73.45590209960938,
    "note_confidence": 0.9804818630218506,
    "hardness": 34.00151249923587,
    "depth": 63.63737922241858,
    "brightness": 32.62160082571775,
    "roughness": 46.2788865079501,
    "warmth": 57.88355931482154,
    "sharpness": 16.824900853585696,
    "boominess": 53.622572874333585,
    "reverb": false
}