{"duration": 0.08163265138864517, "lossless": 1.0, "codec": "pcm_f32le", "bitrate": 1411200.0, "samplerate": 44100.0, "channels": 1.0, "audio_md5": "314fa087547eaf60034f0d4519b0c8c8", "loudness": -14.504589080810547, "dynamic_range": 0.0, "temporal_centroid": 0.594367265701294, "log_attack_time": -1.271526575088501, "filesize": 14458, "single_event": false, "tonality": "D major", "tonality_confidence": 0.7806417942047119, "loop": false, "tempo": 0, "tempo_confidence": 0.0, "note_midi": 38, "note_name": "D2", "note_frequency": 73.44105529785156, "note_confidence": 0.980277955532074, "hardness": 26.858734711527944, "depth": 54.152349630000046, "brightness": 31.22802663023954, "roughness": 47.93668146692406, "warmth": 66.74678587427375, "sharpness": 4.090122022220729, "boominess": 53.0938638068408, "reverb": false, "name": "AKWF_0407.wav", "SpectralCentroid": 0.09695420535730148, "SpectralSpread": 0.09005780981526654, "SpectralKurtosis": 0.7236399015302761, "ZeroCrossingRate": 0.4252420033405892, "SpectralComplexity": 0.5522388059701493, "OddToEvenHarmonicEnergyRatio": 0.8113176563309217, "Dissonance": 0.6826384581586992, "PitchSalience": 0.30250778996409855, "HNR": 0.5278222152273896}