{"duration": 0.08163265138864517, "lossless": 1.0, "codec": "pcm_f32le", "bitrate": 1411200.0, "samplerate": 44100.0, "channels": 1.0, "audio_md5": "8508515a073c33d03834274a18ee4860", "loudness": -13.097487449645996, "dynamic_range": 0.0, "temporal_centroid": 0.5799779891967773, "log_attack_time": -1.3894073963165283, "filesize": 14458, "single_event": false, "tonality": "D major", "tonality_confidence": 0.6908716559410095, "loop": false, "tempo": 0, "tempo_confidence": 0.0, "note_midi": 38, "note_name": "D2", "note_frequency": 73.47875213623047, "note_confidence": 0.9543288946151733, "hardness": 32.080157903005144, "depth": 63.386044122584906, "brightness": 30.385608467428277, "roughness": 45.050441876474295, "warmth": 66.03307994008571, "sharpness": 4.777407870890773, "boominess": 52.809059691519494, "reverb": false, "name": "AKWF_R_sym_saw_06.wav", "SpectralCentroid": 0.054835790051795535, "SpectralSpread": 0.010368032575610163, "SpectralKurtosis": 0.8174850672066765, "ZeroCrossingRate": 0.2330271804613616, "SpectralComplexity": 0.5970149253731343, "OddToEvenHarmonicEnergyRatio": 0.6408414188174802, "Dissonance": 0.839332258152981, "PitchSalience": 0.24595221099490122, "HNR": 0.7302452714787827}