{"duration": 0.08163265138864517, "lossless": 1.0, "codec": "pcm_f32le", "bitrate": 1411200.0, "samplerate": 44100.0, "channels": 1.0, "audio_md5": "b76ec482aa20fe63891745151da4fff5", "loudness": -17.199790954589844, "dynamic_range": 0.0, "temporal_centroid": 0.6155223846435547, "log_attack_time": -1.1740280389785767, "filesize": 14458, "single_event": false, "tonality": "D major", "tonality_confidence": 0.7206635475158691, "loop": false, "tempo": 0, "tempo_confidence": 0.0, "note_midi": 38, "note_name": "D2", "note_frequency": 73.42839813232422, "note_confidence": 0.759583592414856, "hardness": 75.74026594732521, "depth": 53.32716277885537, "brightness": 57.05019163498686, "roughness": 70.6115525381729, "warmth": 51.10553151390368, "sharpness": 48.48974370842933, "boominess": 32.63004701780996, "reverb": false, "name": "AKWF_squ_0068.wav", "SpectralCentroid": 0.6939692520986007, "SpectralSpread": 0.7212897800395719, "SpectralKurtosis": 0.4885063871390166, "ZeroCrossingRate": 0.2330271804613616, "SpectralComplexity": 1.0, "OddToEvenHarmonicEnergyRatio": 0.3127124890060029, "Dissonance": 0.9638392807650273, "PitchSalience": 0.7701336482528185, "HNR": 0.0}