{"duration": 0.08163265138864517, "lossless": 1.0, "codec": "pcm_f32le", "bitrate": 1411200.0, "samplerate": 44100.0, "channels": 1.0, "audio_md5": "6e0a7cce6c1314ec976dc3dfebb1dafe", "loudness": -16.022106170654297, "dynamic_range": 0.0, "temporal_centroid": 0.5888475775718689, "log_attack_time": -1.2656774520874023, "filesize": 14458, "single_event": false, "tonality": "D major", "tonality_confidence": 0.726060688495636, "loop": false, "tempo": 0, "tempo_confidence": 0.0, "note_midi": 38, "note_name": "D2", "note_frequency": 73.46337127685547, "note_confidence": 0.9624592661857605, "hardness": 24.829305082199397, "depth": 61.518956657872465, "brightness": 28.60939681823762, "roughness": 41.19217431260247, "warmth": 65.81804310477412, "sharpness": 0.0, "boominess": 55.444437474461076, "reverb": false, "name": "AKWF_1361.wav", "SpectralCentroid": 0.06131701174133494, "SpectralSpread": 0.06321927540396582, "SpectralKurtosis": 0.7768302499238192, "ZeroCrossingRate": 0.2330271804613616, "SpectralComplexity": 0.417910447761194, "OddToEvenHarmonicEnergyRatio": 0.3743361667286924, "Dissonance": 0.40002522142044006, "PitchSalience": 0.15662819262654393, "HNR": 0.0}