{"duration": 0.08163265138864517, "lossless": 1.0, "codec": "pcm_f32le", "bitrate": 1411200.0, "samplerate": 44100.0, "channels": 1.0, "audio_md5": "e5ff533c90a3ddd0b5c348486b1ec90f", "loudness": -11.697188377380371, "dynamic_range": 0.0, "temporal_centroid": 0.5699135661125183, "log_attack_time": -1.4433146715164185, "filesize": 14458, "single_event": false, "tonality": "D major", "tonality_confidence": 0.7675250172615051, "loop": false, "tempo": 0, "tempo_confidence": 0.0, "note_midi": 38, "note_name": "D2", "note_frequency": 73.43456268310547, "note_confidence": 0.9737514853477478, "hardness": 47.74563375342956, "depth": 61.5162129508024, "brightness": 42.77485817706264, "roughness": 53.523184083562654, "warmth": 63.76406911626171, "sharpness": 23.794022836439197, "boominess": 41.58665849762403, "reverb": false, "name": "AKWF_eguitar_0003.wav", "SpectralCentroid": 0.17455000786765176, "SpectralSpread": 0.07119721659652477, "SpectralKurtosis": 0.7266886209548818, "ZeroCrossingRate": 0.2330271804613616, "SpectralComplexity": 1.0, "OddToEvenHarmonicEnergyRatio": 0.04692468471342531, "Dissonance": 0.9340658971969651, "PitchSalience": 0.4137374594258022, "HNR": 0.0}