{"duration": 0.08163265138864517, "lossless": 1.0, "codec": "pcm_f32le", "bitrate": 1411200.0, "samplerate": 44100.0, "channels": 1.0, "audio_md5": "cc02a7bd6cf630f55f9e97ea9e9af83b", "loudness": -17.59635353088379, "dynamic_range": 0.0, "temporal_centroid": 0.5929511785507202, "log_attack_time": -1.2253092527389526, "filesize": 14458, "single_event": false, "tonality": "D major", "tonality_confidence": 0.6115378141403198, "loop": false, "tempo": 0, "tempo_confidence": 0.0, "note_midi": 38, "note_name": "D2", "note_frequency": 73.4402847290039, "note_confidence": 0.9703624248504639, "hardness": 34.211414171812564, "depth": 60.53464395071409, "brightness": 37.237173253205505, "roughness": 50.05642608481691, "warmth": 65.37426095753057, "sharpness": 11.190727506183723, "boominess": 46.16668141570689, "reverb": false, "name": "AKWF_0278.wav", "SpectralCentroid": 0.12428364631019626, "SpectralSpread": 0.07720897698180931, "SpectralKurtosis": 0.7253265365718324, "ZeroCrossingRate": 0.2330271804613616, "SpectralComplexity": 0.746268656716418, "OddToEvenHarmonicEnergyRatio": 0.6141080432395968, "Dissonance": 0.8870856407991267, "PitchSalience": 0.4676729264826217, "HNR": 0.9123294650693898}