{"duration": 0.08163265138864517, "lossless": 1.0, "codec": "pcm_f32le", "bitrate": 1411200.0, "samplerate": 44100.0, "channels": 1.0, "audio_md5": "ff17e823014b5ad5776a17b50e9c3799", "loudness": -16.621912002563477, "dynamic_range": 0.0, "temporal_centroid": 0.5961142182350159, "log_attack_time": -1.266586184501648, "filesize": 14458, "single_event": false, "tonality": "D major", "tonality_confidence": 0.45735272765159607, "loop": false, "tempo": 0, "tempo_confidence": 0.0, "note_midi": 38, "note_name": "D2", "note_frequency": 73.42850494384766, "note_confidence": 0.8327239751815796, "hardness": 76.16857668353927, "depth": 54.54371743313496, "brightness": 58.497083864248296, "roughness": 67.53656108394598, "warmth": 47.50640909461878, "sharpness": 49.403630763802525, "boominess": 32.10068297315833, "reverb": false, "name": "AKWF_1002.wav", "SpectralCentroid": 0.7933891393928131, "SpectralSpread": 0.8772750478178337, "SpectralKurtosis": 0.4295940235386377, "ZeroCrossingRate": 0.4252420033405892, "SpectralComplexity": 1.0, "OddToEvenHarmonicEnergyRatio": 0.10439165113662492, "Dissonance": 0.9558814047674757, "PitchSalience": 0.6279471954217222, "HNR": 0.8033572978203815}