{"duration": 0.08163265138864517, "lossless": 1.0, "codec": "pcm_f32le", "bitrate": 1411200.0, "samplerate": 44100.0, "channels": 1.0, "audio_md5": "6f59218b7cb01efa45dbad7842638c3f", "loudness": -16.677213668823242, "dynamic_range": 0.0, "temporal_centroid": 0.59505695104599, "log_attack_time": -1.2595478296279907, "filesize": 14458, "single_event": false, "tonality": "D major", "tonality_confidence": 0.6582832932472229, "loop": false, "tempo": 0, "tempo_confidence": 0.0, "note_midi": 38, "note_name": "D2", "note_frequency": 73.4289321899414, "note_confidence": 0.9553177356719971, "hardness": 60.321767757803656, "depth": 33.468315892652, "brightness": 58.03158508902869, "roughness": 63.4966047259122, "warmth": 47.27323877602289, "sharpness": 35.892402784283604, "boominess": 20.289104514311614, "reverb": false, "name": "AKWF_piano_0022.wav", "SpectralCentroid": 0.3747371519271538, "SpectralSpread": 0.08648601065899526, "SpectralKurtosis": 0.6868706987258706, "ZeroCrossingRate": 0.9216804862306207, "SpectralComplexity": 0.9701492537313433, "OddToEvenHarmonicEnergyRatio": 0.33532451022561366, "Dissonance": 0.988929999107258, "PitchSalience": 0.7406769679832508, "HNR": 0.810263618048827}