{
    "duration": 0.08163265138864517,
    "lossless": 1.0,
    "codec": "pcm_f32le",
    "bitrate": 1411200.0,
    "samplerate": 44100.0,
    "channels": 1.0,
    "audio_md5": "ab54c64fe8b63fd8856df31a746d95d7",
    "loudness": -14.768379211425781,
    "dynamic_range": 0.0,
    "temporal_centroid": 0.5938338041305542,
    "log_attack_time": -1.3309931755065918,
    "filesize": 14458,
    "single_event": false,
    "tonality": "D major",
    "tonality_confidence": 0.8412796854972839,
    "loop": false,
    "tempo": 0,
    "tempo_confidence": 0.0,
    "note_midi": 38,
    "note_name": "D2",
    "note_frequency": 73.44574737548828,
    "note_confidence": 0.9581892490386963,
    "hardness": 34.15118636264441,
    "depth": 58.32281058371955,
    "brightness": 35.33073222263724,
    "roughness": 49.893075226226166,
    "warmth": 70.57483633546833,
    "sharpness": 9.464650624706252,
    "boominess": 49.31496946012143,
    "reverb": false
}