{"duration": 0.08163265138864517, "lossless": 1.0, "codec": "pcm_f32le", "bitrate": 1411200.0, "samplerate": 44100.0, "channels": 1.0, "audio_md5": "94437083efc03b2a7dfba2f42ced67ae", "loudness": -10.434996604919434, "dynamic_range": 0.0, "temporal_centroid": 0.55793696641922, "log_attack_time": -1.6174969673156738, "filesize": 14458, "single_event": false, "tonality": "C# minor", "tonality_confidence": 0.458333283662796, "loop": false, "tempo": 0, "tempo_confidence": 0.0, "note_midi": 38, "note_name": "D2", "note_frequency": 73.44409942626953, "note_confidence": 0.9694041609764099, "hardness": 38.586143967926745, "depth": 62.62942974573674, "brightness": 40.059512065446356, "roughness": 36.826345676169105, "warmth": 65.30132592430557, "sharpness": 18.899278192931213, "boominess": 45.32139474906907, "reverb": false, "name": "AKWF_rSymSqu_13.wav", "SpectralCentroid": 0.11144913942757197, "SpectralSpread": 0.033553323631624624, "SpectralKurtosis": 0.7015786082107549, "ZeroCrossingRate": 0.2330271804613616, "SpectralComplexity": 0.47761194029850745, "OddToEvenHarmonicEnergyRatio": 0.6953902610102604, "Dissonance": 0.9929137144427569, "PitchSalience": 0.40948058638507745, "HNR": 0.6876460095170388}