{
    "duration": 0.08163265138864517,
    "lossless": 1.0,
    "codec": "pcm_f32le",
    "bitrate": 1411200.0,
    "samplerate": 44100.0,
    "channels": 1.0,
    "audio_md5": "f403047b97c2058dbaecfe579a2111f2",
    "loudness": -15.211612701416016,
    "dynamic_range": 0.0,
    "temporal_centroid": 0.583000123500824,
    "log_attack_time": -1.2855523824691772,
    "filesize": 14458,
    "single_event": false,
    "tonality": "D minor",
    "tonality_confidence": 0.6272404193878174,
    "loop": false,
    "tempo": 0,
    "tempo_confidence": 0.0,
    "note_midi": 38,
    "note_name": "D2",
    "note_frequency": 73.43231201171875,
    "note_confidence": 0.9273138046264648,
    "hardness": 73.42423937085596,
    "depth": 57.15193418499539,
    "brightness": 58.041055412545745,
    "roughness": 64.22023587948479,
    "warmth": 47.49406365794403,
    "sharpness": 47.100707509851745,
    "boominess": 32.981554188522736,
    "reverb": false
}