{"duration": 0.08163265138864517, "lossless": 1.0, "codec": "pcm_f32le", "bitrate": 1411200.0, "samplerate": 44100.0, "channels": 1.0, "audio_md5": "febdb1fbb62da7d048fbcf0be5903663", "loudness": -9.67296314239502, "dynamic_range": 0.0, "temporal_centroid": 0.5530403852462769, "log_attack_time": -1.6736268997192383, "filesize": 14458, "single_event": false, "tonality": "A major", "tonality_confidence": 0.4335939884185791, "loop": false, "tempo": 0, "tempo_confidence": 0.0, "note_midi": 38, "note_name": "D2", "note_frequency": 73.42920684814453, "note_confidence": 0.9639738202095032, "hardness": 72.44690795513901, "depth": 60.767008475077155, "brightness": 56.9923068702772, "roughness": 56.75576000393013, "warmth": 50.84182791865249, "sharpness": 48.43744724862688, "boominess": 35.35718021721216, "reverb": false, "name": "AKWF_squ6bit.wav", "SpectralCentroid": 0.6335406386094091, "SpectralSpread": 0.6406779455826356, "SpectralKurtosis": 0.49039270349121905, "ZeroCrossingRate": 0.2330271804613616, "SpectralComplexity": 0.4925373134328358, "OddToEvenHarmonicEnergyRatio": 0.7411181615599609, "Dissonance": 0.9251942005612022, "PitchSalience": 0.4901510380590245, "HNR": 0.0}