{"duration": 0.08163265138864517, "lossless": 1.0, "codec": "pcm_f32le", "bitrate": 1411200.0, "samplerate": 44100.0, "channels": 1.0, "audio_md5": "f62f3285efe70d5fb97df8aabc2c6921", "loudness": -14.988346099853516, "dynamic_range": 0.0, "temporal_centroid": 0.5951524972915649, "log_attack_time": -1.2722632884979248, "filesize": 14458, "single_event": false, "tonality": "D minor", "tonality_confidence": 0.904560923576355, "loop": false, "tempo": 0, "tempo_confidence": 0.0, "note_midi": 38, "note_name": "D2", "note_frequency": 73.45927429199219, "note_confidence": 0.911546528339386, "hardness": 36.177135694716796, "depth": 61.384062921168514, "brightness": 33.220432538055604, "roughness": 48.47487196671019, "warmth": 73.40699693322304, "sharpness": 6.551326663557351, "boominess": 47.3776849993085, "reverb": false, "name": "AKWF_1693.wav", "SpectralCentroid": 0.07114761349738039, "SpectralSpread": 0.012140719243269744, "SpectralKurtosis": 0.8117334455880258, "ZeroCrossingRate": 0.4252420033405892, "SpectralComplexity": 0.582089552238806, "OddToEvenHarmonicEnergyRatio": 0.1942139848233011, "Dissonance": 0.6684401404814155, "PitchSalience": 0.5813312105445995, "HNR": 0.0}