{"duration": 0.08163265138864517, "lossless": 1.0, "codec": "pcm_f32le", "bitrate": 1411200.0, "samplerate": 44100.0, "channels": 1.0, "audio_md5": "99762dfa522ca734bc84a87cc8d2179c", "loudness": -12.242779731750488, "dynamic_range": 0.0, "temporal_centroid": 0.5813704133033752, "log_attack_time": -1.357757568359375, "filesize": 14458, "single_event": false, "tonality": "D major", "tonality_confidence": 0.6726818680763245, "loop": false, "tempo": 0, "tempo_confidence": 0.0, "note_midi": 38, "note_name": "D2", "note_frequency": 73.42839813232422, "note_confidence": 0.9531509876251221, "hardness": 70.80555897873191, "depth": 31.31382067081296, "brightness": 58.26037258329263, "roughness": 67.3828675704583, "warmth": 37.679609691956735, "sharpness": 51.71034925243377, "boominess": 12.307402577434658, "reverb": false, "name": "AKWF_granular_0007.wav", "SpectralCentroid": 0.7937040117315066, "SpectralSpread": 0.8366638927606118, "SpectralKurtosis": 0.4427236623973941, "ZeroCrossingRate": 0.6763055068286788, "SpectralComplexity": 1.0, "OddToEvenHarmonicEnergyRatio": 0.21586667693539083, "Dissonance": 0.9995887843596268, "PitchSalience": 0.4088297499061587, "HNR": 0.7520200574516221}