{
    "duration": 0.08163265138864517,
    "lossless": 1.0,
    "codec": "pcm_f32le",
    "bitrate": 1411200.0,
    "samplerate": 44100.0,
    "channels": 1.0,
    "audio_md5": "3788913fd3b420526cc76e5fa2a7ef97",
    "loudness": -12.120939254760742,
    "dynamic_range": 0.0,
    "temporal_centroid": 0.570121169090271,
    "log_attack_time": -1.477712631225586,
    "filesize": 14458,
    "single_event": false,
    "tonality": "D major",
    "tonality_confidence": 0.8205809593200684,
    "loop": false,
    "tempo": 0,
    "tempo_confidence": 0.0,
    "note_midi": 38,
    "note_name": "D2",
    "note_frequency": 73.43753051757812,
    "note_confidence": 0.9898967146873474,
    "hardness": 28.526978812733788,
    "depth": 63.05096539022646,
    "brightness": 35.47211601869285,
    "roughness": 47.094271709460514,
    "warmth": 60.379215511801796,
    "sharpness": 14.481772882799177,
    "boominess": 50.67126410448945,
    "reverb": false
}