{"duration": 0.08163265138864517, "lossless": 1.0, "codec": "pcm_f32le", "bitrate": 1411200.0, "samplerate": 44100.0, "channels": 1.0, "audio_md5": "e64b84f95c6b8827bfc85880280ddd83", "loudness": -13.176018714904785, "dynamic_range": 0.0, "temporal_centroid": 0.5782617926597595, "log_attack_time": -1.3853226900100708, "filesize": 14458, "single_event": false, "tonality": "D# minor", "tonality_confidence": 0.48399853706359863, "loop": false, "tempo": 0, "tempo_confidence": 0.0, "note_midi": 38, "note_name": "D2", "note_frequency": 73.44922637939453, "note_confidence": 0.9884147047996521, "hardness": 19.162269749833072, "depth": 54.89186618316222, "brightness": 13.231444461939859, "roughness": 38.563522187081006, "warmth": 57.98922289926583, "sharpness": 0.0, "boominess": 62.58352258703645, "reverb": false, "name": "AKWF_ebass_0026.wav", "SpectralCentroid": 0.0067063594490091825, "SpectralSpread": 0.004646067786866222, "SpectralKurtosis": 0.910270959567398, "ZeroCrossingRate": 0.2330271804613616, "SpectralComplexity": 0.04477611940298507, "OddToEvenHarmonicEnergyRatio": 1.0, "Dissonance": 0.37846448082967826, "PitchSalience": 0.011212179949289403, "HNR": 0.0}