{
    "duration": 0.08163265138864517,
    "lossless": 1.0,
    "codec": "pcm_f32le",
    "bitrate": 1411200.0,
    "samplerate": 44100.0,
    "channels": 1.0,
    "audio_md5": "900d4299553427f5f871c22b20affbbd",
    "loudness": -15.418079376220703,
    "dynamic_range": 0.0,
    "temporal_centroid": 0.591717004776001,
    "log_attack_time": -1.2924491167068481,
    "filesize": 14458,
    "single_event": false,
    "tonality": "D major",
    "tonality_confidence": 0.8092750310897827,
    "loop": false,
    "tempo": 0,
    "tempo_confidence": 0.0,
    "note_midi": 38,
    "note_name": "D2",
    "note_frequency": 73.4294662475586,
    "note_confidence": 0.951928973197937,
    "hardness": 70.16877142529853,
    "depth": 55.32121686992126,
    "brightness": 51.71457095815734,
    "roughness": 63.18174469855596,
    "warmth": 57.04663661483183,
    "sharpness": 45.329839098350604,
    "boominess": 35.83822084737189,
    "reverb": false
}