{"duration": 0.08163265138864517, "lossless": 1.0, "codec": "pcm_f32le", "bitrate": 1411200.0, "samplerate": 44100.0, "channels": 1.0, "audio_md5": "e13be9036e36cd1d3cb475575a25ab45", "loudness": -16.067096710205078, "dynamic_range": 0.0, "temporal_centroid": 0.5895794034004211, "log_attack_time": -1.267679214477539, "filesize": 14458, "single_event": false, "tonality": "D minor", "tonality_confidence": 0.736251175403595, "loop": false, "tempo": 0, "tempo_confidence": 0.0, "note_midi": 38, "note_name": "D2", "note_frequency": 73.45500946044922, "note_confidence": 0.9544046521186829, "hardness": 42.8214439774992, "depth": 63.230989325665796, "brightness": 37.63755371592823, "roughness": 50.69497177112387, "warmth": 60.91337305426214, "sharpness": 25.269521754192215, "boominess": 49.179912313276986, "reverb": false, "name": "AKWF_dbass_0041.wav", "SpectralCentroid": 0.23558055878147827, "SpectralSpread": 0.3079836881279095, "SpectralKurtosis": 0.642479991497871, "ZeroCrossingRate": 0.2330271804613616, "SpectralComplexity": 0.9104477611940298, "OddToEvenHarmonicEnergyRatio": 0.4765815886300086, "Dissonance": 0.9066613432791406, "PitchSalience": 0.2744517098317433, "HNR": 0.37566438641516015}