{"duration": 0.08163265138864517, "lossless": 1.0, "codec": "pcm_f32le", "bitrate": 1411200.0, "samplerate": 44100.0, "channels": 1.0, "audio_md5": "a6f6473ae63ddbe0ae34888415fc4cf5", "loudness": -9.577271461486816, "dynamic_range": 0.0, "temporal_centroid": 0.5529582500457764, "log_attack_time": -1.6745569705963135, "filesize": 14458, "single_event": false, "tonality": "A major", "tonality_confidence": 0.3213772475719452, "loop": false, "tempo": 0, "tempo_confidence": 0.0, "note_midi": 38, "note_name": "D2", "note_frequency": 73.43278503417969, "note_confidence": 0.9641371369361877, "hardness": 77.49432088040749, "depth": 60.67349797281565, "brightness": 59.39685270628436, "roughness": 53.90003943483366, "warmth": 49.12036019592469, "sharpness": 50.172762800888464, "boominess": 35.136560461974966, "reverb": false, "name": "AKWF_0343.wav", "SpectralCentroid": 0.8101615110744674, "SpectralSpread": 0.8855370972975867, "SpectralKurtosis": 0.41724788589127304, "ZeroCrossingRate": 0.25127414437444123, "SpectralComplexity": 1.0, "OddToEvenHarmonicEnergyRatio": 0.7987730805844296, "Dissonance": 0.9552099519144648, "PitchSalience": 0.4921017634807966, "HNR": 0.0}