{"duration": 0.08163265138864517, "lossless": 1.0, "codec": "pcm_f32le", "bitrate": 1411200.0, "samplerate": 44100.0, "channels": 1.0, "audio_md5": "4acc1de592e4ccfbb5dcd4681017d8fb", "loudness": -12.445454597473145, "dynamic_range": 0.0, "temporal_centroid": 0.5791419148445129, "log_attack_time": -1.3595569133758545, "filesize": 14458, "single_event": false, "tonality": "D major", "tonality_confidence": 0.6729349493980408, "loop": false, "tempo": 0, "tempo_confidence": 0.0, "note_midi": 50, "note_name": "D3", "note_frequency": 145.62265014648438, "note_confidence": 0.8697776794433594, "hardness": 25.638210471451487, "depth": 59.47939503291841, "brightness": 32.36086711072433, "roughness": 43.10591764625052, "warmth": 71.28633783251175, "sharpness": 6.035729616825613, "boominess": 53.07584020576111, "reverb": false, "name": "AKWF_dbass_0038.wav", "SpectralCentroid": 0.07068253781020475, "SpectralSpread": 0.044303506730016824, "SpectralKurtosis": 0.7459781811224085, "ZeroCrossingRate": 0.4252420033405892, "SpectralComplexity": 0.8805970149253731, "OddToEvenHarmonicEnergyRatio": 0.03136053407498366, "Dissonance": 0.8637740610017032, "PitchSalience": 0.3756387121193425, "HNR": 0.8086855162292473}