{
    "duration": 0.08163265138864517,
    "lossless": 1.0,
    "codec": "pcm_f32le",
    "bitrate": 1411200.0,
    "samplerate": 44100.0,
    "channels": 1.0,
    "audio_md5": "6b4cc414838449e1e0ec3be359674de3",
    "loudness": -15.556760787963867,
    "dynamic_range": 0.0,
    "temporal_centroid": 0.5845054984092712,
    "log_attack_time": -1.2687749862670898,
    "filesize": 14458,
    "single_event": false,
    "tonality": "D major",
    "tonality_confidence": 0.6136689186096191,
    "loop": false,
    "tempo": 0,
    "tempo_confidence": 0.0,
    "note_midi": 38,
    "note_name": "D2",
    "note_frequency": 73.42839050292969,
    "note_confidence": 0.9349756240844727,
    "hardness": 58.92433946732126,
    "depth": 60.20158533505842,
    "brightness": 46.99663901953344,
    "roughness": 54.341591995272175,
    "warmth": 60.33495439794369,
    "sharpness": 42.254007767487444,
    "boominess": 42.69264842159983,
    "reverb": false
}