{"duration": 0.08163265138864517, "lossless": 1.0, "codec": "pcm_f32le", "bitrate": 1411200.0, "samplerate": 44100.0, "channels": 1.0, "audio_md5": "eb7bf5d952107c2263f169862c886913", "loudness": -15.775083541870117, "dynamic_range": 0.0, "temporal_centroid": 0.6105508804321289, "log_attack_time": -1.21792733669281, "filesize": 14458, "single_event": false, "tonality": "D minor", "tonality_confidence": 0.750587522983551, "loop": false, "tempo": 0, "tempo_confidence": 0.0, "note_midi": 38, "note_name": "D2", "note_frequency": 73.4527587890625, "note_confidence": 0.8875305652618408, "hardness": 35.82147939235419, "depth": 59.08194150364143, "brightness": 24.624640962780816, "roughness": 37.913378305853264, "warmth": 65.55921433564319, "sharpness": 7.94676679640412, "boominess": 44.6792793977322, "reverb": false, "name": "AKWF_0932.wav", "SpectralCentroid": 0.06214135652572084, "SpectralSpread": 0.0028891444648218544, "SpectralKurtosis": 0.9353587159585642, "ZeroCrossingRate": 0.6763055068286788, "SpectralComplexity": 0.05970149253731343, "OddToEvenHarmonicEnergyRatio": 0.24212766799113059, "Dissonance": 0.33052029646036546, "PitchSalience": 0.6095898169564146, "HNR": 0.0}