{
    "duration": 0.08163265138864517,
    "lossless": 1.0,
    "codec": "pcm_f32le",
    "bitrate": 1411200.0,
    "samplerate": 44100.0,
    "channels": 1.0,
    "audio_md5": "7e55acd40de469ae1a0432a3187bc429",
    "loudness": -17.85125160217285,
    "dynamic_range": 0.0,
    "temporal_centroid": 0.612032413482666,
    "log_attack_time": -1.1848952770233154,
    "filesize": 14458,
    "single_event": false,
    "tonality": "D major",
    "tonality_confidence": 0.8862895965576172,
    "loop": false,
    "tempo": 0,
    "tempo_confidence": 0.0,
    "note_midi": 38,
    "note_name": "D2",
    "note_frequency": 73.44104766845703,
    "note_confidence": 0.8531996011734009,
    "hardness": 49.10967946147943,
    "depth": 53.78888186866229,
    "brightness": 35.56574550159833,
    "roughness": 49.27171358325797,
    "warmth": 63.79025664953764,
    "sharpness": 20.729215424832955,
    "boominess": 38.562507647126964,
    "reverb": false
}