{
    "duration": 0.08163265138864517,
    "lossless": 1.0,
    "codec": "pcm_f32le",
    "bitrate": 1411200.0,
    "samplerate": 44100.0,
    "channels": 1.0,
    "audio_md5": "082b6421dbfcce46ad878917a87c0c33",
    "loudness": -26.915075302124023,
    "dynamic_range": 0.0,
    "temporal_centroid": 0.6525887250900269,
    "log_attack_time": -1.213074803352356,
    "filesize": 14458,
    "single_event": false,
    "tonality": "D major",
    "tonality_confidence": 0.7205660939216614,
    "loop": false,
    "tempo": 0,
    "tempo_confidence": 0.0,
    "note_midi": 62,
    "note_name": "D4",
    "note_frequency": 293.7164611816406,
    "note_confidence": 0.9444885849952698,
    "hardness": 76.85398741333174,
    "depth": 21.520263155066814,
    "brightness": 87.30984039939263,
    "roughness": 86.12235463786458,
    "warmth": 17.43876376013896,
    "sharpness": 75.20896506058442,
    "boominess": 4.537015296174204,
    "reverb": false
}