{"duration": 0.08163265138864517, "lossless": 1.0, "codec": "pcm_f32le", "bitrate": 1411200.0, "samplerate": 44100.0, "channels": 1.0, "audio_md5": "f7e5ed85ee192577b1464f4f761c56c7", "loudness": -13.603005409240723, "dynamic_range": 0.0, "temporal_centroid": 0.586111843585968, "log_attack_time": -1.3645436763763428, "filesize": 14458, "single_event": false, "tonality": "D major", "tonality_confidence": 0.8805868625640869, "loop": false, "tempo": 0, "tempo_confidence": 0.0, "note_midi": 38, "note_name": "D2", "note_frequency": 73.42842864990234, "note_confidence": 0.9979532361030579, "hardness": 63.48526277918711, "depth": 58.90164041742062, "brightness": 56.959789274550246, "roughness": 65.40935306309825, "warmth": 50.11821179796722, "sharpness": 49.14491787805402, "boominess": 34.58373899143578, "reverb": false, "name": "AKWF_c604_0027.wav", "SpectralCentroid": 0.6722248592202535, "SpectralSpread": 0.6619153841323102, "SpectralKurtosis": 0.4774145236953818, "ZeroCrossingRate": 0.2330271804613616, "SpectralComplexity": 1.0, "OddToEvenHarmonicEnergyRatio": 0.472364157542339, "Dissonance": 0.9736526597585162, "PitchSalience": 0.5415591581143596, "HNR": 0.0}