{"duration": 0.08163265138864517, "lossless": 1.0, "codec": "pcm_f32le", "bitrate": 1411200.0, "samplerate": 44100.0, "channels": 1.0, "audio_md5": "e5bdaa6f7c6f7e88f5d7ac5abc05b45c", "loudness": -12.922358512878418, "dynamic_range": 0.0, "temporal_centroid": 0.5784325003623962, "log_attack_time": -1.3808025121688843, "filesize": 14458, "single_event": false, "tonality": "D major", "tonality_confidence": 0.7450903058052063, "loop": false, "tempo": 0, "tempo_confidence": 0.0, "note_midi": 38, "note_name": "D2", "note_frequency": 73.42842102050781, "note_confidence": 0.9946334362030029, "hardness": 15.960888723540165, "depth": 63.296587801369334, "brightness": 23.34568307680351, "roughness": 46.023373730048796, "warmth": 62.2897930372303, "sharpness": 0.0, "boominess": 59.40240769831678, "reverb": false, "name": "AKWF_cheeze_0003.wav", "SpectralCentroid": 0.032858784227519616, "SpectralSpread": 0.017079762185756475, "SpectralKurtosis": 0.8337777765752303, "ZeroCrossingRate": 0.2330271804613616, "SpectralComplexity": 0.19402985074626866, "OddToEvenHarmonicEnergyRatio": 0.7282261645402699, "Dissonance": 0.7728610514166883, "PitchSalience": 0.1524409835434327, "HNR": 0.7063170472233515}