{"duration": 0.08163265138864517, "lossless": 1.0, "codec": "pcm_f32le", "bitrate": 1411200.0, "samplerate": 44100.0, "channels": 1.0, "audio_md5": "592e6174a0dd02aeea7aafed9bcf239f", "loudness": -14.826489448547363, "dynamic_range": 0.0, "temporal_centroid": 0.5810890197753906, "log_attack_time": -1.2698734998703003, "filesize": 14458, "single_event": false, "tonality": "D major", "tonality_confidence": 0.7864775657653809, "loop": false, "tempo": 0, "tempo_confidence": 0.0, "note_midi": 38, "note_name": "D2", "note_frequency": 73.48693084716797, "note_confidence": 0.9466211795806885, "hardness": 36.431757410497596, "depth": 63.534158036564186, "brightness": 38.32400771119912, "roughness": 47.294614863607535, "warmth": 57.1291859233481, "sharpness": 31.174153319349696, "boominess": 51.18075989663188, "reverb": false, "name": "AKWF_1308.wav", "SpectralCentroid": 0.2738376762451265, "SpectralSpread": 0.33371785308475777, "SpectralKurtosis": 0.6001078014219341, "ZeroCrossingRate": 0.2330271804613616, "SpectralComplexity": 1.0, "OddToEvenHarmonicEnergyRatio": 0.7611173368782909, "Dissonance": 0.8841659951651893, "PitchSalience": 0.17547236850932374, "HNR": 0.0}