{"duration": 0.08163265138864517, "lossless": 1.0, "codec": "pcm_f32le", "bitrate": 1411200.0, "samplerate": 44100.0, "channels": 1.0, "audio_md5": "ada5c1783cd71e6a4407ed5560a41cca", "loudness": -14.403119087219238, "dynamic_range": 0.0, "temporal_centroid": 0.5945637822151184, "log_attack_time": -1.2731859683990479, "filesize": 14458, "single_event": false, "tonality": "D major", "tonality_confidence": 0.8083477020263672, "loop": false, "tempo": 0, "tempo_confidence": 0.0, "note_midi": 38, "note_name": "D2", "note_frequency": 73.44020080566406, "note_confidence": 0.9456608295440674, "hardness": 44.961645777874764, "depth": 62.92331444098712, "brightness": 40.44902364932372, "roughness": 46.768861630025874, "warmth": 61.31609881995022, "sharpness": 32.633551437719134, "boominess": 49.93359019560412, "reverb": false, "name": "AKWF_vgame_0021.wav", "SpectralCentroid": 0.4515163264989236, "SpectralSpread": 0.6311257151494939, "SpectralKurtosis": 0.5412324421830814, "ZeroCrossingRate": 0.5688738575398764, "SpectralComplexity": 0.9850746268656716, "OddToEvenHarmonicEnergyRatio": 0.25525427712388815, "Dissonance": 0.8230891674218019, "PitchSalience": 0.2812076153584458, "HNR": 0.0}