{"duration": 0.08163265138864517, "lossless": 1.0, "codec": "pcm_f32le", "bitrate": 1411200.0, "samplerate": 44100.0, "channels": 1.0, "audio_md5": "59db6f2e7e59cb55fb8a5ca140db5c84", "loudness": -14.023923873901367, "dynamic_range": 0.0, "temporal_centroid": 0.5892969965934753, "log_attack_time": -1.2986729145050049, "filesize": 14458, "single_event": false, "tonality": "D minor", "tonality_confidence": 0.5760838985443115, "loop": false, "tempo": 0, "tempo_confidence": 0.0, "note_midi": 38, "note_name": "D2", "note_frequency": 73.470703125, "note_confidence": 0.949834406375885, "hardness": 28.369870304606792, "depth": 63.1403342093124, "brightness": 24.1818355138074, "roughness": 44.78906201761375, "warmth": 63.39822676672756, "sharpness": 0.0, "boominess": 54.00143029975838, "reverb": false, "name": "AKWF_epiano_0061.wav", "SpectralCentroid": 0.040148709813024444, "SpectralSpread": 0.01914705164044729, "SpectralKurtosis": 0.8331838632991615, "ZeroCrossingRate": 0.2330271804613616, "SpectralComplexity": 0.13432835820895522, "OddToEvenHarmonicEnergyRatio": 0.4732747786594713, "Dissonance": 0.4144357111973771, "PitchSalience": 0.33841621024549556, "HNR": 0.0}