{"duration": 0.08163265138864517, "lossless": 1.0, "codec": "pcm_f32le", "bitrate": 1411200.0, "samplerate": 44100.0, "channels": 1.0, "audio_md5": "db4c7e69b797442f42d37e9f315e4ed5", "loudness": -15.325366973876953, "dynamic_range": 0.0, "temporal_centroid": 0.5931458473205566, "log_attack_time": -1.2066880464553833, "filesize": 14458, "single_event": false, "tonality": "D major", "tonality_confidence": 0.8034490346908569, "loop": false, "tempo": 0, "tempo_confidence": 0.0, "note_midi": 38, "note_name": "D2", "note_frequency": 73.44706726074219, "note_confidence": 0.9718900918960571, "hardness": 29.792679491353013, "depth": 63.083811141398606, "brightness": 30.226067345544237, "roughness": 45.565197469022564, "warmth": 67.60820019065847, "sharpness": 4.797176333243435, "boominess": 54.06359634468717, "reverb": false, "name": "AKWF_ebass_0060.wav", "SpectralCentroid": 0.06636990762320118, "SpectralSpread": 0.045614865626796015, "SpectralKurtosis": 0.753169552242254, "ZeroCrossingRate": 0.2330271804613616, "SpectralComplexity": 0.47761194029850745, "OddToEvenHarmonicEnergyRatio": 0.39194989772570704, "Dissonance": 0.6524153485107255, "PitchSalience": 0.3624943277398031, "HNR": 0.0}