{
    "duration": 0.08163265138864517,
    "lossless": 1.0,
    "codec": "pcm_f32le",
    "bitrate": 1411200.0,
    "samplerate": 44100.0,
    "channels": 1.0,
    "audio_md5": "e8a8f08640eb1e5accd198cb1caa1dbc",
    "loudness": -15.471158027648926,
    "dynamic_range": 0.0,
    "temporal_centroid": 0.5934104323387146,
    "log_attack_time": -1.2689578533172607,
    "filesize": 14458,
    "single_event": false,
    "tonality": "A minor",
    "tonality_confidence": 0.5658366680145264,
    "loop": false,
    "tempo": 0,
    "tempo_confidence": 0.0,
    "note_midi": 38,
    "note_name": "D2",
    "note_frequency": 73.46026611328125,
    "note_confidence": 0.9524960517883301,
    "hardness": 34.214909143513864,
    "depth": 62.54955656359355,
    "brightness": 37.06567998936802,
    "roughness": 31.91290958790547,
    "warmth": 67.05251839551606,
    "sharpness": 14.837967151863147,
    "boominess": 48.150885897285576,
    "reverb": false
}