{
    "duration": 0.08163265138864517,
    "lossless": 1.0,
    "codec": "pcm_f32le",
    "bitrate": 1411200.0,
    "samplerate": 44100.0,
    "channels": 1.0,
    "audio_md5": "297855377fbca78373dbe099eb1304b0",
    "loudness": -13.808852195739746,
    "dynamic_range": 0.0,
    "temporal_centroid": 0.5844618082046509,
    "log_attack_time": -1.2870755195617676,
    "filesize": 14458,
    "single_event": false,
    "tonality": "D major",
    "tonality_confidence": 0.891822099685669,
    "loop": false,
    "tempo": 0,
    "tempo_confidence": 0.0,
    "note_midi": 38,
    "note_name": "D2",
    "note_frequency": 73.43589782714844,
    "note_confidence": 0.9225582480430603,
    "hardness": 57.89820453734666,
    "depth": 60.21977994352025,
    "brightness": 49.093153855886335,
    "roughness": 57.86861523924729,
    "warmth": 60.02948323309739,
    "sharpness": 35.5380154667515,
    "boominess": 38.35735123356312,
    "reverb": false
}