{"duration": 0.08163265138864517, "lossless": 1.0, "codec": "pcm_f32le", "bitrate": 1411200.0, "samplerate": 44100.0, "channels": 1.0, "audio_md5": "d204438ada2d3d0c014eeb210263d56f", "loudness": -13.082432746887207, "dynamic_range": 0.0, "temporal_centroid": 0.5865504741668701, "log_attack_time": -1.3303606510162354, "filesize": 14458, "single_event": false, "tonality": "D major", "tonality_confidence": 0.6387209296226501, "loop": false, "tempo": 0, "tempo_confidence": 0.0, "note_midi": 38, "note_name": "D2", "note_frequency": 73.43014526367188, "note_confidence": 0.9285157322883606, "hardness": 63.17612403515287, "depth": 55.7706012415298, "brightness": 53.23692033000996, "roughness": 64.0546037367921, "warmth": 60.0709015595571, "sharpness": 42.13232467535386, "boominess": 33.48540055184367, "reverb": false, "name": "AKWF_1611.wav", "SpectralCentroid": 0.45980986147923597, "SpectralSpread": 0.3509696645191606, "SpectralKurtosis": 0.5598327239196489, "ZeroCrossingRate": 0.7567375327336924, "SpectralComplexity": 1.0, "OddToEvenHarmonicEnergyRatio": 0.09755179995480145, "Dissonance": 0.9502286849093342, "PitchSalience": 0.7206571210608304, "HNR": 0.0}