{
    "duration": 0.08163265138864517,
    "lossless": 1.0,
    "codec": "pcm_f32le",
    "bitrate": 1411200.0,
    "samplerate": 44100.0,
    "channels": 1.0,
    "audio_md5": "5011599bf6047e598bb064a3534ba174",
    "loudness": -20.096750259399414,
    "dynamic_range": 0.0,
    "temporal_centroid": 0.6317880749702454,
    "log_attack_time": -1.215656042098999,
    "filesize": 14458,
    "single_event": false,
    "tonality": "D major",
    "tonality_confidence": 0.44975438714027405,
    "loop": false,
    "tempo": 0,
    "tempo_confidence": 0.0,
    "note_midi": 38,
    "note_name": "D2",
    "note_frequency": 73.42843627929688,
    "note_confidence": 0.9020377397537231,
    "hardness": 81.70730033229967,
    "depth": 16.161179806899,
    "brightness": 69.4158169637287,
    "roughness": 77.34675462447775,
    "warmth": 23.933523632023476,
    "sharpness": 59.45106932946049,
    "boominess": 7.993987968524092,
    "reverb": false
}