{"duration": 0.08163265138864517, "lossless": 1.0, "codec": "pcm_f32le", "bitrate": 1411200.0, "samplerate": 44100.0, "channels": 1.0, "audio_md5": "94bb3d4c528e2aedb31aa66f07b6ddf3", "loudness": -16.225622177124023, "dynamic_range": 0.0, "temporal_centroid": 0.5927208065986633, "log_attack_time": -1.2172771692276, "filesize": 14458, "single_event": false, "tonality": "D minor", "tonality_confidence": 0.7939603924751282, "loop": false, "tempo": 0, "tempo_confidence": 0.0, "note_midi": 38, "note_name": "D2", "note_frequency": 73.43091583251953, "note_confidence": 0.9718698263168335, "hardness": 46.74737655992854, "depth": 61.35496769041674, "brightness": 44.17953665145018, "roughness": 48.941522613173284, "warmth": 62.0971028771244, "sharpness": 41.362390891847625, "boominess": 45.00991413063106, "reverb": false, "name": "AKWF_1309.wav", "SpectralCentroid": 0.5360002286253576, "SpectralSpread": 0.6105355959631863, "SpectralKurtosis": 0.49870474539727466, "ZeroCrossingRate": 0.4252420033405892, "SpectralComplexity": 1.0, "OddToEvenHarmonicEnergyRatio": 0.6139674623397957, "Dissonance": 0.9600325092293769, "PitchSalience": 0.5535218191119179, "HNR": 0.740654331463599}