{"duration": 0.08163265138864517, "lossless": 1.0, "codec": "pcm_f32le", "bitrate": 1411200.0, "samplerate": 44100.0, "channels": 1.0, "audio_md5": "11774ec2d29a5070dc847f9a9eb56a3d", "loudness": -13.421502113342285, "dynamic_range": 0.0, "temporal_centroid": 0.5761771202087402, "log_attack_time": -1.3166711330413818, "filesize": 14458, "single_event": false, "tonality": "A minor", "tonality_confidence": 0.43460243940353394, "loop": false, "tempo": 0, "tempo_confidence": 0.0, "note_midi": 38, "note_name": "D2", "note_frequency": 73.43408203125, "note_confidence": 0.9776290655136108, "hardness": 45.807248645968144, "depth": 63.1180675487578, "brightness": 42.40807454744832, "roughness": 50.07522945107168, "warmth": 59.45167333669443, "sharpness": 34.28425348690754, "boominess": 45.5216464800386, "reverb": false, "name": "AKWF_0879.wav", "SpectralCentroid": 0.3540103683678443, "SpectralSpread": 0.44509224969461814, "SpectralKurtosis": 0.5957356700104234, "ZeroCrossingRate": 0.2330271804613616, "SpectralComplexity": 1.0, "OddToEvenHarmonicEnergyRatio": 0.5406686797792694, "Dissonance": 0.9847541691926986, "PitchSalience": 0.26556109101464087, "HNR": 0.0}