{
    "duration": 0.08163265138864517,
    "lossless": 1.0,
    "codec": "pcm_f32le",
    "bitrate": 1411200.0,
    "samplerate": 44100.0,
    "channels": 1.0,
    "audio_md5": "b5e22555067dc098326544d0b458c24d",
    "loudness": -16.41550636291504,
    "dynamic_range": 0.0,
    "temporal_centroid": 0.5925774574279785,
    "log_attack_time": -1.2151708602905273,
    "filesize": 14458,
    "single_event": false,
    "tonality": "D major",
    "tonality_confidence": 0.6541584134101868,
    "loop": false,
    "tempo": 0,
    "tempo_confidence": 0.0,
    "note_midi": 38,
    "note_name": "D2",
    "note_frequency": 73.42999267578125,
    "note_confidence": 0.9881871342658997,
    "hardness": 53.039518406138825,
    "depth": 54.333627520919336,
    "brightness": 47.86030270959223,
    "roughness": 48.91960161878805,
    "warmth": 55.704684666622946,
    "sharpness": 44.323623843439876,
    "boominess": 43.14135629767347,
    "reverb": false
}