{
    "duration": 0.08163265138864517,
    "lossless": 1.0,
    "codec": "pcm_f32le",
    "bitrate": 1411200.0,
    "samplerate": 44100.0,
    "channels": 1.0,
    "audio_md5": "6898806e05a09ca7a4f9ae750ff255d0",
    "loudness": -16.446767807006836,
    "dynamic_range": 0.0,
    "temporal_centroid": 0.5921895503997803,
    "log_attack_time": -1.2689578533172607,
    "filesize": 14458,
    "single_event": false,
    "tonality": "D major",
    "tonality_confidence": 0.8293933272361755,
    "loop": false,
    "tempo": 0,
    "tempo_confidence": 0.0,
    "note_midi": 38,
    "note_name": "D2",
    "note_frequency": 73.45365905761719,
    "note_confidence": 0.8628218770027161,
    "hardness": 43.590743858764256,
    "depth": 56.56144311328521,
    "brightness": 40.76530414769262,
    "roughness": 51.301878596947816,
    "warmth": 69.76750875172975,
    "sharpness": 18.690400831504043,
    "boominess": 42.035055135574154,
    "reverb": false
}