{"duration": 0.08163265138864517, "lossless": 1.0, "codec": "pcm_f32le", "bitrate": 1411200.0, "samplerate": 44100.0, "channels": 1.0, "audio_md5": "dedcbe5fa8f695386d85add8955c4ecb", "loudness": -17.52834701538086, "dynamic_range": 0.0, "temporal_centroid": 0.6015477180480957, "log_attack_time": -1.201488733291626, "filesize": 14458, "single_event": false, "tonality": "D major", "tonality_confidence": 0.8446950316429138, "loop": false, "tempo": 0, "tempo_confidence": 0.0, "note_midi": 38, "note_name": "D2", "note_frequency": 73.42839813232422, "note_confidence": 0.9288473129272461, "hardness": 67.76999007099414, "depth": 42.34388948295907, "brightness": 56.76535146382955, "roughness": 65.22792475938128, "warmth": 56.622108965483875, "sharpness": 44.8471281868597, "boominess": 32.59879587742411, "reverb": false, "name": "AKWF_overtone_0027.wav", "SpectralCentroid": 0.4791827148722221, "SpectralSpread": 0.17387696649554854, "SpectralKurtosis": 0.5023418220116936, "ZeroCrossingRate": 0.4252420033405892, "SpectralComplexity": 1.0, "OddToEvenHarmonicEnergyRatio": 0.1463513644563953, "Dissonance": 0.9847733514760293, "PitchSalience": 0.6029395008361341, "HNR": 0.0}