{"duration": 0.08163265138864517, "lossless": 1.0, "codec": "pcm_f32le", "bitrate": 1411200.0, "samplerate": 44100.0, "channels": 1.0, "audio_md5": "5602caf63b949c72f97df1541b299eaa", "loudness": -14.490017890930176, "dynamic_range": 0.0, "temporal_centroid": 0.5796356201171875, "log_attack_time": -1.3176932334899902, "filesize": 14458, "single_event": false, "tonality": "D major", "tonality_confidence": 0.49932193756103516, "loop": false, "tempo": 0, "tempo_confidence": 0.0, "note_midi": 38, "note_name": "D2", "note_frequency": 73.46605682373047, "note_confidence": 0.966018557548523, "hardness": 30.11717496003952, "depth": 63.33044539298328, "brightness": 31.08883443117596, "roughness": 47.85653028260144, "warmth": 63.36917676369119, "sharpness": 3.5812324457522564, "boominess": 50.70585167854892, "reverb": false, "name": "AKWF_1150.wav", "SpectralCentroid": 0.06301090383402234, "SpectralSpread": 0.02144207415184071, "SpectralKurtosis": 0.8121719364419239, "ZeroCrossingRate": 0.2330271804613616, "SpectralComplexity": 0.44776119402985076, "OddToEvenHarmonicEnergyRatio": 0.7792875480750844, "Dissonance": 0.9393961650604118, "PitchSalience": 0.15550098709119956, "HNR": 0.7399837179848328}