{"duration": 0.08163265138864517, "lossless": 1.0, "codec": "pcm_f32le", "bitrate": 1411200.0, "samplerate": 44100.0, "channels": 1.0, "audio_md5": "127529518914e15ee3d596e2983a407e", "loudness": -14.426136016845703, "dynamic_range": 0.0, "temporal_centroid": 0.5840356349945068, "log_attack_time": -1.2849825620651245, "filesize": 14458, "single_event": false, "tonality": "D major", "tonality_confidence": 0.885824978351593, "loop": false, "tempo": 0, "tempo_confidence": 0.0, "note_midi": 38, "note_name": "D2", "note_frequency": 73.43221282958984, "note_confidence": 0.9130953550338745, "hardness": 61.676741392236124, "depth": 59.84191171901098, "brightness": 51.36797640341646, "roughness": 59.49750467914847, "warmth": 57.48142963054097, "sharpness": 40.26916606404536, "boominess": 37.01632816936113, "reverb": false, "name": "AKWF_R_asym_saw_22.wav", "SpectralCentroid": 0.39389376415346394, "SpectralSpread": 0.24482927440260333, "SpectralKurtosis": 0.567306028694692, "ZeroCrossingRate": 0.2330271804613616, "SpectralComplexity": 1.0, "OddToEvenHarmonicEnergyRatio": 0.4758360607518528, "Dissonance": 0.9740393687555469, "PitchSalience": 0.5283173006494959, "HNR": 0.0}