{
    "duration": 0.08163265138864517,
    "lossless": 1.0,
    "codec": "pcm_f32le",
    "bitrate": 1411200.0,
    "samplerate": 44100.0,
    "channels": 1.0,
    "audio_md5": "ec35700331a49519237ba8dd2efd8d8c",
    "loudness": -14.566181182861328,
    "dynamic_range": 0.0,
    "temporal_centroid": 0.5931061506271362,
    "log_attack_time": -1.3010300397872925,
    "filesize": 14458,
    "single_event": false,
    "tonality": "D minor",
    "tonality_confidence": 0.6879666447639465,
    "loop": false,
    "tempo": 0,
    "tempo_confidence": 0.0,
    "note_midi": 50,
    "note_name": "D3",
    "note_frequency": 146.85647583007812,
    "note_confidence": 0.9013327956199646,
    "hardness": 45.52216540571402,
    "depth": 52.75418278263248,
    "brightness": 52.69560111075747,
    "roughness": 37.65258157957895,
    "warmth": 55.57476845482867,
    "sharpness": 29.274834042380444,
    "boominess": 34.00820607629521,
    "reverb": false
}