{
    "duration": 0.08163265138864517,
    "lossless": 1.0,
    "codec": "pcm_f32le",
    "bitrate": 1411200.0,
    "samplerate": 44100.0,
    "channels": 1.0,
    "audio_md5": "8f0637ad9ff41ffae54099dbb8caaf02",
    "loudness": -10.122942924499512,
    "dynamic_range": 0.0,
    "temporal_centroid": 0.5551998019218445,
    "log_attack_time": -1.6501214504241943,
    "filesize": 14458,
    "single_event": false,
    "tonality": "A major",
    "tonality_confidence": 0.4542659521102905,
    "loop": false,
    "tempo": 0,
    "tempo_confidence": 0.0,
    "note_midi": 38,
    "note_name": "D2",
    "note_frequency": 73.43714904785156,
    "note_confidence": 0.9669297933578491,
    "hardness": 48.286083559308366,
    "depth": 61.90236150714904,
    "brightness": 44.2986508526601,
    "roughness": 42.83013728359736,
    "warmth": 62.77478044432376,
    "sharpness": 27.05441183259579,
    "boominess": 41.65233125592919,
    "reverb": false
}