{
    "duration": 0.08163265138864517,
    "lossless": 1.0,
    "codec": "pcm_f32le",
    "bitrate": 1411200.0,
    "samplerate": 44100.0,
    "channels": 1.0,
    "audio_md5": "f3a94987a7539e91cc1f06e9162cb12c",
    "loudness": -17.134721755981445,
    "dynamic_range": 0.0,
    "temporal_centroid": 0.5836762189865112,
    "log_attack_time": -1.3267930746078491,
    "filesize": 14458,
    "single_event": false,
    "tonality": "D major",
    "tonality_confidence": 0.8845224380493164,
    "loop": false,
    "tempo": 0,
    "tempo_confidence": 0.0,
    "note_midi": 38,
    "note_name": "D2",
    "note_frequency": 73.44355010986328,
    "note_confidence": 0.9856277704238892,
    "hardness": 34.57540861059731,
    "depth": 54.72416644437779,
    "brightness": 39.288329022364294,
    "roughness": 47.81571756955411,
    "warmth": 58.54169878606211,
    "sharpness": 28.54768246966252,
    "boominess": 49.15192261733203,
    "reverb": false
}