{"duration": 0.08163265138864517, "lossless": 1.0, "codec": "pcm_f32le", "bitrate": 1411200.0, "samplerate": 44100.0, "channels": 1.0, "audio_md5": "ef1c031c78c08f4db8bcac78fbd710b6", "loudness": -10.369007110595703, "dynamic_range": 0.0, "temporal_centroid": 0.5529119372367859, "log_attack_time": -1.6759556531906128, "filesize": 14458, "single_event": false, "tonality": "D minor", "tonality_confidence": 0.8197993636131287, "loop": false, "tempo": 0, "tempo_confidence": 0.0, "note_midi": 38, "note_name": "D2", "note_frequency": 73.42839813232422, "note_confidence": 0.9640289545059204, "hardness": 76.26155396674531, "depth": 60.5500886876998, "brightness": 58.47849444875918, "roughness": 62.32041641895154, "warmth": 48.831180441396505, "sharpness": 50.191400425960694, "boominess": 34.51713458836488, "reverb": false, "name": "AKWF_c604_0012.wav", "SpectralCentroid": 0.7481451029920867, "SpectralSpread": 0.8414502242357946, "SpectralKurtosis": 0.45149078768606005, "ZeroCrossingRate": 0.2330271804613616, "SpectralComplexity": 1.0, "OddToEvenHarmonicEnergyRatio": 0.4599966117830581, "Dissonance": 0.9687778070171855, "PitchSalience": 0.429410621880112, "HNR": 0.0}