{"duration": 0.08163265138864517, "lossless": 1.0, "codec": "pcm_f32le", "bitrate": 1411200.0, "samplerate": 44100.0, "channels": 1.0, "audio_md5": "d9fb355a705d31da550e1cd4c3889553", "loudness": -15.121867179870605, "dynamic_range": 0.0, "temporal_centroid": 0.5808736681938171, "log_attack_time": -1.3049871921539307, "filesize": 14458, "single_event": false, "tonality": "D major", "tonality_confidence": 0.5810556411743164, "loop": false, "tempo": 0, "tempo_confidence": 0.0, "note_midi": 38, "note_name": "D2", "note_frequency": 73.45426177978516, "note_confidence": 0.9548116326332092, "hardness": 42.54280625770366, "depth": 63.03921326298806, "brightness": 40.95701724177989, "roughness": 48.470306425796416, "warmth": 62.71976759805714, "sharpness": 26.282703392845118, "boominess": 45.526673627838676, "reverb": false, "name": "AKWF_dbass_0068.wav", "SpectralCentroid": 0.17605538398407772, "SpectralSpread": 0.11105741256976233, "SpectralKurtosis": 0.6703027406230108, "ZeroCrossingRate": 0.2330271804613616, "SpectralComplexity": 0.9850746268656716, "OddToEvenHarmonicEnergyRatio": 0.7105936260858233, "Dissonance": 0.9139239162082855, "PitchSalience": 0.27243525698700255, "HNR": 0.5200164228195209}