{"duration": 0.08163265138864517, "lossless": 1.0, "codec": "pcm_f32le", "bitrate": 1411200.0, "samplerate": 44100.0, "channels": 1.0, "audio_md5": "5298e9e8cd6b0678ee040dee9db929bc", "loudness": -13.943497657775879, "dynamic_range": 0.0, "temporal_centroid": 0.5825581550598145, "log_attack_time": -1.3075788021087646, "filesize": 14458, "single_event": false, "tonality": "A minor", "tonality_confidence": 0.5041630268096924, "loop": false, "tempo": 0, "tempo_confidence": 0.0, "note_midi": 57, "note_name": "A3", "note_frequency": 221.23265075683594, "note_confidence": 0.8523252606391907, "hardness": 33.320902524021335, "depth": 56.047536239829014, "brightness": 38.44369027704534, "roughness": 33.59945817999409, "warmth": 75.07516680199338, "sharpness": 15.949713200186292, "boominess": 42.49625383810461, "reverb": false, "name": "AKWF_0057.wav", "SpectralCentroid": 0.12263566146920112, "SpectralSpread": 0.03367139544558881, "SpectralKurtosis": 0.6901924201196848, "ZeroCrossingRate": 0.5688738575398764, "SpectralComplexity": 0.4925373134328358, "OddToEvenHarmonicEnergyRatio": 0.6827095459455012, "Dissonance": 0.9999986871441067, "PitchSalience": 0.4451346181867805, "HNR": 0.7959686784410825}