{"duration": 0.08163265138864517, "lossless": 1.0, "codec": "pcm_f32le", "bitrate": 1411200.0, "samplerate": 44100.0, "channels": 1.0, "audio_md5": "324176f638e5600b58acf3a36b8c3dad", "loudness": -16.57400894165039, "dynamic_range": 0.0, "temporal_centroid": 0.5852962732315063, "log_attack_time": -1.276710033416748, "filesize": 14458, "single_event": false, "tonality": "D minor", "tonality_confidence": 0.8206678032875061, "loop": false, "tempo": 0, "tempo_confidence": 0.0, "note_midi": 38, "note_name": "D2", "note_frequency": 73.4328842163086, "note_confidence": 0.9053276777267456, "hardness": 53.06023697416367, "depth": 53.66261398744119, "brightness": 52.28872124199261, "roughness": 50.2733750155614, "warmth": 59.59060642635065, "sharpness": 26.952184463823233, "boominess": 37.708888534673804, "reverb": false, "name": "AKWF_0155.wav", "SpectralCentroid": 0.18854659656699208, "SpectralSpread": 0.08885736132276478, "SpectralKurtosis": 0.7294391739297597, "ZeroCrossingRate": 0.762449954711653, "SpectralComplexity": 0.7611940298507462, "OddToEvenHarmonicEnergyRatio": 0.1121273145774334, "Dissonance": 0.8897079245732197, "PitchSalience": 0.5627664703443704, "HNR": 0.66431549110913}