{
    "duration": 0.08163265138864517,
    "lossless": 1.0,
    "codec": "pcm_f32le",
    "bitrate": 1411200.0,
    "samplerate": 44100.0,
    "channels": 1.0,
    "audio_md5": "d5ee7a23024b922def6a9baaf4ca17df",
    "loudness": -14.981836318969727,
    "dynamic_range": 0.0,
    "temporal_centroid": 0.5990565419197083,
    "log_attack_time": -1.2733707427978516,
    "filesize": 14458,
    "single_event": false,
    "tonality": "D minor",
    "tonality_confidence": 0.7146410942077637,
    "loop": false,
    "tempo": 0,
    "tempo_confidence": 0.0,
    "note_midi": 38,
    "note_name": "D2",
    "note_frequency": 73.45394897460938,
    "note_confidence": 0.9070882201194763,
    "hardness": 34.51961920876293,
    "depth": 60.5379455126113,
    "brightness": 23.68129745821475,
    "roughness": 42.1380010666254,
    "warmth": 68.58545564893015,
    "sharpness": 6.447204787986745,
    "boominess": 46.4947827198632,
    "reverb": false
}