{"duration": 0.08163265138864517, "lossless": 1.0, "codec": "pcm_f32le", "bitrate": 1411200.0, "samplerate": 44100.0, "channels": 1.0, "audio_md5": "ea05786649b5f0f6079e94de90758f13", "loudness": -14.70578384399414, "dynamic_range": 0.0, "temporal_centroid": 0.5920814871788025, "log_attack_time": -1.31321382522583, "filesize": 14458, "single_event": false, "tonality": "D major", "tonality_confidence": 0.5893874168395996, "loop": false, "tempo": 0, "tempo_confidence": 0.0, "note_midi": 38, "note_name": "D2", "note_frequency": 73.4375228881836, "note_confidence": 0.9893237948417664, "hardness": 30.42398300046716, "depth": 54.358138654715844, "brightness": 29.58271651527411, "roughness": 46.51557148234723, "warmth": 66.23363205109577, "sharpness": 0.0, "boominess": 52.664704890912176, "reverb": false, "name": "AKWF_theremin_0007.wav", "SpectralCentroid": 0.06003962485771738, "SpectralSpread": 0.015302299435518727, "SpectralKurtosis": 0.8380917835394889, "ZeroCrossingRate": 0.2330271804613616, "SpectralComplexity": 0.43283582089552236, "OddToEvenHarmonicEnergyRatio": 0.5668634494298472, "Dissonance": 0.7751667910476064, "PitchSalience": 0.3378660619540185, "HNR": 0.8831093755734829}