{
    "duration": 0.08163265138864517,
    "lossless": 1.0,
    "codec": "pcm_f32le",
    "bitrate": 1411200.0,
    "samplerate": 44100.0,
    "channels": 1.0,
    "audio_md5": "a357b5f2b24f0b070c082635b7b1e8cd",
    "loudness": -9.810782432556152,
    "dynamic_range": 0.0,
    "temporal_centroid": 0.5536546111106873,
    "log_attack_time": -1.6676301956176758,
    "filesize": 14458,
    "single_event": false,
    "tonality": "A major",
    "tonality_confidence": 0.5303598642349243,
    "loop": false,
    "tempo": 0,
    "tempo_confidence": 0.0,
    "note_midi": 38,
    "note_name": "D2",
    "note_frequency": 73.42839813232422,
    "note_confidence": 0.9663475751876831,
    "hardness": 69.2570567460597,
    "depth": 60.75184294817095,
    "brightness": 56.85142263317351,
    "roughness": 63.459198218833016,
    "warmth": 53.94150544632001,
    "sharpness": 48.16007455990142,
    "boominess": 35.303067588519504,
    "reverb": false
}