{"duration": 0.08163265138864517, "lossless": 1.0, "codec": "pcm_f32le", "bitrate": 1411200.0, "samplerate": 44100.0, "channels": 1.0, "audio_md5": "5b88810a86312dabeafb747ead24c2a0", "loudness": -13.229113578796387, "dynamic_range": 0.0, "temporal_centroid": 0.5852654576301575, "log_attack_time": -1.2922561168670654, "filesize": 14458, "single_event": false, "tonality": "D major", "tonality_confidence": 0.7678617835044861, "loop": false, "tempo": 0, "tempo_confidence": 0.0, "note_midi": 38, "note_name": "D2", "note_frequency": 73.43839263916016, "note_confidence": 0.9422298073768616, "hardness": 44.006310566706304, "depth": 56.48466635233451, "brightness": 41.237239141938765, "roughness": 51.559824695970136, "warmth": 67.97018680472866, "sharpness": 22.65690578524246, "boominess": 40.92178065089751, "reverb": false, "name": "AKWF_1964.wav", "SpectralCentroid": 0.19167695863091544, "SpectralSpread": 0.1213336637180113, "SpectralKurtosis": 0.6968054700384343, "ZeroCrossingRate": 0.5688738575398764, "SpectralComplexity": 0.9253731343283582, "OddToEvenHarmonicEnergyRatio": 0.5141940023333544, "Dissonance": 0.8249543709640622, "PitchSalience": 0.6639470525339569, "HNR": 0.36124736948435426}