{"duration": 0.08163265138864517, "lossless": 1.0, "codec": "pcm_f32le", "bitrate": 1411200.0, "samplerate": 44100.0, "channels": 1.0, "audio_md5": "a644a3b4cda6241d3d041f7fde8a920b", "loudness": -13.176473617553711, "dynamic_range": 0.0, "temporal_centroid": 0.5776812434196472, "log_attack_time": -1.3889248371124268, "filesize": 14458, "single_event": false, "tonality": "D minor", "tonality_confidence": 0.5898929238319397, "loop": false, "tempo": 0, "tempo_confidence": 0.0, "note_midi": 38, "note_name": "D2", "note_frequency": 73.44261169433594, "note_confidence": 0.9913647770881653, "hardness": 20.95403814927674, "depth": 54.86933243626457, "brightness": 16.9278312541867, "roughness": 39.86022636516272, "warmth": 59.20436403085685, "sharpness": 0.0, "boominess": 59.64260216664177, "reverb": false, "name": "AKWF_eorgan_0009.wav", "SpectralCentroid": 0.020349182666448418, "SpectralSpread": 0.0038167328069681795, "SpectralKurtosis": 0.9158541553087205, "ZeroCrossingRate": 0.2330271804613616, "SpectralComplexity": 0.26865671641791045, "OddToEvenHarmonicEnergyRatio": 0.9815772674635146, "Dissonance": 0.7315381098726179, "PitchSalience": 0.06407431690312967, "HNR": 0.0}