{"duration": 0.08163265138864517, "lossless": 1.0, "codec": "pcm_f32le", "bitrate": 1411200.0, "samplerate": 44100.0, "channels": 1.0, "audio_md5": "3f5f8c8af622d08a2fc2e3b74eb4736d", "loudness": -19.879634857177734, "dynamic_range": 0.0, "temporal_centroid": 0.5884550213813782, "log_attack_time": -1.281202793121338, "filesize": 14458, "single_event": false, "tonality": "D major", "tonality_confidence": 0.8776080012321472, "loop": false, "tempo": 0, "tempo_confidence": 0.0, "note_midi": 38, "note_name": "D2", "note_frequency": 73.42839813232422, "note_confidence": 0.9107741117477417, "hardness": 73.1490980779788, "depth": 53.25081829336493, "brightness": 63.684014212095924, "roughness": 67.74253656063311, "warmth": 43.67811353946345, "sharpness": 50.51731695246807, "boominess": 29.498299605208036, "reverb": false, "name": "AKWF_bsaw_0009.wav", "SpectralCentroid": 0.5922431487474799, "SpectralSpread": 0.35937482815915206, "SpectralKurtosis": 0.5262130600591151, "ZeroCrossingRate": 0.2330271804613616, "SpectralComplexity": 1.0, "OddToEvenHarmonicEnergyRatio": 0.09855741179566134, "Dissonance": 0.9913435387943081, "PitchSalience": 0.6390774195875824, "HNR": 0.557528656097849}