{"duration": 0.08163265138864517, "lossless": 1.0, "codec": "pcm_f32le", "bitrate": 1411200.0, "samplerate": 44100.0, "channels": 1.0, "audio_md5": "729f12d9778f6ac2111f02b1128b52bc", "loudness": -19.5938720703125, "dynamic_range": 0.0, "temporal_centroid": 0.6040540933609009, "log_attack_time": -1.2593687772750854, "filesize": 14458, "single_event": false, "tonality": "D major", "tonality_confidence": 0.7381179928779602, "loop": false, "tempo": 0, "tempo_confidence": 0.0, "note_midi": 38, "note_name": "D2", "note_frequency": 73.42839813232422, "note_confidence": 0.8667200207710266, "hardness": 70.33192809193031, "depth": 44.27729488423543, "brightness": 60.14226315875762, "roughness": 72.23320490707354, "warmth": 46.42304933241093, "sharpness": 51.58142432138018, "boominess": 23.276119167494354, "reverb": false, "name": "AKWF_0755.wav", "SpectralCentroid": 0.6454274611842208, "SpectralSpread": 0.45030055834404165, "SpectralKurtosis": 0.45561006359818773, "ZeroCrossingRate": 0.6763055068286788, "SpectralComplexity": 1.0, "OddToEvenHarmonicEnergyRatio": 0.27717272881343546, "Dissonance": 0.9730268651160185, "PitchSalience": 0.8428915654038724, "HNR": 0.0}