{
    "duration": 0.08163265138864517,
    "lossless": 1.0,
    "codec": "pcm_f32le",
    "bitrate": 1411200.0,
    "samplerate": 44100.0,
    "channels": 1.0,
    "audio_md5": "c6e4324e2b14c2c06f4a9404601ef235",
    "loudness": -13.679051399230957,
    "dynamic_range": 0.0,
    "temporal_centroid": 0.5819624066352844,
    "log_attack_time": -1.3049871921539307,
    "filesize": 14458,
    "single_event": false,
    "tonality": "D major",
    "tonality_confidence": 0.833263099193573,
    "loop": false,
    "tempo": 0,
    "tempo_confidence": 0.0,
    "note_midi": 38,
    "note_name": "D2",
    "note_frequency": 73.4499282836914,
    "note_confidence": 0.963771402835846,
    "hardness": 31.37528922121183,
    "depth": 62.82852739587754,
    "brightness": 31.09430542404594,
    "roughness": 47.8129447794715,
    "warmth": 69.45752112336515,
    "sharpness": 7.570835329034377,
    "boominess": 50.96915906632693,
    "reverb": false
}