{"duration": 0.08163265138864517, "lossless": 1.0, "codec": "pcm_f32le", "bitrate": 1411200.0, "samplerate": 44100.0, "channels": 1.0, "audio_md5": "9a863a9a765fc76c13d7a1d2d79ecd3e", "loudness": -14.282567024230957, "dynamic_range": 0.0, "temporal_centroid": 0.5863931775093079, "log_attack_time": -1.3559658527374268, "filesize": 14458, "single_event": false, "tonality": "D major", "tonality_confidence": 0.5584558248519897, "loop": false, "tempo": 0, "tempo_confidence": 0.0, "note_midi": 38, "note_name": "D2", "note_frequency": 73.43106079101562, "note_confidence": 0.9926419258117676, "hardness": 37.82978125239812, "depth": 61.26834798174738, "brightness": 38.21440706458533, "roughness": 50.411175728618204, "warmth": 70.46016786010057, "sharpness": 17.83049362476488, "boominess": 45.947401751672984, "reverb": false, "name": "AKWF_linear_0022.wav", "SpectralCentroid": 0.14789403258659667, "SpectralSpread": 0.09229820396066953, "SpectralKurtosis": 0.716134970986416, "ZeroCrossingRate": 0.4252420033405892, "SpectralComplexity": 0.8507462686567164, "OddToEvenHarmonicEnergyRatio": 0.49008828226169354, "Dissonance": 0.905177378501022, "PitchSalience": 0.5154944077675007, "HNR": 0.8403003858116523}