{"duration": 0.08163265138864517, "lossless": 1.0, "codec": "pcm_f32le", "bitrate": 1411200.0, "samplerate": 44100.0, "channels": 1.0, "audio_md5": "248e9e7357329f4ad64169b3d9621fc9", "loudness": -15.605752944946289, "dynamic_range": 0.0, "temporal_centroid": 0.5872172117233276, "log_attack_time": -1.2994571924209595, "filesize": 14458, "single_event": false, "tonality": "D major", "tonality_confidence": 0.6946429014205933, "loop": false, "tempo": 0, "tempo_confidence": 0.0, "note_midi": 38, "note_name": "D2", "note_frequency": 73.44397735595703, "note_confidence": 0.9747436046600342, "hardness": 34.301533830023104, "depth": 54.19420047206274, "brightness": 36.2401380289999, "roughness": 49.50385938351448, "warmth": 67.23796202646261, "sharpness": 14.821519821750318, "boominess": 48.72333480172472, "reverb": false, "name": "AKWF_0149.wav", "SpectralCentroid": 0.10590691940133751, "SpectralSpread": 0.04239866090535988, "SpectralKurtosis": 0.7340066192829244, "ZeroCrossingRate": 0.2330271804613616, "SpectralComplexity": 1.0, "OddToEvenHarmonicEnergyRatio": 0.6516773410798309, "Dissonance": 0.9275167155729799, "PitchSalience": 0.3799910643353444, "HNR": 0.47074583625522587}