{
    "duration": 0.08163265138864517,
    "lossless": 1.0,
    "codec": "pcm_f32le",
    "bitrate": 1411200.0,
    "samplerate": 44100.0,
    "channels": 1.0,
    "audio_md5": "7f435e8bf2b05ce6c175f48bf8e91223",
    "loudness": -14.428182601928711,
    "dynamic_range": 0.0,
    "temporal_centroid": 0.5699396729469299,
    "log_attack_time": -1.4703787565231323,
    "filesize": 14458,
    "single_event": false,
    "tonality": "D major",
    "tonality_confidence": 0.708830714225769,
    "loop": false,
    "tempo": 0,
    "tempo_confidence": 0.0,
    "note_midi": 38,
    "note_name": "D2",
    "note_frequency": 73.43182373046875,
    "note_confidence": 0.9877017140388489,
    "hardness": 66.22945726812728,
    "depth": 60.117039674425776,
    "brightness": 56.92007712155812,
    "roughness": 62.39555421221238,
    "warmth": 52.352900560742476,
    "sharpness": 45.64456575107768,
    "boominess": 34.697834449662764,
    "reverb": false
}