{"duration": 0.08163265138864517, "lossless": 1.0, "codec": "pcm_f32le", "bitrate": 1411200.0, "samplerate": 44100.0, "channels": 1.0, "audio_md5": "97e38f638d4e7f4c8921df8c818473d2", "loudness": -12.317975997924805, "dynamic_range": 0.0, "temporal_centroid": 0.5703437924385071, "log_attack_time": -1.3808025121688843, "filesize": 14458, "single_event": false, "tonality": "D major", "tonality_confidence": 0.811581552028656, "loop": false, "tempo": 0, "tempo_confidence": 0.0, "note_midi": 38, "note_name": "D2", "note_frequency": 73.42871856689453, "note_confidence": 0.9551939964294434, "hardness": 33.46343481843638, "depth": 62.77480782406465, "brightness": 33.58833656410455, "roughness": 46.444937229203155, "warmth": 66.274038404829, "sharpness": 9.13012124690571, "boominess": 48.31136789342799, "reverb": false, "name": "AKWF_1913.wav", "SpectralCentroid": 0.08511119708628581, "SpectralSpread": 0.034595257682252585, "SpectralKurtosis": 0.7813005153208579, "ZeroCrossingRate": 0.2330271804613616, "SpectralComplexity": 0.746268656716418, "OddToEvenHarmonicEnergyRatio": 0.054679316566104384, "Dissonance": 0.9109782322657968, "PitchSalience": 0.31376208694873264, "HNR": 0.9085174141393099}