{"duration": 0.08163265138864517, "lossless": 1.0, "codec": "pcm_f32le", "bitrate": 1411200.0, "samplerate": 44100.0, "channels": 1.0, "audio_md5": "b3d08256591555b7ec8232fffb0ada43", "loudness": -17.750133514404297, "dynamic_range": 0.0, "temporal_centroid": 0.6111344695091248, "log_attack_time": -1.1847445964813232, "filesize": 14458, "single_event": false, "tonality": "D major", "tonality_confidence": 0.8388453722000122, "loop": false, "tempo": 0, "tempo_confidence": 0.0, "note_midi": 38, "note_name": "D2", "note_frequency": 73.44236755371094, "note_confidence": 0.8551071882247925, "hardness": 52.910991060955126, "depth": 55.64353364516885, "brightness": 44.95593714533018, "roughness": 55.80047083921599, "warmth": 64.34012642858457, "sharpness": 28.674752800913165, "boominess": 38.02859004945252, "reverb": false, "name": "AKWF_1975.wav", "SpectralCentroid": 0.26236819943126977, "SpectralSpread": 0.19114311457443348, "SpectralKurtosis": 0.6669853035762571, "ZeroCrossingRate": 0.8622249050771842, "SpectralComplexity": 0.9253731343283582, "OddToEvenHarmonicEnergyRatio": 0.26717255772683757, "Dissonance": 0.9140346337219581, "PitchSalience": 0.824656953690886, "HNR": 0.0}