{"duration": 0.08163265138864517, "lossless": 1.0, "codec": "pcm_f32le", "bitrate": 1411200.0, "samplerate": 44100.0, "channels": 1.0, "audio_md5": "604685cba5e8d631bba31f750261a0b6", "loudness": -14.817543983459473, "dynamic_range": 0.0, "temporal_centroid": 0.5908301472663879, "log_attack_time": -1.2693239450454712, "filesize": 14458, "single_event": false, "tonality": "D major", "tonality_confidence": 0.8497250080108643, "loop": false, "tempo": 0, "tempo_confidence": 0.0, "note_midi": 38, "note_name": "D2", "note_frequency": 73.42840576171875, "note_confidence": 0.9981478452682495, "hardness": 36.20880280195297, "depth": 61.99386202813838, "brightness": 37.96833371579398, "roughness": 49.95989590898791, "warmth": 62.56002036013901, "sharpness": 24.93924883266534, "boominess": 49.22334710743203, "reverb": false, "name": "AKWF_hdrawn_0041.wav", "SpectralCentroid": 0.2577728606728023, "SpectralSpread": 0.33888333086673755, "SpectralKurtosis": 0.6325204130709521, "ZeroCrossingRate": 0.4252420033405892, "SpectralComplexity": 0.9552238805970149, "OddToEvenHarmonicEnergyRatio": 0.7770045400292231, "Dissonance": 0.9548220029979794, "PitchSalience": 0.2694120956264518, "HNR": 0.0}