{"duration": 0.08163265138864517, "lossless": 1.0, "codec": "pcm_f32le", "bitrate": 1411200.0, "samplerate": 44100.0, "channels": 1.0, "audio_md5": "5a62ad8c8fcf8fa68cd6d5814964e354", "loudness": -14.99234390258789, "dynamic_range": 0.0, "temporal_centroid": 0.5885384678840637, "log_attack_time": -1.3172839879989624, "filesize": 14458, "single_event": false, "tonality": "D major", "tonality_confidence": 0.690101683139801, "loop": false, "tempo": 0, "tempo_confidence": 0.0, "note_midi": 38, "note_name": "D2", "note_frequency": 73.43119049072266, "note_confidence": 0.9896157383918762, "hardness": 32.67013156441389, "depth": 59.67969632248307, "brightness": 27.77690818329431, "roughness": 0, "warmth": 55.185175426453306, "sharpness": 8.373453944162058, "boominess": 43.377606618146814, "reverb": false, "name": "AKWF_eorgan_0149.wav", "SpectralCentroid": 0.056376276554919696, "SpectralSpread": 0.005650384195951152, "SpectralKurtosis": 0.8917158538017244, "ZeroCrossingRate": 0.4252420033405892, "SpectralComplexity": 0.14925373134328357, "OddToEvenHarmonicEnergyRatio": 0.5755569920501753, "Dissonance": 0.4897754783025765, "PitchSalience": 0.4545738604753324, "HNR": 0.6117995942322111}