{"duration": 0.08163265138864517, "lossless": 1.0, "codec": "pcm_f32le", "bitrate": 1411200.0, "samplerate": 44100.0, "channels": 1.0, "audio_md5": "824e1936da741f9b46999c2fce9e6c17", "loudness": -9.735767364501953, "dynamic_range": 0.0, "temporal_centroid": 0.5528814792633057, "log_attack_time": -1.679707646369934, "filesize": 14458, "single_event": false, "tonality": "D major", "tonality_confidence": 0.6638862490653992, "loop": false, "tempo": 0, "tempo_confidence": 0.0, "note_midi": 38, "note_name": "D2", "note_frequency": 73.42839813232422, "note_confidence": 0.965321958065033, "hardness": 69.61662939891022, "depth": 60.79775384326739, "brightness": 55.991435057172644, "roughness": 60.873982179204276, "warmth": 53.84259398808255, "sharpness": 47.076679573464496, "boominess": 35.5634247651475, "reverb": false, "name": "AKWF_1448.wav", "SpectralCentroid": 0.6015809525422361, "SpectralSpread": 0.6047838158808514, "SpectralKurtosis": 0.5223804648819274, "ZeroCrossingRate": 0.2330271804613616, "SpectralComplexity": 1.0, "OddToEvenHarmonicEnergyRatio": 0.7602649625495496, "Dissonance": 0.9678978288864473, "PitchSalience": 0.4838868085537464, "HNR": 0.0}