{"duration": 0.08163265138864517, "lossless": 1.0, "codec": "pcm_f32le", "bitrate": 1411200.0, "samplerate": 44100.0, "channels": 1.0, "audio_md5": "57d0ffdb7adbe692a91aa0a8fe9e0b29", "loudness": -9.472339630126953, "dynamic_range": 0.0, "temporal_centroid": 0.5530188679695129, "log_attack_time": -1.6778275966644287, "filesize": 14458, "single_event": false, "tonality": "A major", "tonality_confidence": 0.44843417406082153, "loop": false, "tempo": 0, "tempo_confidence": 0.0, "note_midi": 38, "note_name": "D2", "note_frequency": 73.42839813232422, "note_confidence": 0.9651869535446167, "hardness": 64.98658956840859, "depth": 60.8755877204733, "brightness": 54.94757974722198, "roughness": 54.02143970849572, "warmth": 53.365476798098506, "sharpness": 45.16989422386819, "boominess": 35.99130079186649, "reverb": false, "name": "AKWF_rSymSqu_26.wav", "SpectralCentroid": 0.4895111146009825, "SpectralSpread": 0.38703612567115303, "SpectralKurtosis": 0.5260658150638061, "ZeroCrossingRate": 0.2330271804613616, "SpectralComplexity": 0.4925373134328358, "OddToEvenHarmonicEnergyRatio": 0.6192803501908519, "Dissonance": 0.9988925331175192, "PitchSalience": 0.48792153584062425, "HNR": 0.0}