{
    "duration": 0.08163265138864517,
    "lossless": 1.0,
    "codec": "pcm_f32le",
    "bitrate": 1411200.0,
    "samplerate": 44100.0,
    "channels": 1.0,
    "audio_md5": "f6fe5b046248db315fff886dd7d872f5",
    "loudness": -12.256500244140625,
    "dynamic_range": 0.0,
    "temporal_centroid": 0.5853866338729858,
    "log_attack_time": -1.3284683227539062,
    "filesize": 14458,
    "single_event": false,
    "tonality": "D major",
    "tonality_confidence": 0.8433303833007812,
    "loop": false,
    "tempo": 0,
    "tempo_confidence": 0.0,
    "note_midi": 38,
    "note_name": "D2",
    "note_frequency": 73.42869567871094,
    "note_confidence": 0.9917404055595398,
    "hardness": 67.1878259982976,
    "depth": 52.32973629362814,
    "brightness": 52.27170169366654,
    "roughness": 54.64162631453437,
    "warmth": 53.0561736516846,
    "sharpness": 45.586078456063746,
    "boominess": 37.95860724834256,
    "reverb": false
}