{"duration": 0.08163265138864517, "lossless": 1.0, "codec": "pcm_f32le", "bitrate": 1411200.0, "samplerate": 44100.0, "channels": 1.0, "audio_md5": "d5534663aefcd9051e8565114b3e24bf", "loudness": -15.410478591918945, "dynamic_range": 0.0, "temporal_centroid": 0.5848640203475952, "log_attack_time": -1.2684093713760376, "filesize": 14458, "single_event": false, "tonality": "D major", "tonality_confidence": 0.5241051316261292, "loop": false, "tempo": 0, "tempo_confidence": 0.0, "note_midi": 38, "note_name": "D2", "note_frequency": 73.42839813232422, "note_confidence": 0.9373471140861511, "hardness": 59.90472631975487, "depth": 60.131512919923395, "brightness": 47.99904621260718, "roughness": 55.761710528352424, "warmth": 58.29685412192647, "sharpness": 43.00619518986893, "boominess": 42.216808011666075, "reverb": false, "name": "AKWF_vgame_0029.wav", "SpectralCentroid": 0.6288654956724277, "SpectralSpread": 0.766388780215925, "SpectralKurtosis": 0.4960350362762667, "ZeroCrossingRate": 0.4252420033405892, "SpectralComplexity": 1.0, "OddToEvenHarmonicEnergyRatio": 0.20310130229782436, "Dissonance": 0.9071023169864297, "PitchSalience": 0.4851203585274951, "HNR": 0.0}