{"duration": 0.08163265138864517, "lossless": 1.0, "codec": "pcm_f32le", "bitrate": 1411200.0, "samplerate": 44100.0, "channels": 1.0, "audio_md5": "f12482365a7e19eebac3de307dcfc53a", "loudness": -16.884353637695312, "dynamic_range": 0.0, "temporal_centroid": 0.5934863686561584, "log_attack_time": -1.2529741525650024, "filesize": 14458, "single_event": false, "tonality": "D major", "tonality_confidence": 0.8273858428001404, "loop": false, "tempo": 0, "tempo_confidence": 0.0, "note_midi": 38, "note_name": "D2", "note_frequency": 73.43022155761719, "note_confidence": 0.9833495616912842, "hardness": 46.37699692144531, "depth": 53.76540659901632, "brightness": 43.29810808126802, "roughness": 54.68381541335458, "warmth": 66.3080652924874, "sharpness": 20.473254049410194, "boominess": 38.344318183665365, "reverb": false, "name": "AKWF_hvoice_0099.wav", "SpectralCentroid": 0.16501659894684606, "SpectralSpread": 0.05176843800422565, "SpectralKurtosis": 0.7298429481155809, "ZeroCrossingRate": 0.5688738575398764, "SpectralComplexity": 0.8059701492537313, "OddToEvenHarmonicEnergyRatio": 0.39489105961209475, "Dissonance": 0.8414086856211939, "PitchSalience": 0.6296703992035448, "HNR": 0.5930352256349007}