{"duration": 0.08163265138864517, "lossless": 1.0, "codec": "pcm_f32le", "bitrate": 1411200.0, "samplerate": 44100.0, "channels": 1.0, "audio_md5": "b6cc976985449e6cde8caf402c3fd5c6", "loudness": -10.466595649719238, "dynamic_range": 0.0, "temporal_centroid": 0.5634459853172302, "log_attack_time": -1.637544870376587, "filesize": 14458, "single_event": false, "tonality": "D major", "tonality_confidence": 0.7114096879959106, "loop": false, "tempo": 0, "tempo_confidence": 0.0, "note_midi": 38, "note_name": "D2", "note_frequency": 73.42853546142578, "note_confidence": 0.9948293566703796, "hardness": 63.35560551192759, "depth": 61.274682091212874, "brightness": 56.60391940828927, "roughness": 59.90024719869071, "warmth": 49.90137166736735, "sharpness": 48.45077596005724, "boominess": 36.231672714697204, "reverb": false, "name": "AKWF_squ_0083.wav", "SpectralCentroid": 0.6904112717474613, "SpectralSpread": 0.7702353368204395, "SpectralKurtosis": 0.47994680664520223, "ZeroCrossingRate": 0.2330271804613616, "SpectralComplexity": 1.0, "OddToEvenHarmonicEnergyRatio": 0.7076360400525878, "Dissonance": 0.9646333397711896, "PitchSalience": 0.41160217820016404, "HNR": 1.0}