{"duration": 0.08163265138864517, "lossless": 1.0, "codec": "pcm_f32le", "bitrate": 1411200.0, "samplerate": 44100.0, "channels": 1.0, "audio_md5": "5c5c158f17b86d46157e9277eacfc0ec", "loudness": -13.237203598022461, "dynamic_range": 0.0, "temporal_centroid": 0.5785800814628601, "log_attack_time": -1.3928004503250122, "filesize": 14458, "single_event": false, "tonality": "D minor", "tonality_confidence": 0.7402081489562988, "loop": false, "tempo": 0, "tempo_confidence": 0.0, "note_midi": 38, "note_name": "D2", "note_frequency": 73.46013641357422, "note_confidence": 0.9709742069244385, "hardness": 32.11182515778172, "depth": 54.623413852476595, "brightness": 33.659221953634486, "roughness": 45.71341063587893, "warmth": 62.893074308369464, "sharpness": 12.913504238822306, "boominess": 51.263080624755375, "reverb": false, "name": "AKWF_linear_0082.wav", "SpectralCentroid": 0.09951244964446856, "SpectralSpread": 0.07712452421898915, "SpectralKurtosis": 0.7402073926302699, "ZeroCrossingRate": 0.2330271804613616, "SpectralComplexity": 0.8656716417910447, "OddToEvenHarmonicEnergyRatio": 0.6738273663225864, "Dissonance": 0.8847287727248061, "PitchSalience": 0.16276742326827257, "HNR": 0.9064823471310649}