{"duration": 0.08163265138864517, "lossless": 1.0, "codec": "pcm_f32le", "bitrate": 1411200.0, "samplerate": 44100.0, "channels": 1.0, "audio_md5": "ef71088357a99aabb437ed4f960b75b4", "loudness": -14.200196266174316, "dynamic_range": 0.0, "temporal_centroid": 0.584137499332428, "log_attack_time": -1.3573089838027954, "filesize": 14458, "single_event": false, "tonality": "D major", "tonality_confidence": 0.8766971826553345, "loop": false, "tempo": 0, "tempo_confidence": 0.0, "note_midi": 38, "note_name": "D2", "note_frequency": 73.42839813232422, "note_confidence": 0.9396315813064575, "hardness": 82.92621107360353, "depth": 54.35152771331945, "brightness": 60.44105726016052, "roughness": 72.88057505752556, "warmth": 50.20783349262586, "sharpness": 51.96188604388342, "boominess": 30.36482002671175, "reverb": false, "name": "AKWF_1614.wav", "SpectralCentroid": 0.8063711581387215, "SpectralSpread": 0.8633829105519114, "SpectralKurtosis": 0.42523852419765373, "ZeroCrossingRate": 0.4252420033405892, "SpectralComplexity": 1.0, "OddToEvenHarmonicEnergyRatio": 0.28433110450133, "Dissonance": 0.9725234578173566, "PitchSalience": 0.8002911876139839, "HNR": 0.6441981879741893}