{"duration": 0.08163265138864517, "lossless": 1.0, "codec": "pcm_f32le", "bitrate": 1411200.0, "samplerate": 44100.0, "channels": 1.0, "audio_md5": "7c7698373059fdb5d2e628020d91f4f0", "loudness": -14.672800064086914, "dynamic_range": 0.0, "temporal_centroid": 0.5811419486999512, "log_attack_time": -1.3363012075424194, "filesize": 14458, "single_event": false, "tonality": "D major", "tonality_confidence": 0.7097100019454956, "loop": false, "tempo": 0, "tempo_confidence": 0.0, "note_midi": 38, "note_name": "D2", "note_frequency": 73.42852020263672, "note_confidence": 0.9851878881454468, "hardness": 22.550596415554637, "depth": 63.205579077521676, "brightness": 22.090059910149407, "roughness": 45.99083486568517, "warmth": 62.925610268343846, "sharpness": 0.0, "boominess": 55.411463247966346, "reverb": false, "name": "AKWF_1158.wav", "SpectralCentroid": 0.03584313684909731, "SpectralSpread": 0.0034818738178367978, "SpectralKurtosis": 0.905011918330923, "ZeroCrossingRate": 0.2330271804613616, "SpectralComplexity": 0.2835820895522388, "OddToEvenHarmonicEnergyRatio": 0.7528788266573222, "Dissonance": 0.7575090251549024, "PitchSalience": 0.1281883756813534, "HNR": 0.0}