{"duration": 0.08163265138864517, "lossless": 1.0, "codec": "pcm_f32le", "bitrate": 1411200.0, "samplerate": 44100.0, "channels": 1.0, "audio_md5": "ff1bce564770694fc5fbbe0a15704298", "loudness": -17.531259536743164, "dynamic_range": 0.0, "temporal_centroid": 0.5921655893325806, "log_attack_time": -1.214040994644165, "filesize": 14458, "single_event": false, "tonality": "D major", "tonality_confidence": 0.7617603540420532, "loop": false, "tempo": 0, "tempo_confidence": 0.0, "note_midi": 38, "note_name": "D2", "note_frequency": 73.42900848388672, "note_confidence": 0.9860912561416626, "hardness": 61.05154827392337, "depth": 53.79581253794651, "brightness": 52.01620648195203, "roughness": 55.68555926322516, "warmth": 51.61422688686067, "sharpness": 46.15400955627565, "boominess": 40.16746664756059, "reverb": false, "name": "AKWF_1402.wav", "SpectralCentroid": 0.7050583620062414, "SpectralSpread": 0.8310424988338532, "SpectralKurtosis": 0.46872169036284733, "ZeroCrossingRate": 0.2330271804613616, "SpectralComplexity": 1.0, "OddToEvenHarmonicEnergyRatio": 0.5886039472116157, "Dissonance": 0.9776206937597334, "PitchSalience": 0.2637508357084991, "HNR": 0.0}