{"duration": 0.08163265138864517, "lossless": 1.0, "codec": "pcm_f32le", "bitrate": 1411200.0, "samplerate": 44100.0, "channels": 1.0, "audio_md5": "27ac15291a1007f97ef28197ff8c43a7", "loudness": -12.800514221191406, "dynamic_range": 0.0, "temporal_centroid": 0.5798323154449463, "log_attack_time": -1.3858013153076172, "filesize": 14458, "single_event": false, "tonality": "D major", "tonality_confidence": 0.733133852481842, "loop": false, "tempo": 0, "tempo_confidence": 0.0, "note_midi": 38, "note_name": "D2", "note_frequency": 73.44949340820312, "note_confidence": 0.9708211421966553, "hardness": 26.456757009083674, "depth": 62.905128257936745, "brightness": 26.35097125366895, "roughness": 46.07578307400809, "warmth": 65.09741364968673, "sharpness": 0.0, "boominess": 52.964234154617316, "reverb": false, "name": "AKWF_0139.wav", "SpectralCentroid": 0.0488576415476732, "SpectralSpread": 0.006212729509015996, "SpectralKurtosis": 0.8985587499008857, "ZeroCrossingRate": 0.4252420033405892, "SpectralComplexity": 0.43283582089552236, "OddToEvenHarmonicEnergyRatio": 0.4553934852609931, "Dissonance": 0.8997255985310018, "PitchSalience": 0.3666625550165873, "HNR": 0.0}