{"duration": 0.08163265138864517, "lossless": 1.0, "codec": "pcm_f32le", "bitrate": 1411200.0, "samplerate": 44100.0, "channels": 1.0, "audio_md5": "6f6986b916b636afa506abca04bb8efd", "loudness": -11.102423667907715, "dynamic_range": 0.0, "temporal_centroid": 0.552717387676239, "log_attack_time": -1.6815959215164185, "filesize": 14458, "single_event": false, "tonality": "D major", "tonality_confidence": 0.7029227614402771, "loop": false, "tempo": 0, "tempo_confidence": 0.0, "note_midi": 38, "note_name": "D2", "note_frequency": 73.42516326904297, "note_confidence": 0.8851163983345032, "hardness": 77.20294206230821, "depth": 50.01326807775169, "brightness": 59.50179763902161, "roughness": 58.34539036069573, "warmth": 45.66501001444596, "sharpness": 50.82783247070542, "boominess": 29.216328786847836, "reverb": false, "name": "AKWF_c604_0023.wav", "SpectralCentroid": 0.6595093766782523, "SpectralSpread": 0.7295651950079661, "SpectralKurtosis": 0.4917719098567389, "ZeroCrossingRate": 0.2330271804613616, "SpectralComplexity": 1.0, "OddToEvenHarmonicEnergyRatio": 0.051129591405492766, "Dissonance": 0.9768286769738497, "PitchSalience": 0.3745520102452009, "HNR": 0.0}