{"duration": 0.08163265138864517, "lossless": 1.0, "codec": "pcm_f32le", "bitrate": 1411200.0, "samplerate": 44100.0, "channels": 1.0, "audio_md5": "b777a1c17619798d85d19879f0d07d8c", "loudness": -17.284265518188477, "dynamic_range": 0.0, "temporal_centroid": 0.6048219799995422, "log_attack_time": -1.2599060535430908, "filesize": 14458, "single_event": false, "tonality": "D major", "tonality_confidence": 0.8257867097854614, "loop": false, "tempo": 0, "tempo_confidence": 0.0, "note_midi": 38, "note_name": "D2", "note_frequency": 73.42839813232422, "note_confidence": 0.9999649524688721, "hardness": 61.40348738481234, "depth": 55.43635110897347, "brightness": 57.48085619880955, "roughness": 68.02985081278817, "warmth": 53.04777905796686, "sharpness": 47.3200232262518, "boominess": 32.6605652056809, "reverb": false, "name": "AKWF_saw_0020.wav", "SpectralCentroid": 0.5350073077036679, "SpectralSpread": 0.3242636530920508, "SpectralKurtosis": 0.48234391184660197, "ZeroCrossingRate": 0.25127414437444123, "SpectralComplexity": 1.0, "OddToEvenHarmonicEnergyRatio": 0.5418769634495119, "Dissonance": 0.9752147394622892, "PitchSalience": 0.738166214731939, "HNR": 0.0}