{
    "duration": 0.08163265138864517,
    "lossless": 1.0,
    "codec": "pcm_f32le",
    "bitrate": 1411200.0,
    "samplerate": 44100.0,
    "channels": 1.0,
    "audio_md5": "cf40dd3ad9cdab181b54f678cc0b2015",
    "loudness": -13.844939231872559,
    "dynamic_range": 0.0,
    "temporal_centroid": 0.5867243409156799,
    "log_attack_time": -1.3645436763763428,
    "filesize": 14458,
    "single_event": false,
    "tonality": "D major",
    "tonality_confidence": 0.8813737630844116,
    "loop": false,
    "tempo": 0,
    "tempo_confidence": 0.0,
    "note_midi": 38,
    "note_name": "D2",
    "note_frequency": 73.42842864990234,
    "note_confidence": 0.9983460307121277,
    "hardness": 63.28651728645434,
    "depth": 58.88718901064696,
    "brightness": 56.63240316345014,
    "roughness": 65.6341362124812,
    "warmth": 51.40884178985911,
    "sharpness": 48.78886769415551,
    "boominess": 34.6130074675213,
    "reverb": false
}