{
    "duration": 0.08163265138864517,
    "lossless": 1.0,
    "codec": "pcm_f32le",
    "bitrate": 1411200.0,
    "samplerate": 44100.0,
    "channels": 1.0,
    "audio_md5": "6bddc3b518df35b3bf49c23da2b851f1",
    "loudness": -17.733949661254883,
    "dynamic_range": 0.0,
    "temporal_centroid": 0.5951117277145386,
    "log_attack_time": -1.2656774520874023,
    "filesize": 14458,
    "single_event": false,
    "tonality": "D major",
    "tonality_confidence": 0.7866196036338806,
    "loop": false,
    "tempo": 0,
    "tempo_confidence": 0.0,
    "note_midi": 38,
    "note_name": "D2",
    "note_frequency": 73.48723602294922,
    "note_confidence": 0.8365296721458435,
    "hardness": 37.03381123345409,
    "depth": 59.09814677586322,
    "brightness": 25.28308267737725,
    "roughness": 48.2178259648828,
    "warmth": 69.66090490527917,
    "sharpness": 5.069376330880573,
    "boominess": 47.88529964715576,
    "reverb": false
}