{"duration": 0.08163265138864517, "lossless": 1.0, "codec": "pcm_f32le", "bitrate": 1411200.0, "samplerate": 44100.0, "channels": 1.0, "audio_md5": "be50f0346d74338b28122e795e7177f7", "loudness": -17.528728485107422, "dynamic_range": 0.0, "temporal_centroid": 0.6000612378120422, "log_attack_time": -1.2584750652313232, "filesize": 14458, "single_event": false, "tonality": "D major", "tonality_confidence": 0.8390983939170837, "loop": false, "tempo": 0, "tempo_confidence": 0.0, "note_midi": 38, "note_name": "D2", "note_frequency": 73.42842102050781, "note_confidence": 0.9976599812507629, "hardness": 68.90810898267094, "depth": 52.77872316028487, "brightness": 59.44948104492674, "roughness": 72.45495741055822, "warmth": 49.70415958709107, "sharpness": 50.752058419720626, "boominess": 31.257618053335747, "reverb": false, "name": "AKWF_oscchip_0088.wav", "SpectralCentroid": 0.7359681562124237, "SpectralSpread": 0.7411422693646214, "SpectralKurtosis": 0.46527353241529806, "ZeroCrossingRate": 0.6763055068286788, "SpectralComplexity": 1.0, "OddToEvenHarmonicEnergyRatio": 0.4939712090494873, "Dissonance": 0.9999983953983526, "PitchSalience": 0.7773968245095607, "HNR": 0.9163016721411326}