{
    "duration": 0.08163265138864517,
    "lossless": 1.0,
    "codec": "pcm_f32le",
    "bitrate": 1411200.0,
    "samplerate": 44100.0,
    "channels": 1.0,
    "audio_md5": "b5ad34e72213cbbb6ca82590895c3aa0",
    "loudness": -15.595577239990234,
    "dynamic_range": 0.0,
    "temporal_centroid": 0.5773678421974182,
    "log_attack_time": -1.275408387184143,
    "filesize": 14458,
    "single_event": false,
    "tonality": "D minor",
    "tonality_confidence": 0.7048234343528748,
    "loop": false,
    "tempo": 0,
    "tempo_confidence": 0.0,
    "note_midi": 38,
    "note_name": "D2",
    "note_frequency": 73.42839813232422,
    "note_confidence": 0.8825538158416748,
    "hardness": 67.08102787044328,
    "depth": 58.365683990100976,
    "brightness": 54.51711260958123,
    "roughness": 62.370500362888464,
    "warmth": 55.9909973204217,
    "sharpness": 44.91710010731057,
    "boominess": 36.405141942457014,
    "reverb": false
}