{"duration": 0.08163265138864517, "lossless": 1.0, "codec": "pcm_f32le", "bitrate": 1411200.0, "samplerate": 44100.0, "channels": 1.0, "audio_md5": "5b98e46bcf5dea35dde6e63a45db23d0", "loudness": -16.561357498168945, "dynamic_range": 0.0, "temporal_centroid": 0.5886775255203247, "log_attack_time": -1.2664042711257935, "filesize": 14458, "single_event": false, "tonality": "D minor", "tonality_confidence": 0.8338631391525269, "loop": false, "tempo": 0, "tempo_confidence": 0.0, "note_midi": 38, "note_name": "D2", "note_frequency": 73.42840576171875, "note_confidence": 0.98142009973526, "hardness": 27.16649752430672, "depth": 62.26471905889853, "brightness": 17.989828719006972, "roughness": 42.75268209111957, "warmth": 61.4214195722773, "sharpness": 0.0, "boominess": 52.98420527618468, "reverb": false, "name": "AKWF_0922.wav", "SpectralCentroid": 0.03678705092105453, "SpectralSpread": 0.0027083609736413957, "SpectralKurtosis": 0.9276087650349736, "ZeroCrossingRate": 0.2330271804613616, "SpectralComplexity": 0.07462686567164178, "OddToEvenHarmonicEnergyRatio": 0.09198548677576175, "Dissonance": 0.5829603850110368, "PitchSalience": 0.1673216125800639, "HNR": 0.681818686220963}