{"duration": 0.08163265138864517, "lossless": 1.0, "codec": "pcm_f32le", "bitrate": 1411200.0, "samplerate": 44100.0, "channels": 1.0, "audio_md5": "e1632baa86340bde45d4c1ff8a015125", "loudness": -13.618621826171875, "dynamic_range": 0.0, "temporal_centroid": 0.5909600257873535, "log_attack_time": -1.2626018524169922, "filesize": 14458, "single_event": false, "tonality": "D major", "tonality_confidence": 0.7836089730262756, "loop": false, "tempo": 0, "tempo_confidence": 0.0, "note_midi": 38, "note_name": "D2", "note_frequency": 73.42955780029297, "note_confidence": 0.9709376096725464, "hardness": 41.98354650111581, "depth": 41.190249005285935, "brightness": 38.22773579339375, "roughness": 52.57383329231128, "warmth": 60.02461183858131, "sharpness": 14.96302360314764, "boominess": 33.7028178343314, "reverb": false, "name": "AKWF_fmsynth_0005.wav", "SpectralCentroid": 0.16563980497630548, "SpectralSpread": 0.01136594883087545, "SpectralKurtosis": 0.8282182324494557, "ZeroCrossingRate": 0.7567375327336924, "SpectralComplexity": 0.5223880597014925, "OddToEvenHarmonicEnergyRatio": 0.39318025881534663, "Dissonance": 0.9822812592446936, "PitchSalience": 0.7727115312826918, "HNR": 0.6909628300008627}