{"duration": 0.08163265138864517, "lossless": 1.0, "codec": "pcm_f32le", "bitrate": 1411200.0, "samplerate": 44100.0, "channels": 1.0, "audio_md5": "6c5d337c2877d0f6d85f55f85012d771", "loudness": -14.341859817504883, "dynamic_range": 0.0, "temporal_centroid": 0.5939278602600098, "log_attack_time": -1.2830885648727417, "filesize": 14458, "single_event": false, "tonality": "D minor", "tonality_confidence": 0.8239069581031799, "loop": false, "tempo": 0, "tempo_confidence": 0.0, "note_midi": 38, "note_name": "D2", "note_frequency": 73.44591522216797, "note_confidence": 0.9152475595474243, "hardness": 32.84912354661735, "depth": 56.24429865650372, "brightness": 27.89231104155197, "roughness": 47.44197498797318, "warmth": 69.02151567248357, "sharpness": 5.418010562710734, "boominess": 43.87381341220641, "reverb": false, "name": "AKWF_1515.wav", "SpectralCentroid": 0.07396821192723538, "SpectralSpread": 0.006485495169020236, "SpectralKurtosis": 0.8794192313608417, "ZeroCrossingRate": 0.4252420033405892, "SpectralComplexity": 0.2537313432835821, "OddToEvenHarmonicEnergyRatio": 0.21340764649295393, "Dissonance": 0.9999984683347911, "PitchSalience": 0.5622269726244999, "HNR": 0.7093052595458609}