{"duration": 0.08163265138864517, "lossless": 1.0, "codec": "pcm_f32le", "bitrate": 1411200.0, "samplerate": 44100.0, "channels": 1.0, "audio_md5": "5528c54edb4d06bdd3c22df26aa37475", "loudness": -17.88394546508789, "dynamic_range": 0.0, "temporal_centroid": 0.5938360095024109, "log_attack_time": -1.251741647720337, "filesize": 14458, "single_event": false, "tonality": "D major", "tonality_confidence": 0.8757078051567078, "loop": false, "tempo": 0, "tempo_confidence": 0.0, "note_midi": 38, "note_name": "D2", "note_frequency": 73.42839813232422, "note_confidence": 0.9984795451164246, "hardness": 72.44381566638685, "depth": 56.132438318325924, "brightness": 61.30100897384895, "roughness": 72.81522436292302, "warmth": 44.82856302905458, "sharpness": 51.96487611642897, "boominess": 32.3084618915165, "reverb": false, "name": "AKWF_saw_0037.wav", "SpectralCentroid": 0.8468099314436234, "SpectralSpread": 0.9106175779001349, "SpectralKurtosis": 0.381853939686706, "ZeroCrossingRate": 0.2330271804613616, "SpectralComplexity": 1.0, "OddToEvenHarmonicEnergyRatio": 0.4105451756474857, "Dissonance": 0.9805558019186368, "PitchSalience": 0.6502390675619338, "HNR": 0.0}