{"duration": 0.08163265138864517, "lossless": 1.0, "codec": "pcm_f32le", "bitrate": 1411200.0, "samplerate": 44100.0, "channels": 1.0, "audio_md5": "c9e38ce84ffa6bb544b91bc2f91dc51a", "loudness": -13.214054107666016, "dynamic_range": 0.0, "temporal_centroid": 0.5776840448379517, "log_attack_time": -1.3855619430541992, "filesize": 14458, "single_event": false, "tonality": "D major", "tonality_confidence": 0.7228745222091675, "loop": false, "tempo": 0, "tempo_confidence": 0.0, "note_midi": 38, "note_name": "D2", "note_frequency": 73.43181610107422, "note_confidence": 0.9857972860336304, "hardness": 51.395051896148715, "depth": 54.78245457694277, "brightness": 52.50519993382835, "roughness": 41.6677450676356, "warmth": 50.708038078298934, "sharpness": 48.44178292575867, "boominess": 47.249919000161654, "reverb": false, "name": "AKWF_vgsin_0005.wav", "SpectralCentroid": 0.4536525162380611, "SpectralSpread": 0.44090060209742926, "SpectralKurtosis": 0.5145536869191613, "ZeroCrossingRate": 0.4252420033405892, "SpectralComplexity": 1.0, "OddToEvenHarmonicEnergyRatio": 0.9766614229807089, "Dissonance": 0.9802701828253942, "PitchSalience": 0.040119653788952145, "HNR": 0.39248822715808673}