{
    "duration": 0.08163265138864517,
    "lossless": 1.0,
    "codec": "pcm_f32le",
    "bitrate": 1411200.0,
    "samplerate": 44100.0,
    "channels": 1.0,
    "audio_md5": "f43696f6868ba85b9e4c7a97550d563b",
    "loudness": -14.01396369934082,
    "dynamic_range": 0.0,
    "temporal_centroid": 0.5840268731117249,
    "log_attack_time": -1.2973037958145142,
    "filesize": 14458,
    "single_event": false,
    "tonality": "D minor",
    "tonality_confidence": 0.6592864394187927,
    "loop": false,
    "tempo": 0,
    "tempo_confidence": 0.0,
    "note_midi": 38,
    "note_name": "D2",
    "note_frequency": 73.42839813232422,
    "note_confidence": 0.9544001817703247,
    "hardness": 75.28388954552892,
    "depth": 56.74395400014403,
    "brightness": 59.261522652199105,
    "roughness": 66.20402578376743,
    "warmth": 49.57830026312316,
    "sharpness": 50.04316608270601,
    "boominess": 31.41532611382204,
    "reverb": false
}