{"duration": 0.08163265138864517, "lossless": 1.0, "codec": "pcm_f32le", "bitrate": 1411200.0, "samplerate": 44100.0, "channels": 1.0, "audio_md5": "e49aa958f219a03d9e09eb20f228f21e", "loudness": -14.50259780883789, "dynamic_range": 0.0, "temporal_centroid": 0.5833463072776794, "log_attack_time": -1.3829377889633179, "filesize": 14458, "single_event": false, "tonality": "D major", "tonality_confidence": 0.7308973073959351, "loop": false, "tempo": 0, "tempo_confidence": 0.0, "note_midi": 38, "note_name": "D2", "note_frequency": 73.46875762939453, "note_confidence": 0.9691693782806396, "hardness": 30.788764013604876, "depth": 63.530457929057945, "brightness": 31.352209821760837, "roughness": 45.17394935315668, "warmth": 63.68146039414637, "sharpness": 8.61267298535753, "boominess": 54.57722744194453, "reverb": false, "name": "AKWF_1998.wav", "SpectralCentroid": 0.077447298977987, "SpectralSpread": 0.05298801729687336, "SpectralKurtosis": 0.7590535653859685, "ZeroCrossingRate": 0.2330271804613616, "SpectralComplexity": 0.7761194029850746, "OddToEvenHarmonicEnergyRatio": 0.6507115698371415, "Dissonance": 0.8594522123372278, "PitchSalience": 0.13591391034538627, "HNR": 0.0}