{"duration": 0.08163265138864517, "lossless": 1.0, "codec": "pcm_f32le", "bitrate": 1411200.0, "samplerate": 44100.0, "channels": 1.0, "audio_md5": "f2251d6bce2cc7f8d87ef38cf06c41c6", "loudness": -15.894343376159668, "dynamic_range": 0.0, "temporal_centroid": 0.6024972200393677, "log_attack_time": -1.2068465948104858, "filesize": 14458, "single_event": false, "tonality": "D minor", "tonality_confidence": 0.8177555799484253, "loop": false, "tempo": 0, "tempo_confidence": 0.0, "note_midi": 38, "note_name": "D2", "note_frequency": 73.4433364868164, "note_confidence": 0.8956934809684753, "hardness": 37.94204016158396, "depth": 55.77864624620611, "brightness": 28.87186065726216, "roughness": 36.13989150402348, "warmth": 62.77540908810997, "sharpness": 11.077924585270985, "boominess": 42.35849535953747, "reverb": false, "name": "AKWF_eorgan_0058.wav", "SpectralCentroid": 0.07822137104040881, "SpectralSpread": 0.010608928978729493, "SpectralKurtosis": 0.8745700635028714, "ZeroCrossingRate": 0.6763055068286788, "SpectralComplexity": 0.07462686567164178, "OddToEvenHarmonicEnergyRatio": 0.5289878893084572, "Dissonance": 0.37830908974741234, "PitchSalience": 0.6796741394638088, "HNR": 0.36905872982354726}