{"duration": 0.08163265138864517, "lossless": 1.0, "codec": "pcm_f32le", "bitrate": 1411200.0, "samplerate": 44100.0, "channels": 1.0, "audio_md5": "2f2da5392aed7bf281e8321d919d1992", "loudness": -12.772374153137207, "dynamic_range": 0.0, "temporal_centroid": 0.5829758644104004, "log_attack_time": -1.3390872478485107, "filesize": 14458, "single_event": false, "tonality": "D minor", "tonality_confidence": 0.7488497495651245, "loop": false, "tempo": 0, "tempo_confidence": 0.0, "note_midi": 50, "note_name": "D3", "note_frequency": 145.3787078857422, "note_confidence": 0.9287067651748657, "hardness": 24.852835025678345, "depth": 56.49064968747726, "brightness": 23.191627138455658, "roughness": 47.74506348594374, "warmth": 72.81927781780118, "sharpness": 0.0, "boominess": 52.715978425438294, "reverb": false, "name": "AKWF_0059.wav", "SpectralCentroid": 0.06589228669391523, "SpectralSpread": 0.006016436565590884, "SpectralKurtosis": 0.8882146985038516, "ZeroCrossingRate": 0.4252420033405892, "SpectralComplexity": 0.3283582089552239, "OddToEvenHarmonicEnergyRatio": 0.8189622410753352, "Dissonance": 0.9100344347513538, "PitchSalience": 0.11065006345747562, "HNR": 0.8573756654643254}