{"duration": 0.08163265138864517, "lossless": 1.0, "codec": "pcm_f32le", "bitrate": 1411200.0, "samplerate": 44100.0, "channels": 1.0, "audio_md5": "affb651c5b96df7b31b632d1320d0122", "loudness": -11.701728820800781, "dynamic_range": 0.0, "temporal_centroid": 0.5799465179443359, "log_attack_time": -1.4955276250839233, "filesize": 14458, "single_event": false, "tonality": "D major", "tonality_confidence": 0.6928272247314453, "loop": false, "tempo": 0, "tempo_confidence": 0.0, "note_midi": 38, "note_name": "D2", "note_frequency": 73.42842102050781, "note_confidence": 0.9988486170768738, "hardness": 63.62662691223335, "depth": 60.360720640384386, "brightness": 57.3884110978406, "roughness": 61.99426207630133, "warmth": 49.74998476229326, "sharpness": 49.103969805485136, "boominess": 34.83060671673795, "reverb": false, "name": "AKWF_squ_0017.wav", "SpectralCentroid": 0.6913348156959328, "SpectralSpread": 0.7715797500845653, "SpectralKurtosis": 0.4793451346251957, "ZeroCrossingRate": 0.2330271804613616, "SpectralComplexity": 1.0, "OddToEvenHarmonicEnergyRatio": 0.5211833112777043, "Dissonance": 0.957065309037525, "PitchSalience": 0.47773645107496426, "HNR": 1.0}