{"duration": 0.08163265138864517, "lossless": 1.0, "codec": "pcm_f32le", "bitrate": 1411200.0, "samplerate": 44100.0, "channels": 1.0, "audio_md5": "4442faa95795e878dd55d6b4dd39dc6f", "loudness": -14.258719444274902, "dynamic_range": 0.0, "temporal_centroid": 0.574033796787262, "log_attack_time": -1.3779717683792114, "filesize": 14458, "single_event": false, "tonality": "D major", "tonality_confidence": 0.8482124209403992, "loop": false, "tempo": 0, "tempo_confidence": 0.0, "note_midi": 38, "note_name": "D2", "note_frequency": 73.4286117553711, "note_confidence": 0.9922909140586853, "hardness": 62.88622522836479, "depth": 60.13741087349875, "brightness": 55.93663631664619, "roughness": 62.90508900221646, "warmth": 52.72866149955196, "sharpness": 47.7240453904469, "boominess": 35.444657271090065, "reverb": false, "name": "AKWF_oscchip_0040.wav", "SpectralCentroid": 0.5835505339656653, "SpectralSpread": 0.5033555679476734, "SpectralKurtosis": 0.49963284985805556, "ZeroCrossingRate": 0.2330271804613616, "SpectralComplexity": 1.0, "OddToEvenHarmonicEnergyRatio": 0.0391587192594781, "Dissonance": 0.9929210810230473, "PitchSalience": 0.4251171045738833, "HNR": 0.0}