{"duration": 0.08163265138864517, "lossless": 1.0, "codec": "pcm_f32le", "bitrate": 1411200.0, "samplerate": 44100.0, "channels": 1.0, "audio_md5": "86e7a1a9f7f295231ac485fa12fab251", "loudness": -16.497421264648438, "dynamic_range": 0.0, "temporal_centroid": 0.5883859992027283, "log_attack_time": -1.2674968242645264, "filesize": 14458, "single_event": false, "tonality": "D major", "tonality_confidence": 0.7415245175361633, "loop": false, "tempo": 0, "tempo_confidence": 0.0, "note_midi": 38, "note_name": "D2", "note_frequency": 73.42845916748047, "note_confidence": 0.933671772480011, "hardness": 52.315171721384445, "depth": 58.80623577428502, "brightness": 47.212419192652895, "roughness": 59.55680887291953, "warmth": 66.67135581003487, "sharpness": 27.408956347426766, "boominess": 42.692905979271444, "reverb": false, "name": "AKWF_hvoice_0005.wav", "SpectralCentroid": 0.2202622419376751, "SpectralSpread": 0.043460596891957776, "SpectralKurtosis": 0.6227172602605603, "ZeroCrossingRate": 0.5688738575398764, "SpectralComplexity": 0.8805970149253731, "OddToEvenHarmonicEnergyRatio": 0.17466972183384796, "Dissonance": 0.9514536523942699, "PitchSalience": 0.4139120996400238, "HNR": 0.31275392967032856}