{
    "duration": 0.08163265138864517,
    "lossless": 1.0,
    "codec": "pcm_f32le",
    "bitrate": 1411200.0,
    "samplerate": 44100.0,
    "channels": 1.0,
    "audio_md5": "9563d7b0b894db3fa3b97a0b613f00f9",
    "loudness": -15.336343765258789,
    "dynamic_range": 0.0,
    "temporal_centroid": 0.5822657942771912,
    "log_attack_time": -1.3666002750396729,
    "filesize": 14458,
    "single_event": false,
    "tonality": "D major",
    "tonality_confidence": 0.6286499500274658,
    "loop": false,
    "tempo": 0,
    "tempo_confidence": 0.0,
    "note_midi": 38,
    "note_name": "D2",
    "note_frequency": 73.42839813232422,
    "note_confidence": 0.9872381687164307,
    "hardness": 71.5627383292495,
    "depth": 57.24390926634469,
    "brightness": 61.15661244946766,
    "roughness": 68.09324711665201,
    "warmth": 45.92193526078081,
    "sharpness": 51.41163919517147,
    "boominess": 32.72788273245587,
    "reverb": false
}