{"duration": 0.08163265138864517, "lossless": 1.0, "codec": "pcm_f32le", "bitrate": 1411200.0, "samplerate": 44100.0, "channels": 1.0, "audio_md5": "594b1fad492024546542084b8a2340b3", "loudness": -16.32058334350586, "dynamic_range": 0.0, "temporal_centroid": 0.5938633680343628, "log_attack_time": -1.2046324014663696, "filesize": 14458, "single_event": false, "tonality": "D major", "tonality_confidence": 0.7822084426879883, "loop": false, "tempo": 0, "tempo_confidence": 0.0, "note_midi": 38, "note_name": "D2", "note_frequency": 73.4342269897461, "note_confidence": 0.976380467414856, "hardness": 35.809595277754696, "depth": 56.79112406038977, "brightness": 32.28820943029533, "roughness": 49.48241584489651, "warmth": 74.99872154092564, "sharpness": 3.445360736087963, "boominess": 48.228978340595695, "reverb": false, "name": "AKWF_fmsynth_0108.wav", "SpectralCentroid": 0.08482171285687544, "SpectralSpread": 0.009693129558854673, "SpectralKurtosis": 0.829341067512936, "ZeroCrossingRate": 0.4252420033405892, "SpectralComplexity": 0.5373134328358209, "OddToEvenHarmonicEnergyRatio": 0.36017404828252014, "Dissonance": 0.7588038657479398, "PitchSalience": 0.6531254300879916, "HNR": 0.0}