{
    "duration": 0.08163265138864517,
    "lossless": 1.0,
    "codec": "pcm_f32le",
    "bitrate": 1411200.0,
    "samplerate": 44100.0,
    "channels": 1.0,
    "audio_md5": "a8e3bfc77bd71e36116bcd703eaa0449",
    "loudness": -13.846055030822754,
    "dynamic_range": 0.0,
    "temporal_centroid": 0.5877549052238464,
    "log_attack_time": -1.2980856895446777,
    "filesize": 14458,
    "single_event": false,
    "tonality": "D major",
    "tonality_confidence": 0.8515961170196533,
    "loop": false,
    "tempo": 0,
    "tempo_confidence": 0.0,
    "note_midi": 38,
    "note_name": "D2",
    "note_frequency": 73.47514343261719,
    "note_confidence": 0.9451831579208374,
    "hardness": 29.48641878252907,
    "depth": 63.18539871659966,
    "brightness": 20.98532140481332,
    "roughness": 41.43792564383391,
    "warmth": 66.4080172071883,
    "sharpness": 1.5118764191093348,
    "boominess": 53.52726240115159,
    "reverb": false
}