{"duration": 0.08163265138864517, "lossless": 1.0, "codec": "pcm_f32le", "bitrate": 1411200.0, "samplerate": 44100.0, "channels": 1.0, "audio_md5": "5a1e20690b5f155cb064ba5eac2ba877", "loudness": -11.644100189208984, "dynamic_range": 0.0, "temporal_centroid": 0.5787060856819153, "log_attack_time": -1.369818925857544, "filesize": 14458, "single_event": false, "tonality": "D major", "tonality_confidence": 0.5847119092941284, "loop": false, "tempo": 0, "tempo_confidence": 0.0, "note_midi": 57, "note_name": "A3", "note_frequency": 222.45230102539062, "note_confidence": 0.9712406396865845, "hardness": 45.33627390342198, "depth": 51.03231089012445, "brightness": 44.20996384187585, "roughness": 49.44192114180914, "warmth": 69.00954696212712, "sharpness": 31.71523388196987, "boominess": 37.07960265139839, "reverb": false, "name": "AKWF_granular_0032.wav", "SpectralCentroid": 0.3608440866514421, "SpectralSpread": 0.31191653185701457, "SpectralKurtosis": 0.6092699117924915, "ZeroCrossingRate": 0.5688738575398764, "SpectralComplexity": 0.9850746268656716, "OddToEvenHarmonicEnergyRatio": 0.9012121080007282, "Dissonance": 0.8308913970595528, "PitchSalience": 0.1290512539076009, "HNR": 0.8774549621073138}