{"duration": 0.08163265138864517, "lossless": 1.0, "codec": "pcm_f32le", "bitrate": 1411200.0, "samplerate": 44100.0, "channels": 1.0, "audio_md5": "8485ac03606553f550a3f80c5c0d2baf", "loudness": -15.205892562866211, "dynamic_range": 0.0, "temporal_centroid": 0.5991145968437195, "log_attack_time": -1.2640464305877686, "filesize": 14458, "single_event": false, "tonality": "D minor", "tonality_confidence": 0.7770503163337708, "loop": false, "tempo": 0, "tempo_confidence": 0.0, "note_midi": 38, "note_name": "D2", "note_frequency": 73.42859649658203, "note_confidence": 0.8937488794326782, "hardness": 73.76005453888004, "depth": 41.39562403218217, "brightness": 64.6398171870293, "roughness": 72.07890934856907, "warmth": 42.77766099351772, "sharpness": 50.91575164343438, "boominess": 25.954874416289602, "reverb": false, "name": "AKWF_0428.wav", "SpectralCentroid": 0.6315049820161314, "SpectralSpread": 0.41321592246262906, "SpectralKurtosis": 0.5330893407765833, "ZeroCrossingRate": 0.9553159698341652, "SpectralComplexity": 1.0, "OddToEvenHarmonicEnergyRatio": 0.2848639633471241, "Dissonance": 0.9924833165190531, "PitchSalience": 0.762082821452843, "HNR": 0.7013379289825113}