{"duration": 0.08163265138864517, "lossless": 1.0, "codec": "pcm_f32le", "bitrate": 1411200.0, "samplerate": 44100.0, "channels": 1.0, "audio_md5": "43657199c207f4d1f9a7d7e1aa105830", "loudness": -12.321708679199219, "dynamic_range": 0.0, "temporal_centroid": 0.5754173398017883, "log_attack_time": -1.4586131572723389, "filesize": 14458, "single_event": false, "tonality": "D major", "tonality_confidence": 0.842671275138855, "loop": false, "tempo": 0, "tempo_confidence": 0.0, "note_midi": 38, "note_name": "D2", "note_frequency": 73.42839813232422, "note_confidence": 0.9936200976371765, "hardness": 41.37812226598821, "depth": 54.540448796175774, "brightness": 41.49034320891464, "roughness": 49.57709113546644, "warmth": 55.57999662922694, "sharpness": 32.21710317405079, "boominess": 46.408457364883446, "reverb": false, "name": "AKWF_0675.wav", "SpectralCentroid": 0.3279137339410645, "SpectralSpread": 0.4243774441954357, "SpectralKurtosis": 0.604970616776154, "ZeroCrossingRate": 0.2330271804613616, "SpectralComplexity": 1.0, "OddToEvenHarmonicEnergyRatio": 0.7506899480129974, "Dissonance": 0.9302492792421145, "PitchSalience": 0.20329679653499008, "HNR": 0.0}