{"duration": 0.08163265138864517, "lossless": 1.0, "codec": "pcm_f32le", "bitrate": 1411200.0, "samplerate": 44100.0, "channels": 1.0, "audio_md5": "2c43cd79baa111796f4615d95b5b3583", "loudness": -12.806302070617676, "dynamic_range": 0.0, "temporal_centroid": 0.5727767944335938, "log_attack_time": -1.4496468305587769, "filesize": 14458, "single_event": false, "tonality": "F# minor", "tonality_confidence": 0.4299784004688263, "loop": false, "tempo": 0, "tempo_confidence": 0.0, "note_midi": 38, "note_name": "D2", "note_frequency": 73.45760345458984, "note_confidence": 0.9818581938743591, "hardness": 22.018254605398994, "depth": 54.854081245952486, "brightness": 18.01042508162429, "roughness": 37.74986506099262, "warmth": 60.95273681667358, "sharpness": 0.0, "boominess": 58.49044279082676, "reverb": false, "name": "AKWF_eorgan_0015.wav", "SpectralCentroid": 0.016668763457051438, "SpectralSpread": 0.0025594377675152904, "SpectralKurtosis": 0.9341110434578713, "ZeroCrossingRate": 0.2330271804613616, "SpectralComplexity": 0.208955223880597, "OddToEvenHarmonicEnergyRatio": 0.9641142638623238, "Dissonance": 0.9481834742368077, "PitchSalience": 0.13656322191563094, "HNR": 0.0}