{"duration": 0.08163265138864517, "lossless": 1.0, "codec": "pcm_f32le", "bitrate": 1411200.0, "samplerate": 44100.0, "channels": 1.0, "audio_md5": "66d45d8d326bf49599773a995b69f4bf", "loudness": -14.141083717346191, "dynamic_range": 0.0, "temporal_centroid": 0.5800347924232483, "log_attack_time": -1.278576374053955, "filesize": 14458, "single_event": false, "tonality": "D major", "tonality_confidence": 0.7190067172050476, "loop": false, "tempo": 0, "tempo_confidence": 0.0, "note_midi": 38, "note_name": "D2", "note_frequency": 73.42839813232422, "note_confidence": 0.9232668876647949, "hardness": 51.93090478594425, "depth": 58.90355022007919, "brightness": 46.862524179820156, "roughness": 58.10305260789994, "warmth": 63.11070549882101, "sharpness": 28.71249326602472, "boominess": 40.0739871910054, "reverb": false, "name": "AKWF_vgame_0063.wav", "SpectralCentroid": 0.239548219614374, "SpectralSpread": 0.10438521246527567, "SpectralKurtosis": 0.6686656544349383, "ZeroCrossingRate": 0.2330271804613616, "SpectralComplexity": 0.9850746268656716, "OddToEvenHarmonicEnergyRatio": 0.43675727588427893, "Dissonance": 0.9834894513487697, "PitchSalience": 0.4032017407818652, "HNR": 0.7623221011834793}