{
    "duration": 0.08163265138864517,
    "lossless": 1.0,
    "codec": "pcm_f32le",
    "bitrate": 1411200.0,
    "samplerate": 44100.0,
    "channels": 1.0,
    "audio_md5": "dff9655b75ea4dd4223cd22a7f945de5",
    "loudness": -12.941040992736816,
    "dynamic_range": 0.0,
    "temporal_centroid": 0.5823422074317932,
    "log_attack_time": -1.3174885511398315,
    "filesize": 14458,
    "single_event": false,
    "tonality": "D major",
    "tonality_confidence": 0.576893150806427,
    "loop": false,
    "tempo": 0,
    "tempo_confidence": 0.0,
    "note_midi": 51,
    "note_name": "D#3",
    "note_frequency": 156.6830291748047,
    "note_confidence": 0.9146378040313721,
    "hardness": 48.76416786258221,
    "depth": 54.715823374222374,
    "brightness": 38.546596996602055,
    "roughness": 47.65125207403455,
    "warmth": 66.33832054486669,
    "sharpness": 17.658002539592953,
    "boominess": 44.49314983127469,
    "reverb": false
}