{"duration": 0.08163265138864517, "lossless": 1.0, "codec": "pcm_f32le", "bitrate": 1411200.0, "samplerate": 44100.0, "channels": 1.0, "audio_md5": "43ecf36bbf82c62dc92e48239eec49fb", "loudness": -15.459354400634766, "dynamic_range": 0.0, "temporal_centroid": 0.5960448384284973, "log_attack_time": -1.274851679801941, "filesize": 14458, "single_event": false, "tonality": "D minor", "tonality_confidence": 0.8455450534820557, "loop": false, "tempo": 0, "tempo_confidence": 0.0, "note_midi": 38, "note_name": "D2", "note_frequency": 73.4377670288086, "note_confidence": 0.9488634467124939, "hardness": 47.02799806431699, "depth": 58.88778663098418, "brightness": 38.202990107491445, "roughness": 54.30189488916236, "warmth": 70.29974754355932, "sharpness": 13.592158112728246, "boominess": 42.633347371508535, "reverb": false, "name": "AKWF_ebass_0032.wav", "SpectralCentroid": 0.12835238751633055, "SpectralSpread": 0.0604287079407946, "SpectralKurtosis": 0.7655331432840395, "ZeroCrossingRate": 0.5688738575398764, "SpectralComplexity": 0.6119402985074627, "OddToEvenHarmonicEnergyRatio": 0.3890827851404646, "Dissonance": 0.8415963510775046, "PitchSalience": 0.6523419217365768, "HNR": 0.7507580231143133}