{
    "duration": 0.08163265138864517,
    "lossless": 1.0,
    "codec": "pcm_f32le",
    "bitrate": 1411200.0,
    "samplerate": 44100.0,
    "channels": 1.0,
    "audio_md5": "9c598e63da7607cf3d1152fdaaef550c",
    "loudness": -15.318770408630371,
    "dynamic_range": 0.0,
    "temporal_centroid": 0.5801939368247986,
    "log_attack_time": -1.2717106342315674,
    "filesize": 14458,
    "single_event": false,
    "tonality": "D major",
    "tonality_confidence": 0.7026928663253784,
    "loop": false,
    "tempo": 0,
    "tempo_confidence": 0.0,
    "note_midi": 38,
    "note_name": "D2",
    "note_frequency": 73.42839050292969,
    "note_confidence": 0.9467426538467407,
    "hardness": 26.21498446258711,
    "depth": 61.374471590204465,
    "brightness": 28.312793445151247,
    "roughness": 46.40033901390421,
    "warmth": 67.27772361463103,
    "sharpness": 0.0,
    "boominess": 54.51349245663051,
    "reverb": false
}