{
    "duration": 0.08163265138864517,
    "lossless": 1.0,
    "codec": "pcm_f32le",
    "bitrate": 1411200.0,
    "samplerate": 44100.0,
    "channels": 1.0,
    "audio_md5": "355c406c349af3e28a475ef445744d9f",
    "loudness": -16.494304656982422,
    "dynamic_range": 0.0,
    "temporal_centroid": 0.5898835062980652,
    "log_attack_time": -1.2499868869781494,
    "filesize": 14458,
    "single_event": false,
    "tonality": "D major",
    "tonality_confidence": 0.8391014933586121,
    "loop": false,
    "tempo": 0,
    "tempo_confidence": 0.0,
    "note_midi": 38,
    "note_name": "D2",
    "note_frequency": 73.43885803222656,
    "note_confidence": 0.9191413521766663,
    "hardness": 46.25330420539032,
    "depth": 55.172838777115174,
    "brightness": 39.822016509360665,
    "roughness": 56.39997036649706,
    "warmth": 71.2486061005947,
    "sharpness": 16.114812030311015,
    "boominess": 40.39142317133265,
    "reverb": false
}