{
    "duration": 0.08163265138864517,
    "lossless": 1.0,
    "codec": "pcm_f32le",
    "bitrate": 1411200.0,
    "samplerate": 44100.0,
    "channels": 1.0,
    "audio_md5": "c68b51c53f1718abc43a075f9fb3f648",
    "loudness": -13.606584548950195,
    "dynamic_range": 0.0,
    "temporal_centroid": 0.5879524350166321,
    "log_attack_time": -1.297890067100525,
    "filesize": 14458,
    "single_event": false,
    "tonality": "D minor",
    "tonality_confidence": 0.780597984790802,
    "loop": false,
    "tempo": 0,
    "tempo_confidence": 0.0,
    "note_midi": 38,
    "note_name": "D2",
    "note_frequency": 73.43057250976562,
    "note_confidence": 0.945044994354248,
    "hardness": 56.004652900558426,
    "depth": 50.47340475232016,
    "brightness": 50.45575870974571,
    "roughness": 56.31815273724047,
    "warmth": 57.729544165203166,
    "sharpness": 28.041078042601285,
    "boominess": 29.70111186587278,
    "reverb": false
}