{
    "duration": 0.08163265138864517,
    "lossless": 1.0,
    "codec": "pcm_f32le",
    "bitrate": 1411200.0,
    "samplerate": 44100.0,
    "channels": 1.0,
    "audio_md5": "f620298643264e251a78c1e6ecb534d2",
    "loudness": -13.263160705566406,
    "dynamic_range": 0.0,
    "temporal_centroid": 0.5806236863136292,
    "log_attack_time": -1.3777365684509277,
    "filesize": 14458,
    "single_event": false,
    "tonality": "F major",
    "tonality_confidence": 0.2217307984828949,
    "loop": false,
    "tempo": 0,
    "tempo_confidence": 0.0,
    "note_midi": 38,
    "note_name": "D2",
    "note_frequency": 73.43669128417969,
    "note_confidence": 0.9914172887802124,
    "hardness": 36.42059284480496,
    "depth": 54.705090751558345,
    "brightness": 39.03925716052072,
    "roughness": 37.45428545693606,
    "warmth": 58.44130393017503,
    "sharpness": 26.482434790812956,
    "boominess": 49.01646494317316,
    "reverb": false
}