{"duration": 0.08163265138864517, "lossless": 1.0, "codec": "pcm_f32le", "bitrate": 1411200.0, "samplerate": 44100.0, "channels": 1.0, "audio_md5": "ed19220b7d26d27b532a403e99500de2", "loudness": -14.390403747558594, "dynamic_range": 0.0, "temporal_centroid": 0.5945990085601807, "log_attack_time": -1.2728166580200195, "filesize": 14458, "single_event": false, "tonality": "D major", "tonality_confidence": 0.7893383502960205, "loop": false, "tempo": 0, "tempo_confidence": 0.0, "note_midi": 38, "note_name": "D2", "note_frequency": 73.46084594726562, "note_confidence": 0.9478244781494141, "hardness": 37.080932555547975, "depth": 62.955007159278985, "brightness": 34.20382000992645, "roughness": 46.03844972359938, "warmth": 65.02815873390547, "sharpness": 11.965055444383307, "boominess": 52.43932866473277, "reverb": false, "name": "AKWF_dbass_0021.wav", "SpectralCentroid": 0.15227429456888428, "SpectralSpread": 0.21014108548425267, "SpectralKurtosis": 0.6816589921066017, "ZeroCrossingRate": 0.4252420033405892, "SpectralComplexity": 0.6865671641791045, "OddToEvenHarmonicEnergyRatio": 0.25559127873418247, "Dissonance": 0.7427091277327096, "PitchSalience": 0.2924363356762574, "HNR": 0.0}