{"duration": 0.08163265138864517, "lossless": 1.0, "codec": "pcm_f32le", "bitrate": 1411200.0, "samplerate": 44100.0, "channels": 1.0, "audio_md5": "e98fee7c72135a123601976501b6a2b5", "loudness": -18.188255310058594, "dynamic_range": 0.0, "temporal_centroid": 0.6262080073356628, "log_attack_time": -1.2618812322616577, "filesize": 14458, "single_event": false, "tonality": "D major", "tonality_confidence": 0.7219909429550171, "loop": false, "tempo": 0, "tempo_confidence": 0.0, "note_midi": 38, "note_name": "D2", "note_frequency": 73.43115997314453, "note_confidence": 0.9141831398010254, "hardness": 57.76378815933123, "depth": 40.81045890318787, "brightness": 49.83406586506556, "roughness": 58.838680042067224, "warmth": 56.66706447909338, "sharpness": 30.781518322062475, "boominess": 29.72680987840598, "reverb": false, "name": "AKWF_1830.wav", "SpectralCentroid": 0.26362254161264104, "SpectralSpread": 0.05581818996752198, "SpectralKurtosis": 0.7442098982976216, "ZeroCrossingRate": 0.4252420033405892, "SpectralComplexity": 0.746268656716418, "OddToEvenHarmonicEnergyRatio": 0.30165057300426795, "Dissonance": 0.9537638411479379, "PitchSalience": 0.8088107969014918, "HNR": 0.0}