{"duration": 0.08163265138864517, "lossless": 1.0, "codec": "pcm_f32le", "bitrate": 1411200.0, "samplerate": 44100.0, "channels": 1.0, "audio_md5": "1b255b58437db919d5a25f19cd7c0e82", "loudness": -10.904742240905762, "dynamic_range": 0.0, "temporal_centroid": 0.5618602633476257, "log_attack_time": -1.5641729831695557, "filesize": 14458, "single_event": false, "tonality": "D major", "tonality_confidence": 0.44314053654670715, "loop": false, "tempo": 0, "tempo_confidence": 0.0, "note_midi": 38, "note_name": "D2", "note_frequency": 73.4439697265625, "note_confidence": 0.9774177670478821, "hardness": 33.44402004993451, "depth": 63.02388886531125, "brightness": 34.128443152001296, "roughness": 51.55298103929952, "warmth": 67.56434848406744, "sharpness": 9.670756416145018, "boominess": 48.388236147341644, "reverb": false, "name": "AKWF_0124.wav", "SpectralCentroid": 0.0842813515510987, "SpectralSpread": 0.02193173900382529, "SpectralKurtosis": 0.7826759999050028, "ZeroCrossingRate": 0.2330271804613616, "SpectralComplexity": 0.7910447761194029, "OddToEvenHarmonicEnergyRatio": 0.926185767446305, "Dissonance": 0.8228880816608035, "PitchSalience": 0.3640459790801548, "HNR": 0.7802669809998984}