{
    "duration": 0.08163265138864517,
    "lossless": 1.0,
    "codec": "pcm_f32le",
    "bitrate": 1411200.0,
    "samplerate": 44100.0,
    "channels": 1.0,
    "audio_md5": "42db029f4018b182976a1a352c1dbb05",
    "loudness": -16.07581901550293,
    "dynamic_range": 0.0,
    "temporal_centroid": 0.5907830595970154,
    "log_attack_time": -1.2939966917037964,
    "filesize": 14458,
    "single_event": false,
    "tonality": "D major",
    "tonality_confidence": 0.854554295539856,
    "loop": false,
    "tempo": 0,
    "tempo_confidence": 0.0,
    "note_midi": 38,
    "note_name": "D2",
    "note_frequency": 73.42860412597656,
    "note_confidence": 0.9461681246757507,
    "hardness": 75.03763545472208,
    "depth": 44.02932468047224,
    "brightness": 61.86267835848167,
    "roughness": 67.60428574000485,
    "warmth": 42.1215959451825,
    "sharpness": 53.00380411340841,
    "boominess": 27.105157173652508,
    "reverb": false
}