{"duration": 0.08163265138864517, "lossless": 1.0, "codec": "pcm_f32le", "bitrate": 1411200.0, "samplerate": 44100.0, "channels": 1.0, "audio_md5": "d3ed6f6bd9875c58edb13d9b8852a79e", "loudness": -12.089338302612305, "dynamic_range": 0.0, "temporal_centroid": 0.5765282511711121, "log_attack_time": -1.3777365684509277, "filesize": 14458, "single_event": false, "tonality": "D minor", "tonality_confidence": 0.8576709032058716, "loop": false, "tempo": 0, "tempo_confidence": 0.0, "note_midi": 38, "note_name": "D2", "note_frequency": 73.42919921875, "note_confidence": 0.9677824974060059, "hardness": 66.66557589719284, "depth": 53.44658646044268, "brightness": 52.74080097673518, "roughness": 63.813689366395636, "warmth": 56.48766634422867, "sharpness": 48.29042818806441, "boominess": 36.73891891844731, "reverb": false, "name": "AKWF_granular_0003.wav", "SpectralCentroid": 0.7108296913553227, "SpectralSpread": 0.735065650135256, "SpectralKurtosis": 0.4712510678674506, "ZeroCrossingRate": 0.4252420033405892, "SpectralComplexity": 1.0, "OddToEvenHarmonicEnergyRatio": 0.6797047904835658, "Dissonance": 0.9655128802832968, "PitchSalience": 0.4525397068733218, "HNR": 0.7584451787216361}