{"duration": 0.08163265138864517, "lossless": 1.0, "codec": "pcm_f32le", "bitrate": 1411200.0, "samplerate": 44100.0, "channels": 1.0, "audio_md5": "09ca14f4db7e0434bec86ee5e56ed714", "loudness": -10.50881576538086, "dynamic_range": 0.0, "temporal_centroid": 0.5546961426734924, "log_attack_time": -1.659461498260498, "filesize": 14458, "single_event": false, "tonality": "D major", "tonality_confidence": 0.897284746170044, "loop": false, "tempo": 0, "tempo_confidence": 0.0, "note_midi": 38, "note_name": "D2", "note_frequency": 73.43372344970703, "note_confidence": 0.954397439956665, "hardness": 65.83595188352234, "depth": 59.709680508706114, "brightness": 48.658579187156825, "roughness": 53.992601452765676, "warmth": 55.82711503167725, "sharpness": 39.9345650223938, "boominess": 40.20666347148402, "reverb": false, "name": "AKWF_1442.wav", "SpectralCentroid": 0.5530341594281591, "SpectralSpread": 0.7039748212299549, "SpectralKurtosis": 0.5254153916098975, "ZeroCrossingRate": 0.25127414437444123, "SpectralComplexity": 1.0, "OddToEvenHarmonicEnergyRatio": 0.018183133858467874, "Dissonance": 0.9637486937083861, "PitchSalience": 0.4383500032113102, "HNR": 0.0}