{"duration": 0.08163265138864517, "lossless": 1.0, "codec": "pcm_f32le", "bitrate": 1411200.0, "samplerate": 44100.0, "channels": 1.0, "audio_md5": "835bd6545fb8262d64955562ae96dcff", "loudness": -13.383336067199707, "dynamic_range": 0.0, "temporal_centroid": 0.5834193229675293, "log_attack_time": -1.280450701713562, "filesize": 14458, "single_event": false, "tonality": "D major", "tonality_confidence": 0.79438716173172, "loop": false, "tempo": 0, "tempo_confidence": 0.0, "note_midi": 38, "note_name": "D2", "note_frequency": 73.42843627929688, "note_confidence": 0.9353680610656738, "hardness": 37.817458820870485, "depth": 49.853568262179294, "brightness": 35.8404785186013, "roughness": 50.956343194019766, "warmth": 70.68481082803919, "sharpness": 9.017294368561501, "boominess": 38.52820576833187, "reverb": false, "name": "AKWF_0269.wav", "SpectralCentroid": 0.12055636625241822, "SpectralSpread": 0.01043174268643801, "SpectralKurtosis": 0.8104929709142467, "ZeroCrossingRate": 0.6763055068286788, "SpectralComplexity": 0.5074626865671642, "OddToEvenHarmonicEnergyRatio": 0.05701912008308093, "Dissonance": 0.7489649590009692, "PitchSalience": 0.5038222578333887, "HNR": 0.7243096100661056}