{"duration": 0.08163265138864517, "lossless": 1.0, "codec": "pcm_f32le", "bitrate": 1411200.0, "samplerate": 44100.0, "channels": 1.0, "audio_md5": "926756df4dde12a2f7b2514cbd662b59", "loudness": -17.640682220458984, "dynamic_range": 0.0, "temporal_centroid": 0.5670443177223206, "log_attack_time": -1.2899459600448608, "filesize": 14458, "single_event": false, "tonality": "A major", "tonality_confidence": 0.5757506489753723, "loop": false, "tempo": 0, "tempo_confidence": 0.0, "note_midi": 38, "note_name": "D2", "note_frequency": 73.42839813232422, "note_confidence": 0.9663601517677307, "hardness": 68.19825602336468, "depth": 58.196947067093646, "brightness": 60.4609395611616, "roughness": 64.06062274051625, "warmth": 47.23691594484598, "sharpness": 50.97066333459813, "boominess": 32.178889890868206, "reverb": false, "name": "AKWF_vgame_0099.wav", "SpectralCentroid": 0.7924279914392809, "SpectralSpread": 0.8623263630649783, "SpectralKurtosis": 0.4332501136360069, "ZeroCrossingRate": 0.2330271804613616, "SpectralComplexity": 0.9850746268656716, "OddToEvenHarmonicEnergyRatio": 0.580553762419998, "Dissonance": 0.9854849923066644, "PitchSalience": 0.5878021238927599, "HNR": 0.0}