{"duration": 0.08163265138864517, "lossless": 1.0, "codec": "pcm_f32le", "bitrate": 1411200.0, "samplerate": 44100.0, "channels": 1.0, "audio_md5": "9831e2b2e4f48c7c908a313d2a554fcb", "loudness": -13.176515579223633, "dynamic_range": 0.0, "temporal_centroid": 0.5782721042633057, "log_attack_time": -1.3855619430541992, "filesize": 14458, "single_event": false, "tonality": "D# major", "tonality_confidence": 0.4801367223262787, "loop": false, "tempo": 0, "tempo_confidence": 0.0, "note_midi": 38, "note_name": "D2", "note_frequency": 73.43910217285156, "note_confidence": 0.9881294965744019, "hardness": 32.670595373194146, "depth": 54.88829982828773, "brightness": 37.066294164030246, "roughness": 0, "warmth": 52.808745354257184, "sharpness": 39.455577268197764, "boominess": 56.36257354650303, "reverb": false, "name": "AKWF_vgsin_0016.wav", "SpectralCentroid": 0.23198876139997382, "SpectralSpread": 0.26586747435078645, "SpectralKurtosis": 0.5894758922939346, "ZeroCrossingRate": 0.2330271804613616, "SpectralComplexity": 0.9552238805970149, "OddToEvenHarmonicEnergyRatio": 1.0, "Dissonance": 0.9860982418817368, "PitchSalience": 0.00922235127333615, "HNR": 0.0}