{"duration": 0.08163265138864517, "lossless": 1.0, "codec": "pcm_f32le", "bitrate": 1411200.0, "samplerate": 44100.0, "channels": 1.0, "audio_md5": "f41d9d13162d55d31ef59e3774c5a170", "loudness": -16.915363311767578, "dynamic_range": 0.0, "temporal_centroid": 0.59452885389328, "log_attack_time": -1.2653144598007202, "filesize": 14458, "single_event": false, "tonality": "D major", "tonality_confidence": 0.8486557006835938, "loop": false, "tempo": 0, "tempo_confidence": 0.0, "note_midi": 38, "note_name": "D2", "note_frequency": 73.42853546142578, "note_confidence": 0.9521147608757019, "hardness": 74.58712759166787, "depth": 39.16853409843045, "brightness": 67.64523963702257, "roughness": 78.21881805443644, "warmth": 35.28591404760688, "sharpness": 54.80656013131129, "boominess": 21.094280441651325, "reverb": false, "name": "AKWF_snippet_0025.wav", "SpectralCentroid": 0.7731939789553667, "SpectralSpread": 0.7003797888120732, "SpectralKurtosis": 0.46157599730452026, "ZeroCrossingRate": 0.9971515263342593, "SpectralComplexity": 1.0, "OddToEvenHarmonicEnergyRatio": 0.22285105543973543, "Dissonance": 0.9999981036525984, "PitchSalience": 0.810098906094147, "HNR": 0.780616332942999}