{
    "duration": 0.08163265138864517,
    "lossless": 1.0,
    "codec": "pcm_f32le",
    "bitrate": 1411200.0,
    "samplerate": 44100.0,
    "channels": 1.0,
    "audio_md5": "2efe906afcdcc301991cd8d41f21f127",
    "loudness": -10.68649673461914,
    "dynamic_range": 0.0,
    "temporal_centroid": 0.5671147704124451,
    "log_attack_time": -1.5648956298828125,
    "filesize": 14458,
    "single_event": false,
    "tonality": "D major",
    "tonality_confidence": 0.8019265532493591,
    "loop": false,
    "tempo": 0,
    "tempo_confidence": 0.0,
    "note_midi": 38,
    "note_name": "D2",
    "note_frequency": 73.42848205566406,
    "note_confidence": 0.9969064593315125,
    "hardness": 63.108932283893324,
    "depth": 61.13712364463394,
    "brightness": 56.73860242482346,
    "roughness": 60.29759734329239,
    "warmth": 49.792009084822645,
    "sharpness": 48.525314255248,
    "boominess": 35.99406056693211,
    "reverb": false
}