{"duration": 0.08163265138864517, "lossless": 1.0, "codec": "pcm_f32le", "bitrate": 1411200.0, "samplerate": 44100.0, "channels": 1.0, "audio_md5": "bfcff4c5728a9af8aa07e6adce9fd309", "loudness": -12.284408569335938, "dynamic_range": 0.0, "temporal_centroid": 0.5733331441879272, "log_attack_time": -1.4488155841827393, "filesize": 14458, "single_event": false, "tonality": "A minor", "tonality_confidence": 0.336216002702713, "loop": false, "tempo": 0, "tempo_confidence": 0.0, "note_midi": 38, "note_name": "D2", "note_frequency": 73.44879150390625, "note_confidence": 0.9841668009757996, "hardness": 32.919236036069464, "depth": 63.618023529314975, "brightness": 35.67564977160646, "roughness": 27.206452640607445, "warmth": 60.40167583627216, "sharpness": 19.293713404457872, "boominess": 51.50274774468146, "reverb": false, "name": "AKWF_blended_0066.wav", "SpectralCentroid": 0.08925844000467022, "SpectralSpread": 0.04427988928796921, "SpectralKurtosis": 0.7049101372167479, "ZeroCrossingRate": 0.2330271804613616, "SpectralComplexity": 0.4925373134328358, "OddToEvenHarmonicEnergyRatio": 0.9972110566786293, "Dissonance": 0.9012498242231831, "PitchSalience": 0.11901339625075238, "HNR": 0.0}