{
    "duration": 0.08163265138864517,
    "lossless": 1.0,
    "codec": "pcm_f32le",
    "bitrate": 1411200.0,
    "samplerate": 44100.0,
    "channels": 1.0,
    "audio_md5": "25aa7d88f65f4fb85a17f9c253fe384d",
    "loudness": -20.402700424194336,
    "dynamic_range": 0.0,
    "temporal_centroid": 0.6119326949119568,
    "log_attack_time": -1.1741751432418823,
    "filesize": 14458,
    "single_event": false,
    "tonality": "D minor",
    "tonality_confidence": 0.5717617869377136,
    "loop": false,
    "tempo": 0,
    "tempo_confidence": 0.0,
    "note_midi": 38,
    "note_name": "D2",
    "note_frequency": 73.42924499511719,
    "note_confidence": 0.7128759622573853,
    "hardness": 85.78428068937777,
    "depth": 51.01628046068101,
    "brightness": 64.6283978803798,
    "roughness": 76.96688923224673,
    "warmth": 42.08177218816084,
    "sharpness": 52.272067368669425,
    "boominess": 30.276166300624755,
    "reverb": false
}