{"duration": 0.08163265138864517, "lossless": 1.0, "codec": "pcm_f32le", "bitrate": 1411200.0, "samplerate": 44100.0, "channels": 1.0, "audio_md5": "5b27bb7688f042e58bbd9d3986509a54", "loudness": -13.572072982788086, "dynamic_range": 0.0, "temporal_centroid": 0.5805863738059998, "log_attack_time": -1.3316267728805542, "filesize": 14458, "single_event": false, "tonality": "F major", "tonality_confidence": 0.29951727390289307, "loop": false, "tempo": 0, "tempo_confidence": 0.0, "note_midi": 38, "note_name": "D2", "note_frequency": 73.43983459472656, "note_confidence": 0.9922578930854797, "hardness": 28.372172406427367, "depth": 54.86675165687829, "brightness": 31.45258580383504, "roughness": 44.15413043922324, "warmth": 55.67946857223767, "sharpness": 19.942133550004158, "boominess": 55.11955740048954, "reverb": false, "name": "AKWF_0176.wav", "SpectralCentroid": 0.14624349813699852, "SpectralSpread": 0.20008856505348432, "SpectralKurtosis": 0.6719727985860974, "ZeroCrossingRate": 0.2330271804613616, "SpectralComplexity": 0.9850746268656716, "OddToEvenHarmonicEnergyRatio": 0.8396493962495847, "Dissonance": 0.9585761873614572, "PitchSalience": 0.03353602082792988, "HNR": 0.0}