{
    "duration": 0.08163265138864517,
    "lossless": 1.0,
    "codec": "pcm_f32le",
    "bitrate": 1411200.0,
    "samplerate": 44100.0,
    "channels": 1.0,
    "audio_md5": "e35d84608d613c90bcf3c85b8447c7cb",
    "loudness": -14.963502883911133,
    "dynamic_range": 0.0,
    "temporal_centroid": 0.594562828540802,
    "log_attack_time": -1.2728166580200195,
    "filesize": 14458,
    "single_event": false,
    "tonality": "D major",
    "tonality_confidence": 0.8639805912971497,
    "loop": false,
    "tempo": 0,
    "tempo_confidence": 0.0,
    "note_midi": 38,
    "note_name": "D2",
    "note_frequency": 73.47137451171875,
    "note_confidence": 0.9255018830299377,
    "hardness": 32.07731612161771,
    "depth": 62.588084985048056,
    "brightness": 25.107062938468474,
    "roughness": 44.71808501728776,
    "warmth": 68.49527482648207,
    "sharpness": 1.9886587609609876,
    "boominess": 50.45953313727522,
    "reverb": false
}