{"duration": 0.08163265138864517, "lossless": 1.0, "codec": "pcm_f32le", "bitrate": 1411200.0, "samplerate": 44100.0, "channels": 1.0, "audio_md5": "2db601077033569129fef1bc69e7f8b8", "loudness": -24.252887725830078, "dynamic_range": 0.0, "temporal_centroid": 0.6445702314376831, "log_attack_time": -1.2600852251052856, "filesize": 14458, "single_event": false, "tonality": "D minor", "tonality_confidence": 0.5949468016624451, "loop": false, "tempo": 0, "tempo_confidence": 0.0, "note_midi": 38, "note_name": "D2", "note_frequency": 73.42864227294922, "note_confidence": 0.956951379776001, "hardness": 69.10329007800172, "depth": 29.837622197023386, "brightness": 60.850256824036094, "roughness": 64.7678025071928, "warmth": 46.16420637673949, "sharpness": 41.24248313267745, "boominess": 21.47929488626022, "reverb": false, "name": "AKWF_overtone_0031.wav", "SpectralCentroid": 0.42614727897632476, "SpectralSpread": 0.08469884597204654, "SpectralKurtosis": 0.5778945316685754, "ZeroCrossingRate": 0.4252420033405892, "SpectralComplexity": 1.0, "OddToEvenHarmonicEnergyRatio": 0.2798582029254375, "Dissonance": 0.9999988330169837, "PitchSalience": 0.978814029723159, "HNR": 0.0}