{"duration": 0.08163265138864517, "lossless": 1.0, "codec": "pcm_f32le", "bitrate": 1411200.0, "samplerate": 44100.0, "channels": 1.0, "audio_md5": "3cbc9cc09a2fa9f50b3c2e167c13ab26", "loudness": -15.048691749572754, "dynamic_range": 0.0, "temporal_centroid": 0.5886324048042297, "log_attack_time": -1.3097838163375854, "filesize": 14458, "single_event": false, "tonality": "D major", "tonality_confidence": 0.7447361946105957, "loop": false, "tempo": 0, "tempo_confidence": 0.0, "note_midi": 38, "note_name": "D2", "note_frequency": 73.43375396728516, "note_confidence": 0.983654797077179, "hardness": 42.40691415859581, "depth": 61.95239939756151, "brightness": 41.12974476049632, "roughness": 48.58668721605635, "warmth": 62.310027207233134, "sharpness": 26.31908573865278, "boominess": 44.18361903019779, "reverb": false, "name": "AKWF_1047.wav", "SpectralCentroid": 0.2731248445038251, "SpectralSpread": 0.3463456891154166, "SpectralKurtosis": 0.6310688960178298, "ZeroCrossingRate": 0.4252420033405892, "SpectralComplexity": 0.9701492537313433, "OddToEvenHarmonicEnergyRatio": 0.4976352841455864, "Dissonance": 0.8743379559475581, "PitchSalience": 0.44906830037565126, "HNR": 0.851465611262244}