{"duration": 0.08163265138864517, "lossless": 1.0, "codec": "pcm_f32le", "bitrate": 1411200.0, "samplerate": 44100.0, "channels": 1.0, "audio_md5": "5a20bcee44d102aa458ca027493d4d3e", "loudness": -13.827414512634277, "dynamic_range": 0.0, "temporal_centroid": 0.5889711380004883, "log_attack_time": -1.2889870405197144, "filesize": 14458, "single_event": false, "tonality": "D major", "tonality_confidence": 0.7080848217010498, "loop": false, "tempo": 0, "tempo_confidence": 0.0, "note_midi": 38, "note_name": "D2", "note_frequency": 73.44548034667969, "note_confidence": 0.9269980192184448, "hardness": 32.507088911462574, "depth": 57.800119797672366, "brightness": 25.781619348246657, "roughness": 48.21169634047708, "warmth": 67.21438349328973, "sharpness": 4.883612082789046, "boominess": 44.93757231277443, "reverb": false, "name": "AKWF_1935.wav", "SpectralCentroid": 0.06268213256068028, "SpectralSpread": 0.014607924278989853, "SpectralKurtosis": 0.8588421238573394, "ZeroCrossingRate": 0.4252420033405892, "SpectralComplexity": 0.08955223880597014, "OddToEvenHarmonicEnergyRatio": 0.07128605906955894, "Dissonance": 0.5494211472493336, "PitchSalience": 0.5887423408161584, "HNR": 0.6707237036272028}