{"duration": 0.08163265138864517, "lossless": 1.0, "codec": "pcm_f32le", "bitrate": 1411200.0, "samplerate": 44100.0, "channels": 1.0, "audio_md5": "e852e939d5e9fbe22f80a89eca63a386", "loudness": -17.050273895263672, "dynamic_range": 0.0, "temporal_centroid": 0.5938913822174072, "log_attack_time": -1.2613416910171509, "filesize": 14458, "single_event": false, "tonality": "D major", "tonality_confidence": 0.784245491027832, "loop": false, "tempo": 0, "tempo_confidence": 0.0, "note_midi": 38, "note_name": "D2", "note_frequency": 73.42840576171875, "note_confidence": 0.9952904582023621, "hardness": 40.48780436868388, "depth": 61.2687954946455, "brightness": 39.94534901169233, "roughness": 51.411194005888824, "warmth": 67.82527066209855, "sharpness": 21.11377864414734, "boominess": 45.685807120512536, "reverb": false, "name": "AKWF_1642.wav", "SpectralCentroid": 0.15682286350972066, "SpectralSpread": 0.05960048702513533, "SpectralKurtosis": 0.6770685856174422, "ZeroCrossingRate": 0.2330271804613616, "SpectralComplexity": 0.9850746268656716, "OddToEvenHarmonicEnergyRatio": 0.4816736377870144, "Dissonance": 0.9443519043120606, "PitchSalience": 0.4357468735255345, "HNR": 0.0}