{"duration": 0.08163265138864517, "lossless": 1.0, "codec": "pcm_f32le", "bitrate": 1411200.0, "samplerate": 44100.0, "channels": 1.0, "audio_md5": "0b83429532a2576f68d2572a87b9f2bc", "loudness": -14.690489768981934, "dynamic_range": 0.0, "temporal_centroid": 0.5911179780960083, "log_attack_time": -1.309984803199768, "filesize": 14458, "single_event": false, "tonality": "D major", "tonality_confidence": 0.9013465642929077, "loop": false, "tempo": 0, "tempo_confidence": 0.0, "note_midi": 38, "note_name": "D2", "note_frequency": 73.4387435913086, "note_confidence": 0.9593042135238647, "hardness": 42.93044674203014, "depth": 59.43609110055026, "brightness": 39.32591208377888, "roughness": 51.38064303634483, "warmth": 71.75693025033385, "sharpness": 19.351998633189012, "boominess": 44.81842510746014, "reverb": false, "name": "AKWF_1255.wav", "SpectralCentroid": 0.13887315780035878, "SpectralSpread": 0.05187600784987865, "SpectralKurtosis": 0.6967847273907211, "ZeroCrossingRate": 0.4252420033405892, "SpectralComplexity": 0.9552238805970149, "OddToEvenHarmonicEnergyRatio": 0.4535679065905512, "Dissonance": 0.8768049580440431, "PitchSalience": 0.7090309993584614, "HNR": 0.7706045688214272}