{"duration": 0.08163265138864517, "lossless": 1.0, "codec": "pcm_f32le", "bitrate": 1411200.0, "samplerate": 44100.0, "channels": 1.0, "audio_md5": "01a62a0c4a34d86e38be06f84f4bdde1", "loudness": -14.823866844177246, "dynamic_range": 0.0, "temporal_centroid": 0.5907278656959534, "log_attack_time": -1.27097487449646, "filesize": 14458, "single_event": false, "tonality": "D major", "tonality_confidence": 0.6924741268157959, "loop": false, "tempo": 0, "tempo_confidence": 0.0, "note_midi": 38, "note_name": "D2", "note_frequency": 73.45530700683594, "note_confidence": 0.93739914894104, "hardness": 33.87855668140514, "depth": 60.50772431549851, "brightness": 31.284941631580228, "roughness": 48.16713224185957, "warmth": 73.32767652201589, "sharpness": 5.490216009527323, "boominess": 50.764094246982864, "reverb": false, "name": "AKWF_0119.wav", "SpectralCentroid": 0.07881369729876206, "SpectralSpread": 0.026811575693536583, "SpectralKurtosis": 0.7870186222361816, "ZeroCrossingRate": 0.4252420033405892, "SpectralComplexity": 0.5970149253731343, "OddToEvenHarmonicEnergyRatio": 0.17373401174643396, "Dissonance": 0.7124504251027383, "PitchSalience": 0.49632924832289144, "HNR": 0.0}