{"duration": 0.08163265138864517, "lossless": 1.0, "codec": "pcm_f32le", "bitrate": 1411200.0, "samplerate": 44100.0, "channels": 1.0, "audio_md5": "c8edf47f25ed6a2309fcf7564ec12baa", "loudness": -12.613760948181152, "dynamic_range": 0.0, "temporal_centroid": 0.5768261551856995, "log_attack_time": -1.3952401876449585, "filesize": 14458, "single_event": false, "tonality": "D major", "tonality_confidence": 0.8247791528701782, "loop": false, "tempo": 0, "tempo_confidence": 0.0, "note_midi": 38, "note_name": "D2", "note_frequency": 73.42866516113281, "note_confidence": 0.9949514865875244, "hardness": 32.451650768113595, "depth": 61.072480913656086, "brightness": 34.66153742587167, "roughness": 45.76637085882484, "warmth": 65.528933820686, "sharpness": 12.446542036083954, "boominess": 49.92800726598795, "reverb": false, "name": "AKWF_linear_0048.wav", "SpectralCentroid": 0.09533348658030576, "SpectralSpread": 0.06097462372491427, "SpectralKurtosis": 0.7456464364571451, "ZeroCrossingRate": 0.4252420033405892, "SpectralComplexity": 0.7910447761194029, "OddToEvenHarmonicEnergyRatio": 0.9608220664864141, "Dissonance": 0.8677522331678746, "PitchSalience": 0.23164853083829165, "HNR": 0.0}