{
    "duration": 0.08163265138864517,
    "lossless": 1.0,
    "codec": "pcm_f32le",
    "bitrate": 1411200.0,
    "samplerate": 44100.0,
    "channels": 1.0,
    "audio_md5": "afef494fb397425033f9dcbd90c9145e",
    "loudness": -17.098966598510742,
    "dynamic_range": 0.0,
    "temporal_centroid": 0.6094003915786743,
    "log_attack_time": -1.1799490451812744,
    "filesize": 14458,
    "single_event": false,
    "tonality": "D major",
    "tonality_confidence": 0.7683367729187012,
    "loop": false,
    "tempo": 0,
    "tempo_confidence": 0.0,
    "note_midi": 38,
    "note_name": "D2",
    "note_frequency": 73.42839050292969,
    "note_confidence": 0.8130141496658325,
    "hardness": 85.7143472058043,
    "depth": 36.30789393829069,
    "brightness": 64.0835354010592,
    "roughness": 79.85760463285209,
    "warmth": 38.13945725957335,
    "sharpness": 50.90692359589819,
    "boominess": 24.79636140844201,
    "reverb": false
}