{
    "duration": 0.08163265138864517,
    "lossless": 1.0,
    "codec": "pcm_f32le",
    "bitrate": 1411200.0,
    "samplerate": 44100.0,
    "channels": 1.0,
    "audio_md5": "bb2478749c9de2a8edcf1198f74d9676",
    "loudness": -13.883719444274902,
    "dynamic_range": 0.0,
    "temporal_centroid": 0.577897310256958,
    "log_attack_time": -1.3889248371124268,
    "filesize": 14458,
    "single_event": false,
    "tonality": "D minor",
    "tonality_confidence": 0.6205152273178101,
    "loop": false,
    "tempo": 0,
    "tempo_confidence": 0.0,
    "note_midi": 38,
    "note_name": "D2",
    "note_frequency": 73.45685577392578,
    "note_confidence": 0.9821341633796692,
    "hardness": 27.577552804738303,
    "depth": 54.83087772799399,
    "brightness": 32.61668600001856,
    "roughness": 42.25081104185109,
    "warmth": 60.70748705721856,
    "sharpness": 16.8802427520825,
    "boominess": 54.792947924761535,
    "reverb": false
}