{
    "duration": 0.08163265138864517,
    "lossless": 1.0,
    "codec": "pcm_f32le",
    "bitrate": 1411200.0,
    "samplerate": 44100.0,
    "channels": 1.0,
    "audio_md5": "d504276632b7a5f63d1103018c5ad24f",
    "loudness": -17.911802291870117,
    "dynamic_range": 0.0,
    "temporal_centroid": 0.600624144077301,
    "log_attack_time": -1.2590110301971436,
    "filesize": 14458,
    "single_event": false,
    "tonality": "D major",
    "tonality_confidence": 0.8042885065078735,
    "loop": false,
    "tempo": 0,
    "tempo_confidence": 0.0,
    "note_midi": 38,
    "note_name": "D2",
    "note_frequency": 73.42852783203125,
    "note_confidence": 0.9939009547233582,
    "hardness": 46.067374219219346,
    "depth": 54.33511477231687,
    "brightness": 46.69777550127465,
    "roughness": 58.87936128407767,
    "warmth": 62.4244513442426,
    "sharpness": 28.34791635330326,
    "boominess": 36.683523391890546,
    "reverb": false
}