{"duration": 0.08163265138864517, "lossless": 1.0, "codec": "pcm_f32le", "bitrate": 1411200.0, "samplerate": 44100.0, "channels": 1.0, "audio_md5": "7cb38589bac81939538520f86d6516d2", "loudness": -13.197690963745117, "dynamic_range": 0.0, "temporal_centroid": 0.5767637491226196, "log_attack_time": -1.3377991914749146, "filesize": 14458, "single_event": false, "tonality": "D major", "tonality_confidence": 0.5718861818313599, "loop": false, "tempo": 0, "tempo_confidence": 0.0, "note_midi": 38, "note_name": "D2", "note_frequency": 73.43476104736328, "note_confidence": 0.9601344466209412, "hardness": 44.19218771457915, "depth": 57.628876976046655, "brightness": 41.34190549307093, "roughness": 55.96836071514218, "warmth": 70.1856284087537, "sharpness": 20.04249974096247, "boominess": 40.74142582096258, "reverb": false, "name": "AKWF_1848.wav", "SpectralCentroid": 0.16054796115658837, "SpectralSpread": 0.04161483633847698, "SpectralKurtosis": 0.6916055702681778, "ZeroCrossingRate": 0.5688738575398764, "SpectralComplexity": 1.0, "OddToEvenHarmonicEnergyRatio": 0.4036260952443024, "Dissonance": 0.8715655689829918, "PitchSalience": 0.7069712153075778, "HNR": 0.49286082638758644}