{
    "duration": 0.08163265138864517,
    "lossless": 1.0,
    "codec": "pcm_f32le",
    "bitrate": 1411200.0,
    "samplerate": 44100.0,
    "channels": 1.0,
    "audio_md5": "614f9c92815a4c1ccbb94b9c4391271e",
    "loudness": -13.321487426757812,
    "dynamic_range": 0.0,
    "temporal_centroid": 0.5784226655960083,
    "log_attack_time": -1.3730616569519043,
    "filesize": 14458,
    "single_event": false,
    "tonality": "D major",
    "tonality_confidence": 0.8223189115524292,
    "loop": false,
    "tempo": 0,
    "tempo_confidence": 0.0,
    "note_midi": 38,
    "note_name": "D2",
    "note_frequency": 73.42933654785156,
    "note_confidence": 0.9705142974853516,
    "hardness": 63.80331638654951,
    "depth": 58.42773325491263,
    "brightness": 56.191573900791546,
    "roughness": 63.419758294455185,
    "warmth": 53.39575286885797,
    "sharpness": 47.92299130271776,
    "boominess": 34.87437463376004,
    "reverb": false
}