{
    "duration": 0.08163265138864517,
    "lossless": 1.0,
    "codec": "pcm_f32le",
    "bitrate": 1411200.0,
    "samplerate": 44100.0,
    "channels": 1.0,
    "audio_md5": "17d9e32759c3b009abb5cbe9a9e9d117",
    "loudness": -9.824579238891602,
    "dynamic_range": 0.0,
    "temporal_centroid": 0.5532755255699158,
    "log_attack_time": -1.6740916967391968,
    "filesize": 14458,
    "single_event": false,
    "tonality": "A major",
    "tonality_confidence": 0.394180566072464,
    "loop": false,
    "tempo": 0,
    "tempo_confidence": 0.0,
    "note_midi": 38,
    "note_name": "D2",
    "note_frequency": 73.42918395996094,
    "note_confidence": 0.9653825759887695,
    "hardness": 61.50075250774114,
    "depth": 61.02117742983508,
    "brightness": 53.117339830836954,
    "roughness": 51.686241512903074,
    "warmth": 56.50057411777718,
    "sharpness": 41.58927133544611,
    "boominess": 36.83693086063174,
    "reverb": false
}