{"duration": 0.08163265138864517, "lossless": 1.0, "codec": "pcm_f32le", "bitrate": 1411200.0, "samplerate": 44100.0, "channels": 1.0, "audio_md5": "711ab4c8ca12e616835a103590e95765", "loudness": -14.203024864196777, "dynamic_range": 0.0, "temporal_centroid": 0.5852939486503601, "log_attack_time": -1.2649518251419067, "filesize": 14458, "single_event": false, "tonality": "D major", "tonality_confidence": 0.6352795958518982, "loop": false, "tempo": 0, "tempo_confidence": 0.0, "note_midi": 38, "note_name": "D2", "note_frequency": 73.42848205566406, "note_confidence": 0.9337182641029358, "hardness": 30.435254480558754, "depth": 60.49525707466762, "brightness": 27.690321806973387, "roughness": 49.370596896089644, "warmth": 75.83207013452014, "sharpness": 0.0, "boominess": 49.74487984731057, "reverb": false, "name": "AKWF_1863.wav", "SpectralCentroid": 0.06733960420036685, "SpectralSpread": 0.004717379153008469, "SpectralKurtosis": 0.883924310579569, "ZeroCrossingRate": 0.5688738575398764, "SpectralComplexity": 0.373134328358209, "OddToEvenHarmonicEnergyRatio": 0.9354309501062336, "Dissonance": 0.9897900655902804, "PitchSalience": 0.4441117095113362, "HNR": 0.701901899348767}