{"duration": 0.08163265138864517, "lossless": 1.0, "codec": "pcm_f32le", "bitrate": 1411200.0, "samplerate": 44100.0, "channels": 1.0, "audio_md5": "e89876de28d525c2e6e2d33291ef946a", "loudness": -14.729927062988281, "dynamic_range": 0.0, "temporal_centroid": 0.5792800784111023, "log_attack_time": -1.3228402137756348, "filesize": 14458, "single_event": false, "tonality": "D minor", "tonality_confidence": 0.6935026049613953, "loop": false, "tempo": 0, "tempo_confidence": 0.0, "note_midi": 38, "note_name": "D2", "note_frequency": 73.42892456054688, "note_confidence": 0.974543035030365, "hardness": 59.083567364376336, "depth": 61.23887226142885, "brightness": 55.85684961962053, "roughness": 60.55154209385472, "warmth": 53.19269446295529, "sharpness": 46.41712484396831, "boominess": 34.84090957355131, "reverb": false, "name": "AKWF_1475.wav", "SpectralCentroid": 0.5027925830962441, "SpectralSpread": 0.3770064654698756, "SpectralKurtosis": 0.5250992819464616, "ZeroCrossingRate": 0.2330271804613616, "SpectralComplexity": 0.9701492537313433, "OddToEvenHarmonicEnergyRatio": 0.7968409064728876, "Dissonance": 0.9774843026197019, "PitchSalience": 0.3182683986884422, "HNR": 0.0}