{"duration": 0.08163265138864517, "lossless": 1.0, "codec": "pcm_f32le", "bitrate": 1411200.0, "samplerate": 44100.0, "channels": 1.0, "audio_md5": "b0b48312fc2f73b4b64e0f48fa8b5d98", "loudness": -13.123861312866211, "dynamic_range": 0.0, "temporal_centroid": 0.5782031416893005, "log_attack_time": -1.3850836753845215, "filesize": 14458, "single_event": false, "tonality": "D# minor", "tonality_confidence": 0.7354456782341003, "loop": false, "tempo": 0, "tempo_confidence": 0.0, "note_midi": 38, "note_name": "D2", "note_frequency": 73.44950866699219, "note_confidence": 0.988088846206665, "hardness": 23.540660377926045, "depth": 54.889061375900255, "brightness": 21.487590305130812, "roughness": 0, "warmth": 60.841255315151315, "sharpness": 0.0, "boominess": 60.30133752726492, "reverb": false, "name": "AKWF_sin_0005.wav", "SpectralCentroid": 0.019806074120599624, "SpectralSpread": 0.007098842375486183, "SpectralKurtosis": 0.8491923182690746, "ZeroCrossingRate": 0.2330271804613616, "SpectralComplexity": 0.26865671641791045, "OddToEvenHarmonicEnergyRatio": 1.0, "Dissonance": 0.7850005193074423, "PitchSalience": 0.02068906935118727, "HNR": 0.0}