{"duration": 0.08163265138864517, "lossless": 1.0, "codec": "pcm_f32le", "bitrate": 1411200.0, "samplerate": 44100.0, "channels": 1.0, "audio_md5": "c269026cd6b5a808c7a18d5feb5459ce", "loudness": -20.33430290222168, "dynamic_range": 0.0, "temporal_centroid": 0.59810870885849, "log_attack_time": -1.2653144598007202, "filesize": 14458, "single_event": false, "tonality": "D major", "tonality_confidence": 0.8704992532730103, "loop": false, "tempo": 0, "tempo_confidence": 0.0, "note_midi": 38, "note_name": "D2", "note_frequency": 73.42839813232422, "note_confidence": 0.7833922505378723, "hardness": 55.333413938544794, "depth": 56.93871375310256, "brightness": 48.915347001737345, "roughness": 60.99154247536745, "warmth": 64.84506011585223, "sharpness": 33.671686626848356, "boominess": 38.6711435192202, "reverb": false, "name": "AKWF_1486.wav", "SpectralCentroid": 0.2869654113590138, "SpectralSpread": 0.0986894417920848, "SpectralKurtosis": 0.5657819251944666, "ZeroCrossingRate": 0.2330271804613616, "SpectralComplexity": 0.9850746268656716, "OddToEvenHarmonicEnergyRatio": 0.27018884474604626, "Dissonance": 0.9457764258927858, "PitchSalience": 0.6614913324179266, "HNR": 0.0}