{"duration": 0.08163265138864517, "lossless": 1.0, "codec": "pcm_f32le", "bitrate": 1411200.0, "samplerate": 44100.0, "channels": 1.0, "audio_md5": "50dd70f36d8bef3fd2e66a3b7efb8b53", "loudness": -15.232611656188965, "dynamic_range": 0.0, "temporal_centroid": 0.5861231684684753, "log_attack_time": -1.2772691249847412, "filesize": 14458, "single_event": false, "tonality": "D minor", "tonality_confidence": 0.7807984948158264, "loop": false, "tempo": 0, "tempo_confidence": 0.0, "note_midi": 38, "note_name": "D2", "note_frequency": 73.42935943603516, "note_confidence": 0.9236602783203125, "hardness": 73.4293164038464, "depth": 49.904925686950705, "brightness": 55.246071361300395, "roughness": 67.36527958059804, "warmth": 51.15748891899128, "sharpness": 46.97120458177152, "boominess": 33.23916323787427, "reverb": false, "name": "AKWF_bitreduced_0001.wav", "SpectralCentroid": 0.7504401266726224, "SpectralSpread": 0.8631399582307736, "SpectralKurtosis": 0.44696410909656265, "ZeroCrossingRate": 0.7567375327336924, "SpectralComplexity": 1.0, "OddToEvenHarmonicEnergyRatio": 0.2546824932145123, "Dissonance": 0.95310208884125, "PitchSalience": 0.7175783785837198, "HNR": 0.0}