{"duration": 0.08163265138864517, "lossless": 1.0, "codec": "pcm_f32le", "bitrate": 1411200.0, "samplerate": 44100.0, "channels": 1.0, "audio_md5": "5307fcdd1f86879f7de57e7f3125b157", "loudness": -17.002716064453125, "dynamic_range": 0.0, "temporal_centroid": 0.6179969906806946, "log_attack_time": -1.2575830221176147, "filesize": 14458, "single_event": false, "tonality": "D major", "tonality_confidence": 0.7786076664924622, "loop": false, "tempo": 0, "tempo_confidence": 0.0, "note_midi": 38, "note_name": "D2", "note_frequency": 73.43154907226562, "note_confidence": 0.9727075695991516, "hardness": 50.648262961830454, "depth": 57.38948271986412, "brightness": 45.64788379377828, "roughness": 54.345689264179036, "warmth": 61.747021465659614, "sharpness": 27.340650245168337, "boominess": 37.49479251598109, "reverb": false, "name": "AKWF_0844.wav", "SpectralCentroid": 0.1720700323336629, "SpectralSpread": 0.06700702922531877, "SpectralKurtosis": 0.7255363921020415, "ZeroCrossingRate": 0.6763055068286788, "SpectralComplexity": 1.0, "OddToEvenHarmonicEnergyRatio": 0.032264077841595684, "Dissonance": 0.959916977910762, "PitchSalience": 0.5087554497626464, "HNR": 0.0}