{"duration": 0.08163265138864517, "lossless": 1.0, "codec": "pcm_f32le", "bitrate": 1411200.0, "samplerate": 44100.0, "channels": 1.0, "audio_md5": "f615a78dcb07a32810e383fa7b39cc34", "loudness": -14.958961486816406, "dynamic_range": 0.0, "temporal_centroid": 0.5746001601219177, "log_attack_time": -1.4106812477111816, "filesize": 14458, "single_event": false, "tonality": "A minor", "tonality_confidence": 0.24546512961387634, "loop": false, "tempo": 0, "tempo_confidence": 0.0, "note_midi": 38, "note_name": "D2", "note_frequency": 73.43223571777344, "note_confidence": 0.9524315595626831, "hardness": 62.34325057586716, "depth": 61.37214238740218, "brightness": 49.20755398927501, "roughness": 53.02620153745292, "warmth": 57.92000092974993, "sharpness": 39.66269289398385, "boominess": 38.50631519184758, "reverb": false, "name": "AKWF_0952.wav", "SpectralCentroid": 0.5765114385982796, "SpectralSpread": 0.7050952745829749, "SpectralKurtosis": 0.5231897604987702, "ZeroCrossingRate": 0.2330271804613616, "SpectralComplexity": 0.9850746268656716, "OddToEvenHarmonicEnergyRatio": 0.028023868363626737, "Dissonance": 0.9550082097255198, "PitchSalience": 0.4759042728732544, "HNR": 0.7021666241996937}