{"duration": 0.08163265138864517, "lossless": 1.0, "codec": "pcm_f32le", "bitrate": 1411200.0, "samplerate": 44100.0, "channels": 1.0, "audio_md5": "663e9a379377b14e7d7569f56f72d215", "loudness": -20.426620483398438, "dynamic_range": 0.0, "temporal_centroid": 0.6273431777954102, "log_attack_time": -1.1730002164840698, "filesize": 14458, "single_event": false, "tonality": "D major", "tonality_confidence": 0.835053026676178, "loop": false, "tempo": 0, "tempo_confidence": 0.0, "note_midi": 38, "note_name": "D2", "note_frequency": 73.42839813232422, "note_confidence": 0.9999983310699463, "hardness": 69.94437547936397, "depth": 45.510084573008754, "brightness": 57.72355587113522, "roughness": 70.20460951289141, "warmth": 50.09827194238466, "sharpness": 46.06327655948199, "boominess": 27.625981707563568, "reverb": false, "name": "AKWF_vgame_0009.wav", "SpectralCentroid": 0.5183157920210624, "SpectralSpread": 0.32466783416962214, "SpectralKurtosis": 0.5150870533684474, "ZeroCrossingRate": 0.2330271804613616, "SpectralComplexity": 0.9850746268656716, "OddToEvenHarmonicEnergyRatio": 0.2228926709090715, "Dissonance": 0.9920841353910356, "PitchSalience": 0.915767890286023, "HNR": 0.0}