{"duration": 0.08163265138864517, "lossless": 1.0, "codec": "pcm_f32le", "bitrate": 1411200.0, "samplerate": 44100.0, "channels": 1.0, "audio_md5": "a77a4583c4b72b766c300f43b37abe48", "loudness": -15.669944763183594, "dynamic_range": 0.0, "temporal_centroid": 0.5866609811782837, "log_attack_time": -1.2711586952209473, "filesize": 14458, "single_event": false, "tonality": "D minor", "tonality_confidence": 0.6908439993858337, "loop": false, "tempo": 0, "tempo_confidence": 0.0, "note_midi": 38, "note_name": "D2", "note_frequency": 73.48831939697266, "note_confidence": 0.9081445932388306, "hardness": 33.74697830077645, "depth": 62.6237802897599, "brightness": 24.384493281954576, "roughness": 46.23160636036714, "warmth": 63.57877879715748, "sharpness": 3.8176530113517906, "boominess": 50.58858429001321, "reverb": false, "name": "AKWF_epiano_0024.wav", "SpectralCentroid": 0.05476518590256874, "SpectralSpread": 0.015682422257488556, "SpectralKurtosis": 0.8516771470122959, "ZeroCrossingRate": 0.4252420033405892, "SpectralComplexity": 0.22388059701492538, "OddToEvenHarmonicEnergyRatio": 0.4740365009544703, "Dissonance": 0.6461503272512124, "PitchSalience": 0.4304818359303151, "HNR": 0.7917675901932908}