{"duration": 0.08163265138864517, "lossless": 1.0, "codec": "pcm_f32le", "bitrate": 1411200.0, "samplerate": 44100.0, "channels": 1.0, "audio_md5": "96be454fcd3e6b67e5cba375d4232b87", "loudness": -16.19886016845703, "dynamic_range": 0.0, "temporal_centroid": 0.6151137948036194, "log_attack_time": -1.2586536407470703, "filesize": 14458, "single_event": false, "tonality": "D major", "tonality_confidence": 0.9064083099365234, "loop": false, "tempo": 0, "tempo_confidence": 0.0, "note_midi": 38, "note_name": "D2", "note_frequency": 73.44979095458984, "note_confidence": 0.9061502814292908, "hardness": 41.23443159822918, "depth": 58.52380687511592, "brightness": 37.28932079307886, "roughness": 52.058768295715005, "warmth": 71.13129937564614, "sharpness": 13.715305955950448, "boominess": 43.92166875279628, "reverb": false, "name": "AKWF_0677.wav", "SpectralCentroid": 0.11597357233501202, "SpectralSpread": 0.04083525552344817, "SpectralKurtosis": 0.7603410109943138, "ZeroCrossingRate": 0.762449954711653, "SpectralComplexity": 0.8955223880597015, "OddToEvenHarmonicEnergyRatio": 0.29476070659231574, "Dissonance": 0.8335893159203908, "PitchSalience": 0.7836337394380766, "HNR": 0.0}