{"duration": 0.08163265138864517, "lossless": 1.0, "codec": "pcm_f32le", "bitrate": 1411200.0, "samplerate": 44100.0, "channels": 1.0, "audio_md5": "9210fa0e2a112fddd6d7402b9b347ec5", "loudness": -13.897910118103027, "dynamic_range": 0.0, "temporal_centroid": 0.5793008804321289, "log_attack_time": -1.3365148305892944, "filesize": 14458, "single_event": false, "tonality": "D minor", "tonality_confidence": 0.6125707626342773, "loop": false, "tempo": 0, "tempo_confidence": 0.0, "note_midi": 38, "note_name": "D2", "note_frequency": 73.42884826660156, "note_confidence": 0.9749805927276611, "hardness": 67.9096915459391, "depth": 60.22985679276792, "brightness": 56.79585658291941, "roughness": 62.336632832765034, "warmth": 48.929335244976336, "sharpness": 48.86802199765516, "boominess": 35.007131916804695, "reverb": false, "name": "AKWF_blended_0018.wav", "SpectralCentroid": 0.7464732546557472, "SpectralSpread": 0.8335848032913176, "SpectralKurtosis": 0.45627372145031575, "ZeroCrossingRate": 0.2330271804613616, "SpectralComplexity": 1.0, "OddToEvenHarmonicEnergyRatio": 0.05224412973845284, "Dissonance": 0.9720508296957501, "PitchSalience": 0.469813732352929, "HNR": 0.0}