{
    "duration": 0.08163265138864517,
    "lossless": 1.0,
    "codec": "pcm_f32le",
    "bitrate": 1411200.0,
    "samplerate": 44100.0,
    "channels": 1.0,
    "audio_md5": "957da0fd68f2c82fd8a4a9d29990a356",
    "loudness": -15.351347923278809,
    "dynamic_range": 0.0,
    "temporal_centroid": 0.5774410367012024,
    "log_attack_time": -1.2746663093566895,
    "filesize": 14458,
    "single_event": false,
    "tonality": "D major",
    "tonality_confidence": 0.8222545385360718,
    "loop": false,
    "tempo": 0,
    "tempo_confidence": 0.0,
    "note_midi": 38,
    "note_name": "D2",
    "note_frequency": 73.4284896850586,
    "note_confidence": 0.9375864267349243,
    "hardness": 32.85513705658886,
    "depth": 62.98776984738842,
    "brightness": 32.717673473978934,
    "roughness": 48.2041570399063,
    "warmth": 64.08593130808326,
    "sharpness": 4.795078341760036,
    "boominess": 48.883638247296034,
    "reverb": false
}