{"duration": 0.08163265138864517, "lossless": 1.0, "codec": "pcm_f32le", "bitrate": 1411200.0, "samplerate": 44100.0, "channels": 1.0, "audio_md5": "fc201dcde2452035987ab20a0a1b9bf2", "loudness": -13.288886070251465, "dynamic_range": 0.0, "temporal_centroid": 0.5915254354476929, "log_attack_time": -1.31321382522583, "filesize": 14458, "single_event": false, "tonality": "D minor", "tonality_confidence": 0.8874080181121826, "loop": false, "tempo": 0, "tempo_confidence": 0.0, "note_midi": 38, "note_name": "D2", "note_frequency": 73.4443359375, "note_confidence": 0.9377930760383606, "hardness": 40.511152984568525, "depth": 60.19855139753197, "brightness": 36.79298701707947, "roughness": 51.49340354945818, "warmth": 72.4988161996725, "sharpness": 13.141330722416715, "boominess": 45.62817744133278, "reverb": false, "name": "AKWF_0766.wav", "SpectralCentroid": 0.12797432456104268, "SpectralSpread": 0.026449855712069925, "SpectralKurtosis": 0.743650599621086, "ZeroCrossingRate": 0.5688738575398764, "SpectralComplexity": 0.8059701492537313, "OddToEvenHarmonicEnergyRatio": 0.0778590135624771, "Dissonance": 0.9054293009596684, "PitchSalience": 0.4550185623458441, "HNR": 0.6768434150234607}