{"duration": 0.08163265138864517, "lossless": 1.0, "codec": "pcm_f32le", "bitrate": 1411200.0, "samplerate": 44100.0, "channels": 1.0, "audio_md5": "b0655742d4580a3d66822a1c5ea3f5c3", "loudness": -12.522809982299805, "dynamic_range": 0.0, "temporal_centroid": 0.5798593759536743, "log_attack_time": -1.3061814308166504, "filesize": 14458, "single_event": false, "tonality": "D major", "tonality_confidence": 0.683672308921814, "loop": false, "tempo": 0, "tempo_confidence": 0.0, "note_midi": 38, "note_name": "D2", "note_frequency": 73.43228149414062, "note_confidence": 0.9329102635383606, "hardness": 48.79670398915334, "depth": 48.55840638742109, "brightness": 43.641340718629394, "roughness": 53.69020142220194, "warmth": 63.16331453427802, "sharpness": 21.195001720231303, "boominess": 35.317970551307056, "reverb": false, "name": "AKWF_fmsynth_0074.wav", "SpectralCentroid": 0.18929076658339547, "SpectralSpread": 0.04604986007516524, "SpectralKurtosis": 0.7651044380489077, "ZeroCrossingRate": 0.7567375327336924, "SpectralComplexity": 0.746268656716418, "OddToEvenHarmonicEnergyRatio": 0.43168983592879107, "Dissonance": 0.9011135789560286, "PitchSalience": 0.7068683155330295, "HNR": 0.0}