{"duration": 0.08163265138864517, "lossless": 1.0, "codec": "pcm_f32le", "bitrate": 1411200.0, "samplerate": 44100.0, "channels": 1.0, "audio_md5": "07a058be1f8e6c3daefcfc59a50513f7", "loudness": -16.71691131591797, "dynamic_range": 0.0, "temporal_centroid": 0.5961371064186096, "log_attack_time": -1.2660406827926636, "filesize": 14458, "single_event": false, "tonality": "D major", "tonality_confidence": 0.6280941963195801, "loop": false, "tempo": 0, "tempo_confidence": 0.0, "note_midi": 38, "note_name": "D2", "note_frequency": 73.48360443115234, "note_confidence": 0.8617793321609497, "hardness": 36.516765242017215, "depth": 60.00821385322088, "brightness": 25.653931123382133, "roughness": 48.99856586332085, "warmth": 66.75256069518369, "sharpness": 5.4355903501096385, "boominess": 48.966787405680904, "reverb": false, "name": "AKWF_epiano_0063.wav", "SpectralCentroid": 0.06878500233334414, "SpectralSpread": 0.02052152373285562, "SpectralKurtosis": 0.8387640505761258, "ZeroCrossingRate": 0.4252420033405892, "SpectralComplexity": 0.2537313432835821, "OddToEvenHarmonicEnergyRatio": 0.1859526620068387, "Dissonance": 0.659169116844758, "PitchSalience": 0.5376938072138719, "HNR": 0.0}