{"duration": 0.08163265138864517, "lossless": 1.0, "codec": "pcm_f32le", "bitrate": 1411200.0, "samplerate": 44100.0, "channels": 1.0, "audio_md5": "ea914a2a39dda9ddb1039a763bcad909", "loudness": -19.437728881835938, "dynamic_range": 0.0, "temporal_centroid": 0.6235841512680054, "log_attack_time": -1.2367079257965088, "filesize": 14458, "single_event": false, "tonality": "A major", "tonality_confidence": 0.4523252546787262, "loop": false, "tempo": 0, "tempo_confidence": 0.0, "note_midi": 38, "note_name": "D2", "note_frequency": 73.42840576171875, "note_confidence": 0.9517326951026917, "hardness": 76.94338770936696, "depth": 13.268279989226798, "brightness": 79.6010887480885, "roughness": 78.51390852778587, "warmth": 19.9766845236433, "sharpness": 72.29428924610113, "boominess": 0.0, "reverb": false, "name": "AKWF_0027.wav", "SpectralCentroid": 0.8809633016722059, "SpectralSpread": 0.4488468533000116, "SpectralKurtosis": 0.44773292578135243, "ZeroCrossingRate": 0.9999946187842197, "SpectralComplexity": 0.9850746268656716, "OddToEvenHarmonicEnergyRatio": 0.3216408037728523, "Dissonance": 0.9999989788898608, "PitchSalience": 0.8875709419130854, "HNR": 0.0}