{"duration": 0.08163265138864517, "lossless": 1.0, "codec": "pcm_f32le", "bitrate": 1411200.0, "samplerate": 44100.0, "channels": 1.0, "audio_md5": "c5a23a769ef9492b63bca2f05e830074", "loudness": -13.707096099853516, "dynamic_range": 0.0, "temporal_centroid": 0.5654294490814209, "log_attack_time": -1.3479927778244019, "filesize": 14458, "single_event": false, "tonality": "D major", "tonality_confidence": 0.7827959060668945, "loop": false, "tempo": 0, "tempo_confidence": 0.0, "note_midi": 38, "note_name": "D2", "note_frequency": 73.42839813232422, "note_confidence": 0.9599583745002747, "hardness": 72.87559269414939, "depth": 58.76024061491579, "brightness": 57.914887495504814, "roughness": 64.35088154061847, "warmth": 51.73354847703877, "sharpness": 49.26109619013317, "boominess": 33.07257530683708, "reverb": false, "name": "AKWF_oscchip_0031.wav", "SpectralCentroid": 0.6585901403675587, "SpectralSpread": 0.637925948920929, "SpectralKurtosis": 0.4840572533009933, "ZeroCrossingRate": 0.2330271804613616, "SpectralComplexity": 1.0, "OddToEvenHarmonicEnergyRatio": 0.6414481170905694, "Dissonance": 0.9741599326884196, "PitchSalience": 0.5596135961499943, "HNR": 0.8722548928870706}