{"duration": 0.08163265138864517, "lossless": 1.0, "codec": "pcm_f32le", "bitrate": 1411200.0, "samplerate": 44100.0, "channels": 1.0, "audio_md5": "ff70c1f45f70579f640f20ea0cf7b7ae", "loudness": -10.71825122833252, "dynamic_range": 0.0, "temporal_centroid": 0.552718997001648, "log_attack_time": -1.6815959215164185, "filesize": 14458, "single_event": false, "tonality": "D major", "tonality_confidence": 0.8381631374359131, "loop": false, "tempo": 0, "tempo_confidence": 0.0, "note_midi": 38, "note_name": "D2", "note_frequency": 73.42839813232422, "note_confidence": 0.9104447960853577, "hardness": 76.67674106145103, "depth": 53.04639698668912, "brightness": 57.840998382166376, "roughness": 58.46726562711308, "warmth": 49.429758850338054, "sharpness": 50.025080291137044, "boominess": 31.470079096006497, "reverb": false, "name": "AKWF_c604_0024.wav", "SpectralCentroid": 0.6206592384903347, "SpectralSpread": 0.6612986137207784, "SpectralKurtosis": 0.5008895726373247, "ZeroCrossingRate": 0.2330271804613616, "SpectralComplexity": 1.0, "OddToEvenHarmonicEnergyRatio": 0.07742168449875744, "Dissonance": 0.9808185189701841, "PitchSalience": 0.4490641339299929, "HNR": 0.0}