{"duration": 0.08163265138864517, "lossless": 1.0, "codec": "pcm_f32le", "bitrate": 1411200.0, "samplerate": 44100.0, "channels": 1.0, "audio_md5": "83976d4c474f547987f585da8df7b189", "loudness": -15.540721893310547, "dynamic_range": 0.0, "temporal_centroid": 0.5899322032928467, "log_attack_time": -1.267679214477539, "filesize": 14458, "single_event": false, "tonality": "D major", "tonality_confidence": 0.5021315813064575, "loop": false, "tempo": 0, "tempo_confidence": 0.0, "note_midi": 38, "note_name": "D2", "note_frequency": 73.43524169921875, "note_confidence": 0.9804378151893616, "hardness": 44.18013425420148, "depth": 62.90529572934982, "brightness": 39.27037282721346, "roughness": 47.412700082848765, "warmth": 60.279168589602186, "sharpness": 27.637157941757177, "boominess": 48.0480112028809, "reverb": false, "name": "AKWF_0984.wav", "SpectralCentroid": 0.35712536325095884, "SpectralSpread": 0.5149253344540673, "SpectralKurtosis": 0.5838976163566759, "ZeroCrossingRate": 0.5688738575398764, "SpectralComplexity": 0.9253731343283582, "OddToEvenHarmonicEnergyRatio": 0.9318300932076962, "Dissonance": 0.9188983271881953, "PitchSalience": 0.1835394982754132, "HNR": 0.0}