{"duration": 0.08163265138864517, "lossless": 1.0, "codec": "pcm_f32le", "bitrate": 1411200.0, "samplerate": 44100.0, "channels": 1.0, "audio_md5": "843a85fd46402721f0b0535f95f599a3", "loudness": -17.644405364990234, "dynamic_range": 0.0, "temporal_centroid": 0.5738983154296875, "log_attack_time": -1.2780156135559082, "filesize": 14458, "single_event": false, "tonality": "D major", "tonality_confidence": 0.8271114230155945, "loop": false, "tempo": 0, "tempo_confidence": 0.0, "note_midi": 38, "note_name": "D2", "note_frequency": 73.42839813232422, "note_confidence": 0.9130858778953552, "hardness": 71.6283091735394, "depth": 57.77908884296, "brightness": 56.247418900928594, "roughness": 63.38897363969675, "warmth": 52.56959397314762, "sharpness": 46.88991552136181, "boominess": 33.09448867256134, "reverb": false, "name": "AKWF_blended_0064.wav", "SpectralCentroid": 0.6194611934115218, "SpectralSpread": 0.6221955056759583, "SpectralKurtosis": 0.5083998841130718, "ZeroCrossingRate": 0.2330271804613616, "SpectralComplexity": 1.0, "OddToEvenHarmonicEnergyRatio": 0.08078448105349575, "Dissonance": 0.9840039449860867, "PitchSalience": 0.635909071524539, "HNR": 0.0}