{
    "duration": 0.08163265138864517,
    "lossless": 1.0,
    "codec": "pcm_f32le",
    "bitrate": 1411200.0,
    "samplerate": 44100.0,
    "channels": 1.0,
    "audio_md5": "4b9e9b2bdc60edfc4238b7861ccc146f",
    "loudness": -15.65543270111084,
    "dynamic_range": 0.0,
    "temporal_centroid": 0.5903746485710144,
    "log_attack_time": -1.26713228225708,
    "filesize": 14458,
    "single_event": false,
    "tonality": "D major",
    "tonality_confidence": 0.8672298192977905,
    "loop": false,
    "tempo": 0,
    "tempo_confidence": 0.0,
    "note_midi": 38,
    "note_name": "D2",
    "note_frequency": 73.428466796875,
    "note_confidence": 0.9884867668151855,
    "hardness": 73.09290553129134,
    "depth": 50.10310238290781,
    "brightness": 60.05844574197041,
    "roughness": 70.88641907545909,
    "warmth": 48.5110173403808,
    "sharpness": 51.002341245848456,
    "boominess": 32.955606278847824,
    "reverb": false
}