{"duration": 0.08163265138864517, "lossless": 1.0, "codec": "pcm_f32le", "bitrate": 1411200.0, "samplerate": 44100.0, "channels": 1.0, "audio_md5": "33c7f0b16ad23e11bbfdb9540abfbe96", "loudness": -19.351808547973633, "dynamic_range": 0.0, "temporal_centroid": 0.6118927597999573, "log_attack_time": -1.232650637626648, "filesize": 14458, "single_event": false, "tonality": "D major", "tonality_confidence": 0.7945359945297241, "loop": false, "tempo": 0, "tempo_confidence": 0.0, "note_midi": 38, "note_name": "D2", "note_frequency": 73.428466796875, "note_confidence": 0.9930718541145325, "hardness": 67.67748142933343, "depth": 52.32390742158763, "brightness": 60.24443593907776, "roughness": 69.87541156212755, "warmth": 48.172458053519904, "sharpness": 49.65249138859388, "boominess": 30.07795312176275, "reverb": false, "name": "AKWF_0390.wav", "SpectralCentroid": 0.6765601875216353, "SpectralSpread": 0.6327439438886867, "SpectralKurtosis": 0.4870629110871384, "ZeroCrossingRate": 0.8170126056699671, "SpectralComplexity": 1.0, "OddToEvenHarmonicEnergyRatio": 0.09256465998046583, "Dissonance": 0.9837139497065329, "PitchSalience": 0.6848404412980327, "HNR": 0.0}