{"duration": 0.08163265138864517, "lossless": 1.0, "codec": "pcm_f32le", "bitrate": 1411200.0, "samplerate": 44100.0, "channels": 1.0, "audio_md5": "c097593d5463789c2e51a71e4b746ed9", "loudness": -17.85600471496582, "dynamic_range": 0.0, "temporal_centroid": 0.5916084051132202, "log_attack_time": -1.2990648746490479, "filesize": 14458, "single_event": false, "tonality": "D major", "tonality_confidence": 0.7540610432624817, "loop": false, "tempo": 0, "tempo_confidence": 0.0, "note_midi": 38, "note_name": "D2", "note_frequency": 73.46973419189453, "note_confidence": 0.9508144855499268, "hardness": 34.569635587221754, "depth": 63.24496042170483, "brightness": 32.887302880884235, "roughness": 44.54294764148836, "warmth": 66.2970791490272, "sharpness": 10.891589040831178, "boominess": 52.77112101566277, "reverb": false, "name": "AKWF_0348.wav", "SpectralCentroid": 0.10486385597426605, "SpectralSpread": 0.0961816879958196, "SpectralKurtosis": 0.7317162829955669, "ZeroCrossingRate": 0.2330271804613616, "SpectralComplexity": 0.7014925373134329, "OddToEvenHarmonicEnergyRatio": 0.15597554345086037, "Dissonance": 0.8269927256113678, "PitchSalience": 0.2239959249945729, "HNR": 0.0}