{
    "duration": 0.08163265138864517,
    "lossless": 1.0,
    "codec": "pcm_f32le",
    "bitrate": 1411200.0,
    "samplerate": 44100.0,
    "channels": 1.0,
    "audio_md5": "7155625d0318905f8f49afb47c4bbed5",
    "loudness": -12.425895690917969,
    "dynamic_range": 0.0,
    "temporal_centroid": 0.5721646547317505,
    "log_attack_time": -1.4490925073623657,
    "filesize": 14458,
    "single_event": false,
    "tonality": "E minor",
    "tonality_confidence": 0.47696149349212646,
    "loop": false,
    "tempo": 0,
    "tempo_confidence": 0.0,
    "note_midi": 38,
    "note_name": "D2",
    "note_frequency": 73.44819641113281,
    "note_confidence": 0.9854143857955933,
    "hardness": 20.52662425519182,
    "depth": 54.78522049976049,
    "brightness": 17.928943617798176,
    "roughness": 27.94852434005022,
    "warmth": 59.34245269126511,
    "sharpness": 0.0,
    "boominess": 56.57889760230219,
    "reverb": false
}