{"duration": 0.08163265138864517, "lossless": 1.0, "codec": "pcm_f32le", "bitrate": 1411200.0, "samplerate": 44100.0, "channels": 1.0, "audio_md5": "1533d08fdbf2e6f0ec5060f33fdf6cad", "loudness": -13.290412902832031, "dynamic_range": 0.0, "temporal_centroid": 0.5735089182853699, "log_attack_time": -1.4543871879577637, "filesize": 14458, "single_event": false, "tonality": "D major", "tonality_confidence": 0.8432223200798035, "loop": false, "tempo": 0, "tempo_confidence": 0.0, "note_midi": 38, "note_name": "D2", "note_frequency": 73.44053649902344, "note_confidence": 0.9886983633041382, "hardness": 31.524629918302097, "depth": 54.692703646943706, "brightness": 39.321261696517325, "roughness": 47.751419500856194, "warmth": 59.01478775002376, "sharpness": 31.796261432105943, "boominess": 49.85554069011539, "reverb": false, "name": "AKWF_0152.wav", "SpectralCentroid": 0.21086268073548345, "SpectralSpread": 0.2129994833154357, "SpectralKurtosis": 0.6195975668686537, "ZeroCrossingRate": 0.2330271804613616, "SpectralComplexity": 1.0, "OddToEvenHarmonicEnergyRatio": 0.7425821240098505, "Dissonance": 0.9917730614807497, "PitchSalience": 0.2325321026089291, "HNR": 0.0}