{"duration": 0.08163265138864517, "lossless": 1.0, "codec": "pcm_f32le", "bitrate": 1411200.0, "samplerate": 44100.0, "channels": 1.0, "audio_md5": "9a99367ac6c611cd90c868d6e34fe027", "loudness": -13.784819602966309, "dynamic_range": 0.0, "temporal_centroid": 0.5876438617706299, "log_attack_time": -1.3164669275283813, "filesize": 14458, "single_event": false, "tonality": "G# major", "tonality_confidence": 0.33539292216300964, "loop": false, "tempo": 0, "tempo_confidence": 0.0, "note_midi": 38, "note_name": "D2", "note_frequency": 73.42839813232422, "note_confidence": 0.9892660975456238, "hardness": 64.52966410549513, "depth": 62.66664038090816, "brightness": 60.75632741895957, "roughness": 48.33964479333765, "warmth": 42.145016463353436, "sharpness": 51.20773268602656, "boominess": 39.10740772918727, "reverb": false, "name": "AKWF_tri4bit.wav", "SpectralCentroid": 0.8053296987599345, "SpectralSpread": 0.9084464491001558, "SpectralKurtosis": 0.40714116743221207, "ZeroCrossingRate": 0.2330271804613616, "SpectralComplexity": 1.0, "OddToEvenHarmonicEnergyRatio": 0.8609910581195764, "Dissonance": 0.9692001819326522, "PitchSalience": 0.18984780274997076, "HNR": 0.8545622022352237}