{"duration": 0.08163265138864517, "lossless": 1.0, "codec": "pcm_f32le", "bitrate": 1411200.0, "samplerate": 44100.0, "channels": 1.0, "audio_md5": "26bf089af03588f67afca8707a666cb0", "loudness": -15.391364097595215, "dynamic_range": 0.0, "temporal_centroid": 0.5950836539268494, "log_attack_time": -1.27838933467865, "filesize": 14458, "single_event": false, "tonality": "D minor", "tonality_confidence": 0.8319346904754639, "loop": false, "tempo": 0, "tempo_confidence": 0.0, "note_midi": 38, "note_name": "D2", "note_frequency": 73.42839050292969, "note_confidence": 0.9602037668228149, "hardness": 44.82594404889508, "depth": 58.01017241782457, "brightness": 43.34739990300878, "roughness": 56.11032957809866, "warmth": 69.11820829868009, "sharpness": 18.327823848966528, "boominess": 41.06425536008682, "reverb": false, "name": "AKWF_piano_0011.wav", "SpectralCentroid": 0.17874032471601012, "SpectralSpread": 0.06101531740746991, "SpectralKurtosis": 0.7165317251105314, "ZeroCrossingRate": 0.6763055068286788, "SpectralComplexity": 0.9104477611940298, "OddToEvenHarmonicEnergyRatio": 0.33981168663158173, "Dissonance": 0.9255516620463864, "PitchSalience": 0.623981202631678, "HNR": 0.7480436299634052}