{
    "duration": 0.08163265138864517,
    "lossless": 1.0,
    "codec": "pcm_f32le",
    "bitrate": 1411200.0,
    "samplerate": 44100.0,
    "channels": 1.0,
    "audio_md5": "465ef554fc86b399b239ccdc6ee1576a",
    "loudness": -12.585222244262695,
    "dynamic_range": 0.0,
    "temporal_centroid": 0.5862666368484497,
    "log_attack_time": -1.3205679655075073,
    "filesize": 14458,
    "single_event": false,
    "tonality": "D major",
    "tonality_confidence": 0.8529408574104309,
    "loop": false,
    "tempo": 0,
    "tempo_confidence": 0.0,
    "note_midi": 50,
    "note_name": "D3",
    "note_frequency": 146.88011169433594,
    "note_confidence": 0.9979317784309387,
    "hardness": 47.28051049976216,
    "depth": 44.21807663810887,
    "brightness": 45.42467780305813,
    "roughness": 48.46093340764729,
    "warmth": 59.27596557482521,
    "sharpness": 21.921898343740644,
    "boominess": 28.2416877595956,
    "reverb": false
}