{"duration": 0.08163265138864517, "lossless": 1.0, "codec": "pcm_f32le", "bitrate": 1411200.0, "samplerate": 44100.0, "channels": 1.0, "audio_md5": "52c9b702e2bbe1cfbd3f3f59be675ea6", "loudness": -10.112401962280273, "dynamic_range": 0.0, "temporal_centroid": 0.5552068948745728, "log_attack_time": -1.654099702835083, "filesize": 14458, "single_event": false, "tonality": "D major", "tonality_confidence": 0.4449828863143921, "loop": false, "tempo": 0, "tempo_confidence": 0.0, "note_midi": 38, "note_name": "D2", "note_frequency": 73.43476104736328, "note_confidence": 0.9686460494995117, "hardness": 50.04159272925645, "depth": 61.791302266651144, "brightness": 46.647914676179674, "roughness": 55.97040638137109, "warmth": 64.08328451068535, "sharpness": 29.432662253134293, "boominess": 40.58553337817146, "reverb": false, "name": "AKWF_1849.wav", "SpectralCentroid": 0.2176514417935024, "SpectralSpread": 0.06550761358897729, "SpectralKurtosis": 0.5894244248583639, "ZeroCrossingRate": 0.2330271804613616, "SpectralComplexity": 0.9850746268656716, "OddToEvenHarmonicEnergyRatio": 0.8707543134292098, "Dissonance": 0.9279876661565006, "PitchSalience": 0.45832737087225933, "HNR": 0.0}