{"duration": 0.08163265138864517, "lossless": 1.0, "codec": "pcm_f32le", "bitrate": 1411200.0, "samplerate": 44100.0, "channels": 1.0, "audio_md5": "39dfdd9add9cb2c2990b6e88ff26adc8", "loudness": -13.944967269897461, "dynamic_range": 0.0, "temporal_centroid": 0.5806061029434204, "log_attack_time": -1.3969563245773315, "filesize": 14458, "single_event": false, "tonality": "A minor", "tonality_confidence": 0.6337252259254456, "loop": false, "tempo": 0, "tempo_confidence": 0.0, "note_midi": 38, "note_name": "D2", "note_frequency": 73.46324920654297, "note_confidence": 0.9345864653587341, "hardness": 30.823997436189657, "depth": 62.28685854094806, "brightness": 24.33797500569785, "roughness": 47.09443458581932, "warmth": 66.08338510104929, "sharpness": 2.263350695365773, "boominess": 50.86174245817934, "reverb": false, "name": "AKWF_epiano_0052.wav", "SpectralCentroid": 0.057320609321678574, "SpectralSpread": 0.015718497006584994, "SpectralKurtosis": 0.8525050977364625, "ZeroCrossingRate": 0.4252420033405892, "SpectralComplexity": 0.26865671641791045, "OddToEvenHarmonicEnergyRatio": 0.3893200100233453, "Dissonance": 0.5740933563073389, "PitchSalience": 0.4937842472352389, "HNR": 0.5588161509171211}