{"duration": 0.08163265138864517, "lossless": 1.0, "codec": "pcm_f32le", "bitrate": 1411200.0, "samplerate": 44100.0, "channels": 1.0, "audio_md5": "7df37efb0ecb78ba573bf08fdf376519", "loudness": -15.501255989074707, "dynamic_range": 0.0, "temporal_centroid": 0.5837332606315613, "log_attack_time": -1.2704238891601562, "filesize": 14458, "single_event": false, "tonality": "D minor", "tonality_confidence": 0.6795371770858765, "loop": false, "tempo": 0, "tempo_confidence": 0.0, "note_midi": 38, "note_name": "D2", "note_frequency": 73.4530029296875, "note_confidence": 0.8902034759521484, "hardness": 41.8715776862371, "depth": 60.04598206211044, "brightness": 35.90034635991789, "roughness": 52.575122748185215, "warmth": 69.42602749071996, "sharpness": 13.611998278550274, "boominess": 45.123996470002446, "reverb": false, "name": "AKWF_ebass_0012.wav", "SpectralCentroid": 0.12880415280127575, "SpectralSpread": 0.06627790315809955, "SpectralKurtosis": 0.7563583043597468, "ZeroCrossingRate": 0.4252420033405892, "SpectralComplexity": 0.5970149253731343, "OddToEvenHarmonicEnergyRatio": 0.2885934381319567, "Dissonance": 0.7976193254721468, "PitchSalience": 0.6624295715786346, "HNR": 0.6899097046824075}