{
    "duration": 0.08163265138864517,
    "lossless": 1.0,
    "codec": "pcm_f32le",
    "bitrate": 1411200.0,
    "samplerate": 44100.0,
    "channels": 1.0,
    "audio_md5": "bc956db0ecc3c1aee887897bed9c4afe",
    "loudness": -13.444316864013672,
    "dynamic_range": 0.0,
    "temporal_centroid": 0.5780568718910217,
    "log_attack_time": -1.384605884552002,
    "filesize": 14458,
    "single_event": false,
    "tonality": "D major",
    "tonality_confidence": 0.7647256255149841,
    "loop": false,
    "tempo": 0,
    "tempo_confidence": 0.0,
    "note_midi": 38,
    "note_name": "D2",
    "note_frequency": 73.44593811035156,
    "note_confidence": 0.9879709482192993,
    "hardness": 31.281524452063593,
    "depth": 54.86194477615965,
    "brightness": 33.57497213744236,
    "roughness": 29.203329356414567,
    "warmth": 57.85186567922301,
    "sharpness": 23.703940070427088,
    "boominess": 53.68247033191727,
    "reverb": false
}