{"duration": 0.08163265138864517, "lossless": 1.0, "codec": "pcm_f32le", "bitrate": 1411200.0, "samplerate": 44100.0, "channels": 1.0, "audio_md5": "ab83fcdded08fdd9c290dce3de26c226", "loudness": -13.486729621887207, "dynamic_range": 0.0, "temporal_centroid": 0.5853769183158875, "log_attack_time": -1.2909070253372192, "filesize": 14458, "single_event": false, "tonality": "D major", "tonality_confidence": 0.7671265602111816, "loop": false, "tempo": 0, "tempo_confidence": 0.0, "note_midi": 38, "note_name": "D2", "note_frequency": 73.45526885986328, "note_confidence": 0.9384710788726807, "hardness": 31.14037197578338, "depth": 60.71905507893138, "brightness": 29.222152142458626, "roughness": 36.32444838926598, "warmth": 68.95078296527758, "sharpness": 3.152762600021571, "boominess": 51.25784050941755, "reverb": false, "name": "AKWF_eorgan_0020.wav", "SpectralCentroid": 0.06203934003728197, "SpectralSpread": 0.019720745502996028, "SpectralKurtosis": 0.8339559097743163, "ZeroCrossingRate": 0.4252420033405892, "SpectralComplexity": 0.373134328358209, "OddToEvenHarmonicEnergyRatio": 0.07102396708686831, "Dissonance": 0.5034143005599768, "PitchSalience": 0.29463946727145485, "HNR": 0.6748375209167716}