{"duration": 0.08163265138864517, "lossless": 1.0, "codec": "pcm_f32le", "bitrate": 1411200.0, "samplerate": 44100.0, "channels": 1.0, "audio_md5": "e436c7d765b73616784f4216f4c1237a", "loudness": -16.76759147644043, "dynamic_range": 0.0, "temporal_centroid": 0.5836841464042664, "log_attack_time": -1.2887955904006958, "filesize": 14458, "single_event": false, "tonality": "D major", "tonality_confidence": 0.8514745235443115, "loop": false, "tempo": 0, "tempo_confidence": 0.0, "note_midi": 38, "note_name": "D2", "note_frequency": 73.4398422241211, "note_confidence": 0.9453760385513306, "hardness": 46.92217185424502, "depth": 61.119810000504536, "brightness": 43.31643631655574, "roughness": 52.79160409024887, "warmth": 65.6421621694108, "sharpness": 24.184930463422496, "boominess": 41.837330910781475, "reverb": false, "name": "AKWF_1710.wav", "SpectralCentroid": 0.1786166389031235, "SpectralSpread": 0.045872222640002305, "SpectralKurtosis": 0.6677911093217248, "ZeroCrossingRate": 0.2330271804613616, "SpectralComplexity": 1.0, "OddToEvenHarmonicEnergyRatio": 0.5073647279241944, "Dissonance": 0.9683891287363149, "PitchSalience": 0.46525174079515846, "HNR": 0.0}