{"duration": 0.08163265138864517, "lossless": 1.0, "codec": "pcm_f32le", "bitrate": 1411200.0, "samplerate": 44100.0, "channels": 1.0, "audio_md5": "e86b5160a54ee3aa5649690de45ea613", "loudness": -14.477104187011719, "dynamic_range": 0.0, "temporal_centroid": 0.5880564451217651, "log_attack_time": -1.318307638168335, "filesize": 14458, "single_event": false, "tonality": "D# major", "tonality_confidence": 0.7180913090705872, "loop": false, "tempo": 0, "tempo_confidence": 0.0, "note_midi": 38, "note_name": "D2", "note_frequency": 73.44190216064453, "note_confidence": 0.9906581044197083, "hardness": 21.769966554216012, "depth": 54.83219892500416, "brightness": 16.081297344259625, "roughness": 45.783022149533494, "warmth": 58.445599028210694, "sharpness": 0.0, "boominess": 57.61571453188839, "reverb": false, "name": "AKWF_0821.wav", "SpectralCentroid": 0.014788880262867251, "SpectralSpread": 0.003237119032711027, "SpectralKurtosis": 0.9287695747536182, "ZeroCrossingRate": 0.2330271804613616, "SpectralComplexity": 0.1791044776119403, "OddToEvenHarmonicEnergyRatio": 0.7498771273717999, "Dissonance": 0.5218985821739843, "PitchSalience": 0.09582946936895184, "HNR": 0.0}