{
    "duration": 0.08163265138864517,
    "lossless": 1.0,
    "codec": "pcm_f32le",
    "bitrate": 1411200.0,
    "samplerate": 44100.0,
    "channels": 1.0,
    "audio_md5": "d2213a88c41c66184dc7eeafbed476c6",
    "loudness": -12.033590316772461,
    "dynamic_range": 0.0,
    "temporal_centroid": 0.587317705154419,
    "log_attack_time": -1.3867599964141846,
    "filesize": 14458,
    "single_event": false,
    "tonality": "D major",
    "tonality_confidence": 0.5964322686195374,
    "loop": false,
    "tempo": 0,
    "tempo_confidence": 0.0,
    "note_midi": 38,
    "note_name": "D2",
    "note_frequency": 73.42839813232422,
    "note_confidence": 0.9977265000343323,
    "hardness": 67.42394510947824,
    "depth": 54.50089445152524,
    "brightness": 55.66617255084168,
    "roughness": 68.80936812767209,
    "warmth": 57.15054335216062,
    "sharpness": 47.74678101003586,
    "boominess": 33.87496617869836,
    "reverb": false
}