{"duration": 0.08163265138864517, "lossless": 1.0, "codec": "pcm_f32le", "bitrate": 1411200.0, "samplerate": 44100.0, "channels": 1.0, "audio_md5": "95b59241646c8a9fb876ece89cbfd3ec", "loudness": -13.567747116088867, "dynamic_range": 0.0, "temporal_centroid": 0.5777438879013062, "log_attack_time": -1.3896489143371582, "filesize": 14458, "single_event": false, "tonality": "D major", "tonality_confidence": 0.2973022758960724, "loop": false, "tempo": 0, "tempo_confidence": 0.0, "note_midi": 38, "note_name": "D2", "note_frequency": 73.44635009765625, "note_confidence": 0.9887540340423584, "hardness": 22.5333186492428, "depth": 54.81163333464286, "brightness": 25.225738411539716, "roughness": 26.304214335554423, "warmth": 59.282517166640076, "sharpness": 0.0, "boominess": 56.183691806129524, "reverb": false, "name": "AKWF_0777.wav", "SpectralCentroid": 0.024970411688249813, "SpectralSpread": 0.006624106760486151, "SpectralKurtosis": 0.8899895463943023, "ZeroCrossingRate": 0.2330271804613616, "SpectralComplexity": 0.2537313432835821, "OddToEvenHarmonicEnergyRatio": 1.0, "Dissonance": 0.9250807114628657, "PitchSalience": 0.08173808524398161, "HNR": 0.0}