{
    "duration": 0.08163265138864517,
    "lossless": 1.0,
    "codec": "pcm_f32le",
    "bitrate": 1411200.0,
    "samplerate": 44100.0,
    "channels": 1.0,
    "audio_md5": "f1b69a2468eb341c7d12eddf0720e0c6",
    "loudness": -12.873888969421387,
    "dynamic_range": 0.0,
    "temporal_centroid": 0.5834912657737732,
    "log_attack_time": -1.325749397277832,
    "filesize": 14458,
    "single_event": false,
    "tonality": "D major",
    "tonality_confidence": 0.7516474723815918,
    "loop": false,
    "tempo": 0,
    "tempo_confidence": 0.0,
    "note_midi": 38,
    "note_name": "D2",
    "note_frequency": 73.43219757080078,
    "note_confidence": 0.9565205574035645,
    "hardness": 43.54061255114331,
    "depth": 48.573147127457716,
    "brightness": 37.84228488776107,
    "roughness": 51.893179824340685,
    "warmth": 65.13443202298848,
    "sharpness": 14.36467830112657,
    "boominess": 40.498920409926036,
    "reverb": false
}