{
    "duration": 0.08163265138864517,
    "lossless": 1.0,
    "codec": "pcm_f32le",
    "bitrate": 1411200.0,
    "samplerate": 44100.0,
    "channels": 1.0,
    "audio_md5": "11db46372d517375e6f645ad5413360f",
    "loudness": -10.237100601196289,
    "dynamic_range": 0.0,
    "temporal_centroid": 0.5549417734146118,
    "log_attack_time": -1.6018630266189575,
    "filesize": 14458,
    "single_event": false,
    "tonality": "D major",
    "tonality_confidence": 0.5158352851867676,
    "loop": false,
    "tempo": 0,
    "tempo_confidence": 0.0,
    "note_midi": 38,
    "note_name": "D2",
    "note_frequency": 73.42839813232422,
    "note_confidence": 0.9639236330986023,
    "hardness": 77.13048990170341,
    "depth": 60.74278830176636,
    "brightness": 59.31592661741197,
    "roughness": 61.717039942107014,
    "warmth": 47.85271167122876,
    "sharpness": 50.41100288212673,
    "boominess": 34.98932192524873,
    "reverb": false
}