{"duration": 0.08163265138864517, "lossless": 1.0, "codec": "pcm_f32le", "bitrate": 1411200.0, "samplerate": 44100.0, "channels": 1.0, "audio_md5": "5a557bbef81be5a05c988f06a62d9f00", "loudness": -14.427773475646973, "dynamic_range": 0.0, "temporal_centroid": 0.5966087579727173, "log_attack_time": -1.2746663093566895, "filesize": 14458, "single_event": false, "tonality": "D major", "tonality_confidence": 0.7159912586212158, "loop": false, "tempo": 0, "tempo_confidence": 0.0, "note_midi": 38, "note_name": "D2", "note_frequency": 73.46954345703125, "note_confidence": 0.9280537962913513, "hardness": 33.924188812126744, "depth": 62.65000570456804, "brightness": 27.973663221565477, "roughness": 47.58751336013136, "warmth": 72.75187773122724, "sharpness": 7.309630466003167, "boominess": 50.22858221691019, "reverb": false, "name": "AKWF_0934.wav", "SpectralCentroid": 0.05646645292363607, "SpectralSpread": 0.006392528385530726, "SpectralKurtosis": 0.8632856623714197, "ZeroCrossingRate": 0.2330271804613616, "SpectralComplexity": 0.44776119402985076, "OddToEvenHarmonicEnergyRatio": 0.4220966246806185, "Dissonance": 0.7333156438157777, "PitchSalience": 0.414087721276029, "HNR": 0.0}