{"duration": 0.08163265138864517, "lossless": 1.0, "codec": "pcm_f32le", "bitrate": 1411200.0, "samplerate": 44100.0, "channels": 1.0, "audio_md5": "78b0666385b88a97ed56f9fe0b682f55", "loudness": -16.743003845214844, "dynamic_range": 0.0, "temporal_centroid": 0.6428841948509216, "log_attack_time": -1.2611619234085083, "filesize": 14458, "single_event": false, "tonality": "F minor", "tonality_confidence": 0.644874095916748, "loop": false, "tempo": 0, "tempo_confidence": 0.0, "note_midi": 38, "note_name": "D2", "note_frequency": 73.42839050292969, "note_confidence": 0.9565363526344299, "hardness": 76.61945205049065, "depth": 27.323680708375356, "brightness": 70.1124149690954, "roughness": 73.88976096911486, "warmth": 24.073869430972582, "sharpness": 59.53230194172083, "boominess": 14.498074247520435, "reverb": false, "name": "AKWF_0658.wav", "SpectralCentroid": 0.902607459122084, "SpectralSpread": 0.9240963027092465, "SpectralKurtosis": 0.34284518326373886, "ZeroCrossingRate": 0.4252420033405892, "SpectralComplexity": 0.5671641791044776, "OddToEvenHarmonicEnergyRatio": 0.22878946707582098, "Dissonance": 0.9819147536411329, "PitchSalience": 0.9855863227045927, "HNR": 0.0}