{"duration": 0.08163265138864517, "lossless": 1.0, "codec": "pcm_f32le", "bitrate": 1411200.0, "samplerate": 44100.0, "channels": 1.0, "audio_md5": "6db14d8bc6681792c6ea37261fdd6d53", "loudness": -10.6167631149292, "dynamic_range": 0.0, "temporal_centroid": 0.560914933681488, "log_attack_time": -1.5420048236846924, "filesize": 14458, "single_event": false, "tonality": "D major", "tonality_confidence": 0.7582892179489136, "loop": false, "tempo": 0, "tempo_confidence": 0.0, "note_midi": 38, "note_name": "D2", "note_frequency": 73.428955078125, "note_confidence": 0.9782628417015076, "hardness": 65.73976314860212, "depth": 61.41919136286084, "brightness": 56.74797695274451, "roughness": 60.144532454949704, "warmth": 49.8498190776749, "sharpness": 48.53120625041791, "boominess": 36.82691789859814, "reverb": false, "name": "AKWF_1659.wav", "SpectralCentroid": 0.7199517450691005, "SpectralSpread": 0.8041816667628424, "SpectralKurtosis": 0.46903723846520623, "ZeroCrossingRate": 0.2330271804613616, "SpectralComplexity": 1.0, "OddToEvenHarmonicEnergyRatio": 0.7569281002746422, "Dissonance": 0.989034444087218, "PitchSalience": 0.4018018303523859, "HNR": 0.0}