{
    "duration": 0.08163265138864517,
    "lossless": 1.0,
    "codec": "pcm_f32le",
    "bitrate": 1411200.0,
    "samplerate": 44100.0,
    "channels": 1.0,
    "audio_md5": "cd9d831c6c29fbacea297dfd3a0b046a",
    "loudness": -16.5765438079834,
    "dynamic_range": 0.0,
    "temporal_centroid": 0.5952237248420715,
    "log_attack_time": -1.2591899633407593,
    "filesize": 14458,
    "single_event": false,
    "tonality": "D major",
    "tonality_confidence": 0.8926268219947815,
    "loop": false,
    "tempo": 0,
    "tempo_confidence": 0.0,
    "note_midi": 38,
    "note_name": "D2",
    "note_frequency": 73.42839813232422,
    "note_confidence": 0.9801826477050781,
    "hardness": 47.53635365301059,
    "depth": 51.56253292020253,
    "brightness": 44.451880601596436,
    "roughness": 55.45373534878904,
    "warmth": 62.03487674372541,
    "sharpness": 18.648099123348707,
    "boominess": 34.529177375593285,
    "reverb": false
}