{"duration": 0.08163265138864517, "lossless": 1.0, "codec": "pcm_f32le", "bitrate": 1411200.0, "samplerate": 44100.0, "channels": 1.0, "audio_md5": "aed0bbbe0493a3aa7cb40257aa3b3584", "loudness": -16.149112701416016, "dynamic_range": 0.0, "temporal_centroid": 0.602727472782135, "log_attack_time": -1.220047116279602, "filesize": 14458, "single_event": false, "tonality": "D minor", "tonality_confidence": 0.7196356058120728, "loop": false, "tempo": 0, "tempo_confidence": 0.0, "note_midi": 38, "note_name": "D2", "note_frequency": 73.45970916748047, "note_confidence": 0.9362799525260925, "hardness": 31.740121928610662, "depth": 62.52886887138918, "brightness": 28.816032723217916, "roughness": 47.127039585796126, "warmth": 69.25729419832057, "sharpness": 1.8778015663328205, "boominess": 52.62979890431242, "reverb": false, "name": "AKWF_ebass_0039.wav", "SpectralCentroid": 0.06426208885986313, "SpectralSpread": 0.03995252704836672, "SpectralKurtosis": 0.7806769856266392, "ZeroCrossingRate": 0.4252420033405892, "SpectralComplexity": 0.29850746268656714, "OddToEvenHarmonicEnergyRatio": 0.24016317514682925, "Dissonance": 0.6248894283592044, "PitchSalience": 0.5245661244709819, "HNR": 0.0}