{"duration": 0.08163265138864517, "lossless": 1.0, "codec": "pcm_f32le", "bitrate": 1411200.0, "samplerate": 44100.0, "channels": 1.0, "audio_md5": "2c007a45ab12c633fc8d1bcf3f9957e3", "loudness": -9.749662399291992, "dynamic_range": 0.0, "temporal_centroid": 0.5538763403892517, "log_attack_time": -1.6680885553359985, "filesize": 14458, "single_event": false, "tonality": "D major", "tonality_confidence": 0.6882866621017456, "loop": false, "tempo": 0, "tempo_confidence": 0.0, "note_midi": 38, "note_name": "D2", "note_frequency": 73.42842864990234, "note_confidence": 0.9657993912696838, "hardness": 74.1539137700612, "depth": 61.09767763855662, "brightness": 57.71541505810624, "roughness": 61.154130738982715, "warmth": 50.442315410872894, "sharpness": 49.05750206271895, "boominess": 35.87712945108606, "reverb": false, "name": "AKWF_distorted_0029.wav", "SpectralCentroid": 0.75293024590728, "SpectralSpread": 0.8428770274000998, "SpectralKurtosis": 0.45219762432333643, "ZeroCrossingRate": 0.2330271804613616, "SpectralComplexity": 1.0, "OddToEvenHarmonicEnergyRatio": 0.750859878741436, "Dissonance": 0.9806802314827511, "PitchSalience": 0.4682098248953411, "HNR": 0.0}