{"duration": 0.08163265138864517, "lossless": 1.0, "codec": "pcm_f32le", "bitrate": 1411200.0, "samplerate": 44100.0, "channels": 1.0, "audio_md5": "278ea58935909d1279d36daaa35d8483", "loudness": -14.932882308959961, "dynamic_range": 0.0, "temporal_centroid": 0.5791070461273193, "log_attack_time": -1.323461890220642, "filesize": 14458, "single_event": false, "tonality": "D minor", "tonality_confidence": 0.7754887342453003, "loop": false, "tempo": 0, "tempo_confidence": 0.0, "note_midi": 38, "note_name": "D2", "note_frequency": 73.43155670166016, "note_confidence": 0.9665778875350952, "hardness": 48.73413595180372, "depth": 56.42300244129909, "brightness": 43.543812333219975, "roughness": 45.0361245958979, "warmth": 56.06514231007718, "sharpness": 23.08582216737129, "boominess": 35.202997271388654, "reverb": false, "name": "AKWF_eorgan_0100.wav", "SpectralCentroid": 0.13083756716831704, "SpectralSpread": 0.013949025601259537, "SpectralKurtosis": 0.8019158772254361, "ZeroCrossingRate": 0.4252420033405892, "SpectralComplexity": 0.26865671641791045, "OddToEvenHarmonicEnergyRatio": 0.5110329293906873, "Dissonance": 0.9318700727788958, "PitchSalience": 0.41526716778575057, "HNR": 0.5685987366494114}