{"duration": 0.08163265138864517, "lossless": 1.0, "codec": "pcm_f32le", "bitrate": 1411200.0, "samplerate": 44100.0, "channels": 1.0, "audio_md5": "3d82933e96282c846d78c6cd0b53ce69", "loudness": -15.54941177368164, "dynamic_range": 0.0, "temporal_centroid": 0.5848745703697205, "log_attack_time": -1.3160589933395386, "filesize": 14458, "single_event": false, "tonality": "D minor", "tonality_confidence": 0.5596038103103638, "loop": false, "tempo": 0, "tempo_confidence": 0.0, "note_midi": 38, "note_name": "D2", "note_frequency": 73.43331909179688, "note_confidence": 0.9907492399215698, "hardness": 43.74521924439756, "depth": 54.71172396631074, "brightness": 44.09748069602254, "roughness": 47.75993353642283, "warmth": 58.21129979528308, "sharpness": 33.868139581376276, "boominess": 46.660095647119704, "reverb": false, "name": "AKWF_1118.wav", "SpectralCentroid": 0.23251099559805932, "SpectralSpread": 0.12647508419800937, "SpectralKurtosis": 0.6003743303060604, "ZeroCrossingRate": 0.2330271804613616, "SpectralComplexity": 1.0, "OddToEvenHarmonicEnergyRatio": 0.8465792267085667, "Dissonance": 0.9661384561164789, "PitchSalience": 0.13796915428934578, "HNR": 0.6609663011774685}