{"duration": 0.08163265138864517, "lossless": 1.0, "codec": "pcm_f32le", "bitrate": 1411200.0, "samplerate": 44100.0, "channels": 1.0, "audio_md5": "80cbc43182b87afb9d518434ef4c81a0", "loudness": -18.8508358001709, "dynamic_range": 0.0, "temporal_centroid": 0.6046836972236633, "log_attack_time": -1.2645894289016724, "filesize": 14458, "single_event": false, "tonality": "F major", "tonality_confidence": 0.6834149956703186, "loop": false, "tempo": 0, "tempo_confidence": 0.0, "note_midi": 38, "note_name": "D2", "note_frequency": 73.43220520019531, "note_confidence": 0.8146377801895142, "hardness": 57.58224074178395, "depth": 17.037763014039427, "brightness": 50.243222924996815, "roughness": 55.94707590400832, "warmth": 45.07464158617773, "sharpness": 33.19282980721706, "boominess": 18.404568523795284, "reverb": false, "name": "AKWF_0312.wav", "SpectralCentroid": 0.3031102797056806, "SpectralSpread": 0.04454205869425724, "SpectralKurtosis": 0.751574908534104, "ZeroCrossingRate": 0.9408690857545293, "SpectralComplexity": 0.9402985074626866, "OddToEvenHarmonicEnergyRatio": 0.22814304700249805, "Dissonance": 0.9977453888124839, "PitchSalience": 0.8265467296159248, "HNR": 0.7463665693614376}