{
    "duration": 0.08163265138864517,
    "lossless": 1.0,
    "codec": "pcm_f32le",
    "bitrate": 1411200.0,
    "samplerate": 44100.0,
    "channels": 1.0,
    "audio_md5": "aba2bdf290a23fe1e1739e7e5047006d",
    "loudness": -16.63837242126465,
    "dynamic_range": 0.0,
    "temporal_centroid": 0.5958996415138245,
    "log_attack_time": -1.248239278793335,
    "filesize": 14458,
    "single_event": false,
    "tonality": "D major",
    "tonality_confidence": 0.7071931958198547,
    "loop": false,
    "tempo": 0,
    "tempo_confidence": 0.0,
    "note_midi": 38,
    "note_name": "D2",
    "note_frequency": 73.43242645263672,
    "note_confidence": 0.9420652389526367,
    "hardness": 51.64886503330402,
    "depth": 53.12519763958283,
    "brightness": 45.967565691474704,
    "roughness": 58.508995841568044,
    "warmth": 66.91176862353828,
    "sharpness": 22.966954265895836,
    "boominess": 35.66981137268341,
    "reverb": false
}