{"duration": 0.08163265138864517, "lossless": 1.0, "codec": "pcm_f32le", "bitrate": 1411200.0, "samplerate": 44100.0, "channels": 1.0, "audio_md5": "e86b5f977e87658122ade41879cca27c", "loudness": -14.535873413085938, "dynamic_range": 0.0, "temporal_centroid": 0.5843807458877563, "log_attack_time": -1.3218058347702026, "filesize": 14458, "single_event": false, "tonality": "D major", "tonality_confidence": 0.5760182738304138, "loop": false, "tempo": 0, "tempo_confidence": 0.0, "note_midi": 38, "note_name": "D2", "note_frequency": 73.43064880371094, "note_confidence": 0.9897035956382751, "hardness": 52.19079755849992, "depth": 63.50255814822127, "brightness": 51.20616439210192, "roughness": 48.14963594825711, "warmth": 53.11550506902067, "sharpness": 46.763551728327364, "boominess": 44.85949610047767, "reverb": false, "name": "AKWF_vgtri_0005.wav", "SpectralCentroid": 0.45836225892631155, "SpectralSpread": 0.4206887199187378, "SpectralKurtosis": 0.5164829481036137, "ZeroCrossingRate": 0.5688738575398764, "SpectralComplexity": 1.0, "OddToEvenHarmonicEnergyRatio": 0.9488332959620501, "Dissonance": 0.9594996356095532, "PitchSalience": 0.13750911278079533, "HNR": 0.7077283945635825}