{"duration": 0.08163265138864517, "lossless": 1.0, "codec": "pcm_f32le", "bitrate": 1411200.0, "samplerate": 44100.0, "channels": 1.0, "audio_md5": "cfa7ac8f4d50eac38ed8db8a0271ccaf", "loudness": -18.425260543823242, "dynamic_range": 0.0, "temporal_centroid": 0.6075239777565002, "log_attack_time": -1.1741751432418823, "filesize": 14458, "single_event": false, "tonality": "D major", "tonality_confidence": 0.7164611220359802, "loop": false, "tempo": 0, "tempo_confidence": 0.0, "note_midi": 38, "note_name": "D2", "note_frequency": 73.42825317382812, "note_confidence": 0.7621159553527832, "hardness": 71.08374838744828, "depth": 52.38777015119017, "brightness": 56.27657002000862, "roughness": 70.07845069489828, "warmth": 54.56904679493127, "sharpness": 46.59020254959292, "boominess": 32.34245596411024, "reverb": false, "name": "AKWF_squ_0043.wav", "SpectralCentroid": 0.542612868559102, "SpectralSpread": 0.379274426006621, "SpectralKurtosis": 0.4992712862126405, "ZeroCrossingRate": 0.2330271804613616, "SpectralComplexity": 0.9850746268656716, "OddToEvenHarmonicEnergyRatio": 0.3618594382418711, "Dissonance": 0.9651542518150962, "PitchSalience": 0.7953806768444118, "HNR": 0.0}