{"duration": 0.08163265138864517, "lossless": 1.0, "codec": "pcm_f32le", "bitrate": 1411200.0, "samplerate": 44100.0, "channels": 1.0, "audio_md5": "f09beb9a0b9e4806025d3f54e47d8675", "loudness": -14.533867835998535, "dynamic_range": 0.0, "temporal_centroid": 0.5819784998893738, "log_attack_time": -1.3358741998672485, "filesize": 14458, "single_event": false, "tonality": "F# minor", "tonality_confidence": 0.5663191676139832, "loop": false, "tempo": 0, "tempo_confidence": 0.0, "note_midi": 38, "note_name": "D2", "note_frequency": 73.43402862548828, "note_confidence": 0.9828478693962097, "hardness": 42.028884325058186, "depth": 60.94100075614217, "brightness": 41.03558660620308, "roughness": 50.328163327405676, "warmth": 67.41117196429298, "sharpness": 15.970554026464534, "boominess": 43.71603053058396, "reverb": false, "name": "AKWF_clarinett_0024.wav", "SpectralCentroid": 0.1303121122504364, "SpectralSpread": 0.04150891182689884, "SpectralKurtosis": 0.7483851387887642, "ZeroCrossingRate": 0.4252420033405892, "SpectralComplexity": 0.9850746268656716, "OddToEvenHarmonicEnergyRatio": 0.8731497454491125, "Dissonance": 0.8262525666332715, "PitchSalience": 0.55374744090788, "HNR": 0.0}