{"duration": 0.08163265138864517, "lossless": 1.0, "codec": "pcm_f32le", "bitrate": 1411200.0, "samplerate": 44100.0, "channels": 1.0, "audio_md5": "785a89edb6f90557b09c939480362dbf", "loudness": -14.486771583557129, "dynamic_range": 0.0, "temporal_centroid": 0.5832582712173462, "log_attack_time": -1.276337742805481, "filesize": 14458, "single_event": false, "tonality": "D major", "tonality_confidence": 0.7512627243995667, "loop": false, "tempo": 0, "tempo_confidence": 0.0, "note_midi": 38, "note_name": "D2", "note_frequency": 73.43553924560547, "note_confidence": 0.9586390852928162, "hardness": 42.20930911028745, "depth": 56.68073754001901, "brightness": 43.352924535094445, "roughness": 51.77030811207041, "warmth": 72.22063964985266, "sharpness": 21.36189935849113, "boominess": 40.361208065054356, "reverb": false, "name": "AKWF_hvoice_0012.wav", "SpectralCentroid": 0.1804406689032827, "SpectralSpread": 0.05259481733181716, "SpectralKurtosis": 0.64093366451815, "ZeroCrossingRate": 0.5688738575398764, "SpectralComplexity": 0.9104477611940298, "OddToEvenHarmonicEnergyRatio": 0.7677655164912648, "Dissonance": 0.7110739686349975, "PitchSalience": 0.5333462695546282, "HNR": 0.7371515716109643}