{"duration": 0.08163265138864517, "lossless": 1.0, "codec": "pcm_f32le", "bitrate": 1411200.0, "samplerate": 44100.0, "channels": 1.0, "audio_md5": "2b49e0468e6916b2d4129535d252d839", "loudness": -17.997251510620117, "dynamic_range": 0.0, "temporal_centroid": 0.6048010587692261, "log_attack_time": -1.201488733291626, "filesize": 14458, "single_event": false, "tonality": "D major", "tonality_confidence": 0.8336407542228699, "loop": false, "tempo": 0, "tempo_confidence": 0.0, "note_midi": 38, "note_name": "D2", "note_frequency": 73.43696594238281, "note_confidence": 0.9598304033279419, "hardness": 46.36235292382935, "depth": 61.59313252329734, "brightness": 42.281571611917016, "roughness": 52.724616672848484, "warmth": 67.90407293751682, "sharpness": 28.683339500150247, "boominess": 44.54400673902096, "reverb": false, "name": "AKWF_1478.wav", "SpectralCentroid": 0.2156342846881683, "SpectralSpread": 0.10261730172124013, "SpectralKurtosis": 0.6224407535355251, "ZeroCrossingRate": 0.4252420033405892, "SpectralComplexity": 0.9850746268656716, "OddToEvenHarmonicEnergyRatio": 0.21423359425611888, "Dissonance": 0.9093078419508221, "PitchSalience": 0.44483804245846836, "HNR": 0.0}