{"duration": 0.08163265138864517, "lossless": 1.0, "codec": "pcm_f32le", "bitrate": 1411200.0, "samplerate": 44100.0, "channels": 1.0, "audio_md5": "001bd0f6dd4fbc0c54bf9c2af320b02f", "loudness": -14.910455703735352, "dynamic_range": 0.0, "temporal_centroid": 0.5809852480888367, "log_attack_time": -1.268592119216919, "filesize": 14458, "single_event": false, "tonality": "D major", "tonality_confidence": 0.43938368558883667, "loop": false, "tempo": 0, "tempo_confidence": 0.0, "note_midi": 38, "note_name": "D2", "note_frequency": 73.42847442626953, "note_confidence": 0.9791532754898071, "hardness": 34.518255223969604, "depth": 63.593015556696784, "brightness": 34.95089604447092, "roughness": 45.15696580846807, "warmth": 59.460603217869604, "sharpness": 23.71423573353773, "boominess": 52.92528277967068, "reverb": false, "name": "AKWF_0856.wav", "SpectralCentroid": 0.15971846883797222, "SpectralSpread": 0.18757092172316325, "SpectralKurtosis": 0.6789778755550677, "ZeroCrossingRate": 0.2330271804613616, "SpectralComplexity": 0.8507462686567164, "OddToEvenHarmonicEnergyRatio": 0.9809796617162477, "Dissonance": 0.8908482128530343, "PitchSalience": 0.0678245270803697, "HNR": 0.0}