{"duration": 0.08163265138864517, "lossless": 1.0, "codec": "pcm_f32le", "bitrate": 1411200.0, "samplerate": 44100.0, "channels": 1.0, "audio_md5": "aa6ed4874eb54d53a35ded0c50644e81", "loudness": -14.229291915893555, "dynamic_range": 0.0, "temporal_centroid": 0.5772417187690735, "log_attack_time": -1.3318381309509277, "filesize": 14458, "single_event": false, "tonality": "D major", "tonality_confidence": 0.5441341400146484, "loop": false, "tempo": 0, "tempo_confidence": 0.0, "note_midi": 38, "note_name": "D2", "note_frequency": 73.43868255615234, "note_confidence": 0.9466702342033386, "hardness": 49.084233994380924, "depth": 61.41597428640503, "brightness": 46.49621596173901, "roughness": 57.30014588212624, "warmth": 64.0240944344515, "sharpness": 27.22805102166457, "boominess": 40.43692202362709, "reverb": false, "name": "AKWF_theremin_0022.wav", "SpectralCentroid": 0.23158557209840946, "SpectralSpread": 0.09173330732894913, "SpectralKurtosis": 0.6832957679413433, "ZeroCrossingRate": 0.2330271804613616, "SpectralComplexity": 1.0, "OddToEvenHarmonicEnergyRatio": 0.8367595594521144, "Dissonance": 0.929640478789792, "PitchSalience": 0.5020810091259401, "HNR": 0.0}