{
    "duration": 0.08163265138864517,
    "lossless": 1.0,
    "codec": "pcm_f32le",
    "bitrate": 1411200.0,
    "samplerate": 44100.0,
    "channels": 1.0,
    "audio_md5": "98382618404b6ed1ee0612bd468f1792",
    "loudness": -14.237991333007812,
    "dynamic_range": 0.0,
    "temporal_centroid": 0.592914342880249,
    "log_attack_time": -1.2988688945770264,
    "filesize": 14458,
    "single_event": false,
    "tonality": "D major",
    "tonality_confidence": 0.7183198928833008,
    "loop": false,
    "tempo": 0,
    "tempo_confidence": 0.0,
    "note_midi": 38,
    "note_name": "D2",
    "note_frequency": 73.42979431152344,
    "note_confidence": 0.8785715103149414,
    "hardness": 81.32249724968878,
    "depth": 58.57321957166036,
    "brightness": 57.99590325384823,
    "roughness": 68.78943917860904,
    "warmth": 50.216848448029154,
    "sharpness": 49.6116212428224,
    "boominess": 35.60294808431866,
    "reverb": false
}