{
    "duration": 0.08163265138864517,
    "lossless": 1.0,
    "codec": "pcm_f32le",
    "bitrate": 1411200.0,
    "samplerate": 44100.0,
    "channels": 1.0,
    "audio_md5": "30aa91eaff781c6489617290418fb708",
    "loudness": -12.692551612854004,
    "dynamic_range": 0.0,
    "temporal_centroid": 0.5800087451934814,
    "log_attack_time": -1.373526930809021,
    "filesize": 14458,
    "single_event": false,
    "tonality": "D major",
    "tonality_confidence": 0.888301432132721,
    "loop": false,
    "tempo": 0,
    "tempo_confidence": 0.0,
    "note_midi": 38,
    "note_name": "D2",
    "note_frequency": 73.42839050292969,
    "note_confidence": 0.996848464012146,
    "hardness": 39.398162011983146,
    "depth": 61.993755115454206,
    "brightness": 41.1982713782848,
    "roughness": 52.92237693888791,
    "warmth": 64.54221976723221,
    "sharpness": 19.256229081175963,
    "boominess": 44.64226380926742,
    "reverb": false
}