{"duration": 0.08163265138864517, "lossless": 1.0, "codec": "pcm_f32le", "bitrate": 1411200.0, "samplerate": 44100.0, "channels": 1.0, "audio_md5": "cd3c6984aa64687902c77cba05e65801", "loudness": -14.773917198181152, "dynamic_range": 0.0, "temporal_centroid": 0.5854192972183228, "log_attack_time": -1.3220125436782837, "filesize": 14458, "single_event": false, "tonality": "A major", "tonality_confidence": 0.4599800109863281, "loop": false, "tempo": 0, "tempo_confidence": 0.0, "note_midi": 38, "note_name": "D2", "note_frequency": 73.43057250976562, "note_confidence": 0.9912670254707336, "hardness": 50.584232281039135, "depth": 63.59632169639359, "brightness": 45.63529784354931, "roughness": 30.28822083601059, "warmth": 49.999210875767766, "sharpness": 40.418964014730676, "boominess": 50.82224081962096, "reverb": false, "name": "AKWF_tri7bit.wav", "SpectralCentroid": 0.5086339774459117, "SpectralSpread": 0.7340442007160438, "SpectralKurtosis": 0.5264604556409221, "ZeroCrossingRate": 0.2330271804613616, "SpectralComplexity": 0.9104477611940298, "OddToEvenHarmonicEnergyRatio": 0.9875275915786006, "Dissonance": 0.812096260344575, "PitchSalience": 0.1582546038411505, "HNR": 0.74163422945405}