{"duration": 0.08163265138864517, "lossless": 1.0, "codec": "pcm_f32le", "bitrate": 1411200.0, "samplerate": 44100.0, "channels": 1.0, "audio_md5": "21c5d155b0fe5de91cc3cb8aed0f8fdf", "loudness": -15.724235534667969, "dynamic_range": 0.0, "temporal_centroid": 0.5869290828704834, "log_attack_time": -1.2691408395767212, "filesize": 14458, "single_event": false, "tonality": "D minor", "tonality_confidence": 0.5361730456352234, "loop": false, "tempo": 0, "tempo_confidence": 0.0, "note_midi": 38, "note_name": "D2", "note_frequency": 73.49769592285156, "note_confidence": 0.9193190336227417, "hardness": 30.481148067888057, "depth": 63.0376368865417, "brightness": 23.93093357568575, "roughness": 43.36665480598736, "warmth": 63.98677913211924, "sharpness": 0.9282519875977542, "boominess": 52.90709145943647, "reverb": false, "name": "AKWF_epiano_0026.wav", "SpectralCentroid": 0.04342499658917055, "SpectralSpread": 0.015689174074549908, "SpectralKurtosis": 0.8536584469287843, "ZeroCrossingRate": 0.2330271804613616, "SpectralComplexity": 0.1791044776119403, "OddToEvenHarmonicEnergyRatio": 0.5521101735159918, "Dissonance": 0.48379345042451927, "PitchSalience": 0.39204564689472954, "HNR": 0.802584298002763}