{
    "duration": 0.08163265138864517,
    "lossless": 1.0,
    "codec": "pcm_f32le",
    "bitrate": 1411200.0,
    "samplerate": 44100.0,
    "channels": 1.0,
    "audio_md5": "62eb27b21684f481b32b5815c9d9dce5",
    "loudness": -15.008313179016113,
    "dynamic_range": 0.0,
    "temporal_centroid": 0.5829463601112366,
    "log_attack_time": -1.3343828916549683,
    "filesize": 14458,
    "single_event": false,
    "tonality": "D major",
    "tonality_confidence": 0.7168454527854919,
    "loop": false,
    "tempo": 0,
    "tempo_confidence": 0.0,
    "note_midi": 38,
    "note_name": "D2",
    "note_frequency": 73.42841339111328,
    "note_confidence": 0.9877116680145264,
    "hardness": 25.12063572811823,
    "depth": 63.283863772154604,
    "brightness": 27.218820373753193,
    "roughness": 45.412634146823805,
    "warmth": 61.49632239686629,
    "sharpness": 0.0,
    "boominess": 55.80700932575823,
    "reverb": false
}