{"duration": 0.08163265138864517, "lossless": 1.0, "codec": "pcm_f32le", "bitrate": 1411200.0, "samplerate": 44100.0, "channels": 1.0, "audio_md5": "6cb0e748b1b89cb6004a6a1637fbf0e9", "loudness": -13.725220680236816, "dynamic_range": 0.0, "temporal_centroid": 0.5820636749267578, "log_attack_time": -1.3767975568771362, "filesize": 14458, "single_event": false, "tonality": "A minor", "tonality_confidence": 0.6506370902061462, "loop": false, "tempo": 0, "tempo_confidence": 0.0, "note_midi": 38, "note_name": "D2", "note_frequency": 73.43966674804688, "note_confidence": 0.9922361373901367, "hardness": 19.25006240008038, "depth": 54.79492943209608, "brightness": 19.148151286743946, "roughness": 36.00195705027297, "warmth": 60.5643847019149, "sharpness": 0.0, "boominess": 57.212126530706236, "reverb": false, "name": "AKWF_0077.wav", "SpectralCentroid": 0.022183861202773263, "SpectralSpread": 0.0036997096355361886, "SpectralKurtosis": 0.9201697431353163, "ZeroCrossingRate": 0.2330271804613616, "SpectralComplexity": 0.16417910447761194, "OddToEvenHarmonicEnergyRatio": 1.0, "Dissonance": 0.4093351201788285, "PitchSalience": 0.18278888255263032, "HNR": 0.0}