{"duration": 0.08163265138864517, "lossless": 1.0, "codec": "pcm_f32le", "bitrate": 1411200.0, "samplerate": 44100.0, "channels": 1.0, "audio_md5": "80a32bb8839282f38796bb548586abcb", "loudness": -14.532506942749023, "dynamic_range": 0.0, "temporal_centroid": 0.5849862098693848, "log_attack_time": -1.364999771118164, "filesize": 14458, "single_event": false, "tonality": "D major", "tonality_confidence": 0.8797414898872375, "loop": false, "tempo": 0, "tempo_confidence": 0.0, "note_midi": 38, "note_name": "D2", "note_frequency": 73.4284439086914, "note_confidence": 0.9973915815353394, "hardness": 63.18371155512307, "depth": 58.75844074262511, "brightness": 57.44413772895267, "roughness": 66.23891977072586, "warmth": 51.07230375629086, "sharpness": 49.47833328800468, "boominess": 34.3342245067158, "reverb": false, "name": "AKWF_vgsaw_0005.wav", "SpectralCentroid": 0.6444509847765177, "SpectralSpread": 0.5975287806650141, "SpectralKurtosis": 0.49435649892312655, "ZeroCrossingRate": 0.2330271804613616, "SpectralComplexity": 1.0, "OddToEvenHarmonicEnergyRatio": 0.44634705202949354, "Dissonance": 0.9998588679914647, "PitchSalience": 0.5524881779385274, "HNR": 0.0}