{
    "duration": 0.08163265138864517,
    "lossless": 1.0,
    "codec": "pcm_f32le",
    "bitrate": 1411200.0,
    "samplerate": 44100.0,
    "channels": 1.0,
    "audio_md5": "300f23c1131ce71a60bfeb8a85e1f070",
    "loudness": -10.947101593017578,
    "dynamic_range": 0.0,
    "temporal_centroid": 0.5613794326782227,
    "log_attack_time": -1.5559481382369995,
    "filesize": 14458,
    "single_event": false,
    "tonality": "C# minor",
    "tonality_confidence": 0.29186445474624634,
    "loop": false,
    "tempo": 0,
    "tempo_confidence": 0.0,
    "note_midi": 38,
    "note_name": "D2",
    "note_frequency": 73.45088195800781,
    "note_confidence": 0.9726812243461609,
    "hardness": 34.45323344429906,
    "depth": 63.14844590263751,
    "brightness": 36.163162207169066,
    "roughness": 32.63247871302738,
    "warmth": 65.92570977873348,
    "sharpness": 11.434355638699191,
    "boominess": 48.841830924822546,
    "reverb": false
}