{
    "duration": 0.08163265138864517,
    "lossless": 1.0,
    "codec": "pcm_f32le",
    "bitrate": 1411200.0,
    "samplerate": 44100.0,
    "channels": 1.0,
    "audio_md5": "108666fd5aa778e0a69eb672b084c601",
    "loudness": -10.515058517456055,
    "dynamic_range": 0.0,
    "temporal_centroid": 0.552893340587616,
    "log_attack_time": -1.6764228343963623,
    "filesize": 14458,
    "single_event": false,
    "tonality": "D major",
    "tonality_confidence": 0.6879639029502869,
    "loop": false,
    "tempo": 0,
    "tempo_confidence": 0.0,
    "note_midi": 38,
    "note_name": "D2",
    "note_frequency": 73.42839813232422,
    "note_confidence": 0.9640337228775024,
    "hardness": 75.72119985275714,
    "depth": 60.50374962572934,
    "brightness": 58.40158196482514,
    "roughness": 62.24165104680834,
    "warmth": 48.85235463948744,
    "sharpness": 50.097309367341566,
    "boominess": 34.521005569307725,
    "reverb": false
}