{"duration": 0.08163265138864517, "lossless": 1.0, "codec": "pcm_f32le", "bitrate": 1411200.0, "samplerate": 44100.0, "channels": 1.0, "audio_md5": "6531780b57d52a27c7ed02779b38ed79", "loudness": -12.95640754699707, "dynamic_range": 0.0, "temporal_centroid": 0.5771521329879761, "log_attack_time": -1.3834137916564941, "filesize": 14458, "single_event": false, "tonality": "B major", "tonality_confidence": 0.35271215438842773, "loop": false, "tempo": 0, "tempo_confidence": 0.0, "note_midi": 38, "note_name": "D2", "note_frequency": 73.44112396240234, "note_confidence": 0.9897527098655701, "hardness": 26.68672624387567, "depth": 54.74231644842922, "brightness": 30.096970602757988, "roughness": 29.615371988370452, "warmth": 65.14934388402699, "sharpness": 0.6217542517984214, "boominess": 53.62284636679192, "reverb": false, "name": "AKWF_rAsymSqu_05.wav", "SpectralCentroid": 0.04187148151825348, "SpectralSpread": 0.007625923461860495, "SpectralKurtosis": 0.8294096236136705, "ZeroCrossingRate": 0.2330271804613616, "SpectralComplexity": 0.3283582089552239, "OddToEvenHarmonicEnergyRatio": 0.8509641836155986, "Dissonance": 0.9687206248493863, "PitchSalience": 0.21116622000646845, "HNR": 0.0}