{
    "duration": 0.08163265138864517,
    "lossless": 1.0,
    "codec": "pcm_f32le",
    "bitrate": 1411200.0,
    "samplerate": 44100.0,
    "channels": 1.0,
    "audio_md5": "5d12061197b7a36402c7e79d5e017884",
    "loudness": -17.429012298583984,
    "dynamic_range": 0.0,
    "temporal_centroid": 0.5967076420783997,
    "log_attack_time": -1.2599059343338013,
    "filesize": 14458,
    "single_event": false,
    "tonality": "D major",
    "tonality_confidence": 0.7935898303985596,
    "loop": false,
    "tempo": 0,
    "tempo_confidence": 0.0,
    "note_midi": 38,
    "note_name": "D2",
    "note_frequency": 73.42840576171875,
    "note_confidence": 0.9886865615844727,
    "hardness": 62.16216778888332,
    "depth": 51.98053772058492,
    "brightness": 52.728537490519585,
    "roughness": 61.907009816409,
    "warmth": 56.08932437122995,
    "sharpness": 37.364784261952316,
    "boominess": 32.02614941791366,
    "reverb": false
}