{"duration": 0.08163265138864517, "lossless": 1.0, "codec": "pcm_f32le", "bitrate": 1411200.0, "samplerate": 44100.0, "channels": 1.0, "audio_md5": "c572d323dab8bf45ba8071e90d7cec47", "loudness": -14.12621021270752, "dynamic_range": 0.0, "temporal_centroid": 0.5848723649978638, "log_attack_time": -1.3593316078186035, "filesize": 14458, "single_event": false, "tonality": "D major", "tonality_confidence": 0.884019672870636, "loop": false, "tempo": 0, "tempo_confidence": 0.0, "note_midi": 38, "note_name": "D2", "note_frequency": 73.42926025390625, "note_confidence": 0.9975502490997314, "hardness": 35.46065437917966, "depth": 61.77567308283743, "brightness": 37.44391307137805, "roughness": 50.761220554684726, "warmth": 68.37816118876349, "sharpness": 12.428987112466917, "boominess": 46.212602393399436, "reverb": false, "name": "AKWF_0827.wav", "SpectralCentroid": 0.11509033581709914, "SpectralSpread": 0.02305486175076435, "SpectralKurtosis": 0.7468848973782514, "ZeroCrossingRate": 0.2330271804613616, "SpectralComplexity": 0.8955223880597015, "OddToEvenHarmonicEnergyRatio": 0.7001783341211559, "Dissonance": 0.9706208378821359, "PitchSalience": 0.4406070242619066, "HNR": 0.0}