{"duration": 0.08163265138864517, "lossless": 1.0, "codec": "pcm_f32le", "bitrate": 1411200.0, "samplerate": 44100.0, "channels": 1.0, "audio_md5": "a8bc4c7dd8acc54919627d9fd1e0b3cb", "loudness": -19.497814178466797, "dynamic_range": 0.0, "temporal_centroid": 0.6060925722122192, "log_attack_time": -1.2618813514709473, "filesize": 14458, "single_event": false, "tonality": "D major", "tonality_confidence": 0.8583161234855652, "loop": false, "tempo": 0, "tempo_confidence": 0.0, "note_midi": 38, "note_name": "D2", "note_frequency": 73.42839813232422, "note_confidence": 0.8228306174278259, "hardness": 45.891416120460576, "depth": 48.957092930735755, "brightness": 41.557691895104945, "roughness": 53.17659471027337, "warmth": 65.9862409106745, "sharpness": 21.08740277078464, "boominess": 36.469865160601266, "reverb": false, "name": "AKWF_1215.wav", "SpectralCentroid": 0.20866593054124244, "SpectralSpread": 0.09037267590132046, "SpectralKurtosis": 0.6979885647718662, "ZeroCrossingRate": 0.5688738575398764, "SpectralComplexity": 1.0, "OddToEvenHarmonicEnergyRatio": 0.17112148810403674, "Dissonance": 0.9092538689863177, "PitchSalience": 0.8419729222001255, "HNR": 0.0}