{"duration": 0.08163265138864517, "lossless": 1.0, "codec": "pcm_f32le", "bitrate": 1411200.0, "samplerate": 44100.0, "channels": 1.0, "audio_md5": "300f23c1131ce71a60bfeb8a85e1f070", "loudness": -10.947101593017578, "dynamic_range": 0.0, "temporal_centroid": 0.5613794326782227, "log_attack_time": -1.5559481382369995, "filesize": 14458, "single_event": false, "tonality": "C# minor", "tonality_confidence": 0.29186445474624634, "loop": false, "tempo": 0, "tempo_confidence": 0.0, "note_midi": 38, "note_name": "D2", "note_frequency": 73.45088195800781, "note_confidence": 0.9726812243461609, "hardness": 34.45323344429906, "depth": 63.14844590263751, "brightness": 36.163162207169066, "roughness": 32.63247871302738, "warmth": 65.92570977873348, "sharpness": 11.434355638699191, "boominess": 48.841830924822546, "reverb": false, "name": "AKWF_rSymSqu_10.wav", "SpectralCentroid": 0.07187372008847119, "SpectralSpread": 0.017524482345333225, "SpectralKurtosis": 0.749278873218945, "ZeroCrossingRate": 0.2330271804613616, "SpectralComplexity": 0.4626865671641791, "OddToEvenHarmonicEnergyRatio": 0.7343652037301232, "Dissonance": 0.9708815127134047, "PitchSalience": 0.34711616416004415, "HNR": 0.6135127891284117}