{"duration": 0.08163265138864517, "lossless": 1.0, "codec": "pcm_f32le", "bitrate": 1411200.0, "samplerate": 44100.0, "channels": 1.0, "audio_md5": "598703328eb8ce18c1170c629f37f50a", "loudness": -16.799089431762695, "dynamic_range": 0.0, "temporal_centroid": 0.5949780344963074, "log_attack_time": -1.251038908958435, "filesize": 14458, "single_event": false, "tonality": "D major", "tonality_confidence": 0.8597938418388367, "loop": false, "tempo": 0, "tempo_confidence": 0.0, "note_midi": 38, "note_name": "D2", "note_frequency": 73.42866516113281, "note_confidence": 0.988969087600708, "hardness": 39.051422542311954, "depth": 54.73017233857043, "brightness": 34.822562272634144, "roughness": 51.92279979979814, "warmth": 69.78999970901712, "sharpness": 5.038740141835309, "boominess": 42.52367209437793, "reverb": false, "name": "AKWF_1875.wav", "SpectralCentroid": 0.0971154810902716, "SpectralSpread": 0.008093385564845587, "SpectralKurtosis": 0.8353499955136937, "ZeroCrossingRate": 0.5688738575398764, "SpectralComplexity": 0.4925373134328358, "OddToEvenHarmonicEnergyRatio": 0.19621218053186076, "Dissonance": 0.774224598134811, "PitchSalience": 0.636505288591207, "HNR": 0.5944098882232917}