{"duration": 0.08163265138864517, "lossless": 1.0, "codec": "pcm_f32le", "bitrate": 1411200.0, "samplerate": 44100.0, "channels": 1.0, "audio_md5": "e73e25b1a0ec2a7d34b98a153f4ec01f", "loudness": -13.607388496398926, "dynamic_range": 0.0, "temporal_centroid": 0.5763653516769409, "log_attack_time": -1.3431915044784546, "filesize": 14458, "single_event": false, "tonality": "D major", "tonality_confidence": 0.7826935648918152, "loop": false, "tempo": 0, "tempo_confidence": 0.0, "note_midi": 38, "note_name": "D2", "note_frequency": 73.47821044921875, "note_confidence": 0.9369432330131531, "hardness": 46.733187453540324, "depth": 61.60449270105203, "brightness": 41.822674099190905, "roughness": 50.115546506193546, "warmth": 56.949997924031464, "sharpness": 32.747226230769854, "boominess": 46.42678889861381, "reverb": false, "name": "AKWF_0672.wav", "SpectralCentroid": 0.30267184618408355, "SpectralSpread": 0.40259813823360713, "SpectralKurtosis": 0.6112365997358072, "ZeroCrossingRate": 0.2330271804613616, "SpectralComplexity": 1.0, "OddToEvenHarmonicEnergyRatio": 0.022760524906735715, "Dissonance": 0.9547457844197265, "PitchSalience": 0.2833299062583113, "HNR": 0.0}