{"duration": 0.08163265138864517, "lossless": 1.0, "codec": "pcm_f32le", "bitrate": 1411200.0, "samplerate": 44100.0, "channels": 1.0, "audio_md5": "4719a760e3a2d9ab0466310804a29a3e", "loudness": -14.683740615844727, "dynamic_range": 0.0, "temporal_centroid": 0.586454451084137, "log_attack_time": -1.294384479522705, "filesize": 14458, "single_event": false, "tonality": "D major", "tonality_confidence": 0.7576658725738525, "loop": false, "tempo": 0, "tempo_confidence": 0.0, "note_midi": 38, "note_name": "D2", "note_frequency": 73.48568725585938, "note_confidence": 0.9312338829040527, "hardness": 32.306015804399436, "depth": 63.117442294255056, "brightness": 33.70878827323401, "roughness": 46.12377081387707, "warmth": 65.87126757388434, "sharpness": 14.477453052578866, "boominess": 51.98748900024688, "reverb": false, "name": "AKWF_epiano_0012.wav", "SpectralCentroid": 0.10797266885998091, "SpectralSpread": 0.08716712384577244, "SpectralKurtosis": 0.7048470681349188, "ZeroCrossingRate": 0.2330271804613616, "SpectralComplexity": 1.0, "OddToEvenHarmonicEnergyRatio": 0.5013892072140487, "Dissonance": 0.7258322922872342, "PitchSalience": 0.3332533365192202, "HNR": 0.0}