{"duration": 0.08163265138864517, "lossless": 1.0, "codec": "pcm_f32le", "bitrate": 1411200.0, "samplerate": 44100.0, "channels": 1.0, "audio_md5": "85f809c4e8687ce286b45c0eda6db3e5", "loudness": -13.960314750671387, "dynamic_range": 0.0, "temporal_centroid": 0.5950760245323181, "log_attack_time": -1.2934157848358154, "filesize": 14458, "single_event": false, "tonality": "A major", "tonality_confidence": 0.8718753457069397, "loop": false, "tempo": 0, "tempo_confidence": 0.0, "note_midi": 38, "note_name": "D2", "note_frequency": 73.42962646484375, "note_confidence": 0.9299597144126892, "hardness": 72.98576277297394, "depth": 50.61309226821554, "brightness": 51.93931489841087, "roughness": 56.521999020122706, "warmth": 57.99070150669705, "sharpness": 46.66790104765108, "boominess": 35.67455762022401, "reverb": false, "name": "AKWF_vgame_0084.wav", "SpectralCentroid": 0.8017857309279658, "SpectralSpread": 0.9022119759929937, "SpectralKurtosis": 0.41644834620250115, "ZeroCrossingRate": 0.7567375327336924, "SpectralComplexity": 0.9701492537313433, "OddToEvenHarmonicEnergyRatio": 0.4403956808135513, "Dissonance": 0.8797390450928072, "PitchSalience": 0.21511321136996936, "HNR": 0.6389219615316758}