{"duration": 0.08163265138864517, "lossless": 1.0, "codec": "pcm_f32le", "bitrate": 1411200.0, "samplerate": 44100.0, "channels": 1.0, "audio_md5": "aad765589eb2ca516dd42ed984857877", "loudness": -15.156026840209961, "dynamic_range": 0.0, "temporal_centroid": 0.6032617092132568, "log_attack_time": -1.2617013454437256, "filesize": 14458, "single_event": false, "tonality": "D minor", "tonality_confidence": 0.7764018774032593, "loop": false, "tempo": 0, "tempo_confidence": 0.0, "note_midi": 38, "note_name": "D2", "note_frequency": 73.42839813232422, "note_confidence": 0.8422585725784302, "hardness": 70.7463387234589, "depth": 57.09216905239658, "brightness": 55.09039356842198, "roughness": 66.76421818131658, "warmth": 54.813836460577484, "sharpness": 47.09179345215097, "boominess": 35.661637865272496, "reverb": false, "name": "AKWF_squ_0063.wav", "SpectralCentroid": 0.6274568664393195, "SpectralSpread": 0.6069519398866937, "SpectralKurtosis": 0.501799838721852, "ZeroCrossingRate": 0.2330271804613616, "SpectralComplexity": 1.0, "OddToEvenHarmonicEnergyRatio": 0.3598786680878784, "Dissonance": 0.9654910722881794, "PitchSalience": 0.5697757736087345, "HNR": 0.0}