{"duration": 0.08163265138864517, "lossless": 1.0, "codec": "pcm_f32le", "bitrate": 1411200.0, "samplerate": 44100.0, "channels": 1.0, "audio_md5": "c85024a04ddfaeb72b3beb2e361b7510", "loudness": -14.219785690307617, "dynamic_range": 0.0, "temporal_centroid": 0.5863525867462158, "log_attack_time": -1.3107898235321045, "filesize": 14458, "single_event": false, "tonality": "D major", "tonality_confidence": 0.44729354977607727, "loop": false, "tempo": 0, "tempo_confidence": 0.0, "note_midi": 38, "note_name": "D2", "note_frequency": 73.44967651367188, "note_confidence": 0.9740609526634216, "hardness": 34.496005078130906, "depth": 54.44579352248089, "brightness": 32.426855966316076, "roughness": 43.275065587822795, "warmth": 66.77845289901585, "sharpness": 7.688520717484376, "boominess": 50.65333641691298, "reverb": false, "name": "AKWF_0123.wav", "SpectralCentroid": 0.07223708549125764, "SpectralSpread": 0.01719507013244827, "SpectralKurtosis": 0.8087448119994931, "ZeroCrossingRate": 0.2330271804613616, "SpectralComplexity": 0.7164179104477612, "OddToEvenHarmonicEnergyRatio": 0.5548816856434204, "Dissonance": 0.8060971653399043, "PitchSalience": 0.19807624515515757, "HNR": 0.0}