{"duration": 0.08163265138864517, "lossless": 1.0, "codec": "pcm_f32le", "bitrate": 1411200.0, "samplerate": 44100.0, "channels": 1.0, "audio_md5": "15399d60326c7bad362a81348b78fc47", "loudness": -10.684670448303223, "dynamic_range": 0.0, "temporal_centroid": 0.560889720916748, "log_attack_time": -1.5744006633758545, "filesize": 14458, "single_event": false, "tonality": "C# minor", "tonality_confidence": 0.29710763692855835, "loop": false, "tempo": 0, "tempo_confidence": 0.0, "note_midi": 38, "note_name": "D2", "note_frequency": 73.44097900390625, "note_confidence": 0.9770910143852234, "hardness": 38.4227371249078, "depth": 62.87694948643169, "brightness": 40.178033420217304, "roughness": 36.4997518322975, "warmth": 65.60392903782159, "sharpness": 20.141433923325756, "boominess": 45.726104967816724, "reverb": false, "name": "AKWF_1859.wav", "SpectralCentroid": 0.12210058929883019, "SpectralSpread": 0.04255059136899255, "SpectralKurtosis": 0.6835238961919285, "ZeroCrossingRate": 0.2330271804613616, "SpectralComplexity": 0.4925373134328358, "OddToEvenHarmonicEnergyRatio": 0.7170763108132537, "Dissonance": 0.9930541900233455, "PitchSalience": 0.380828701696165, "HNR": 0.0}