{"duration": 0.08163265138864517, "lossless": 1.0, "codec": "pcm_f32le", "bitrate": 1411200.0, "samplerate": 44100.0, "channels": 1.0, "audio_md5": "f00c3c4741785c58756f2d82e8340ac8", "loudness": -14.461418151855469, "dynamic_range": 0.0, "temporal_centroid": 0.5896342396736145, "log_attack_time": -1.3541812896728516, "filesize": 14458, "single_event": false, "tonality": "D major", "tonality_confidence": 0.8909485340118408, "loop": false, "tempo": 0, "tempo_confidence": 0.0, "note_midi": 38, "note_name": "D2", "note_frequency": 73.42906188964844, "note_confidence": 0.9985865354537964, "hardness": 31.867929194197686, "depth": 62.29809683139125, "brightness": 36.63465705321589, "roughness": 48.222546941702774, "warmth": 65.95606168051407, "sharpness": 15.098500204451685, "boominess": 48.95255405696146, "reverb": false, "name": "AKWF_0156.wav", "SpectralCentroid": 0.12424299877928345, "SpectralSpread": 0.08347829004494223, "SpectralKurtosis": 0.729791230126893, "ZeroCrossingRate": 0.2330271804613616, "SpectralComplexity": 0.9402985074626866, "OddToEvenHarmonicEnergyRatio": 0.4822150546740479, "Dissonance": 0.873712234241499, "PitchSalience": 0.42235766285256043, "HNR": 0.0}