{"duration": 0.08163265138864517, "lossless": 1.0, "codec": "pcm_f32le", "bitrate": 1411200.0, "samplerate": 44100.0, "channels": 1.0, "audio_md5": "c0a6f1607b923e5692efa3ad83cdb2b9", "loudness": -17.863393783569336, "dynamic_range": 0.0, "temporal_centroid": 0.5902983546257019, "log_attack_time": -1.3211865425109863, "filesize": 14458, "single_event": false, "tonality": "D major", "tonality_confidence": 0.8009801506996155, "loop": false, "tempo": 0, "tempo_confidence": 0.0, "note_midi": 38, "note_name": "D2", "note_frequency": 73.42857360839844, "note_confidence": 0.9918432831764221, "hardness": 63.834810814460496, "depth": 60.402348331295634, "brightness": 58.64313520678387, "roughness": 62.53163313135553, "warmth": 51.419132335904585, "sharpness": 51.853934141588525, "boominess": 35.89617241569171, "reverb": false, "name": "AKWF_1438.wav", "SpectralCentroid": 0.651047512697078, "SpectralSpread": 0.5560649605597945, "SpectralKurtosis": 0.40470115349661445, "ZeroCrossingRate": 0.2330271804613616, "SpectralComplexity": 1.0, "OddToEvenHarmonicEnergyRatio": 0.7385525634534594, "Dissonance": 0.9934732098626403, "PitchSalience": 0.4121154523000701, "HNR": 0.0}