{"duration": 0.08163265138864517, "lossless": 1.0, "codec": "pcm_f32le", "bitrate": 1411200.0, "samplerate": 44100.0, "channels": 1.0, "audio_md5": "361bffc398cf4e06c156a90d99fb10db", "loudness": -17.486129760742188, "dynamic_range": 0.0, "temporal_centroid": 0.5920023918151855, "log_attack_time": -1.2547410726547241, "filesize": 14458, "single_event": false, "tonality": "D major", "tonality_confidence": 0.8855280876159668, "loop": false, "tempo": 0, "tempo_confidence": 0.0, "note_midi": 38, "note_name": "D2", "note_frequency": 73.42839813232422, "note_confidence": 0.9982638359069824, "hardness": 52.42612774068428, "depth": 58.07604472251218, "brightness": 55.13777809160473, "roughness": 61.799378642441, "warmth": 56.11168414662531, "sharpness": 35.71218977384454, "boominess": 35.578839484409, "reverb": false, "name": "AKWF_0079.wav", "SpectralCentroid": 0.35504789923462743, "SpectralSpread": 0.14971615812838804, "SpectralKurtosis": 0.6461589562893882, "ZeroCrossingRate": 0.2330271804613616, "SpectralComplexity": 1.0, "OddToEvenHarmonicEnergyRatio": 0.4450655427424021, "Dissonance": 0.9726858872659396, "PitchSalience": 0.5750919013831102, "HNR": 0.37165336652772596}