{"duration": 0.08163265138864517, "lossless": 1.0, "codec": "pcm_f32le", "bitrate": 1411200.0, "samplerate": 44100.0, "channels": 1.0, "audio_md5": "8472a84f87d2d69836bc53d1d456c0dd", "loudness": -16.62453842163086, "dynamic_range": 0.0, "temporal_centroid": 0.5978602766990662, "log_attack_time": -1.2207013368606567, "filesize": 14458, "single_event": false, "tonality": "D minor", "tonality_confidence": 0.43051642179489136, "loop": false, "tempo": 0, "tempo_confidence": 0.0, "note_midi": 38, "note_name": "D2", "note_frequency": 73.42858123779297, "note_confidence": 0.9601581692695618, "hardness": 74.12956347618149, "depth": 39.535636338250264, "brightness": 61.95362940944718, "roughness": 72.43658556903577, "warmth": 44.43250071181798, "sharpness": 52.005434533500804, "boominess": 28.018938301296018, "reverb": false, "name": "AKWF_oscchip_0134.wav", "SpectralCentroid": 0.7007421995996134, "SpectralSpread": 0.6124381746263309, "SpectralKurtosis": 0.46356079849340054, "ZeroCrossingRate": 0.6763055068286788, "SpectralComplexity": 1.0, "OddToEvenHarmonicEnergyRatio": 0.4161023102394714, "Dissonance": 0.9860890518904833, "PitchSalience": 0.747803488572983, "HNR": 0.7132074848793524}