{
    "duration": 0.08163265138864517,
    "lossless": 1.0,
    "codec": "pcm_f32le",
    "bitrate": 1411200.0,
    "samplerate": 44100.0,
    "channels": 1.0,
    "audio_md5": "78a3e9e177c9dc252488e84f61d54b85",
    "loudness": -13.972783088684082,
    "dynamic_range": 0.0,
    "temporal_centroid": 0.5747531652450562,
    "log_attack_time": -1.3753929138183594,
    "filesize": 14458,
    "single_event": false,
    "tonality": "D major",
    "tonality_confidence": 0.6725431680679321,
    "loop": false,
    "tempo": 0,
    "tempo_confidence": 0.0,
    "note_midi": 38,
    "note_name": "D2",
    "note_frequency": 73.42851257324219,
    "note_confidence": 0.9847855567932129,
    "hardness": 24.528096548799525,
    "depth": 63.11814178221071,
    "brightness": 30.093130503656806,
    "roughness": 45.65648859481325,
    "warmth": 65.21284920883728,
    "sharpness": 0.0,
    "boominess": 54.70056052897772,
    "reverb": false
}