{"duration": 0.08163265138864517, "lossless": 1.0, "codec": "pcm_f32le", "bitrate": 1411200.0, "samplerate": 44100.0, "channels": 1.0, "audio_md5": "4c4657809e3ad7875be484b58a998633", "loudness": -13.354630470275879, "dynamic_range": 0.0, "temporal_centroid": 0.5812057256698608, "log_attack_time": -1.2945785522460938, "filesize": 14458, "single_event": false, "tonality": "D minor", "tonality_confidence": 0.7454500198364258, "loop": false, "tempo": 0, "tempo_confidence": 0.0, "note_midi": 50, "note_name": "D3", "note_frequency": 146.70152282714844, "note_confidence": 0.9030216932296753, "hardness": 27.949131855576, "depth": 60.95402204911592, "brightness": 28.702480853666497, "roughness": 47.98867349525009, "warmth": 73.63872162792487, "sharpness": 0.0, "boominess": 52.16711176574245, "reverb": false, "name": "AKWF_1691.wav", "SpectralCentroid": 0.05582680386140201, "SpectralSpread": 0.008587723070272644, "SpectralKurtosis": 0.8479720671109262, "ZeroCrossingRate": 0.4252420033405892, "SpectralComplexity": 0.44776119402985076, "OddToEvenHarmonicEnergyRatio": 0.019071257880348996, "Dissonance": 0.6349723804294615, "PitchSalience": 0.30703060496147305, "HNR": 0.8432775327707231}