{"duration": 0.08163265138864517, "lossless": 1.0, "codec": "pcm_f32le", "bitrate": 1411200.0, "samplerate": 44100.0, "channels": 1.0, "audio_md5": "97bf374d521e6c57319e6448b2545e86", "loudness": -20.088829040527344, "dynamic_range": 0.0, "temporal_centroid": 0.6261465549468994, "log_attack_time": -1.2197202444076538, "filesize": 14458, "single_event": false, "tonality": "D major", "tonality_confidence": 0.8528580665588379, "loop": false, "tempo": 0, "tempo_confidence": 0.0, "note_midi": 38, "note_name": "D2", "note_frequency": 73.42850494384766, "note_confidence": 0.947145938873291, "hardness": 80.90495961248897, "depth": 23.91718161091923, "brightness": 65.87472492414797, "roughness": 69.026400191017, "warmth": 29.995109027359455, "sharpness": 53.521224359892265, "boominess": 13.28735975250956, "reverb": false, "name": "AKWF_0315.wav", "SpectralCentroid": 0.719709793049964, "SpectralSpread": 0.7317864136378899, "SpectralKurtosis": 0.5029555029061884, "ZeroCrossingRate": 0.9990299466315149, "SpectralComplexity": 1.0, "OddToEvenHarmonicEnergyRatio": 0.2597947438043013, "Dissonance": 0.9996067267235026, "PitchSalience": 0.9020845474097372, "HNR": 0.0}