{
    "duration": 0.08163265138864517,
    "lossless": 1.0,
    "codec": "pcm_f32le",
    "bitrate": 1411200.0,
    "samplerate": 44100.0,
    "channels": 1.0,
    "audio_md5": "c1002e440f735f917f5f60d7a745381b",
    "loudness": -15.096193313598633,
    "dynamic_range": 0.0,
    "temporal_centroid": 0.5807588696479797,
    "log_attack_time": -1.369357705116272,
    "filesize": 14458,
    "single_event": false,
    "tonality": "D major",
    "tonality_confidence": 0.5638151168823242,
    "loop": false,
    "tempo": 0,
    "tempo_confidence": 0.0,
    "note_midi": 38,
    "note_name": "D2",
    "note_frequency": 73.42840576171875,
    "note_confidence": 0.9824883937835693,
    "hardness": 22.419367198529542,
    "depth": 63.70872639807571,
    "brightness": 27.47385173421971,
    "roughness": 41.50798215302548,
    "warmth": 58.11212000118978,
    "sharpness": 13.64996961501118,
    "boominess": 59.54694311758746,
    "reverb": false
}