{
    "duration": 0.08163265138864517,
    "lossless": 1.0,
    "codec": "pcm_f32le",
    "bitrate": 1411200.0,
    "samplerate": 44100.0,
    "channels": 1.0,
    "audio_md5": "0dde9363434a3a7fd28683523b37b5e4",
    "loudness": -14.429677963256836,
    "dynamic_range": 0.0,
    "temporal_centroid": 0.5890516042709351,
    "log_attack_time": -1.2700568437576294,
    "filesize": 14458,
    "single_event": false,
    "tonality": "D major",
    "tonality_confidence": 0.7995438575744629,
    "loop": false,
    "tempo": 0,
    "tempo_confidence": 0.0,
    "note_midi": 38,
    "note_name": "D2",
    "note_frequency": 73.4436264038086,
    "note_confidence": 0.9233102798461914,
    "hardness": 44.21257498002461,
    "depth": 57.63098341503347,
    "brightness": 41.92694953308019,
    "roughness": 55.934457302265706,
    "warmth": 70.77704813563152,
    "sharpness": 22.33011397180057,
    "boominess": 41.58942258551444,
    "reverb": false
}