{"duration": 0.08163265138864517, "lossless": 1.0, "codec": "pcm_f32le", "bitrate": 1411200.0, "samplerate": 44100.0, "channels": 1.0, "audio_md5": "7c7c5fef08843c962b6ab085057d8f8d", "loudness": -17.24540901184082, "dynamic_range": 0.0, "temporal_centroid": 0.588790774345398, "log_attack_time": -1.2704238891601562, "filesize": 14458, "single_event": false, "tonality": "D major", "tonality_confidence": 0.5069296956062317, "loop": false, "tempo": 0, "tempo_confidence": 0.0, "note_midi": 38, "note_name": "D2", "note_frequency": 73.45529174804688, "note_confidence": 0.8695184588432312, "hardness": 37.13086529979613, "depth": 57.526546019270185, "brightness": 31.68197961209008, "roughness": 52.88863859118352, "warmth": 70.70655325035236, "sharpness": 4.237681628026319, "boominess": 44.86185479624395, "reverb": false, "name": "AKWF_1340.wav", "SpectralCentroid": 0.09569504980482496, "SpectralSpread": 0.02029815316744786, "SpectralKurtosis": 0.8108786847634714, "ZeroCrossingRate": 0.5688738575398764, "SpectralComplexity": 0.29850746268656714, "OddToEvenHarmonicEnergyRatio": 0.42418869824023125, "Dissonance": 0.7844740640942082, "PitchSalience": 0.5482789806482568, "HNR": 0.7195973802517645}