{"duration": 0.08163265138864517, "lossless": 1.0, "codec": "pcm_f32le", "bitrate": 1411200.0, "samplerate": 44100.0, "channels": 1.0, "audio_md5": "99e2f8121bd6ef711cb85036ea192c4a", "loudness": -15.399881362915039, "dynamic_range": 0.0, "temporal_centroid": 0.5985776782035828, "log_attack_time": -1.2855523824691772, "filesize": 14458, "single_event": false, "tonality": "D major", "tonality_confidence": 0.7542137503623962, "loop": false, "tempo": 0, "tempo_confidence": 0.0, "note_midi": 38, "note_name": "D2", "note_frequency": 73.43231201171875, "note_confidence": 0.9174363017082214, "hardness": 52.0207299810921, "depth": 47.90190441040479, "brightness": 46.53098112164315, "roughness": 56.516181866823075, "warmth": 62.13087215098778, "sharpness": 24.060678421408102, "boominess": 35.79370189859731, "reverb": false, "name": "AKWF_clavinet_0025.wav", "SpectralCentroid": 0.23924154249509177, "SpectralSpread": 0.10171213322927686, "SpectralKurtosis": 0.7312685366351976, "ZeroCrossingRate": 0.8170126056699671, "SpectralComplexity": 0.6119402985074627, "OddToEvenHarmonicEnergyRatio": 0.319363727211333, "Dissonance": 0.9373540177183032, "PitchSalience": 0.6271481513642405, "HNR": 0.0}