{
    "duration": 0.08163265138864517,
    "lossless": 1.0,
    "codec": "pcm_f32le",
    "bitrate": 1411200.0,
    "samplerate": 44100.0,
    "channels": 1.0,
    "audio_md5": "8db6b68759f3993b00701bab07883398",
    "loudness": -12.813591003417969,
    "dynamic_range": 0.0,
    "temporal_centroid": 0.586646318435669,
    "log_attack_time": -1.3793847560882568,
    "filesize": 14458,
    "single_event": false,
    "tonality": "D major",
    "tonality_confidence": 0.8507289290428162,
    "loop": false,
    "tempo": 0,
    "tempo_confidence": 0.0,
    "note_midi": 50,
    "note_name": "D3",
    "note_frequency": 146.86058044433594,
    "note_confidence": 0.9988822937011719,
    "hardness": 72.25717724539558,
    "depth": 54.56673397613737,
    "brightness": 51.505576580904155,
    "roughness": 54.72345135395191,
    "warmth": 53.87748425831026,
    "sharpness": 46.32179302080178,
    "boominess": 37.51586021398745,
    "reverb": false
}