{
    "duration": 0.08163265138864517,
    "lossless": 1.0,
    "codec": "pcm_f32le",
    "bitrate": 1411200.0,
    "samplerate": 44100.0,
    "channels": 1.0,
    "audio_md5": "79a8bda94a3fa3d43d1356e8fdeb9c9b",
    "loudness": -18.153255462646484,
    "dynamic_range": 0.0,
    "temporal_centroid": 0.6099965572357178,
    "log_attack_time": -1.2491122484207153,
    "filesize": 14458,
    "single_event": false,
    "tonality": "D major",
    "tonality_confidence": 0.6979966759681702,
    "loop": false,
    "tempo": 0,
    "tempo_confidence": 0.0,
    "note_midi": 38,
    "note_name": "D2",
    "note_frequency": 73.42839813232422,
    "note_confidence": 0.9870966672897339,
    "hardness": 73.70109948108197,
    "depth": 54.785294245048306,
    "brightness": 56.56044107503364,
    "roughness": 69.28273948848032,
    "warmth": 51.3215678491776,
    "sharpness": 49.93676120660578,
    "boominess": 32.76739727466335,
    "reverb": false
}