{"duration": 0.08163265138864517, "lossless": 1.0, "codec": "pcm_f32le", "bitrate": 1411200.0, "samplerate": 44100.0, "channels": 1.0, "audio_md5": "171fa43c8ed5a5c9ad0ecfacbf181b53", "loudness": -13.237388610839844, "dynamic_range": 0.0, "temporal_centroid": 0.5789785385131836, "log_attack_time": -1.3848446607589722, "filesize": 14458, "single_event": false, "tonality": "C# minor", "tonality_confidence": 0.6347383856773376, "loop": false, "tempo": 0, "tempo_confidence": 0.0, "note_midi": 38, "note_name": "D2", "note_frequency": 73.44829559326172, "note_confidence": 0.9889585971832275, "hardness": 19.273309966276685, "depth": 54.88928107063737, "brightness": 18.36762957060464, "roughness": 0, "warmth": 56.099367716877296, "sharpness": 0.0, "boominess": 62.169305806682644, "reverb": false, "name": "AKWF_sin_0003.wav", "SpectralCentroid": 0.02376036927287098, "SpectralSpread": 0.03139197695887678, "SpectralKurtosis": 0.8103351546606764, "ZeroCrossingRate": 0.2330271804613616, "SpectralComplexity": 0.14925373134328357, "OddToEvenHarmonicEnergyRatio": 1.0, "Dissonance": 0.5886037690050477, "PitchSalience": 0.02538459091826601, "HNR": 0.0}