{
    "duration": 0.08163265138864517,
    "lossless": 1.0,
    "codec": "pcm_f32le",
    "bitrate": 1411200.0,
    "samplerate": 44100.0,
    "channels": 1.0,
    "audio_md5": "bc5a20b1b733fa35e0f558c227892bcf",
    "loudness": -16.318986892700195,
    "dynamic_range": 0.0,
    "temporal_centroid": 0.5983591675758362,
    "log_attack_time": -1.274295687675476,
    "filesize": 14458,
    "single_event": false,
    "tonality": "D major",
    "tonality_confidence": 0.8339216709136963,
    "loop": false,
    "tempo": 0,
    "tempo_confidence": 0.0,
    "note_midi": 38,
    "note_name": "D2",
    "note_frequency": 73.44693756103516,
    "note_confidence": 0.8912823796272278,
    "hardness": 49.53830558581831,
    "depth": 59.505938832350225,
    "brightness": 42.46167105356678,
    "roughness": 53.74468715279613,
    "warmth": 65.95708428272016,
    "sharpness": 25.874692688808864,
    "boominess": 41.72463821726758,
    "reverb": false
}