{
    "duration": 0.08163265138864517,
    "lossless": 1.0,
    "codec": "pcm_f32le",
    "bitrate": 1411200.0,
    "samplerate": 44100.0,
    "channels": 1.0,
    "audio_md5": "57b039297e81f2f91703d2ff49dd4042",
    "loudness": -14.443025588989258,
    "dynamic_range": 0.0,
    "temporal_centroid": 0.5777196288108826,
    "log_attack_time": -1.2893704175949097,
    "filesize": 14458,
    "single_event": false,
    "tonality": "D minor",
    "tonality_confidence": 0.7876514196395874,
    "loop": false,
    "tempo": 0,
    "tempo_confidence": 0.0,
    "note_midi": 38,
    "note_name": "D2",
    "note_frequency": 73.4376220703125,
    "note_confidence": 0.9333200454711914,
    "hardness": 44.16950209508258,
    "depth": 58.08746605399645,
    "brightness": 37.58300521891941,
    "roughness": 42.24133303628247,
    "warmth": 62.52263670802745,
    "sharpness": 19.383399381014048,
    "boominess": 38.476316034721705,
    "reverb": false
}