{
    "duration": 0.08163265138864517,
    "lossless": 1.0,
    "codec": "pcm_f32le",
    "bitrate": 1411200.0,
    "samplerate": 44100.0,
    "channels": 1.0,
    "audio_md5": "44b32dd48c7825751c33973854041721",
    "loudness": -19.449462890625,
    "dynamic_range": 0.0,
    "temporal_centroid": 0.6067777872085571,
    "log_attack_time": -1.2624216079711914,
    "filesize": 14458,
    "single_event": false,
    "tonality": "D major",
    "tonality_confidence": 0.6870689988136292,
    "loop": false,
    "tempo": 0,
    "tempo_confidence": 0.0,
    "note_midi": 38,
    "note_name": "D2",
    "note_frequency": 73.42839813232422,
    "note_confidence": 0.7188078165054321,
    "hardness": 52.33296699911793,
    "depth": 58.17102213699991,
    "brightness": 45.129908926848486,
    "roughness": 56.278283223982825,
    "warmth": 66.93141228754722,
    "sharpness": 29.82066160615143,
    "boominess": 41.20554712182595,
    "reverb": false
}