{"duration": 0.08163265138864517, "lossless": 1.0, "codec": "pcm_f32le", "bitrate": 1411200.0, "samplerate": 44100.0, "channels": 1.0, "audio_md5": "021cca44285f5ca6d4ff0a58aa5158c9", "loudness": -14.698602676391602, "dynamic_range": 0.0, "temporal_centroid": 0.584964394569397, "log_attack_time": -1.2684093713760376, "filesize": 14458, "single_event": false, "tonality": "D minor", "tonality_confidence": 0.6780034303665161, "loop": false, "tempo": 0, "tempo_confidence": 0.0, "note_midi": 38, "note_name": "D2", "note_frequency": 73.4842300415039, "note_confidence": 0.9481251239776611, "hardness": 28.054481148771316, "depth": 61.60443503842393, "brightness": 18.678971430153197, "roughness": 45.59560331385822, "warmth": 65.59011718439125, "sharpness": 0.0, "boominess": 54.03485019511756, "reverb": false, "name": "AKWF_1833.wav", "SpectralCentroid": 0.02565522657060175, "SpectralSpread": 0.0017384387815856826, "SpectralKurtosis": 0.9447204288509221, "ZeroCrossingRate": 0.2330271804613616, "SpectralComplexity": 0.19402985074626866, "OddToEvenHarmonicEnergyRatio": 0.48632227236169673, "Dissonance": 0.7062524324302246, "PitchSalience": 0.1878963927635841, "HNR": 0.6853619731120368}