{"duration": 0.08163265138864517, "lossless": 1.0, "codec": "pcm_f32le", "bitrate": 1411200.0, "samplerate": 44100.0, "channels": 1.0, "audio_md5": "1d686861adc46d23fc90238a5bf11538", "loudness": -15.348649024963379, "dynamic_range": 0.0, "temporal_centroid": 0.5916018486022949, "log_attack_time": -1.2054219245910645, "filesize": 14458, "single_event": false, "tonality": "D major", "tonality_confidence": 0.8293567895889282, "loop": false, "tempo": 0, "tempo_confidence": 0.0, "note_midi": 38, "note_name": "D2", "note_frequency": 73.43378448486328, "note_confidence": 0.9845262169837952, "hardness": 35.19292888124059, "depth": 61.3878171883248, "brightness": 36.17828155709552, "roughness": 49.377039434496076, "warmth": 67.85273541406534, "sharpness": 13.32539838364162, "boominess": 49.10672961579725, "reverb": false, "name": "AKWF_ebass_0053.wav", "SpectralCentroid": 0.13132167344614407, "SpectralSpread": 0.09541339297931647, "SpectralKurtosis": 0.7276773508321911, "ZeroCrossingRate": 0.4252420033405892, "SpectralComplexity": 0.8805970149253731, "OddToEvenHarmonicEnergyRatio": 0.7004767892295521, "Dissonance": 0.7765961993697125, "PitchSalience": 0.4411187265732629, "HNR": 0.7298928670627154}