{"duration": 0.08163265138864517, "lossless": 1.0, "codec": "pcm_f32le", "bitrate": 1411200.0, "samplerate": 44100.0, "channels": 1.0, "audio_md5": "d5f6dcbdfe9dd569f4fc8ed0276bc8ad", "loudness": -16.46330451965332, "dynamic_range": 0.0, "temporal_centroid": 0.5948479175567627, "log_attack_time": -1.266586184501648, "filesize": 14458, "single_event": false, "tonality": "A major", "tonality_confidence": 0.6885959506034851, "loop": false, "tempo": 0, "tempo_confidence": 0.0, "note_midi": 38, "note_name": "D2", "note_frequency": 73.47638702392578, "note_confidence": 0.8605003356933594, "hardness": 37.32393482411892, "depth": 59.67658058026121, "brightness": 26.57016432478157, "roughness": 50.60779864246995, "warmth": 67.5716265269709, "sharpness": 7.211123224197884, "boominess": 48.23906584415157, "reverb": false, "name": "AKWF_epiano_0072.wav", "SpectralCentroid": 0.07603979487697565, "SpectralSpread": 0.020308801975621883, "SpectralKurtosis": 0.8377801143923174, "ZeroCrossingRate": 0.4252420033405892, "SpectralComplexity": 0.2835820895522388, "OddToEvenHarmonicEnergyRatio": 0.21985786233227203, "Dissonance": 0.7395142199797995, "PitchSalience": 0.5396763446040698, "HNR": 0.0}