{"duration": 0.08163265138864517, "lossless": 1.0, "codec": "pcm_f32le", "bitrate": 1411200.0, "samplerate": 44100.0, "channels": 1.0, "audio_md5": "085ddc8e95fe54e6846aafe18a7ec604", "loudness": -20.146589279174805, "dynamic_range": 0.0, "temporal_centroid": 0.59367835521698, "log_attack_time": -1.2656774520874023, "filesize": 14458, "single_event": false, "tonality": "D major", "tonality_confidence": 0.827222466468811, "loop": false, "tempo": 0, "tempo_confidence": 0.0, "note_midi": 38, "note_name": "D2", "note_frequency": 73.42955017089844, "note_confidence": 0.8300451040267944, "hardness": 77.14856262422506, "depth": 48.3018189577197, "brightness": 60.83174356802855, "roughness": 69.66044270250008, "warmth": 46.2655026736, "sharpness": 49.827938347845404, "boominess": 28.72109841496648, "reverb": false, "name": "AKWF_1584.wav", "SpectralCentroid": 0.6438370132460021, "SpectralSpread": 0.5593617471553332, "SpectralKurtosis": 0.4973721669158064, "ZeroCrossingRate": 0.4252420033405892, "SpectralComplexity": 1.0, "OddToEvenHarmonicEnergyRatio": 0.40667260714658476, "Dissonance": 0.9841923398067827, "PitchSalience": 0.7867566753816423, "HNR": 0.0}