{"duration": 0.08163265138864517, "lossless": 1.0, "codec": "pcm_f32le", "bitrate": 1411200.0, "samplerate": 44100.0, "channels": 1.0, "audio_md5": "0e36b53c79c079c51eafc88e533eadac", "loudness": -16.794475555419922, "dynamic_range": 0.0, "temporal_centroid": 0.5908277630805969, "log_attack_time": -1.2780156135559082, "filesize": 14458, "single_event": false, "tonality": "D major", "tonality_confidence": 0.8064101338386536, "loop": false, "tempo": 0, "tempo_confidence": 0.0, "note_midi": 38, "note_name": "D2", "note_frequency": 73.4291000366211, "note_confidence": 0.9642032980918884, "hardness": 64.81227200929592, "depth": 43.874627058524645, "brightness": 52.89108096938271, "roughness": 60.84074152347602, "warmth": 49.14266642945368, "sharpness": 44.34723344419409, "boominess": 23.586822803836846, "reverb": false, "name": "AKWF_overtone_0040.wav", "SpectralCentroid": 0.6352364756078687, "SpectralSpread": 0.7037012522955199, "SpectralKurtosis": 0.5147992051829131, "ZeroCrossingRate": 0.8622249050771842, "SpectralComplexity": 0.8955223880597015, "OddToEvenHarmonicEnergyRatio": 0.6576527434335291, "Dissonance": 0.9362922090463357, "PitchSalience": 0.4572193304319755, "HNR": 0.7739286057484626}