{
    "duration": 0.08163265138864517,
    "lossless": 1.0,
    "codec": "pcm_f32le",
    "bitrate": 1411200.0,
    "samplerate": 44100.0,
    "channels": 1.0,
    "audio_md5": "35d9da6a6f1edc5138c7ccee822272cc",
    "loudness": -15.760149955749512,
    "dynamic_range": 0.0,
    "temporal_centroid": 0.590403139591217,
    "log_attack_time": -1.2821446657180786,
    "filesize": 14458,
    "single_event": false,
    "tonality": "D minor",
    "tonality_confidence": 0.7395162582397461,
    "loop": false,
    "tempo": 0,
    "tempo_confidence": 0.0,
    "note_midi": 38,
    "note_name": "D2",
    "note_frequency": 73.42941284179688,
    "note_confidence": 0.935274064540863,
    "hardness": 69.53361554828348,
    "depth": 49.5870999612791,
    "brightness": 57.46554530667666,
    "roughness": 71.3057825086437,
    "warmth": 49.74397371835949,
    "sharpness": 46.84389341937671,
    "boominess": 29.166814597379343,
    "reverb": false
}