{"duration": 0.08163265138864517, "lossless": 1.0, "codec": "pcm_f32le", "bitrate": 1411200.0, "samplerate": 44100.0, "channels": 1.0, "audio_md5": "301153c4f23fdb39a82d416b2dca5ddd", "loudness": -18.126644134521484, "dynamic_range": 0.0, "temporal_centroid": 0.5906074643135071, "log_attack_time": -1.2653144598007202, "filesize": 14458, "single_event": false, "tonality": "D major", "tonality_confidence": 0.5990515947341919, "loop": false, "tempo": 0, "tempo_confidence": 0.0, "note_midi": 38, "note_name": "D2", "note_frequency": 73.42839813232422, "note_confidence": 0.9108830690383911, "hardness": 75.23347885896342, "depth": 51.609251702212426, "brightness": 58.64558879027591, "roughness": 71.63534080329835, "warmth": 48.26412230186875, "sharpness": 49.394975671801916, "boominess": 31.086936715838817, "reverb": false, "name": "AKWF_1768.wav", "SpectralCentroid": 0.8091995079242222, "SpectralSpread": 0.8903338754882149, "SpectralKurtosis": 0.43180486493768283, "ZeroCrossingRate": 0.4252420033405892, "SpectralComplexity": 1.0, "OddToEvenHarmonicEnergyRatio": 0.1909686849414811, "Dissonance": 0.9762494887155659, "PitchSalience": 0.7178753268453718, "HNR": 0.0}