{"duration": 0.08163265138864517, "lossless": 1.0, "codec": "pcm_f32le", "bitrate": 1411200.0, "samplerate": 44100.0, "channels": 1.0, "audio_md5": "1ac819649693c9bdc1d84b9315d4b497", "loudness": -12.028937339782715, "dynamic_range": 0.0, "temporal_centroid": 0.5778139233589172, "log_attack_time": -1.364999771118164, "filesize": 14458, "single_event": false, "tonality": "D major", "tonality_confidence": 0.784018874168396, "loop": false, "tempo": 0, "tempo_confidence": 0.0, "note_midi": 38, "note_name": "D2", "note_frequency": 74.62372589111328, "note_confidence": 0.8651822209358215, "hardness": 65.88444700545944, "depth": 50.24681554583517, "brightness": 62.23933002724506, "roughness": 70.96599569674441, "warmth": 47.650711646996996, "sharpness": 51.74696655562952, "boominess": 31.461455937384194, "reverb": false, "name": "AKWF_distorted_0025.wav", "SpectralCentroid": 0.7129345215141022, "SpectralSpread": 0.6471091183076627, "SpectralKurtosis": 0.489427859545293, "ZeroCrossingRate": 0.9662027975578588, "SpectralComplexity": 1.0, "OddToEvenHarmonicEnergyRatio": 0.31337028444849696, "Dissonance": 0.9889213926075127, "PitchSalience": 0.6294023881342006, "HNR": 0.8587288854401345}