{"duration": 0.08163265138864517, "lossless": 1.0, "codec": "pcm_f32le", "bitrate": 1411200.0, "samplerate": 44100.0, "channels": 1.0, "audio_md5": "c6f344d63edc9c8145175490065e9b77", "loudness": -19.141380310058594, "dynamic_range": 0.0, "temporal_centroid": 0.5951513648033142, "log_attack_time": -1.267679214477539, "filesize": 14458, "single_event": false, "tonality": "F# minor", "tonality_confidence": 0.6250829100608826, "loop": false, "tempo": 0, "tempo_confidence": 0.0, "note_midi": 38, "note_name": "D2", "note_frequency": 73.4406509399414, "note_confidence": 0.839598536491394, "hardness": 53.129975757032554, "depth": 50.711267323697726, "brightness": 48.4311563240911, "roughness": 58.64111984004812, "warmth": 60.76285357654007, "sharpness": 31.13438503575251, "boominess": 33.29639030968143, "reverb": false, "name": "AKWF_hvoice_0034.wav", "SpectralCentroid": 0.25774663980931334, "SpectralSpread": 0.10175422757665263, "SpectralKurtosis": 0.6658140665672331, "ZeroCrossingRate": 0.8622249050771842, "SpectralComplexity": 1.0, "OddToEvenHarmonicEnergyRatio": 0.4404794139718535, "Dissonance": 0.9094259989812238, "PitchSalience": 0.5961838509604572, "HNR": 0.8575455141137042}