{
    "duration": 0.08163265138864517,
    "lossless": 1.0,
    "codec": "pcm_f32le",
    "bitrate": 1411200.0,
    "samplerate": 44100.0,
    "channels": 1.0,
    "audio_md5": "5b351ca17bdf6d1c8e63ca6fc0aad3aa",
    "loudness": -16.154216766357422,
    "dynamic_range": 0.0,
    "temporal_centroid": 0.5858986973762512,
    "log_attack_time": -1.268044114112854,
    "filesize": 14458,
    "single_event": false,
    "tonality": "D major",
    "tonality_confidence": 0.8603641390800476,
    "loop": false,
    "tempo": 0,
    "tempo_confidence": 0.0,
    "note_midi": 38,
    "note_name": "D2",
    "note_frequency": 73.42839813232422,
    "note_confidence": 0.9492877721786499,
    "hardness": 39.57577259641107,
    "depth": 53.81375547242861,
    "brightness": 37.84944089222098,
    "roughness": 51.80144427586016,
    "warmth": 69.25565475854677,
    "sharpness": 14.777483140981957,
    "boominess": 43.79897196975291,
    "reverb": false
}