{"duration": 0.08163265138864517, "lossless": 1.0, "codec": "pcm_f32le", "bitrate": 1411200.0, "samplerate": 44100.0, "channels": 1.0, "audio_md5": "94df056048999bb30a5c30f553947b17", "loudness": -14.026796340942383, "dynamic_range": 0.0, "temporal_centroid": 0.5821161270141602, "log_attack_time": -1.3150407075881958, "filesize": 14458, "single_event": false, "tonality": "D major", "tonality_confidence": 0.7310720682144165, "loop": false, "tempo": 0, "tempo_confidence": 0.0, "note_midi": 38, "note_name": "D2", "note_frequency": 73.45307922363281, "note_confidence": 0.9504194259643555, "hardness": 30.55953585531681, "depth": 61.964445221844876, "brightness": 26.770816173691664, "roughness": 48.13130146366206, "warmth": 64.28986819350706, "sharpness": 4.058188399754361, "boominess": 47.06227935461874, "reverb": false, "name": "AKWF_2006.wav", "SpectralCentroid": 0.053842317042395685, "SpectralSpread": 0.012561946352261629, "SpectralKurtosis": 0.86410343304573, "ZeroCrossingRate": 0.4252420033405892, "SpectralComplexity": 0.22388059701492538, "OddToEvenHarmonicEnergyRatio": 0.504164267236698, "Dissonance": 0.8735096897517302, "PitchSalience": 0.4306642420211911, "HNR": 0.0}