{"duration": 0.08163265138864517, "lossless": 1.0, "codec": "pcm_f32le", "bitrate": 1411200.0, "samplerate": 44100.0, "channels": 1.0, "audio_md5": "e2cc11a4f9489d12dce6fc7c0386e352", "loudness": -17.553159713745117, "dynamic_range": 0.0, "temporal_centroid": 0.607612133026123, "log_attack_time": -1.2409749031066895, "filesize": 14458, "single_event": false, "tonality": "D major", "tonality_confidence": 0.7210944890975952, "loop": false, "tempo": 0, "tempo_confidence": 0.0, "note_midi": 38, "note_name": "D2", "note_frequency": 73.43355560302734, "note_confidence": 0.8878909945487976, "hardness": 59.1154925641049, "depth": 47.976488729952365, "brightness": 48.81475983932992, "roughness": 58.88718271715329, "warmth": 58.69535792941093, "sharpness": 36.776772430915166, "boominess": 35.29843332471149, "reverb": false, "name": "AKWF_1046.wav", "SpectralCentroid": 0.44915995100550854, "SpectralSpread": 0.4821936411872902, "SpectralKurtosis": 0.581118104514632, "ZeroCrossingRate": 0.4252420033405892, "SpectralComplexity": 0.9701492537313433, "OddToEvenHarmonicEnergyRatio": 0.1904775865226793, "Dissonance": 0.9263280704344269, "PitchSalience": 0.7484276540697945, "HNR": 0.8024379617069819}