{"duration": 0.08163265138864517, "lossless": 1.0, "codec": "pcm_f32le", "bitrate": 1411200.0, "samplerate": 44100.0, "channels": 1.0, "audio_md5": "fab63d8ff2459059d552e6cadea3970f", "loudness": -13.959303855895996, "dynamic_range": 0.0, "temporal_centroid": 0.5816493630409241, "log_attack_time": -1.3316267728805542, "filesize": 14458, "single_event": false, "tonality": "D major", "tonality_confidence": 0.7335803508758545, "loop": false, "tempo": 0, "tempo_confidence": 0.0, "note_midi": 38, "note_name": "D2", "note_frequency": 73.43807983398438, "note_confidence": 0.9936740398406982, "hardness": 19.011449644186357, "depth": 54.865704649180394, "brightness": 20.915817277411847, "roughness": 38.710509048938334, "warmth": 57.566487685876155, "sharpness": 0.0, "boominess": 62.15973261825612, "reverb": false, "name": "AKWF_theremin_0001.wav", "SpectralCentroid": 0.01675903605748661, "SpectralSpread": 0.011262968711996717, "SpectralKurtosis": 0.8729225523703803, "ZeroCrossingRate": 0.2330271804613616, "SpectralComplexity": 0.31343283582089554, "OddToEvenHarmonicEnergyRatio": 0.8237835375769745, "Dissonance": 0.5234711647249042, "PitchSalience": 0.040681784549810834, "HNR": 0.24534326619787394}