{"duration": 0.08163265138864517, "lossless": 1.0, "codec": "pcm_f32le", "bitrate": 1411200.0, "samplerate": 44100.0, "channels": 1.0, "audio_md5": "f38c9465b9d05a30f58310eb7d344209", "loudness": -10.825937271118164, "dynamic_range": 0.0, "temporal_centroid": 0.560905933380127, "log_attack_time": -1.5788588523864746, "filesize": 14458, "single_event": false, "tonality": "A minor", "tonality_confidence": 0.23770315945148468, "loop": false, "tempo": 0, "tempo_confidence": 0.0, "note_midi": 38, "note_name": "D2", "note_frequency": 73.45388793945312, "note_confidence": 0.9712560772895813, "hardness": 32.861090756112176, "depth": 54.47266676945097, "brightness": 35.77277783086857, "roughness": 30.682760988158677, "warmth": 63.55229165557758, "sharpness": 12.980907262846003, "boominess": 49.58091565055774, "reverb": false, "name": "AKWF_1735.wav", "SpectralCentroid": 0.09382448894175119, "SpectralSpread": 0.07257256847150344, "SpectralKurtosis": 0.74325220920322, "ZeroCrossingRate": 0.2330271804613616, "SpectralComplexity": 0.5223880597014925, "OddToEvenHarmonicEnergyRatio": 0.7037917203325379, "Dissonance": 0.7760653679701672, "PitchSalience": 0.3558033437745192, "HNR": 0.0}