{"duration": 0.08163265138864517, "lossless": 1.0, "codec": "pcm_f32le", "bitrate": 1411200.0, "samplerate": 44100.0, "channels": 1.0, "audio_md5": "02a5c124b2284acf6269122bda4baff9", "loudness": -13.617036819458008, "dynamic_range": 0.0, "temporal_centroid": 0.5802916288375854, "log_attack_time": -1.3203619718551636, "filesize": 14458, "single_event": false, "tonality": "D major", "tonality_confidence": 0.8335164189338684, "loop": false, "tempo": 0, "tempo_confidence": 0.0, "note_midi": 38, "note_name": "D2", "note_frequency": 73.42987823486328, "note_confidence": 0.9654700756072998, "hardness": 65.1131392570631, "depth": 62.3338686521727, "brightness": 54.44871283696929, "roughness": 53.31860836216104, "warmth": 49.68054009873784, "sharpness": 47.215393310946965, "boominess": 38.50778985432902, "reverb": false, "name": "AKWF_1200.wav", "SpectralCentroid": 0.6968259280429271, "SpectralSpread": 0.8241568653151533, "SpectralKurtosis": 0.4723943030717082, "ZeroCrossingRate": 0.2330271804613616, "SpectralComplexity": 1.0, "OddToEvenHarmonicEnergyRatio": 0.7678969943212587, "Dissonance": 0.9785469865289316, "PitchSalience": 0.2954745020939187, "HNR": 0.7821879777390608}