{"duration": 0.08163265138864517, "lossless": 1.0, "codec": "pcm_f32le", "bitrate": 1411200.0, "samplerate": 44100.0, "channels": 1.0, "audio_md5": "0bdbf4aa41ea659e8ae495690a3a2b97", "loudness": -18.286029815673828, "dynamic_range": 0.0, "temporal_centroid": 0.596720814704895, "log_attack_time": -1.2674968242645264, "filesize": 14458, "single_event": false, "tonality": "D major", "tonality_confidence": 0.6988585591316223, "loop": false, "tempo": 0, "tempo_confidence": 0.0, "note_midi": 38, "note_name": "D2", "note_frequency": 73.42841339111328, "note_confidence": 0.913428783416748, "hardness": 54.64624720859186, "depth": 48.26957578988333, "brightness": 48.521076976128995, "roughness": 56.57702538702668, "warmth": 60.08381692118651, "sharpness": 29.076063720399766, "boominess": 32.6714087986881, "reverb": false, "name": "AKWF_hvoice_0036.wav", "SpectralCentroid": 0.2406376317176565, "SpectralSpread": 0.09642044964111379, "SpectralKurtosis": 0.6710594548774094, "ZeroCrossingRate": 0.7567375327336924, "SpectralComplexity": 0.9850746268656716, "OddToEvenHarmonicEnergyRatio": 0.20297459062469816, "Dissonance": 0.9999985412712296, "PitchSalience": 0.6296034984422946, "HNR": 0.3400894566380993}