{"duration": 0.08163265138864517, "lossless": 1.0, "codec": "pcm_f32le", "bitrate": 1411200.0, "samplerate": 44100.0, "channels": 1.0, "audio_md5": "dd775d182e998ccf6f481af6c77cd2b2", "loudness": -13.410422325134277, "dynamic_range": 0.0, "temporal_centroid": 0.5738402009010315, "log_attack_time": -1.4056400060653687, "filesize": 14458, "single_event": false, "tonality": "D major", "tonality_confidence": 0.8098883032798767, "loop": false, "tempo": 0, "tempo_confidence": 0.0, "note_midi": 38, "note_name": "D2", "note_frequency": 73.42839813232422, "note_confidence": 0.934244692325592, "hardness": 50.58312000451022, "depth": 61.4729006410939, "brightness": 43.06580376997812, "roughness": 51.376485567741256, "warmth": 56.68390946891397, "sharpness": 35.037105083739206, "boominess": 45.51085208057853, "reverb": false, "name": "AKWF_1356.wav", "SpectralCentroid": 0.3503904687219334, "SpectralSpread": 0.4714042120844706, "SpectralKurtosis": 0.593577547450756, "ZeroCrossingRate": 0.4252420033405892, "SpectralComplexity": 1.0, "OddToEvenHarmonicEnergyRatio": 0.3767523500180605, "Dissonance": 0.9828869234301598, "PitchSalience": 0.32660548874822687, "HNR": 0.0}