{"duration": 0.08163265138864517, "lossless": 1.0, "codec": "pcm_f32le", "bitrate": 1411200.0, "samplerate": 44100.0, "channels": 1.0, "audio_md5": "1210ffbd5d3d804a336d2a5594301148", "loudness": -19.776060104370117, "dynamic_range": 0.0, "temporal_centroid": 0.6131774187088013, "log_attack_time": -1.2582964897155762, "filesize": 14458, "single_event": false, "tonality": "D major", "tonality_confidence": 0.844653308391571, "loop": false, "tempo": 0, "tempo_confidence": 0.0, "note_midi": 38, "note_name": "D2", "note_frequency": 73.42839813232422, "note_confidence": 0.9260095357894897, "hardness": 76.00183782317836, "depth": 53.81993020735007, "brightness": 57.55789097612209, "roughness": 69.29119836290272, "warmth": 51.32517622924431, "sharpness": 49.83464955084376, "boominess": 31.12822725015101, "reverb": false, "name": "AKWF_oscchip_0133.wav", "SpectralCentroid": 0.6580670731087434, "SpectralSpread": 0.5903542461166129, "SpectralKurtosis": 0.4758540567101343, "ZeroCrossingRate": 0.4252420033405892, "SpectralComplexity": 1.0, "OddToEvenHarmonicEnergyRatio": 0.46474500114932543, "Dissonance": 0.9854637678030552, "PitchSalience": 0.779671169685609, "HNR": 0.0}