{
    "duration": 0.08163265138864517,
    "lossless": 1.0,
    "codec": "pcm_f32le",
    "bitrate": 1411200.0,
    "samplerate": 44100.0,
    "channels": 1.0,
    "audio_md5": "1a56780ec037884fce7ee9cb3ef9bc44",
    "loudness": -15.318045616149902,
    "dynamic_range": 0.0,
    "temporal_centroid": 0.5862829089164734,
    "log_attack_time": -1.2700568437576294,
    "filesize": 14458,
    "single_event": false,
    "tonality": "D major",
    "tonality_confidence": 0.6154260635375977,
    "loop": false,
    "tempo": 0,
    "tempo_confidence": 0.0,
    "note_midi": 38,
    "note_name": "D2",
    "note_frequency": 73.42840576171875,
    "note_confidence": 0.9077377319335938,
    "hardness": 46.81040202755483,
    "depth": 58.377212062407104,
    "brightness": 41.70422657829819,
    "roughness": 52.45019776512785,
    "warmth": 66.68892930426885,
    "sharpness": 25.801803432604466,
    "boominess": 41.7821051915962,
    "reverb": false
}