{"duration": 0.08163265138864517, "lossless": 1.0, "codec": "pcm_f32le", "bitrate": 1411200.0, "samplerate": 44100.0, "channels": 1.0, "audio_md5": "fbaebd3902729a4c401a31ac9af28718", "loudness": -16.484092712402344, "dynamic_range": 0.0, "temporal_centroid": 0.6079326868057251, "log_attack_time": -1.2314743995666504, "filesize": 14458, "single_event": false, "tonality": "D minor", "tonality_confidence": 0.7866442799568176, "loop": false, "tempo": 0, "tempo_confidence": 0.0, "note_midi": 38, "note_name": "D2", "note_frequency": 73.42839050292969, "note_confidence": 0.9577214121818542, "hardness": 72.69714790263296, "depth": 51.029188456161826, "brightness": 62.75405573782297, "roughness": 73.50226735685655, "warmth": 41.23570397890596, "sharpness": 52.721407198605405, "boominess": 27.746335346511312, "reverb": false, "name": "AKWF_1051.wav", "SpectralCentroid": 0.8325765726959048, "SpectralSpread": 0.8928794641342115, "SpectralKurtosis": 0.40835139381586394, "ZeroCrossingRate": 0.4252420033405892, "SpectralComplexity": 1.0, "OddToEvenHarmonicEnergyRatio": 0.38506670546878163, "Dissonance": 0.9864778031077924, "PitchSalience": 0.7795965714602288, "HNR": 0.0}