{"duration": 0.08163265138864517, "lossless": 1.0, "codec": "pcm_f32le", "bitrate": 1411200.0, "samplerate": 44100.0, "channels": 1.0, "audio_md5": "df9655d3ceb2d77574714e29c9a74e9b", "loudness": -15.658126831054688, "dynamic_range": 0.0, "temporal_centroid": 0.5783972144126892, "log_attack_time": -1.2664042711257935, "filesize": 14458, "single_event": false, "tonality": "D major", "tonality_confidence": 0.8164094686508179, "loop": false, "tempo": 0, "tempo_confidence": 0.0, "note_midi": 38, "note_name": "D2", "note_frequency": 73.42839813232422, "note_confidence": 0.918364942073822, "hardness": 74.71250717519175, "depth": 55.83410631170004, "brightness": 57.669648246846464, "roughness": 66.69756938448144, "warmth": 50.18115071000536, "sharpness": 50.56213216332096, "boominess": 34.99889442651825, "reverb": false, "name": "AKWF_bitreduced_0028.wav", "SpectralCentroid": 0.8357604426144324, "SpectralSpread": 0.8969794524029374, "SpectralKurtosis": 0.4046535315875315, "ZeroCrossingRate": 0.4252420033405892, "SpectralComplexity": 1.0, "OddToEvenHarmonicEnergyRatio": 0.6832922670805343, "Dissonance": 0.9832970450239552, "PitchSalience": 0.4003200106537933, "HNR": 0.7493645768448084}