{"duration": 0.08163265138864517, "lossless": 1.0, "codec": "pcm_f32le", "bitrate": 1411200.0, "samplerate": 44100.0, "channels": 1.0, "audio_md5": "7b13f6c11cb77f4588a4c70d643ea10e", "loudness": -17.591981887817383, "dynamic_range": 0.0, "temporal_centroid": 0.6079971790313721, "log_attack_time": -1.2642273902893066, "filesize": 14458, "single_event": false, "tonality": "D major", "tonality_confidence": 0.8816483616828918, "loop": false, "tempo": 0, "tempo_confidence": 0.0, "note_midi": 38, "note_name": "D2", "note_frequency": 73.42862701416016, "note_confidence": 0.998311460018158, "hardness": 56.4456056292199, "depth": 58.39539152709208, "brightness": 44.432681873166345, "roughness": 51.407627144098804, "warmth": 61.52670330684768, "sharpness": 33.76514972910285, "boominess": 42.15205863866877, "reverb": false, "name": "AKWF_1166.wav", "SpectralCentroid": 0.4188412207150016, "SpectralSpread": 0.5334482258359869, "SpectralKurtosis": 0.5691548411820646, "ZeroCrossingRate": 0.2330271804613616, "SpectralComplexity": 1.0, "OddToEvenHarmonicEnergyRatio": 0.3340913572696487, "Dissonance": 0.9031751273907835, "PitchSalience": 0.5951417589422648, "HNR": 0.0}