{"duration": 0.08163265138864517, "lossless": 1.0, "codec": "pcm_f32le", "bitrate": 1411200.0, "samplerate": 44100.0, "channels": 1.0, "audio_md5": "88c1b8a188004177bf221ff0c566c52a", "loudness": -15.600695610046387, "dynamic_range": 0.0, "temporal_centroid": 0.5849961638450623, "log_attack_time": -1.2986729145050049, "filesize": 14458, "single_event": false, "tonality": "D major", "tonality_confidence": 0.8460592031478882, "loop": false, "tempo": 0, "tempo_confidence": 0.0, "note_midi": 38, "note_name": "D2", "note_frequency": 73.45747375488281, "note_confidence": 0.9639047384262085, "hardness": 30.031137867145972, "depth": 54.330196165806896, "brightness": 20.3454234930783, "roughness": 45.4021355005576, "warmth": 62.98038374900804, "sharpness": 0.0, "boominess": 52.11761801179637, "reverb": false, "name": "AKWF_1229.wav", "SpectralCentroid": 0.039101431939424, "SpectralSpread": 0.003272097632414494, "SpectralKurtosis": 0.9242049011363479, "ZeroCrossingRate": 0.2330271804613616, "SpectralComplexity": 0.23880597014925373, "OddToEvenHarmonicEnergyRatio": 0.5379007592638526, "Dissonance": 0.6020287416247088, "PitchSalience": 0.27912694558124573, "HNR": 0.0}