{
    "duration": 0.08163265138864517,
    "lossless": 1.0,
    "codec": "pcm_f32le",
    "bitrate": 1411200.0,
    "samplerate": 44100.0,
    "channels": 1.0,
    "audio_md5": "0118dd8322d2f64fab15c623f6fba948",
    "loudness": -15.11152458190918,
    "dynamic_range": 0.0,
    "temporal_centroid": 0.5874769687652588,
    "log_attack_time": -1.2990648746490479,
    "filesize": 14458,
    "single_event": false,
    "tonality": "D major",
    "tonality_confidence": 0.5627954602241516,
    "loop": false,
    "tempo": 0,
    "tempo_confidence": 0.0,
    "note_midi": 38,
    "note_name": "D2",
    "note_frequency": 73.42897033691406,
    "note_confidence": 0.9521015882492065,
    "hardness": 73.5685384318231,
    "depth": 58.87519117645611,
    "brightness": 57.53156174579888,
    "roughness": 64.63361703557098,
    "warmth": 53.94364456011402,
    "sharpness": 48.58854392361662,
    "boominess": 33.62915105299571,
    "reverb": false
}