{"duration": 0.08163265138864517, "lossless": 1.0, "codec": "pcm_f32le", "bitrate": 1411200.0, "samplerate": 44100.0, "channels": 1.0, "audio_md5": "cfc398771761bcbf22da9cfee947680a", "loudness": -15.777244567871094, "dynamic_range": 0.0, "temporal_centroid": 0.5884191393852234, "log_attack_time": -1.1948059797286987, "filesize": 14458, "single_event": false, "tonality": "D major", "tonality_confidence": 0.46469560265541077, "loop": false, "tempo": 0, "tempo_confidence": 0.0, "note_midi": 38, "note_name": "D2", "note_frequency": 73.42839813232422, "note_confidence": 0.9694904088973999, "hardness": 67.03803738761812, "depth": 57.40838531740931, "brightness": 58.79965556822059, "roughness": 65.5109888772904, "warmth": 48.970435126452294, "sharpness": 50.61205562303374, "boominess": 31.975674593949996, "reverb": false, "name": "AKWF_vgame_0110.wav", "SpectralCentroid": 0.7512745697838126, "SpectralSpread": 0.8076459344722307, "SpectralKurtosis": 0.45448302168840454, "ZeroCrossingRate": 0.2330271804613616, "SpectralComplexity": 1.0, "OddToEvenHarmonicEnergyRatio": 0.4090465782980712, "Dissonance": 0.981370356064023, "PitchSalience": 0.6691810856387286, "HNR": 0.0}