{
    "duration": 0.08163265138864517,
    "lossless": 1.0,
    "codec": "pcm_f32le",
    "bitrate": 1411200.0,
    "samplerate": 44100.0,
    "channels": 1.0,
    "audio_md5": "d4f9877f929868554fe4dcf0fd37c8f5",
    "loudness": -14.003697395324707,
    "dynamic_range": 0.0,
    "temporal_centroid": 0.5841388702392578,
    "log_attack_time": -1.2815792560577393,
    "filesize": 14458,
    "single_event": false,
    "tonality": "D major",
    "tonality_confidence": 0.6674124002456665,
    "loop": false,
    "tempo": 0,
    "tempo_confidence": 0.0,
    "note_midi": 38,
    "note_name": "D2",
    "note_frequency": 73.42845916748047,
    "note_confidence": 0.9240603446960449,
    "hardness": 37.73409761792462,
    "depth": 59.767671177956416,
    "brightness": 35.8060825351779,
    "roughness": 50.5172873769679,
    "warmth": 76.18534459762,
    "sharpness": 11.825268893221555,
    "boominess": 46.04119568559348,
    "reverb": false
}