{
    "duration": 0.08163265138864517,
    "lossless": 1.0,
    "codec": "pcm_f32le",
    "bitrate": 1411200.0,
    "samplerate": 44100.0,
    "channels": 1.0,
    "audio_md5": "b3227eeb7b85480f3ed3d44d181a5cf7",
    "loudness": -18.241830825805664,
    "dynamic_range": 0.0,
    "temporal_centroid": 0.6183853149414062,
    "log_attack_time": -1.2533270120620728,
    "filesize": 14458,
    "single_event": false,
    "tonality": "A major",
    "tonality_confidence": 0.7922948002815247,
    "loop": false,
    "tempo": 0,
    "tempo_confidence": 0.0,
    "note_midi": 38,
    "note_name": "D2",
    "note_frequency": 73.4343490600586,
    "note_confidence": 0.9851354956626892,
    "hardness": 38.49841258620533,
    "depth": 53.55679075156729,
    "brightness": 34.75575744629059,
    "roughness": 43.06445969819684,
    "warmth": 66.52107128685701,
    "sharpness": 9.872731492012395,
    "boominess": 48.98923423749408,
    "reverb": false
}