{
    "duration": 0.08163265138864517,
    "lossless": 1.0,
    "codec": "pcm_f32le",
    "bitrate": 1411200.0,
    "samplerate": 44100.0,
    "channels": 1.0,
    "audio_md5": "ad6e9677466081186dc354a4d7e7fa30",
    "loudness": -13.149822235107422,
    "dynamic_range": 0.0,
    "temporal_centroid": 0.584967851638794,
    "log_attack_time": -1.3000463247299194,
    "filesize": 14458,
    "single_event": false,
    "tonality": "D minor",
    "tonality_confidence": 0.3606768846511841,
    "loop": false,
    "tempo": 0,
    "tempo_confidence": 0.0,
    "note_midi": 57,
    "note_name": "A3",
    "note_frequency": 218.03848266601562,
    "note_confidence": 0.8874390125274658,
    "hardness": 55.88114053061631,
    "depth": 47.87101793170483,
    "brightness": 47.63521412261653,
    "roughness": 50.706203499336446,
    "warmth": 64.30878746961668,
    "sharpness": 39.25389234089189,
    "boominess": 34.376048147467685,
    "reverb": false
}