{
    "duration": 0.08163265138864517,
    "lossless": 1.0,
    "codec": "pcm_f32le",
    "bitrate": 1411200.0,
    "samplerate": 44100.0,
    "channels": 1.0,
    "audio_md5": "aeb51102877c5c88c04e4608e5dba5ed",
    "loudness": -16.379070281982422,
    "dynamic_range": 0.0,
    "temporal_centroid": 0.5943325161933899,
    "log_attack_time": -1.2309712171554565,
    "filesize": 14458,
    "single_event": false,
    "tonality": "D minor",
    "tonality_confidence": 0.5218478441238403,
    "loop": false,
    "tempo": 0,
    "tempo_confidence": 0.0,
    "note_midi": 38,
    "note_name": "D2",
    "note_frequency": 73.43000793457031,
    "note_confidence": 0.9788752794265747,
    "hardness": 56.53163288015699,
    "depth": 56.79269792680246,
    "brightness": 50.371157311401205,
    "roughness": 62.886850973139616,
    "warmth": 61.86940015142963,
    "sharpness": 41.20065694250301,
    "boominess": 36.70514391768057,
    "reverb": false
}