{"duration": 0.08163265138864517, "lossless": 1.0, "codec": "pcm_f32le", "bitrate": 1411200.0, "samplerate": 44100.0, "channels": 1.0, "audio_md5": "8e47bdcd77d3338618cd3de91e7dff49", "loudness": -14.51832389831543, "dynamic_range": 0.0, "temporal_centroid": 0.5869494676589966, "log_attack_time": -1.358656406402588, "filesize": 14458, "single_event": false, "tonality": "D major", "tonality_confidence": 0.8860726356506348, "loop": false, "tempo": 0, "tempo_confidence": 0.0, "note_midi": 38, "note_name": "D2", "note_frequency": 73.42906188964844, "note_confidence": 0.9981918931007385, "hardness": 30.574128120338045, "depth": 61.634291889304, "brightness": 32.97461998935212, "roughness": 48.26432895276131, "warmth": 67.09973871473602, "sharpness": 5.3785117757965, "boominess": 48.024702765234935, "reverb": false, "name": "AKWF_1903.wav", "SpectralCentroid": 0.09626570894997334, "SpectralSpread": 0.03390984685861776, "SpectralKurtosis": 0.7902081925587723, "ZeroCrossingRate": 0.2330271804613616, "SpectralComplexity": 0.4925373134328358, "OddToEvenHarmonicEnergyRatio": 0.49898799104261793, "Dissonance": 0.9143369552596217, "PitchSalience": 0.4584734617518619, "HNR": 0.0}