{"duration": 0.08163265138864517, "lossless": 1.0, "codec": "pcm_f32le", "bitrate": 1411200.0, "samplerate": 44100.0, "channels": 1.0, "audio_md5": "c811863badd042773e32e47e23adf7bc", "loudness": -17.480207443237305, "dynamic_range": 0.0, "temporal_centroid": 0.5751900672912598, "log_attack_time": -1.388442873954773, "filesize": 14458, "single_event": false, "tonality": "D minor", "tonality_confidence": 0.5951422452926636, "loop": false, "tempo": 0, "tempo_confidence": 0.0, "note_midi": 38, "note_name": "D2", "note_frequency": 73.46456909179688, "note_confidence": 0.9709844589233398, "hardness": 34.41321114630948, "depth": 63.36683910301495, "brightness": 34.33210251639892, "roughness": 49.282583230223096, "warmth": 65.33868259304123, "sharpness": 11.630923837341435, "boominess": 49.90557400265685, "reverb": false, "name": "AKWF_0065.wav", "SpectralCentroid": 0.0752734331193495, "SpectralSpread": 0.02026765243990508, "SpectralKurtosis": 0.7499090303608876, "ZeroCrossingRate": 0.2330271804613616, "SpectralComplexity": 0.6268656716417911, "OddToEvenHarmonicEnergyRatio": 0.026600572351112337, "Dissonance": 0.9552944123102705, "PitchSalience": 0.16803849863834625, "HNR": 0.0}