{"duration": 0.08163265138864517, "lossless": 1.0, "codec": "pcm_f32le", "bitrate": 1411200.0, "samplerate": 44100.0, "channels": 1.0, "audio_md5": "1e7a85dc4f591b9891d0f6d24f330f3c", "loudness": -15.923277854919434, "dynamic_range": 0.0, "temporal_centroid": 0.6058135628700256, "log_attack_time": -1.275408387184143, "filesize": 14458, "single_event": false, "tonality": "D major", "tonality_confidence": 0.8867729902267456, "loop": false, "tempo": 0, "tempo_confidence": 0.0, "note_midi": 38, "note_name": "D2", "note_frequency": 73.42965698242188, "note_confidence": 0.8822977542877197, "hardness": 76.8448992816661, "depth": 54.72056616705946, "brightness": 57.24955681745287, "roughness": 67.44440899980698, "warmth": 48.95346676848289, "sharpness": 46.85346912774681, "boominess": 32.90859661381272, "reverb": false, "name": "AKWF_gapsaw_0016.wav", "SpectralCentroid": 0.7542406589758273, "SpectralSpread": 0.8717286529914824, "SpectralKurtosis": 0.46820992701742925, "ZeroCrossingRate": 0.2330271804613616, "SpectralComplexity": 1.0, "OddToEvenHarmonicEnergyRatio": 0.2691641330873896, "Dissonance": 0.9729464162243315, "PitchSalience": 0.7503164530205677, "HNR": 0.0}