{"duration": 0.08163265138864517, "lossless": 1.0, "codec": "pcm_f32le", "bitrate": 1411200.0, "samplerate": 44100.0, "channels": 1.0, "audio_md5": "a6362f495dbbbb17b9db0fa6cee9127a", "loudness": -10.786184310913086, "dynamic_range": 0.0, "temporal_centroid": 0.5661548972129822, "log_attack_time": -1.4942964315414429, "filesize": 14458, "single_event": false, "tonality": "D minor", "tonality_confidence": 0.6732909679412842, "loop": false, "tempo": 0, "tempo_confidence": 0.0, "note_midi": 38, "note_name": "D2", "note_frequency": 73.43255615234375, "note_confidence": 0.9625391364097595, "hardness": 55.379248555723365, "depth": 58.597786274198164, "brightness": 47.53911396155391, "roughness": 60.448971182813125, "warmth": 64.01780234445087, "sharpness": 33.59287269539939, "boominess": 39.04754180603274, "reverb": false, "name": "AKWF_eguitar_0016.wav", "SpectralCentroid": 0.3279471524118776, "SpectralSpread": 0.2101676339255235, "SpectralKurtosis": 0.626736387243282, "ZeroCrossingRate": 0.4252420033405892, "SpectralComplexity": 1.0, "OddToEvenHarmonicEnergyRatio": 0.25525910406729063, "Dissonance": 0.947801797854035, "PitchSalience": 0.5098038886528474, "HNR": 0.0}