{
    "duration": 0.08163265138864517,
    "lossless": 1.0,
    "codec": "pcm_f32le",
    "bitrate": 1411200.0,
    "samplerate": 44100.0,
    "channels": 1.0,
    "audio_md5": "3ac58441e6ce08673d40e176503587b4",
    "loudness": -10.283743858337402,
    "dynamic_range": 0.0,
    "temporal_centroid": 0.5579683780670166,
    "log_attack_time": -1.6274052858352661,
    "filesize": 14458,
    "single_event": false,
    "tonality": "A major",
    "tonality_confidence": 0.40774059295654297,
    "loop": false,
    "tempo": 0,
    "tempo_confidence": 0.0,
    "note_midi": 38,
    "note_name": "D2",
    "note_frequency": 73.43489837646484,
    "note_confidence": 0.9736213684082031,
    "hardness": 46.80753886639573,
    "depth": 62.21977421720963,
    "brightness": 46.074483361455826,
    "roughness": 43.93516459962377,
    "warmth": 62.888294218922226,
    "sharpness": 29.383514977537654,
    "boominess": 41.412392105482326,
    "reverb": false
}