{"duration": 0.08163265138864517, "lossless": 1.0, "codec": "pcm_f32le", "bitrate": 1411200.0, "samplerate": 44100.0, "channels": 1.0, "audio_md5": "20cad48ca8a216efc08f375d8d1457c8", "loudness": -13.536886215209961, "dynamic_range": 0.0, "temporal_centroid": 0.5902308821678162, "log_attack_time": -1.2922561168670654, "filesize": 14458, "single_event": false, "tonality": "D major", "tonality_confidence": 0.7856571674346924, "loop": false, "tempo": 0, "tempo_confidence": 0.0, "note_midi": 38, "note_name": "D2", "note_frequency": 73.43900299072266, "note_confidence": 0.9297754168510437, "hardness": 43.764952592645244, "depth": 58.25572556404748, "brightness": 41.97278667522228, "roughness": 51.98895264684004, "warmth": 71.67354389845227, "sharpness": 19.47097598629083, "boominess": 41.46532179624151, "reverb": false, "name": "AKWF_0134.wav", "SpectralCentroid": 0.16692156893423746, "SpectralSpread": 0.04382652821551661, "SpectralKurtosis": 0.7119927228133621, "ZeroCrossingRate": 0.5688738575398764, "SpectralComplexity": 1.0, "OddToEvenHarmonicEnergyRatio": 0.5028218106188784, "Dissonance": 0.9066255314878275, "PitchSalience": 0.6908977899677194, "HNR": 0.3352959015329529}