{"duration": 0.08163265138864517, "lossless": 1.0, "codec": "pcm_f32le", "bitrate": 1411200.0, "samplerate": 44100.0, "channels": 1.0, "audio_md5": "632298dbb4cd6aab35c99f4397859e1b", "loudness": -14.348777770996094, "dynamic_range": 0.0, "temporal_centroid": 0.5863820910453796, "log_attack_time": -1.31321382522583, "filesize": 14458, "single_event": false, "tonality": "D minor", "tonality_confidence": 0.5559768080711365, "loop": false, "tempo": 0, "tempo_confidence": 0.0, "note_midi": 38, "note_name": "D2", "note_frequency": 73.4284896850586, "note_confidence": 0.9465640783309937, "hardness": 78.82228368576256, "depth": 57.02624826506121, "brightness": 60.628715725116024, "roughness": 68.40910841914521, "warmth": 47.001013093772954, "sharpness": 51.460542953012165, "boominess": 31.225980449950857, "reverb": false, "name": "AKWF_blended_0071.wav", "SpectralCentroid": 0.7769552519429619, "SpectralSpread": 0.8360471014675595, "SpectralKurtosis": 0.4436127969924286, "ZeroCrossingRate": 0.5688738575398764, "SpectralComplexity": 1.0, "OddToEvenHarmonicEnergyRatio": 0.5881335703755636, "Dissonance": 0.977367531381632, "PitchSalience": 0.5664216945236895, "HNR": 0.8458445747804744}