{"duration": 0.08163265138864517, "lossless": 1.0, "codec": "pcm_f32le", "bitrate": 1411200.0, "samplerate": 44100.0, "channels": 1.0, "audio_md5": "447435bfe6e771da43049ed07f484a5e", "loudness": -12.53470516204834, "dynamic_range": 0.0, "temporal_centroid": 0.5755243301391602, "log_attack_time": -1.3862804174423218, "filesize": 14458, "single_event": false, "tonality": "D major", "tonality_confidence": 0.7764508724212646, "loop": false, "tempo": 0, "tempo_confidence": 0.0, "note_midi": 38, "note_name": "D2", "note_frequency": 73.4326171875, "note_confidence": 0.990735650062561, "hardness": 40.909829205297626, "depth": 63.494778047481, "brightness": 41.75458407973044, "roughness": 47.760658290283544, "warmth": 55.632435608996865, "sharpness": 34.0545989430557, "boominess": 47.24407824912275, "reverb": false, "name": "AKWF_0878.wav", "SpectralCentroid": 0.32590015216527457, "SpectralSpread": 0.41889260499892794, "SpectralKurtosis": 0.6039453375219438, "ZeroCrossingRate": 0.2330271804613616, "SpectralComplexity": 0.9850746268656716, "OddToEvenHarmonicEnergyRatio": 0.8375111313182907, "Dissonance": 0.9376056484311955, "PitchSalience": 0.130301235349473, "HNR": 0.0}