{
    "duration": 0.08163265138864517,
    "lossless": 1.0,
    "codec": "pcm_f32le",
    "bitrate": 1411200.0,
    "samplerate": 44100.0,
    "channels": 1.0,
    "audio_md5": "09a26738e8d387114a291669a5343e62",
    "loudness": -17.768964767456055,
    "dynamic_range": 0.0,
    "temporal_centroid": 0.6074581146240234,
    "log_attack_time": -1.2007063627243042,
    "filesize": 14458,
    "single_event": false,
    "tonality": "D major",
    "tonality_confidence": 0.8869263529777527,
    "loop": false,
    "tempo": 0,
    "tempo_confidence": 0.0,
    "note_midi": 38,
    "note_name": "D2",
    "note_frequency": 73.42839813232422,
    "note_confidence": 0.8735657334327698,
    "hardness": 77.78058583375139,
    "depth": 47.83379909501171,
    "brightness": 59.27284955890698,
    "roughness": 71.52481795215172,
    "warmth": 48.765065265637894,
    "sharpness": 51.36482131839753,
    "boominess": 30.170195434213742,
    "reverb": false
}