{"duration": 0.08163265138864517, "lossless": 1.0, "codec": "pcm_f32le", "bitrate": 1411200.0, "samplerate": 44100.0, "channels": 1.0, "audio_md5": "a4d3c518993d12e8cab4aac0bc78785d", "loudness": -11.366244316101074, "dynamic_range": 0.0, "temporal_centroid": 0.5805538296699524, "log_attack_time": -1.4068949222564697, "filesize": 14458, "single_event": false, "tonality": "D minor", "tonality_confidence": 0.8929910659790039, "loop": false, "tempo": 0, "tempo_confidence": 0.0, "note_midi": 38, "note_name": "D2", "note_frequency": 73.4378890991211, "note_confidence": 0.9534331560134888, "hardness": 46.752185845718515, "depth": 60.40443777047105, "brightness": 42.96969427802047, "roughness": 51.902634429760354, "warmth": 69.85771663345645, "sharpness": 27.789626272883392, "boominess": 42.7411845586978, "reverb": false, "name": "AKWF_0477.wav", "SpectralCentroid": 0.21991154390086426, "SpectralSpread": 0.13421637513030346, "SpectralKurtosis": 0.6669670176823963, "ZeroCrossingRate": 0.5688738575398764, "SpectralComplexity": 1.0, "OddToEvenHarmonicEnergyRatio": 0.2600760096506701, "Dissonance": 0.9245999144601449, "PitchSalience": 0.6719229756703878, "HNR": 0.9100680094100395}