{
    "duration": 0.08163265138864517,
    "lossless": 1.0,
    "codec": "pcm_f32le",
    "bitrate": 1411200.0,
    "samplerate": 44100.0,
    "channels": 1.0,
    "audio_md5": "1af914ae66d6918eb9d6bc7408860817",
    "loudness": -15.212116241455078,
    "dynamic_range": 0.0,
    "temporal_centroid": 0.5889034271240234,
    "log_attack_time": -1.2819560766220093,
    "filesize": 14458,
    "single_event": false,
    "tonality": "D major",
    "tonality_confidence": 0.6842071413993835,
    "loop": false,
    "tempo": 0,
    "tempo_confidence": 0.0,
    "note_midi": 38,
    "note_name": "D2",
    "note_frequency": 73.44297790527344,
    "note_confidence": 0.9353997707366943,
    "hardness": 41.57475390826859,
    "depth": 58.51089525165832,
    "brightness": 40.00444592875394,
    "roughness": 50.16533628836091,
    "warmth": 67.91479304980415,
    "sharpness": 19.87660685919206,
    "boominess": 43.51691401402232,
    "reverb": false
}