{
    "duration": 0.08163265138864517,
    "lossless": 1.0,
    "codec": "pcm_f32le",
    "bitrate": 1411200.0,
    "samplerate": 44100.0,
    "channels": 1.0,
    "audio_md5": "bcf5a020d2b328611e61e5d873052925",
    "loudness": -10.595965385437012,
    "dynamic_range": 0.0,
    "temporal_centroid": 0.5556223392486572,
    "log_attack_time": -1.6518850326538086,
    "filesize": 14458,
    "single_event": false,
    "tonality": "D major",
    "tonality_confidence": 0.6681708097457886,
    "loop": false,
    "tempo": 0,
    "tempo_confidence": 0.0,
    "note_midi": 38,
    "note_name": "D2",
    "note_frequency": 73.43669891357422,
    "note_confidence": 0.9695339798927307,
    "hardness": 47.55870750546811,
    "depth": 61.97505678875686,
    "brightness": 43.39230292294495,
    "roughness": 54.587171387526844,
    "warmth": 60.943337724682614,
    "sharpness": 27.245064304238692,
    "boominess": 42.15822448024165,
    "reverb": false
}