{"duration": 0.08163265138864517, "lossless": 1.0, "codec": "pcm_f32le", "bitrate": 1411200.0, "samplerate": 44100.0, "channels": 1.0, "audio_md5": "03f50450589e591daeb31e25d5c974a3", "loudness": -14.025739669799805, "dynamic_range": 0.0, "temporal_centroid": 0.5824664831161499, "log_attack_time": -1.3111928701400757, "filesize": 14458, "single_event": false, "tonality": "D major", "tonality_confidence": 0.5447843670845032, "loop": false, "tempo": 0, "tempo_confidence": 0.0, "note_midi": 38, "note_name": "D2", "note_frequency": 73.44648742675781, "note_confidence": 0.976298451423645, "hardness": 31.52713487265916, "depth": 54.80488037622471, "brightness": 37.53340486436301, "roughness": 44.65776449779412, "warmth": 53.86465637457634, "sharpness": 32.765149508538485, "boominess": 53.51695751676593, "reverb": false, "name": "AKWF_vgame_0054.wav", "SpectralCentroid": 0.29684057834282673, "SpectralSpread": 0.42333406912912713, "SpectralKurtosis": 0.5914761371750675, "ZeroCrossingRate": 0.4252420033405892, "SpectralComplexity": 0.9402985074626866, "OddToEvenHarmonicEnergyRatio": 0.746106886513986, "Dissonance": 0.8215496250775315, "PitchSalience": 0.07278428256319155, "HNR": 0.17335108974631389}