{
    "duration": 0.08163265138864517,
    "lossless": 1.0,
    "codec": "pcm_f32le",
    "bitrate": 1411200.0,
    "samplerate": 44100.0,
    "channels": 1.0,
    "audio_md5": "55c10fc925734f440776a9337772c754",
    "loudness": -14.837078094482422,
    "dynamic_range": 0.0,
    "temporal_centroid": 0.584449052810669,
    "log_attack_time": -1.3220125436782837,
    "filesize": 14458,
    "single_event": false,
    "tonality": "A major",
    "tonality_confidence": 0.4097486734390259,
    "loop": false,
    "tempo": 0,
    "tempo_confidence": 0.0,
    "note_midi": 38,
    "note_name": "D2",
    "note_frequency": 73.42984771728516,
    "note_confidence": 0.9873136878013611,
    "hardness": 55.32636546385825,
    "depth": 54.68820971246436,
    "brightness": 54.156348690991614,
    "roughness": 40.787719462577876,
    "warmth": 48.33544857611052,
    "sharpness": 49.12269371075334,
    "boominess": 45.3152428788729,
    "reverb": false
}