{"duration": 0.08163265138864517, "lossless": 1.0, "codec": "pcm_f32le", "bitrate": 1411200.0, "samplerate": 44100.0, "channels": 1.0, "audio_md5": "cda7baf458097a4d296853e8128f9cdf", "loudness": -19.093931198120117, "dynamic_range": 0.0, "temporal_centroid": 0.6145578026771545, "log_attack_time": -1.1709516048431396, "filesize": 14458, "single_event": false, "tonality": "D major", "tonality_confidence": 0.732030987739563, "loop": false, "tempo": 0, "tempo_confidence": 0.0, "note_midi": 38, "note_name": "D2", "note_frequency": 73.42839050292969, "note_confidence": 0.8611624836921692, "hardness": 76.36444939615359, "depth": 38.625699137817605, "brightness": 65.24138201303694, "roughness": 78.37103471618339, "warmth": 37.167105328477376, "sharpness": 54.707523456148095, "boominess": 21.465337978638104, "reverb": false, "name": "AKWF_oscchip_0085.wav", "SpectralCentroid": 0.7719580108389861, "SpectralSpread": 0.7311020959051814, "SpectralKurtosis": 0.4501382270955889, "ZeroCrossingRate": 0.2330271804613616, "SpectralComplexity": 1.0, "OddToEvenHarmonicEnergyRatio": 0.26313557864297876, "Dissonance": 0.9890445822521722, "PitchSalience": 0.9654318294802746, "HNR": 0.0}