{"duration": 0.08163265138864517, "lossless": 1.0, "codec": "pcm_f32le", "bitrate": 1411200.0, "samplerate": 44100.0, "channels": 1.0, "audio_md5": "8850292bbf0113987cc5f49d1a0c37fa", "loudness": -13.831327438354492, "dynamic_range": 0.0, "temporal_centroid": 0.5934306383132935, "log_attack_time": -1.2914847135543823, "filesize": 14458, "single_event": false, "tonality": "A major", "tonality_confidence": 0.7756229639053345, "loop": false, "tempo": 0, "tempo_confidence": 0.0, "note_midi": 38, "note_name": "D2", "note_frequency": 73.43791961669922, "note_confidence": 0.9147765040397644, "hardness": 49.23376768722602, "depth": 56.54483245339473, "brightness": 43.752400099000084, "roughness": 39.38064580362989, "warmth": 67.4992417998588, "sharpness": 19.88739305246391, "boominess": 37.13071809604854, "reverb": false, "name": "AKWF_1204.wav", "SpectralCentroid": 0.1322715710715222, "SpectralSpread": 0.014780147255958708, "SpectralKurtosis": 0.7215480050967583, "ZeroCrossingRate": 0.5688738575398764, "SpectralComplexity": 0.23880597014925373, "OddToEvenHarmonicEnergyRatio": 0.4206508202009956, "Dissonance": 0.995487568421673, "PitchSalience": 0.7525230412882985, "HNR": 0.8819393265155969}