{"duration": 0.08163265138864517, "lossless": 1.0, "codec": "pcm_f32le", "bitrate": 1411200.0, "samplerate": 44100.0, "channels": 1.0, "audio_md5": "a9a9739c0e9cfe6ec4e54172fdcd5da4", "loudness": -18.760387420654297, "dynamic_range": 0.0, "temporal_centroid": 0.5923934578895569, "log_attack_time": -1.2664042711257935, "filesize": 14458, "single_event": false, "tonality": "D major", "tonality_confidence": 0.7374054789543152, "loop": false, "tempo": 0, "tempo_confidence": 0.0, "note_midi": 38, "note_name": "D2", "note_frequency": 73.44747924804688, "note_confidence": 0.8512656092643738, "hardness": 47.38323312565643, "depth": 55.320733531979805, "brightness": 43.9978740325522, "roughness": 54.047894731783984, "warmth": 61.82014646139074, "sharpness": 26.113277032834663, "boominess": 37.799075796614936, "reverb": false, "name": "AKWF_linear_0027.wav", "SpectralCentroid": 0.23046810333432824, "SpectralSpread": 0.146638267479155, "SpectralKurtosis": 0.6831123836413561, "ZeroCrossingRate": 0.5688738575398764, "SpectralComplexity": 0.8059701492537313, "OddToEvenHarmonicEnergyRatio": 0.14046489806792986, "Dissonance": 0.8589742598556092, "PitchSalience": 0.7048933020894833, "HNR": 0.0}