{
    "duration": 0.08163265138864517,
    "lossless": 1.0,
    "codec": "pcm_f32le",
    "bitrate": 1411200.0,
    "samplerate": 44100.0,
    "channels": 1.0,
    "audio_md5": "cb651631e63444a1ae2f7c13ffaa3d07",
    "loudness": -14.61447811126709,
    "dynamic_range": 0.0,
    "temporal_centroid": 0.5806163549423218,
    "log_attack_time": -1.3834137916564941,
    "filesize": 14458,
    "single_event": false,
    "tonality": "D# major",
    "tonality_confidence": 0.5591093897819519,
    "loop": false,
    "tempo": 0,
    "tempo_confidence": 0.0,
    "note_midi": 38,
    "note_name": "D2",
    "note_frequency": 73.48535919189453,
    "note_confidence": 0.959982693195343,
    "hardness": 26.63353291340495,
    "depth": 63.54397675086173,
    "brightness": 21.22725445032936,
    "roughness": 42.250839071769015,
    "warmth": 59.56417539401035,
    "sharpness": 0.0,
    "boominess": 57.04333889084446,
    "reverb": false
}