{"duration": 0.08163265138864517, "lossless": 1.0, "codec": "pcm_f32le", "bitrate": 1411200.0, "samplerate": 44100.0, "channels": 1.0, "audio_md5": "ccff1df0d210da69c12dcb01ee22e8f3", "loudness": -15.950379371643066, "dynamic_range": 0.0, "temporal_centroid": 0.5862666368484497, "log_attack_time": -1.266950249671936, "filesize": 14458, "single_event": false, "tonality": "D major", "tonality_confidence": 0.7893860340118408, "loop": false, "tempo": 0, "tempo_confidence": 0.0, "note_midi": 38, "note_name": "D2", "note_frequency": 73.428466796875, "note_confidence": 0.9931224584579468, "hardness": 25.97378407598653, "depth": 63.17008714672557, "brightness": 28.449733737052732, "roughness": 46.12737105751539, "warmth": 63.780024575364294, "sharpness": 0.0, "boominess": 55.407933870869016, "reverb": false, "name": "AKWF_0240.wav", "SpectralCentroid": 0.064796921664139, "SpectralSpread": 0.04796033419066627, "SpectralKurtosis": 0.7636947342203767, "ZeroCrossingRate": 0.2330271804613616, "SpectralComplexity": 0.417910447761194, "OddToEvenHarmonicEnergyRatio": 0.6351791591594877, "Dissonance": 0.9966831425218853, "PitchSalience": 0.13856412830824044, "HNR": 0.0}