{"duration": 0.08163265138864517, "lossless": 1.0, "codec": "pcm_f32le", "bitrate": 1411200.0, "samplerate": 44100.0, "channels": 1.0, "audio_md5": "58587993cc77087b7312c52772ebbf05", "loudness": -17.454925537109375, "dynamic_range": 0.0, "temporal_centroid": 0.5967267155647278, "log_attack_time": -1.2647706270217896, "filesize": 14458, "single_event": false, "tonality": "D minor", "tonality_confidence": 0.7254941463470459, "loop": false, "tempo": 0, "tempo_confidence": 0.0, "note_midi": 38, "note_name": "D2", "note_frequency": 73.47685241699219, "note_confidence": 0.854231059551239, "hardness": 33.81047665894155, "depth": 59.149673885674126, "brightness": 22.762007674383206, "roughness": 40.28701096586128, "warmth": 66.88000523822383, "sharpness": 2.9170113519019445, "boominess": 47.156155692197764, "reverb": false, "name": "AKWF_0921.wav", "SpectralCentroid": 0.0565915084243939, "SpectralSpread": 0.0031384700080658696, "SpectralKurtosis": 0.9256471443396509, "ZeroCrossingRate": 0.4252420033405892, "SpectralComplexity": 0.05970149253731343, "OddToEvenHarmonicEnergyRatio": 0.47537382980399817, "Dissonance": 0.43836141580713506, "PitchSalience": 0.5796515406885218, "HNR": 0.0}