{"duration": 0.08163265138864517, "lossless": 1.0, "codec": "pcm_f32le", "bitrate": 1411200.0, "samplerate": 44100.0, "channels": 1.0, "audio_md5": "4f01cd59e8a85aef8a02bbf23d3a573f", "loudness": -16.04313087463379, "dynamic_range": 0.0, "temporal_centroid": 0.5898447632789612, "log_attack_time": -1.2707911729812622, "filesize": 14458, "single_event": false, "tonality": "D minor", "tonality_confidence": 0.8172398209571838, "loop": false, "tempo": 0, "tempo_confidence": 0.0, "note_midi": 38, "note_name": "D2", "note_frequency": 74.90263366699219, "note_confidence": 0.8557415008544922, "hardness": 73.45106597829187, "depth": 55.934214793791845, "brightness": 62.95412660031764, "roughness": 45.58757395855093, "warmth": 48.13386209362488, "sharpness": 50.40483378917604, "boominess": 31.657739924867073, "reverb": false, "name": "AKWF_0547.wav", "SpectralCentroid": 0.6503783760903302, "SpectralSpread": 0.8181248333028436, "SpectralKurtosis": 0.4841919533636604, "ZeroCrossingRate": 0.9999585864626829, "SpectralComplexity": 0.22388059701492538, "OddToEvenHarmonicEnergyRatio": 0.10884864864403292, "Dissonance": 0.9342915625377446, "PitchSalience": 0.5259904157968541, "HNR": 0.8872833316858373}