{"duration": 0.08163265138864517, "lossless": 1.0, "codec": "pcm_f32le", "bitrate": 1411200.0, "samplerate": 44100.0, "channels": 1.0, "audio_md5": "2dbdd4bb35596a8807a0a6f68edfe434", "loudness": -13.91161060333252, "dynamic_range": 0.0, "temporal_centroid": 0.5778812170028687, "log_attack_time": -1.3629506826400757, "filesize": 14458, "single_event": false, "tonality": "D major", "tonality_confidence": 0.8186550140380859, "loop": false, "tempo": 0, "tempo_confidence": 0.0, "note_midi": 38, "note_name": "D2", "note_frequency": 73.42839813232422, "note_confidence": 0.9316977262496948, "hardness": 48.43993064301313, "depth": 61.43379894005537, "brightness": 42.4601819286798, "roughness": 50.73987628508092, "warmth": 57.42500173933914, "sharpness": 32.663738727051474, "boominess": 45.46469799074041, "reverb": false, "name": "AKWF_1357.wav", "SpectralCentroid": 0.3080390659790641, "SpectralSpread": 0.41566224346664205, "SpectralKurtosis": 0.6093654626157597, "ZeroCrossingRate": 0.4252420033405892, "SpectralComplexity": 1.0, "OddToEvenHarmonicEnergyRatio": 0.009625680421575834, "Dissonance": 0.9515049996469876, "PitchSalience": 0.3186355007523784, "HNR": 0.0}