{"duration": 0.08163265138864517, "lossless": 1.0, "codec": "pcm_f32le", "bitrate": 1411200.0, "samplerate": 44100.0, "channels": 1.0, "audio_md5": "c35beaddb50c21423ebaf6a75d486f57", "loudness": -13.706995010375977, "dynamic_range": 0.0, "temporal_centroid": 0.5923774838447571, "log_attack_time": -1.3375848531723022, "filesize": 14458, "single_event": false, "tonality": "G minor", "tonality_confidence": 0.7463701367378235, "loop": false, "tempo": 0, "tempo_confidence": 0.0, "note_midi": 38, "note_name": "D2", "note_frequency": 73.44035339355469, "note_confidence": 0.9861241579055786, "hardness": 22.08233702883551, "depth": 54.385604154191725, "brightness": 16.900609026093548, "roughness": 45.40407085489446, "warmth": 64.77126496941584, "sharpness": 0.0, "boominess": 56.73782651462393, "reverb": false, "name": "AKWF_ebass_0017.wav", "SpectralCentroid": 0.031043392982932173, "SpectralSpread": 0.0014830781017288297, "SpectralKurtosis": 0.9542034063117912, "ZeroCrossingRate": 0.4252420033405892, "SpectralComplexity": 0.22388059701492538, "OddToEvenHarmonicEnergyRatio": 0.4303238152026377, "Dissonance": 0.5310808421649635, "PitchSalience": 0.3052208742741601, "HNR": 0.8428566210200229}