{"duration": 0.08163265138864517, "lossless": 1.0, "codec": "pcm_f32le", "bitrate": 1411200.0, "samplerate": 44100.0, "channels": 1.0, "audio_md5": "e355a16344f0fb98a4db12292b0d0aa4", "loudness": -12.507135391235352, "dynamic_range": 0.0, "temporal_centroid": 0.5704526901245117, "log_attack_time": -1.4617387056350708, "filesize": 14458, "single_event": false, "tonality": "D major", "tonality_confidence": 0.6810230612754822, "loop": false, "tempo": 0, "tempo_confidence": 0.0, "note_midi": 38, "note_name": "D2", "note_frequency": 73.45331573486328, "note_confidence": 0.9555777907371521, "hardness": 46.80080409561643, "depth": 63.098530052951475, "brightness": 44.78606183958145, "roughness": 49.552552015882995, "warmth": 60.165210504762236, "sharpness": 31.971873343749603, "boominess": 43.649940794061216, "reverb": false, "name": "AKWF_eguitar_0006.wav", "SpectralCentroid": 0.24436104429913344, "SpectralSpread": 0.17425592149971256, "SpectralKurtosis": 0.6357039950475368, "ZeroCrossingRate": 0.2330271804613616, "SpectralComplexity": 0.9850746268656716, "OddToEvenHarmonicEnergyRatio": 0.8418115674234112, "Dissonance": 0.9449375839133726, "PitchSalience": 0.21361993773497212, "HNR": 0.0}