{
    "duration": 0.08163265138864517,
    "lossless": 1.0,
    "codec": "pcm_f32le",
    "bitrate": 1411200.0,
    "samplerate": 44100.0,
    "channels": 1.0,
    "audio_md5": "0f92397827ba0815f644194a866593a0",
    "loudness": -10.521439552307129,
    "dynamic_range": 0.0,
    "temporal_centroid": 0.5585954785346985,
    "log_attack_time": -1.624077320098877,
    "filesize": 14458,
    "single_event": false,
    "tonality": "C# minor",
    "tonality_confidence": 0.5920894145965576,
    "loop": false,
    "tempo": 0,
    "tempo_confidence": 0.0,
    "note_midi": 38,
    "note_name": "D2",
    "note_frequency": 73.43962097167969,
    "note_confidence": 0.9736512899398804,
    "hardness": 41.42883058743692,
    "depth": 62.59006762862995,
    "brightness": 41.74789589515697,
    "roughness": 38.38630558921975,
    "warmth": 65.2540126658103,
    "sharpness": 22.38668952213017,
    "boominess": 44.201956959275954,
    "reverb": false
}