{"duration": 0.08163265138864517, "lossless": 1.0, "codec": "pcm_f32le", "bitrate": 1411200.0, "samplerate": 44100.0, "channels": 1.0, "audio_md5": "f81bb5d2f9e216ef8156609a5a7844f4", "loudness": -15.47530746459961, "dynamic_range": 0.0, "temporal_centroid": 0.5909375548362732, "log_attack_time": -1.2765238285064697, "filesize": 14458, "single_event": false, "tonality": "D major", "tonality_confidence": 0.8886730074882507, "loop": false, "tempo": 0, "tempo_confidence": 0.0, "note_midi": 38, "note_name": "D2", "note_frequency": 73.42849731445312, "note_confidence": 0.9577309489250183, "hardness": 56.017783738050355, "depth": 56.97773397140325, "brightness": 47.295762950254144, "roughness": 58.00986055087547, "warmth": 63.42111176131692, "sharpness": 32.87951319730178, "boominess": 37.06985822655885, "reverb": false, "name": "AKWF_cello_0001.wav", "SpectralCentroid": 0.30029399545288915, "SpectralSpread": 0.16326215512473152, "SpectralKurtosis": 0.6383489661784729, "ZeroCrossingRate": 0.8622249050771842, "SpectralComplexity": 0.9850746268656716, "OddToEvenHarmonicEnergyRatio": 0.10401387789188567, "Dissonance": 0.9755463814482376, "PitchSalience": 0.6930950942645551, "HNR": 0.5733466112708878}