{
    "duration": 0.08163265138864517,
    "lossless": 1.0,
    "codec": "pcm_f32le",
    "bitrate": 1411200.0,
    "samplerate": 44100.0,
    "channels": 1.0,
    "audio_md5": "3b052ab039183101de22e762974d2d9a",
    "loudness": -17.105987548828125,
    "dynamic_range": 0.0,
    "temporal_centroid": 0.6170804500579834,
    "log_attack_time": -1.2629624605178833,
    "filesize": 14458,
    "single_event": false,
    "tonality": "D major",
    "tonality_confidence": 0.6896066069602966,
    "loop": false,
    "tempo": 0,
    "tempo_confidence": 0.0,
    "note_midi": 38,
    "note_name": "D2",
    "note_frequency": 73.42839813232422,
    "note_confidence": 0.9878576397895813,
    "hardness": 77.50614221416234,
    "depth": 57.701065956529916,
    "brightness": 57.4664310324301,
    "roughness": 66.10274236546813,
    "warmth": 51.74840392285413,
    "sharpness": 49.38224301358482,
    "boominess": 32.96031596052376,
    "reverb": false
}