{"duration": 0.08163265138864517, "lossless": 1.0, "codec": "pcm_f32le", "bitrate": 1411200.0, "samplerate": 44100.0, "channels": 1.0, "audio_md5": "0173cbfe49ecab3f07f3375ce5cf2061", "loudness": -15.441625595092773, "dynamic_range": 0.0, "temporal_centroid": 0.5888371467590332, "log_attack_time": -1.2684093713760376, "filesize": 14458, "single_event": false, "tonality": "D major", "tonality_confidence": 0.7434466481208801, "loop": false, "tempo": 0, "tempo_confidence": 0.0, "note_midi": 38, "note_name": "D2", "note_frequency": 73.42839813232422, "note_confidence": 0.8738099932670593, "hardness": 71.76867506264853, "depth": 59.29234960893771, "brightness": 54.79055973565313, "roughness": 62.808516550697476, "warmth": 53.19921670373235, "sharpness": 47.75365980171124, "boominess": 37.737496015767476, "reverb": false, "name": "AKWF_oscchip_0072.wav", "SpectralCentroid": 0.6611218867848916, "SpectralSpread": 0.6853254362761254, "SpectralKurtosis": 0.48831728557143156, "ZeroCrossingRate": 0.2330271804613616, "SpectralComplexity": 1.0, "OddToEvenHarmonicEnergyRatio": 0.464144088014811, "Dissonance": 0.972791353356039, "PitchSalience": 0.40912424927722124, "HNR": 0.0}