{
    "duration": 0.08163265138864517,
    "lossless": 1.0,
    "codec": "pcm_f32le",
    "bitrate": 1411200.0,
    "samplerate": 44100.0,
    "channels": 1.0,
    "audio_md5": "3b6a32c7cd6b9ae0a1d8edfbf60d246e",
    "loudness": -15.940134048461914,
    "dynamic_range": 0.0,
    "temporal_centroid": 0.6050831079483032,
    "log_attack_time": -1.2631429433822632,
    "filesize": 14458,
    "single_event": false,
    "tonality": "A major",
    "tonality_confidence": 0.4001227617263794,
    "loop": false,
    "tempo": 0,
    "tempo_confidence": 0.0,
    "note_midi": 38,
    "note_name": "D2",
    "note_frequency": 73.42841339111328,
    "note_confidence": 0.9986629486083984,
    "hardness": 66.106567827742,
    "depth": 56.828487658769504,
    "brightness": 58.90223268349427,
    "roughness": 61.835051515648566,
    "warmth": 51.26828741487285,
    "sharpness": 50.0509745691333,
    "boominess": 31.669604418378412,
    "reverb": false
}