{"duration": 0.08163265138864517, "lossless": 1.0, "codec": "pcm_f32le", "bitrate": 1411200.0, "samplerate": 44100.0, "channels": 1.0, "audio_md5": "d543fa26310c8becd136ff1e65bc4df4", "loudness": -13.953892707824707, "dynamic_range": 0.0, "temporal_centroid": 0.5836999416351318, "log_attack_time": -1.3429745435714722, "filesize": 14458, "single_event": false, "tonality": "D major", "tonality_confidence": 0.7993934154510498, "loop": false, "tempo": 0, "tempo_confidence": 0.0, "note_midi": 38, "note_name": "D2", "note_frequency": 73.42839813232422, "note_confidence": 0.9965305924415588, "hardness": 66.93660447670973, "depth": 56.9064603624426, "brightness": 59.649489250342704, "roughness": 64.98437836788939, "warmth": 45.691302763653155, "sharpness": 50.11013459500044, "boominess": 33.80063360251404, "reverb": false, "name": "AKWF_1796.wav", "SpectralCentroid": 0.8068409755516747, "SpectralSpread": 0.8851736903824282, "SpectralKurtosis": 0.42160558090989353, "ZeroCrossingRate": 0.2330271804613616, "SpectralComplexity": 1.0, "OddToEvenHarmonicEnergyRatio": 0.10665395026964482, "Dissonance": 0.9892718521945991, "PitchSalience": 0.4229704899565379, "HNR": 0.0}