{
    "duration": 0.08163265138864517,
    "lossless": 1.0,
    "codec": "pcm_f32le",
    "bitrate": 1411200.0,
    "samplerate": 44100.0,
    "channels": 1.0,
    "audio_md5": "f2251d6bce2cc7f8d87ef38cf06c41c6",
    "loudness": -15.894343376159668,
    "dynamic_range": 0.0,
    "temporal_centroid": 0.6024972200393677,
    "log_attack_time": -1.2068465948104858,
    "filesize": 14458,
    "single_event": false,
    "tonality": "D minor",
    "tonality_confidence": 0.8177555799484253,
    "loop": false,
    "tempo": 0,
    "tempo_confidence": 0.0,
    "note_midi": 38,
    "note_name": "D2",
    "note_frequency": 73.4433364868164,
    "note_confidence": 0.8956934809684753,
    "hardness": 37.94204016158396,
    "depth": 55.77864624620611,
    "brightness": 28.87186065726216,
    "roughness": 36.13989150402348,
    "warmth": 62.77540908810997,
    "sharpness": 11.077924585270985,
    "boominess": 42.35849535953747,
    "reverb": false
}