{
    "duration": 0.08163265138864517,
    "lossless": 1.0,
    "codec": "pcm_f32le",
    "bitrate": 1411200.0,
    "samplerate": 44100.0,
    "channels": 1.0,
    "audio_md5": "154093829e3bbfdc30a466baeb32bbda",
    "loudness": -13.736274719238281,
    "dynamic_range": 0.0,
    "temporal_centroid": 0.5814714431762695,
    "log_attack_time": -1.3497519493103027,
    "filesize": 14458,
    "single_event": false,
    "tonality": "D major",
    "tonality_confidence": 0.7724123001098633,
    "loop": false,
    "tempo": 0,
    "tempo_confidence": 0.0,
    "note_midi": 38,
    "note_name": "D2",
    "note_frequency": 73.44078063964844,
    "note_confidence": 0.9299068450927734,
    "hardness": 44.35592742592013,
    "depth": 57.21165483535898,
    "brightness": 39.0597778029295,
    "roughness": 53.37722483352427,
    "warmth": 68.74846985125151,
    "sharpness": 16.219024830962976,
    "boominess": 42.841750465331515,
    "reverb": false
}