{"duration": 0.08163265138864517, "lossless": 1.0, "codec": "pcm_f32le", "bitrate": 1411200.0, "samplerate": 44100.0, "channels": 1.0, "audio_md5": "20586325f9c9e8a8ac479e85ca7e9847", "loudness": -21.04410743713379, "dynamic_range": 0.0, "temporal_centroid": 0.6178710460662842, "log_attack_time": -1.2604438066482544, "filesize": 14458, "single_event": false, "tonality": "D major", "tonality_confidence": 0.8653629422187805, "loop": false, "tempo": 0, "tempo_confidence": 0.0, "note_midi": 38, "note_name": "D2", "note_frequency": 73.4298095703125, "note_confidence": 0.9770653247833252, "hardness": 52.27729422895675, "depth": 56.10248131150703, "brightness": 48.005966568146505, "roughness": 57.46175105405578, "warmth": 63.74208026493581, "sharpness": 32.630802149126794, "boominess": 37.192692421826806, "reverb": false, "name": "AKWF_1479.wav", "SpectralCentroid": 0.28510345020920297, "SpectralSpread": 0.10969873047358226, "SpectralKurtosis": 0.6129311117229984, "ZeroCrossingRate": 0.4252420033405892, "SpectralComplexity": 0.9701492537313433, "OddToEvenHarmonicEnergyRatio": 0.1894127087925905, "Dissonance": 0.9873139464389805, "PitchSalience": 0.6775031623449186, "HNR": 0.0}