{"duration": 0.08163265138864517, "lossless": 1.0, "codec": "pcm_f32le", "bitrate": 1411200.0, "samplerate": 44100.0, "channels": 1.0, "audio_md5": "8b67992beb248d2844cf086a1528a9df", "loudness": -14.336697578430176, "dynamic_range": 0.0, "temporal_centroid": 0.588405191898346, "log_attack_time": -1.3012269735336304, "filesize": 14458, "single_event": false, "tonality": "D# minor", "tonality_confidence": 0.4543745517730713, "loop": false, "tempo": 0, "tempo_confidence": 0.0, "note_midi": 38, "note_name": "D2", "note_frequency": 73.47006225585938, "note_confidence": 0.9611449241638184, "hardness": 27.22858315541565, "depth": 63.445249466659924, "brightness": 17.902042252550324, "roughness": 43.564033954149515, "warmth": 63.98394266647246, "sharpness": 0.0, "boominess": 56.06292134598998, "reverb": false, "name": "AKWF_0230.wav", "SpectralCentroid": 0.025685614084747118, "SpectralSpread": 0.0031874269446871477, "SpectralKurtosis": 0.9323218841398107, "ZeroCrossingRate": 0.2330271804613616, "SpectralComplexity": 0.19402985074626866, "OddToEvenHarmonicEnergyRatio": 0.4927536896044289, "Dissonance": 0.5537222819652694, "PitchSalience": 0.1380091085840333, "HNR": 0.0}