{"duration": 0.08163265138864517, "lossless": 1.0, "codec": "pcm_f32le", "bitrate": 1411200.0, "samplerate": 44100.0, "channels": 1.0, "audio_md5": "2efc94d21db0c5a6cda2e7e5ec5d0f55", "loudness": -22.337228775024414, "dynamic_range": 0.0, "temporal_centroid": 0.6156371235847473, "log_attack_time": -1.1716821193695068, "filesize": 14458, "single_event": false, "tonality": "D major", "tonality_confidence": 0.7427754402160645, "loop": false, "tempo": 0, "tempo_confidence": 0.0, "note_midi": 38, "note_name": "D2", "note_frequency": 73.4474868774414, "note_confidence": 0.7647900581359863, "hardness": 55.30538732649231, "depth": 51.374184030122066, "brightness": 48.51314555430881, "roughness": 58.478965473415215, "warmth": 58.11737727210736, "sharpness": 30.783237861193477, "boominess": 35.25561497763094, "reverb": false, "name": "AKWF_0731.wav", "SpectralCentroid": 0.29974601762432684, "SpectralSpread": 0.239633055388637, "SpectralKurtosis": 0.652661907962735, "ZeroCrossingRate": 0.4252420033405892, "SpectralComplexity": 0.835820895522388, "OddToEvenHarmonicEnergyRatio": 0.30822461859640793, "Dissonance": 0.9402616288398847, "PitchSalience": 0.8530041314909814, "HNR": 0.0}