{"duration": 0.08163265138864517, "lossless": 1.0, "codec": "pcm_f32le", "bitrate": 1411200.0, "samplerate": 44100.0, "channels": 1.0, "audio_md5": "8df28c81438db1336dc674f914c6b453", "loudness": -12.986892700195312, "dynamic_range": 0.0, "temporal_centroid": 0.5775188207626343, "log_attack_time": -1.3109912872314453, "filesize": 14458, "single_event": false, "tonality": "D minor", "tonality_confidence": 0.6445004940032959, "loop": false, "tempo": 0, "tempo_confidence": 0.0, "note_midi": 38, "note_name": "D2", "note_frequency": 73.4287109375, "note_confidence": 0.9726186990737915, "hardness": 71.9974630671978, "depth": 57.29287874954377, "brightness": 57.813217036263794, "roughness": 64.02405927784108, "warmth": 46.98015996123683, "sharpness": 45.79025975137895, "boominess": 32.71371918384281, "reverb": false, "name": "AKWF_1502.wav", "SpectralCentroid": 0.7099721741386495, "SpectralSpread": 0.8453342402845726, "SpectralKurtosis": 0.48582600532845893, "ZeroCrossingRate": 0.6763055068286788, "SpectralComplexity": 0.9850746268656716, "OddToEvenHarmonicEnergyRatio": 0.4660720664136852, "Dissonance": 0.9642362737998893, "PitchSalience": 0.5789871133655476, "HNR": 0.0}