{"duration": 0.08163265138864517, "lossless": 1.0, "codec": "pcm_f32le", "bitrate": 1411200.0, "samplerate": 44100.0, "channels": 1.0, "audio_md5": "ea68fbdb828d4dc9c5dfbabf2c71c555", "loudness": -15.278735160827637, "dynamic_range": 0.0, "temporal_centroid": 0.5848060846328735, "log_attack_time": -1.2722632884979248, "filesize": 14458, "single_event": false, "tonality": "F# minor", "tonality_confidence": 0.3521842658519745, "loop": false, "tempo": 0, "tempo_confidence": 0.0, "note_midi": 38, "note_name": "D2", "note_frequency": 73.4453353881836, "note_confidence": 0.9832808375358582, "hardness": 37.14372320541065, "depth": 63.49903262290929, "brightness": 35.45266356730495, "roughness": 45.79343443733288, "warmth": 56.08535971971392, "sharpness": 21.85975996762331, "boominess": 50.87085679892309, "reverb": false, "name": "AKWF_dbass_0044.wav", "SpectralCentroid": 0.19950727440420088, "SpectralSpread": 0.29263496850280846, "SpectralKurtosis": 0.6447456592618251, "ZeroCrossingRate": 0.2330271804613616, "SpectralComplexity": 0.8208955223880597, "OddToEvenHarmonicEnergyRatio": 0.6510772021898771, "Dissonance": 0.9278336243983473, "PitchSalience": 0.15391733443088215, "HNR": 0.5431989685785841}