{"duration": 0.08163265138864517, "lossless": 1.0, "codec": "pcm_f32le", "bitrate": 1411200.0, "samplerate": 44100.0, "channels": 1.0, "audio_md5": "41902a91cf534845f16a1e92627aa9ee", "loudness": -15.211275100708008, "dynamic_range": 0.0, "temporal_centroid": 0.5910258293151855, "log_attack_time": -1.2842239141464233, "filesize": 14458, "single_event": false, "tonality": "D major", "tonality_confidence": 0.8452454805374146, "loop": false, "tempo": 0, "tempo_confidence": 0.0, "note_midi": 38, "note_name": "D2", "note_frequency": 74.02250671386719, "note_confidence": 0.8603949546813965, "hardness": 82.68168437518963, "depth": 52.85902416572025, "brightness": 82.01497196233544, "roughness": 68.98792764329626, "warmth": 36.79443528287794, "sharpness": 65.37283025450091, "boominess": 31.75001344341094, "reverb": false, "name": "AKWF_0543.wav", "SpectralCentroid": 0.9103423736706852, "SpectralSpread": 0.9567904997278901, "SpectralKurtosis": 0.2726886821607116, "ZeroCrossingRate": 0.9999999923338962, "SpectralComplexity": 1.0, "OddToEvenHarmonicEnergyRatio": 0.44621592642882235, "Dissonance": 0.9867881476536932, "PitchSalience": 0.45471612618810403, "HNR": 0.8348842379220226}