{"duration": 0.08163265138864517, "lossless": 1.0, "codec": "pcm_f32le", "bitrate": 1411200.0, "samplerate": 44100.0, "channels": 1.0, "audio_md5": "6518cdcc031ec2dc76a352b49c481955", "loudness": -10.09955883026123, "dynamic_range": 0.0, "temporal_centroid": 0.5537296533584595, "log_attack_time": -1.6639807224273682, "filesize": 14458, "single_event": false, "tonality": "A major", "tonality_confidence": 0.4907069504261017, "loop": false, "tempo": 0, "tempo_confidence": 0.0, "note_midi": 38, "note_name": "D2", "note_frequency": 73.42839813232422, "note_confidence": 0.9651750922203064, "hardness": 70.80374444721835, "depth": 60.91527710830076, "brightness": 56.91906616833673, "roughness": 54.69527320306546, "warmth": 49.65065763640398, "sharpness": 47.47383074394464, "boominess": 35.863343354404094, "reverb": false, "name": "AKWF_squ_0004.wav", "SpectralCentroid": 0.6877170874769533, "SpectralSpread": 0.7615346447637158, "SpectralKurtosis": 0.4684343571190869, "ZeroCrossingRate": 0.2330271804613616, "SpectralComplexity": 0.4925373134328358, "OddToEvenHarmonicEnergyRatio": 0.660452379697179, "Dissonance": 0.9981313684451293, "PitchSalience": 0.4837660771333259, "HNR": 0.0}