{
    "duration": 0.08163265138864517,
    "lossless": 1.0,
    "codec": "pcm_f32le",
    "bitrate": 1411200.0,
    "samplerate": 44100.0,
    "channels": 1.0,
    "audio_md5": "854b826ad2e3bfeaff3b17767b9873b7",
    "loudness": -13.152594566345215,
    "dynamic_range": 0.0,
    "temporal_centroid": 0.577253520488739,
    "log_attack_time": -1.3862804174423218,
    "filesize": 14458,
    "single_event": false,
    "tonality": "E minor",
    "tonality_confidence": 0.3573863208293915,
    "loop": false,
    "tempo": 0,
    "tempo_confidence": 0.0,
    "note_midi": 38,
    "note_name": "D2",
    "note_frequency": 73.43270111083984,
    "note_confidence": 0.9849913120269775,
    "hardness": 49.42065368683413,
    "depth": 63.65932996963071,
    "brightness": 49.358627564531474,
    "roughness": 32.413369753055534,
    "warmth": 51.10737771111816,
    "sharpness": 48.07909905391318,
    "boominess": 50.37489236677679,
    "reverb": false
}