{"duration": 0.08163265138864517, "lossless": 1.0, "codec": "pcm_f32le", "bitrate": 1411200.0, "samplerate": 44100.0, "channels": 1.0, "audio_md5": "0a4a3b351740115780f0b2dbbad3c181", "loudness": -13.370776176452637, "dynamic_range": 0.0, "temporal_centroid": 0.583420991897583, "log_attack_time": -1.2821446657180786, "filesize": 14458, "single_event": false, "tonality": "D minor", "tonality_confidence": 0.8421586751937866, "loop": false, "tempo": 0, "tempo_confidence": 0.0, "note_midi": 38, "note_name": "D2", "note_frequency": 73.42839813232422, "note_confidence": 0.9523342251777649, "hardness": 22.621913196661325, "depth": 59.42847838788356, "brightness": 16.036371087875736, "roughness": 43.428500010432714, "warmth": 65.78461055253413, "sharpness": 0.0, "boominess": 54.79866495518148, "reverb": false, "name": "AKWF_eorgan_0130.wav", "SpectralCentroid": 0.04074418753674626, "SpectralSpread": 0.002018171758148274, "SpectralKurtosis": 0.94579350162812, "ZeroCrossingRate": 0.4252420033405892, "SpectralComplexity": 0.13432835820895522, "OddToEvenHarmonicEnergyRatio": 0.07303385759758985, "Dissonance": 0.4314713292695095, "PitchSalience": 0.19629017123291936, "HNR": 0.6566964295742789}