{"duration": 0.08163265138864517, "lossless": 1.0, "codec": "pcm_f32le", "bitrate": 1411200.0, "samplerate": 44100.0, "channels": 1.0, "audio_md5": "2c825b3d591846de6b9afea26cff72c0", "loudness": -14.237421035766602, "dynamic_range": 0.0, "temporal_centroid": 0.5795773863792419, "log_attack_time": -1.3721327781677246, "filesize": 14458, "single_event": false, "tonality": "D major", "tonality_confidence": 0.9008373022079468, "loop": false, "tempo": 0, "tempo_confidence": 0.0, "note_midi": 38, "note_name": "D2", "note_frequency": 73.43878936767578, "note_confidence": 0.9518935084342957, "hardness": 31.648424384754804, "depth": 67.04543556361293, "brightness": 31.934405196238483, "roughness": 48.16936268866643, "warmth": 70.823764477715, "sharpness": 2.384163566532088, "boominess": 47.29431537706657, "reverb": false, "name": "AKWF_fmsynth_0104.wav", "SpectralCentroid": 0.06049048259091202, "SpectralSpread": 0.01623110880676345, "SpectralKurtosis": 0.8355644144750574, "ZeroCrossingRate": 0.4252420033405892, "SpectralComplexity": 0.5074626865671642, "OddToEvenHarmonicEnergyRatio": 0.1950141786323427, "Dissonance": 0.7893376846240068, "PitchSalience": 0.6283754960396285, "HNR": 0.0}