{"duration": 0.08163265138864517, "lossless": 1.0, "codec": "pcm_f32le", "bitrate": 1411200.0, "samplerate": 44100.0, "channels": 1.0, "audio_md5": "f7e39dc12acd2d702fd85088ae7b051f", "loudness": -13.106188774108887, "dynamic_range": 0.0, "temporal_centroid": 0.5778453946113586, "log_attack_time": -1.3860408067703247, "filesize": 14458, "single_event": false, "tonality": "D# minor", "tonality_confidence": 0.5595697164535522, "loop": false, "tempo": 0, "tempo_confidence": 0.0, "note_midi": 38, "note_name": "D2", "note_frequency": 73.4346694946289, "note_confidence": 0.9876040816307068, "hardness": 44.91656098327874, "depth": 63.69226797824231, "brightness": 43.291822242404606, "roughness": 0, "warmth": 53.19111506991309, "sharpness": 44.63150340679894, "boominess": 53.1063857032157, "reverb": false, "name": "AKWF_vgsin_0012.wav", "SpectralCentroid": 0.3323950662798162, "SpectralSpread": 0.3515775405295294, "SpectralKurtosis": 0.5506189185523461, "ZeroCrossingRate": 0.2330271804613616, "SpectralComplexity": 0.9850746268656716, "OddToEvenHarmonicEnergyRatio": 1.0, "Dissonance": 0.9663439910002269, "PitchSalience": 0.011943606418511653, "HNR": 0.0}