{"duration": 0.08163265138864517, "lossless": 1.0, "codec": "pcm_f32le", "bitrate": 1411200.0, "samplerate": 44100.0, "channels": 1.0, "audio_md5": "09f05b5c5a7fbe5e711d3da1f8362de3", "loudness": -12.497031211853027, "dynamic_range": 0.0, "temporal_centroid": 0.571507453918457, "log_attack_time": -1.3991727828979492, "filesize": 14458, "single_event": false, "tonality": "D major", "tonality_confidence": 0.6858869791030884, "loop": false, "tempo": 0, "tempo_confidence": 0.0, "note_midi": 38, "note_name": "D2", "note_frequency": 73.45923614501953, "note_confidence": 0.9763858914375305, "hardness": 27.050948253532084, "depth": 63.53555721179691, "brightness": 30.80534826397638, "roughness": 44.33418167234942, "warmth": 58.66776735356868, "sharpness": 6.239355296933521, "boominess": 53.52159588631242, "reverb": false, "name": "AKWF_1846.wav", "SpectralCentroid": 0.08701727662666536, "SpectralSpread": 0.09469259863226985, "SpectralKurtosis": 0.713683066235031, "ZeroCrossingRate": 0.2330271804613616, "SpectralComplexity": 0.373134328358209, "OddToEvenHarmonicEnergyRatio": 0.8509813667748863, "Dissonance": 0.8439974186335679, "PitchSalience": 0.21013599343320913, "HNR": 0.0}