{
    "duration": 0.08163265138864517,
    "lossless": 1.0,
    "codec": "pcm_f32le",
    "bitrate": 1411200.0,
    "samplerate": 44100.0,
    "channels": 1.0,
    "audio_md5": "db4c7e69b797442f42d37e9f315e4ed5",
    "loudness": -15.325366973876953,
    "dynamic_range": 0.0,
    "temporal_centroid": 0.5931458473205566,
    "log_attack_time": -1.2066880464553833,
    "filesize": 14458,
    "single_event": false,
    "tonality": "D major",
    "tonality_confidence": 0.8034490346908569,
    "loop": false,
    "tempo": 0,
    "tempo_confidence": 0.0,
    "note_midi": 38,
    "note_name": "D2",
    "note_frequency": 73.44706726074219,
    "note_confidence": 0.9718900918960571,
    "hardness": 29.792679491353013,
    "depth": 63.083811141398606,
    "brightness": 30.226067345544237,
    "roughness": 45.565197469022564,
    "warmth": 67.60820019065847,
    "sharpness": 4.797176333243435,
    "boominess": 54.06359634468717,
    "reverb": false
}