{"duration": 0.08163265138864517, "lossless": 1.0, "codec": "pcm_f32le", "bitrate": 1411200.0, "samplerate": 44100.0, "channels": 1.0, "audio_md5": "224bb0c6007c5d4544ec2998febb64c7", "loudness": -14.56025218963623, "dynamic_range": 0.0, "temporal_centroid": 0.5905609726905823, "log_attack_time": -1.278576374053955, "filesize": 14458, "single_event": false, "tonality": "D minor", "tonality_confidence": 0.7837252020835876, "loop": false, "tempo": 0, "tempo_confidence": 0.0, "note_midi": 38, "note_name": "D2", "note_frequency": 73.44026184082031, "note_confidence": 0.9109437465667725, "hardness": 44.97193770326862, "depth": 56.94939279341717, "brightness": 40.58366444520392, "roughness": 51.321115651933795, "warmth": 68.83552216235871, "sharpness": 17.573556834552907, "boominess": 38.149771026318305, "reverb": false, "name": "AKWF_1692.wav", "SpectralCentroid": 0.11619314139245178, "SpectralSpread": 0.021303261056985167, "SpectralKurtosis": 0.7703759583415136, "ZeroCrossingRate": 0.6763055068286788, "SpectralComplexity": 0.582089552238806, "OddToEvenHarmonicEnergyRatio": 0.11468160108210099, "Dissonance": 0.7606055416522496, "PitchSalience": 0.6134066487471113, "HNR": 0.6194697790000689}