{"duration": 0.08163265138864517, "lossless": 1.0, "codec": "pcm_f32le", "bitrate": 1411200.0, "samplerate": 44100.0, "channels": 1.0, "audio_md5": "21e190b0383f6762f3b3a8d45194f5df", "loudness": -16.045589447021484, "dynamic_range": 0.0, "temporal_centroid": 0.5841890573501587, "log_attack_time": -1.2827106714248657, "filesize": 14458, "single_event": false, "tonality": "D minor", "tonality_confidence": 0.7621603012084961, "loop": false, "tempo": 0, "tempo_confidence": 0.0, "note_midi": 38, "note_name": "D2", "note_frequency": 73.43064880371094, "note_confidence": 0.9174933433532715, "hardness": 71.02644183459799, "depth": 52.76615485475469, "brightness": 55.61073747743513, "roughness": 59.621291135447755, "warmth": 51.36024218379579, "sharpness": 45.44240228255714, "boominess": 31.657431800493004, "reverb": false, "name": "AKWF_1821.wav", "SpectralCentroid": 0.6724892471162572, "SpectralSpread": 0.7316882532340063, "SpectralKurtosis": 0.4719478354745939, "ZeroCrossingRate": 0.4252420033405892, "SpectralComplexity": 1.0, "OddToEvenHarmonicEnergyRatio": 0.0863834309989131, "Dissonance": 0.9582520578286764, "PitchSalience": 0.6460516842323105, "HNR": 0.0}