{"duration": 0.08163265138864517, "lossless": 1.0, "codec": "pcm_f32le", "bitrate": 1411200.0, "samplerate": 44100.0, "channels": 1.0, "audio_md5": "d76ed2e9eeef7dc27cc9586ac7b7dfb8", "loudness": -21.119665145874023, "dynamic_range": 0.0, "temporal_centroid": 0.6429929733276367, "log_attack_time": -1.2626018524169922, "filesize": 14458, "single_event": false, "tonality": "F major", "tonality_confidence": 0.5979596972465515, "loop": false, "tempo": 0, "tempo_confidence": 0.0, "note_midi": 38, "note_name": "D2", "note_frequency": 73.42865753173828, "note_confidence": 0.8638219237327576, "hardness": 88.92522951317702, "depth": 28.351244839100346, "brightness": 67.78163531385434, "roughness": 79.35476642636276, "warmth": 27.844570717176886, "sharpness": 54.43176479286053, "boominess": 16.552679146563367, "reverb": false, "name": "AKWF_gapsaw_0028.wav", "SpectralCentroid": 0.8581081046441709, "SpectralSpread": 0.916251728620426, "SpectralKurtosis": 0.416212716390287, "ZeroCrossingRate": 0.2330271804613616, "SpectralComplexity": 1.0, "OddToEvenHarmonicEnergyRatio": 0.2845601875952364, "Dissonance": 0.9989179879345625, "PitchSalience": 0.984721168038947, "HNR": 0.0}