{"duration": 0.08163265138864517, "lossless": 1.0, "codec": "pcm_f32le", "bitrate": 1411200.0, "samplerate": 44100.0, "channels": 1.0, "audio_md5": "e005fff88a841dc7bfd965fe7596a6da", "loudness": -15.705759048461914, "dynamic_range": 0.0, "temporal_centroid": 0.6091410517692566, "log_attack_time": -1.2384096384048462, "filesize": 14458, "single_event": false, "tonality": "D major", "tonality_confidence": 0.7745890617370605, "loop": false, "tempo": 0, "tempo_confidence": 0.0, "note_midi": 38, "note_name": "D2", "note_frequency": 73.42841339111328, "note_confidence": 0.9997394680976868, "hardness": 50.49293498834402, "depth": 61.566789482014826, "brightness": 45.16977662719465, "roughness": 53.80288682292466, "warmth": 58.13062643712106, "sharpness": 40.091059395662256, "boominess": 44.257742400010144, "reverb": false, "name": "AKWF_1351.wav", "SpectralCentroid": 0.5812995536575548, "SpectralSpread": 0.7382877067523235, "SpectralKurtosis": 0.5142730106175301, "ZeroCrossingRate": 0.4252420033405892, "SpectralComplexity": 1.0, "OddToEvenHarmonicEnergyRatio": 0.04139960041316468, "Dissonance": 0.9507219540430418, "PitchSalience": 0.522199307583869, "HNR": 0.0}