{"duration": 0.08163265138864517, "lossless": 1.0, "codec": "pcm_f32le", "bitrate": 1411200.0, "samplerate": 44100.0, "channels": 1.0, "audio_md5": "d2424c94ed93f6ba0c4fc30ccdd420cb", "loudness": -16.964340209960938, "dynamic_range": 0.0, "temporal_centroid": 0.6118947267532349, "log_attack_time": -1.1897461414337158, "filesize": 14458, "single_event": false, "tonality": "D minor", "tonality_confidence": 0.7795781493186951, "loop": false, "tempo": 0, "tempo_confidence": 0.0, "note_midi": 38, "note_name": "D2", "note_frequency": 73.44608306884766, "note_confidence": 0.851995587348938, "hardness": 42.66702701428855, "depth": 54.37851606935705, "brightness": 36.70899039402896, "roughness": 51.5116907128337, "warmth": 70.67717245318454, "sharpness": 14.866253196445925, "boominess": 39.72990250493037, "reverb": false, "name": "AKWF_0308.wav", "SpectralCentroid": 0.13178509344131997, "SpectralSpread": 0.016164888502565793, "SpectralKurtosis": 0.807778971477037, "ZeroCrossingRate": 0.6763055068286788, "SpectralComplexity": 0.6268656716417911, "OddToEvenHarmonicEnergyRatio": 0.2605299658156079, "Dissonance": 0.8200725892610722, "PitchSalience": 0.7516854762440144, "HNR": 0.0}