{"duration": 0.08163265138864517, "lossless": 1.0, "codec": "pcm_f32le", "bitrate": 1411200.0, "samplerate": 44100.0, "channels": 1.0, "audio_md5": "dbcd05a3b68e45d213baa9864896057f", "loudness": -13.9262113571167, "dynamic_range": 0.0, "temporal_centroid": 0.5825381278991699, "log_attack_time": -1.3564131259918213, "filesize": 14458, "single_event": false, "tonality": "D major", "tonality_confidence": 0.8846388459205627, "loop": false, "tempo": 0, "tempo_confidence": 0.0, "note_midi": 38, "note_name": "D2", "note_frequency": 73.42845916748047, "note_confidence": 0.9912978410720825, "hardness": 35.77788551579697, "depth": 60.40500814622133, "brightness": 34.061842857577254, "roughness": 50.984039334792925, "warmth": 71.44891189637454, "sharpness": 8.141108918975032, "boominess": 49.596516470441856, "reverb": false, "name": "AKWF_1395.wav", "SpectralCentroid": 0.08616395021172549, "SpectralSpread": 0.020779595211881306, "SpectralKurtosis": 0.7830229718259036, "ZeroCrossingRate": 0.5688738575398764, "SpectralComplexity": 0.6567164179104478, "OddToEvenHarmonicEnergyRatio": 0.8049584995388497, "Dissonance": 0.9269159381288944, "PitchSalience": 0.34987370709314525, "HNR": 0.0}