{"duration": 0.08163265138864517, "lossless": 1.0, "codec": "pcm_f32le", "bitrate": 1411200.0, "samplerate": 44100.0, "channels": 1.0, "audio_md5": "cb6802e8ffa76eefb5877dbb05b1220e", "loudness": -12.492460250854492, "dynamic_range": 0.0, "temporal_centroid": 0.577495813369751, "log_attack_time": -1.4186125993728638, "filesize": 14458, "single_event": false, "tonality": "D major", "tonality_confidence": 0.8786859512329102, "loop": false, "tempo": 0, "tempo_confidence": 0.0, "note_midi": 38, "note_name": "D2", "note_frequency": 73.43111419677734, "note_confidence": 0.950639545917511, "hardness": 61.50518894759364, "depth": 62.12982689304787, "brightness": 50.87730435985604, "roughness": 55.72505433743349, "warmth": 53.01688214259954, "sharpness": 44.53730339147225, "boominess": 39.737788472291044, "reverb": false, "name": "AKWF_1354.wav", "SpectralCentroid": 0.610097926428086, "SpectralSpread": 0.7357488669086943, "SpectralKurtosis": 0.5085774797891705, "ZeroCrossingRate": 0.25127414437444123, "SpectralComplexity": 1.0, "OddToEvenHarmonicEnergyRatio": 0.46719132233120536, "Dissonance": 0.9753370538696865, "PitchSalience": 0.43544615910723977, "HNR": 0.0}