{"duration": 0.08163265138864517, "lossless": 1.0, "codec": "pcm_f32le", "bitrate": 1411200.0, "samplerate": 44100.0, "channels": 1.0, "audio_md5": "955395a68af4c73712c24579cb98199e", "loudness": -14.456524848937988, "dynamic_range": 0.0, "temporal_centroid": 0.5935721397399902, "log_attack_time": -1.3427575826644897, "filesize": 14458, "single_event": false, "tonality": "D major", "tonality_confidence": 0.46530723571777344, "loop": false, "tempo": 0, "tempo_confidence": 0.0, "note_midi": 38, "note_name": "D2", "note_frequency": 73.42882537841797, "note_confidence": 0.9822943210601807, "hardness": 69.8498831229443, "depth": 49.22218616905518, "brightness": 57.01231514679512, "roughness": 61.175967150797256, "warmth": 45.75700015683563, "sharpness": 46.82347423638127, "boominess": 32.394870692802016, "reverb": false, "name": "AKWF_hdrawn_0025.wav", "SpectralCentroid": 0.6721888378223335, "SpectralSpread": 0.7868869207629168, "SpectralKurtosis": 0.49103691021585266, "ZeroCrossingRate": 0.5790638008471197, "SpectralComplexity": 1.0, "OddToEvenHarmonicEnergyRatio": 0.4173704532481832, "Dissonance": 0.9899287906963447, "PitchSalience": 0.4398132947381532, "HNR": 0.48267790111483216}