{
    "duration": 0.08163265138864517,
    "lossless": 1.0,
    "codec": "pcm_f32le",
    "bitrate": 1411200.0,
    "samplerate": 44100.0,
    "channels": 1.0,
    "audio_md5": "842258d7e5f44c75d291d0decd1325a4",
    "loudness": -16.609561920166016,
    "dynamic_range": 0.0,
    "temporal_centroid": 0.5950579643249512,
    "log_attack_time": -1.267679214477539,
    "filesize": 14458,
    "single_event": false,
    "tonality": "D major",
    "tonality_confidence": 0.8910673260688782,
    "loop": false,
    "tempo": 0,
    "tempo_confidence": 0.0,
    "note_midi": 38,
    "note_name": "D2",
    "note_frequency": 73.46390533447266,
    "note_confidence": 0.849207878112793,
    "hardness": 34.400760551550874,
    "depth": 58.77748717693913,
    "brightness": 23.227540892217064,
    "roughness": 43.51354696816226,
    "warmth": 65.0416457000789,
    "sharpness": 4.2834537798505785,
    "boominess": 46.51054763230735,
    "reverb": false
}