{"duration": 0.08163265138864517, "lossless": 1.0, "codec": "pcm_f32le", "bitrate": 1411200.0, "samplerate": 44100.0, "channels": 1.0, "audio_md5": "315e34c3e6b0a0ed9c25251d8eeaa174", "loudness": -13.87009334564209, "dynamic_range": 0.0, "temporal_centroid": 0.5787926316261292, "log_attack_time": -1.3879613876342773, "filesize": 14458, "single_event": false, "tonality": "D major", "tonality_confidence": 0.8324580788612366, "loop": false, "tempo": 0, "tempo_confidence": 0.0, "note_midi": 38, "note_name": "D2", "note_frequency": 73.47792053222656, "note_confidence": 0.960229218006134, "hardness": 30.23321822406382, "depth": 63.42734445146584, "brightness": 26.420938899619923, "roughness": 45.99628752226763, "warmth": 65.31290675797587, "sharpness": 4.967328082364581, "boominess": 53.030458440886925, "reverb": false, "name": "AKWF_eorgan_0052.wav", "SpectralCentroid": 0.04534187251769817, "SpectralSpread": 0.007050970757333093, "SpectralKurtosis": 0.8650426017445855, "ZeroCrossingRate": 0.2330271804613616, "SpectralComplexity": 0.43283582089552236, "OddToEvenHarmonicEnergyRatio": 0.6611861298679752, "Dissonance": 0.7700925300833634, "PitchSalience": 0.14359022534600085, "HNR": 0.8568239088946371}