{"duration": 0.08163265138864517, "lossless": 1.0, "codec": "pcm_f32le", "bitrate": 1411200.0, "samplerate": 44100.0, "channels": 1.0, "audio_md5": "6638905a71ad0a998d4c57aa084ecea2", "loudness": -15.541865348815918, "dynamic_range": 0.0, "temporal_centroid": 0.5925361514091492, "log_attack_time": -1.266768217086792, "filesize": 14458, "single_event": false, "tonality": "A major", "tonality_confidence": 0.6478019952774048, "loop": false, "tempo": 0, "tempo_confidence": 0.0, "note_midi": 38, "note_name": "D2", "note_frequency": 73.428466796875, "note_confidence": 0.9942662119865417, "hardness": 69.43933702581023, "depth": 57.63147794934994, "brightness": 55.38587494570967, "roughness": 67.90760930697641, "warmth": 55.209413057391025, "sharpness": 47.73738925184694, "boominess": 34.764830749480666, "reverb": false, "name": "AKWF_hdrawn_0036.wav", "SpectralCentroid": 0.7766048089277052, "SpectralSpread": 0.8664589791907121, "SpectralKurtosis": 0.4403790727507522, "ZeroCrossingRate": 0.8170126056699671, "SpectralComplexity": 1.0, "OddToEvenHarmonicEnergyRatio": 0.29489242860470094, "Dissonance": 0.9625835341030364, "PitchSalience": 0.7037431369400404, "HNR": 0.0}