{"duration": 0.08163265138864517, "lossless": 1.0, "codec": "pcm_f32le", "bitrate": 1411200.0, "samplerate": 44100.0, "channels": 1.0, "audio_md5": "4c57d87857cc81cc5bf6c2189282c884", "loudness": -14.333258628845215, "dynamic_range": 0.0, "temporal_centroid": 0.5849559307098389, "log_attack_time": -1.3222192525863647, "filesize": 14458, "single_event": false, "tonality": "B major", "tonality_confidence": 0.33853521943092346, "loop": false, "tempo": 0, "tempo_confidence": 0.0, "note_midi": 38, "note_name": "D2", "note_frequency": 73.45513916015625, "note_confidence": 0.9806313514709473, "hardness": 31.23024876115923, "depth": 63.51368008521407, "brightness": 34.11632997292095, "roughness": 30.585483457545866, "warmth": 62.27758967740367, "sharpness": 11.080992346889001, "boominess": 52.57049171868065, "reverb": false, "name": "AKWF_0643.wav", "SpectralCentroid": 0.08957438701386376, "SpectralSpread": 0.08366641241796265, "SpectralKurtosis": 0.7391235341607872, "ZeroCrossingRate": 0.2330271804613616, "SpectralComplexity": 0.4925373134328358, "OddToEvenHarmonicEnergyRatio": 0.8132941225628703, "Dissonance": 1.0, "PitchSalience": 0.24292615141976936, "HNR": 0.8313345277031458}