{
    "duration": 0.08163265138864517,
    "lossless": 1.0,
    "codec": "pcm_f32le",
    "bitrate": 1411200.0,
    "samplerate": 44100.0,
    "channels": 1.0,
    "audio_md5": "37e51192571758576f252139729be3a1",
    "loudness": -13.570027351379395,
    "dynamic_range": 0.0,
    "temporal_centroid": 0.579286515712738,
    "log_attack_time": -1.3397326469421387,
    "filesize": 14458,
    "single_event": false,
    "tonality": "D major",
    "tonality_confidence": 0.777488112449646,
    "loop": false,
    "tempo": 0,
    "tempo_confidence": 0.0,
    "note_midi": 38,
    "note_name": "D2",
    "note_frequency": 73.70147705078125,
    "note_confidence": 0.9913158416748047,
    "hardness": 62.39450809673471,
    "depth": 56.800507556830794,
    "brightness": 56.59831954031191,
    "roughness": 47.140767198366966,
    "warmth": 48.975963233090816,
    "sharpness": 41.30865857002732,
    "boominess": 48.22442905741848,
    "reverb": false
}