{"duration": 0.08163265138864517, "lossless": 1.0, "codec": "pcm_f32le", "bitrate": 1411200.0, "samplerate": 44100.0, "channels": 1.0, "audio_md5": "33d159b9c957fc90669d9895ef1c1e67", "loudness": -13.665224075317383, "dynamic_range": 0.0, "temporal_centroid": 0.5730750560760498, "log_attack_time": -1.3301498889923096, "filesize": 14458, "single_event": false, "tonality": "A major", "tonality_confidence": 0.585868239402771, "loop": false, "tempo": 0, "tempo_confidence": 0.0, "note_midi": 38, "note_name": "D2", "note_frequency": 73.45221710205078, "note_confidence": 0.9815502762794495, "hardness": 23.668833671089146, "depth": 54.74320849408611, "brightness": 27.955013184849143, "roughness": 43.38751939988192, "warmth": 62.223314420658255, "sharpness": 0.0, "boominess": 55.43436378119661, "reverb": false, "name": "AKWF_clarinett_0008.wav", "SpectralCentroid": 0.03716011181572083, "SpectralSpread": 0.014283941696528803, "SpectralKurtosis": 0.8509513856687876, "ZeroCrossingRate": 0.2330271804613616, "SpectralComplexity": 0.4626865671641791, "OddToEvenHarmonicEnergyRatio": 0.8972752657120178, "Dissonance": 0.9101550716206652, "PitchSalience": 0.2399203160686294, "HNR": 0.0}