{
    "duration": 0.08163265138864517,
    "lossless": 1.0,
    "codec": "pcm_f32le",
    "bitrate": 1411200.0,
    "samplerate": 44100.0,
    "channels": 1.0,
    "audio_md5": "dd76478ce7ec9045ca53eba09fbf21c6",
    "loudness": -14.562858581542969,
    "dynamic_range": 0.0,
    "temporal_centroid": 0.5858105421066284,
    "log_attack_time": -1.34427809715271,
    "filesize": 14458,
    "single_event": false,
    "tonality": "D major",
    "tonality_confidence": 0.806929886341095,
    "loop": false,
    "tempo": 0,
    "tempo_confidence": 0.0,
    "note_midi": 38,
    "note_name": "D2",
    "note_frequency": 73.43115997314453,
    "note_confidence": 0.9961785078048706,
    "hardness": 36.42813282391785,
    "depth": 63.18197302755782,
    "brightness": 36.970418374171174,
    "roughness": 45.351337296314924,
    "warmth": 57.76037938891048,
    "sharpness": 26.065616292549365,
    "boominess": 51.12618110053806,
    "reverb": false
}