{"duration": 0.08163265138864517, "lossless": 1.0, "codec": "pcm_f32le", "bitrate": 1411200.0, "samplerate": 44100.0, "channels": 1.0, "audio_md5": "6ddfeaecb24994041839284706b71478", "loudness": -15.109992980957031, "dynamic_range": 0.0, "temporal_centroid": 0.5848297476768494, "log_attack_time": -1.322633147239685, "filesize": 14458, "single_event": false, "tonality": "F# minor", "tonality_confidence": 0.4258994460105896, "loop": false, "tempo": 0, "tempo_confidence": 0.0, "note_midi": 38, "note_name": "D2", "note_frequency": 73.43212890625, "note_confidence": 0.9893290400505066, "hardness": 42.723455329746514, "depth": 54.71228064092096, "brightness": 49.32097793471134, "roughness": 43.20169695376646, "warmth": 54.56282180123289, "sharpness": 39.41318008134994, "boominess": 46.73392778146662, "reverb": false, "name": "AKWF_vgame_0086.wav", "SpectralCentroid": 0.3492685019963471, "SpectralSpread": 0.32285468449828725, "SpectralKurtosis": 0.5715488337443977, "ZeroCrossingRate": 0.5688738575398764, "SpectralComplexity": 0.9850746268656716, "OddToEvenHarmonicEnergyRatio": 0.8840350774479482, "Dissonance": 0.9622480264858465, "PitchSalience": 0.15694255512724273, "HNR": 0.7764735101197076}