{"duration": 0.08163265138864517, "lossless": 1.0, "codec": "pcm_f32le", "bitrate": 1411200.0, "samplerate": 44100.0, "channels": 1.0, "audio_md5": "ee7a070b2e94c2e95ac36e3a5df90c14", "loudness": -22.62995719909668, "dynamic_range": 0.0, "temporal_centroid": 0.623076319694519, "log_attack_time": -1.1718283891677856, "filesize": 14458, "single_event": false, "tonality": "D major", "tonality_confidence": 0.7509675025939941, "loop": false, "tempo": 0, "tempo_confidence": 0.0, "note_midi": 38, "note_name": "D2", "note_frequency": 73.4297866821289, "note_confidence": 0.7233514785766602, "hardness": 77.2698377732458, "depth": 18.533839820170243, "brightness": 66.31143398951264, "roughness": 72.96099739258003, "warmth": 31.308222781938788, "sharpness": 54.3076503367225, "boominess": 7.396584141022917, "reverb": false, "name": "AKWF_0285.wav", "SpectralCentroid": 0.658777744846426, "SpectralSpread": 0.37499268608348385, "SpectralKurtosis": 0.5137977478330755, "ZeroCrossingRate": 0.6763055068286788, "SpectralComplexity": 1.0, "OddToEvenHarmonicEnergyRatio": 0.2993605564280694, "Dissonance": 0.9999983953983526, "PitchSalience": 0.9895465389803384, "HNR": 0.0}