{"duration": 0.08163265138864517, "lossless": 1.0, "codec": "pcm_f32le", "bitrate": 1411200.0, "samplerate": 44100.0, "channels": 1.0, "audio_md5": "58bfeca7c875740fb2e9963cdfa0d29f", "loudness": -16.41935920715332, "dynamic_range": 0.0, "temporal_centroid": 0.5985031127929688, "log_attack_time": -1.266950249671936, "filesize": 14458, "single_event": false, "tonality": "A major", "tonality_confidence": 0.5021638870239258, "loop": false, "tempo": 0, "tempo_confidence": 0.0, "note_midi": 38, "note_name": "D2", "note_frequency": 73.4298324584961, "note_confidence": 0.998218834400177, "hardness": 34.90431439188076, "depth": 63.07023153028481, "brightness": 37.4149787153179, "roughness": 34.28631489774826, "warmth": 67.57944109483736, "sharpness": 15.47752000476224, "boominess": 48.47840947654842, "reverb": false, "name": "AKWF_tri_0015.wav", "SpectralCentroid": 0.09491665983573383, "SpectralSpread": 0.03288277017650878, "SpectralKurtosis": 0.721076563953684, "ZeroCrossingRate": 0.2330271804613616, "SpectralComplexity": 0.4925373134328358, "OddToEvenHarmonicEnergyRatio": 0.8993532245718421, "Dissonance": 0.8361577726028564, "PitchSalience": 0.4076270575199102, "HNR": 0.7464191791909248}