{"duration": 0.08163265138864517, "lossless": 1.0, "codec": "pcm_f32le", "bitrate": 1411200.0, "samplerate": 44100.0, "channels": 1.0, "audio_md5": "0f6399bb8ec51260491b8523cb037a64", "loudness": -19.04667854309082, "dynamic_range": 0.0, "temporal_centroid": 0.6005923748016357, "log_attack_time": -1.2413181066513062, "filesize": 14458, "single_event": false, "tonality": "D major", "tonality_confidence": 0.8616052865982056, "loop": false, "tempo": 0, "tempo_confidence": 0.0, "note_midi": 38, "note_name": "D2", "note_frequency": 73.4288558959961, "note_confidence": 0.9546579718589783, "hardness": 70.29738165617567, "depth": 54.410783112526566, "brightness": 58.49721259515832, "roughness": 70.3965840673663, "warmth": 49.667778682963956, "sharpness": 49.65030372230075, "boominess": 31.616314646120795, "reverb": false, "name": "AKWF_oscchip_0082.wav", "SpectralCentroid": 0.7019450589916632, "SpectralSpread": 0.7074763018037457, "SpectralKurtosis": 0.4751350098790342, "ZeroCrossingRate": 0.7567375327336924, "SpectralComplexity": 1.0, "OddToEvenHarmonicEnergyRatio": 0.31215362750728776, "Dissonance": 0.9822435511059789, "PitchSalience": 0.6920576636565218, "HNR": 0.8196371537884864}