{"duration": 0.08163265138864517, "lossless": 1.0, "codec": "pcm_f32le", "bitrate": 1411200.0, "samplerate": 44100.0, "channels": 1.0, "audio_md5": "4fb61fc02dd377e2d10c49f11774e522", "loudness": -13.670629501342773, "dynamic_range": 0.0, "temporal_centroid": 0.5839659571647644, "log_attack_time": -1.2889870405197144, "filesize": 14458, "single_event": false, "tonality": "D major", "tonality_confidence": 0.8827806115150452, "loop": false, "tempo": 0, "tempo_confidence": 0.0, "note_midi": 38, "note_name": "D2", "note_frequency": 73.4424057006836, "note_confidence": 0.9249240159988403, "hardness": 54.2295690999147, "depth": 60.89774936465376, "brightness": 45.353900447980614, "roughness": 55.42642651020235, "warmth": 62.77541994806612, "sharpness": 30.327308543722637, "boominess": 40.53901491320598, "reverb": false, "name": "AKWF_R_sym_saw_17.wav", "SpectralCentroid": 0.2219997641858784, "SpectralSpread": 0.08463672472943984, "SpectralKurtosis": 0.6474238387606931, "ZeroCrossingRate": 0.2330271804613616, "SpectralComplexity": 0.9253731343283582, "OddToEvenHarmonicEnergyRatio": 0.49658370580435096, "Dissonance": 0.9699803100790573, "PitchSalience": 0.49580880136769034, "HNR": 0.0}