{"duration": 0.08163265138864517, "lossless": 1.0, "codec": "pcm_f32le", "bitrate": 1411200.0, "samplerate": 44100.0, "channels": 1.0, "audio_md5": "541312086a6d3aed56fcea1a268241d6", "loudness": -11.424237251281738, "dynamic_range": 0.0, "temporal_centroid": 0.5814395546913147, "log_attack_time": -1.3401635885238647, "filesize": 14458, "single_event": false, "tonality": "A major", "tonality_confidence": 0.6739851236343384, "loop": false, "tempo": 0, "tempo_confidence": 0.0, "note_midi": 38, "note_name": "D2", "note_frequency": 73.42898559570312, "note_confidence": 0.9305856227874756, "hardness": 76.51089843527544, "depth": 46.018641744700815, "brightness": 56.088753597070735, "roughness": 63.96307160888932, "warmth": 52.47851187035059, "sharpness": 45.637387023909206, "boominess": 32.23192106553035, "reverb": false, "name": "AKWF_1734.wav", "SpectralCentroid": 0.769899747491872, "SpectralSpread": 0.8864397713202028, "SpectralKurtosis": 0.44337776160938075, "ZeroCrossingRate": 0.8622249050771842, "SpectralComplexity": 0.9552238805970149, "OddToEvenHarmonicEnergyRatio": 0.5388314943182343, "Dissonance": 0.9251934711968169, "PitchSalience": 0.830710953440575, "HNR": 0.7255052067227565}