{"duration": 0.08163265138864517, "lossless": 1.0, "codec": "pcm_f32le", "bitrate": 1411200.0, "samplerate": 44100.0, "channels": 1.0, "audio_md5": "68512c74e39f0130a39349d488034e48", "loudness": -9.987006187438965, "dynamic_range": 0.0, "temporal_centroid": 0.5542488694190979, "log_attack_time": -1.6644352674484253, "filesize": 14458, "single_event": false, "tonality": "A major", "tonality_confidence": 0.31255871057510376, "loop": false, "tempo": 0, "tempo_confidence": 0.0, "note_midi": 38, "note_name": "D2", "note_frequency": 73.4324722290039, "note_confidence": 0.9670425653457642, "hardness": 54.33100203849216, "depth": 61.43326610175946, "brightness": 49.36251293973602, "roughness": 46.93647129944528, "warmth": 59.26197045898864, "sharpness": 35.73011933486765, "boominess": 38.81322016737312, "reverb": false, "name": "AKWF_rAsymSqu_20.wav", "SpectralCentroid": 0.29202410995855654, "SpectralSpread": 0.16126482772545486, "SpectralKurtosis": 0.5980594973044866, "ZeroCrossingRate": 0.2330271804613616, "SpectralComplexity": 0.4925373134328358, "OddToEvenHarmonicEnergyRatio": 0.657108880466027, "Dissonance": 0.991434490533142, "PitchSalience": 0.47288044913301225, "HNR": 0.0}