{
    "duration": 0.08163265138864517,
    "lossless": 1.0,
    "codec": "pcm_f32le",
    "bitrate": 1411200.0,
    "samplerate": 44100.0,
    "channels": 1.0,
    "audio_md5": "f0b196bca55260bca505f129d00cd2db",
    "loudness": -12.647940635681152,
    "dynamic_range": 0.0,
    "temporal_centroid": 0.5790503025054932,
    "log_attack_time": -1.376328945159912,
    "filesize": 14458,
    "single_event": false,
    "tonality": "D major",
    "tonality_confidence": 0.8888090252876282,
    "loop": false,
    "tempo": 0,
    "tempo_confidence": 0.0,
    "note_midi": 38,
    "note_name": "D2",
    "note_frequency": 73.43029022216797,
    "note_confidence": 0.996356189250946,
    "hardness": 33.92155559325549,
    "depth": 62.505346765282795,
    "brightness": 35.468377167230855,
    "roughness": 50.598626309978386,
    "warmth": 65.68223971469143,
    "sharpness": 7.969888697669063,
    "boominess": 48.42423463066916,
    "reverb": false
}