{"duration": 0.08163265138864517, "lossless": 1.0, "codec": "pcm_f32le", "bitrate": 1411200.0, "samplerate": 44100.0, "channels": 1.0, "audio_md5": "3f945a540c7d9315f43191b842600dd6", "loudness": -11.140771865844727, "dynamic_range": 0.0, "temporal_centroid": 0.5819335579872131, "log_attack_time": -1.3882020711898804, "filesize": 14458, "single_event": false, "tonality": "D major", "tonality_confidence": 0.5197123289108276, "loop": false, "tempo": 0, "tempo_confidence": 0.0, "note_midi": 38, "note_name": "D2", "note_frequency": 73.43020629882812, "note_confidence": 0.9657816290855408, "hardness": 52.48829695179941, "depth": 46.24479125461476, "brightness": 47.090234492776084, "roughness": 57.898091415113086, "warmth": 61.99647441947944, "sharpness": 25.596257713081513, "boominess": 32.586464082993366, "reverb": false, "name": "AKWF_fmsynth_0025.wav", "SpectralCentroid": 0.21800629547849198, "SpectralSpread": 0.04465811683980072, "SpectralKurtosis": 0.7120266700808817, "ZeroCrossingRate": 0.6763055068286788, "SpectralComplexity": 0.9850746268656716, "OddToEvenHarmonicEnergyRatio": 0.3743108260368491, "Dissonance": 0.9572388977612014, "PitchSalience": 0.8372750663201737, "HNR": 0.82423801872951}