{"duration": 0.08163265138864517, "lossless": 1.0, "codec": "pcm_f32le", "bitrate": 1411200.0, "samplerate": 44100.0, "channels": 1.0, "audio_md5": "4bc0a23c16d50615a0955be12d1bc8dc", "loudness": -10.160837173461914, "dynamic_range": 0.0, "temporal_centroid": 0.5554097890853882, "log_attack_time": -1.6518850326538086, "filesize": 14458, "single_event": false, "tonality": "B major", "tonality_confidence": 0.32020437717437744, "loop": false, "tempo": 0, "tempo_confidence": 0.0, "note_midi": 38, "note_name": "D2", "note_frequency": 73.43547821044922, "note_confidence": 0.9686027765274048, "hardness": 48.58963712060958, "depth": 61.87596325627612, "brightness": 46.26280971473218, "roughness": 43.94461660488956, "warmth": 62.13926940249576, "sharpness": 30.512037071018668, "boominess": 40.79717770831702, "reverb": false, "name": "AKWF_rAsymSqu_17.wav", "SpectralCentroid": 0.21984574638552568, "SpectralSpread": 0.10124964276480367, "SpectralKurtosis": 0.6279503513031964, "ZeroCrossingRate": 0.2330271804613616, "SpectralComplexity": 0.4925373134328358, "OddToEvenHarmonicEnergyRatio": 0.6541701420307086, "Dissonance": 0.9955401555938456, "PitchSalience": 0.45652443773093254, "HNR": 0.0}