{"duration": 0.08163265138864517, "lossless": 1.0, "codec": "pcm_f32le", "bitrate": 1411200.0, "samplerate": 44100.0, "channels": 1.0, "audio_md5": "7515cb82584f289bfa1d4290aaca6b03", "loudness": -15.747232437133789, "dynamic_range": 0.0, "temporal_centroid": 0.585996150970459, "log_attack_time": -1.2667680978775024, "filesize": 14458, "single_event": false, "tonality": "D major", "tonality_confidence": 0.5839494466781616, "loop": false, "tempo": 0, "tempo_confidence": 0.0, "note_midi": 38, "note_name": "D2", "note_frequency": 73.428466796875, "note_confidence": 0.9881591200828552, "hardness": 34.226859662063816, "depth": 62.476595897273896, "brightness": 35.78481606925233, "roughness": 44.44365059002921, "warmth": 64.03981909606009, "sharpness": 16.838796241923127, "boominess": 50.0991709660953, "reverb": false, "name": "AKWF_0352.wav", "SpectralCentroid": 0.10197803373890288, "SpectralSpread": 0.051551894244092795, "SpectralKurtosis": 0.7276629629829077, "ZeroCrossingRate": 0.2330271804613616, "SpectralComplexity": 0.8507462686567164, "OddToEvenHarmonicEnergyRatio": 0.7948796848572292, "Dissonance": 0.9237720129465096, "PitchSalience": 0.25451657950315054, "HNR": 0.0}