{"duration": 0.08163265138864517, "lossless": 1.0, "codec": "pcm_f32le", "bitrate": 1411200.0, "samplerate": 44100.0, "channels": 1.0, "audio_md5": "91d496e880fc2463a3d301ca966ad14a", "loudness": -15.570002555847168, "dynamic_range": 0.0, "temporal_centroid": 0.5824942588806152, "log_attack_time": -1.2899459600448608, "filesize": 14458, "single_event": false, "tonality": "D major", "tonality_confidence": 0.8873780369758606, "loop": false, "tempo": 0, "tempo_confidence": 0.0, "note_midi": 38, "note_name": "D2", "note_frequency": 73.43199157714844, "note_confidence": 0.9146804809570312, "hardness": 67.9075804018587, "depth": 59.77188811399469, "brightness": 54.21709741888006, "roughness": 62.02329883100558, "warmth": 52.684175044291834, "sharpness": 44.14412944206185, "boominess": 35.89117212278592, "reverb": false, "name": "AKWF_raw_0003.wav", "SpectralCentroid": 0.5747870877438481, "SpectralSpread": 0.6221195415079963, "SpectralKurtosis": 0.5415253993322692, "ZeroCrossingRate": 0.25127414437444123, "SpectralComplexity": 1.0, "OddToEvenHarmonicEnergyRatio": 0.48687140274570595, "Dissonance": 0.9844684771630177, "PitchSalience": 0.5263365288757063, "HNR": 0.0}