{
    "duration": 0.08163265138864517,
    "lossless": 1.0,
    "codec": "pcm_f32le",
    "bitrate": 1411200.0,
    "samplerate": 44100.0,
    "channels": 1.0,
    "audio_md5": "4f428d0763d15430003d23fa2ef9af95",
    "loudness": -15.556671142578125,
    "dynamic_range": 0.0,
    "temporal_centroid": 0.5888935923576355,
    "log_attack_time": -1.2713426351547241,
    "filesize": 14458,
    "single_event": false,
    "tonality": "D minor",
    "tonality_confidence": 0.7601239085197449,
    "loop": false,
    "tempo": 0,
    "tempo_confidence": 0.0,
    "note_midi": 38,
    "note_name": "D2",
    "note_frequency": 73.45398712158203,
    "note_confidence": 0.8816741704940796,
    "hardness": 33.84599271881231,
    "depth": 58.78891122129261,
    "brightness": 23.733449772175142,
    "roughness": 43.448306633681376,
    "warmth": 64.8361509716704,
    "sharpness": 5.81931568186619,
    "boominess": 43.890058120365325,
    "reverb": false
}