{"duration": 0.08163265138864517, "lossless": 1.0, "codec": "pcm_f32le", "bitrate": 1411200.0, "samplerate": 44100.0, "channels": 1.0, "audio_md5": "5e65a4196a2ac9b0d51272f2e9902296", "loudness": -16.778940200805664, "dynamic_range": 0.0, "temporal_centroid": 0.6038476824760437, "log_attack_time": -1.2631429433822632, "filesize": 14458, "single_event": false, "tonality": "A minor", "tonality_confidence": 0.3003461956977844, "loop": false, "tempo": 0, "tempo_confidence": 0.0, "note_midi": 38, "note_name": "D2", "note_frequency": 73.42886352539062, "note_confidence": 0.9902130365371704, "hardness": 58.858292015061124, "depth": 59.51608583290051, "brightness": 54.30367757603418, "roughness": 63.23166061693168, "warmth": 55.81397385537671, "sharpness": 43.82139536391129, "boominess": 35.61222507297296, "reverb": false, "name": "AKWF_0472.wav", "SpectralCentroid": 0.4450280480941521, "SpectralSpread": 0.254978759767264, "SpectralKurtosis": 0.5124854118206131, "ZeroCrossingRate": 0.7567375327336924, "SpectralComplexity": 1.0, "OddToEvenHarmonicEnergyRatio": 0.5927783658511645, "Dissonance": 0.9618866993694207, "PitchSalience": 0.5256336624656971, "HNR": 0.0}