{"duration": 0.08163265138864517, "lossless": 1.0, "codec": "pcm_f32le", "bitrate": 1411200.0, "samplerate": 44100.0, "channels": 1.0, "audio_md5": "ec3436b9e381db8b47eb3f5d1afe60e7", "loudness": -13.614730834960938, "dynamic_range": 0.0, "temporal_centroid": 0.58500075340271, "log_attack_time": -1.3028062582015991, "filesize": 14458, "single_event": false, "tonality": "D minor", "tonality_confidence": 0.8436987996101379, "loop": false, "tempo": 0, "tempo_confidence": 0.0, "note_midi": 62, "note_name": "D4", "note_frequency": 293.4534912109375, "note_confidence": 0.8550647497177124, "hardness": 64.63678481643097, "depth": 43.602523136307354, "brightness": 50.58482085963965, "roughness": 39.99198668833024, "warmth": 48.49577522070165, "sharpness": 43.917309803641274, "boominess": 24.082595533915498, "reverb": false, "name": "AKWF_eorgan_0046.wav", "SpectralCentroid": 0.6262669825132051, "SpectralSpread": 0.7564906439346588, "SpectralKurtosis": 0.5080037835616369, "ZeroCrossingRate": 0.8961703981297011, "SpectralComplexity": 0.47761194029850745, "OddToEvenHarmonicEnergyRatio": 0.6878519214832478, "Dissonance": 0.9998224727086434, "PitchSalience": 0.3625759900205964, "HNR": 0.9575657228714582}