{"duration": 0.08163265138864517, "lossless": 1.0, "codec": "pcm_f32le", "bitrate": 1411200.0, "samplerate": 44100.0, "channels": 1.0, "audio_md5": "3d95918e1a1ba9afe49a7de705f35f52", "loudness": -15.325723648071289, "dynamic_range": 0.0, "temporal_centroid": 0.5931416749954224, "log_attack_time": -1.2741105556488037, "filesize": 14458, "single_event": false, "tonality": "D major", "tonality_confidence": 0.8564555644989014, "loop": false, "tempo": 0, "tempo_confidence": 0.0, "note_midi": 50, "note_name": "D3", "note_frequency": 147.00486755371094, "note_confidence": 0.9817996621131897, "hardness": 75.23847899445963, "depth": 40.811953406456894, "brightness": 58.958251197617535, "roughness": 72.24239593237516, "warmth": 43.714588694182844, "sharpness": 48.99793714274983, "boominess": 25.5203075451862, "reverb": false, "name": "AKWF_raw_0020.wav", "SpectralCentroid": 0.8120922990960501, "SpectralSpread": 0.8809924232822792, "SpectralKurtosis": 0.42465793596640133, "ZeroCrossingRate": 0.8170126056699671, "SpectralComplexity": 1.0, "OddToEvenHarmonicEnergyRatio": 0.16848562230164002, "Dissonance": 0.9807600239464915, "PitchSalience": 0.8799274096296723, "HNR": 0.9115048895124885}