{"duration": 0.08163265138864517, "lossless": 1.0, "codec": "pcm_f32le", "bitrate": 1411200.0, "samplerate": 44100.0, "channels": 1.0, "audio_md5": "aee09242406353fe9a538c06d276ee5c", "loudness": -13.830995559692383, "dynamic_range": 0.0, "temporal_centroid": 0.5939744114875793, "log_attack_time": -1.3318381309509277, "filesize": 14458, "single_event": false, "tonality": "D major", "tonality_confidence": 0.7768287658691406, "loop": false, "tempo": 0, "tempo_confidence": 0.0, "note_midi": 38, "note_name": "D2", "note_frequency": 73.42839813232422, "note_confidence": 0.9885968565940857, "hardness": 67.7973394417958, "depth": 54.64010462015062, "brightness": 58.025340270285405, "roughness": 70.448777164001, "warmth": 52.19944102782162, "sharpness": 49.59995312327747, "boominess": 32.34198828621378, "reverb": false, "name": "AKWF_oscchip_0110.wav", "SpectralCentroid": 0.6937766315470163, "SpectralSpread": 0.6937824111877204, "SpectralKurtosis": 0.4761672719778222, "ZeroCrossingRate": 0.4252420033405892, "SpectralComplexity": 0.9850746268656716, "OddToEvenHarmonicEnergyRatio": 0.19528424029204283, "Dissonance": 0.9864435959181268, "PitchSalience": 0.6243341305105713, "HNR": 0.0}