{"duration": 0.08163265138864517, "lossless": 1.0, "codec": "pcm_f32le", "bitrate": 1411200.0, "samplerate": 44100.0, "channels": 1.0, "audio_md5": "8e43351b661ba799cef038812401256c", "loudness": -15.040532112121582, "dynamic_range": 0.0, "temporal_centroid": 0.5946386456489563, "log_attack_time": -1.2951610088348389, "filesize": 14458, "single_event": false, "tonality": "D minor", "tonality_confidence": 0.756829023361206, "loop": false, "tempo": 0, "tempo_confidence": 0.0, "note_midi": 38, "note_name": "D2", "note_frequency": 73.4365005493164, "note_confidence": 0.9605013132095337, "hardness": 42.944656415872544, "depth": 56.10379486750765, "brightness": 40.05527757839573, "roughness": 53.8476867172118, "warmth": 74.1011609148558, "sharpness": 20.96716799619113, "boominess": 42.53396037092338, "reverb": false, "name": "AKWF_cello_0005.wav", "SpectralCentroid": 0.16661773830941778, "SpectralSpread": 0.06520948239243428, "SpectralKurtosis": 0.6927686472775217, "ZeroCrossingRate": 0.6763055068286788, "SpectralComplexity": 0.9402985074626866, "OddToEvenHarmonicEnergyRatio": 0.17304351222579217, "Dissonance": 0.8447627406829534, "PitchSalience": 0.6726330719536978, "HNR": 0.17034951080969818}