{"duration": 0.08163265138864517, "lossless": 1.0, "codec": "pcm_f32le", "bitrate": 1411200.0, "samplerate": 44100.0, "channels": 1.0, "audio_md5": "73ae1d5edaeed6769c1df0ff831aa4fc", "loudness": -12.676065444946289, "dynamic_range": 0.0, "temporal_centroid": 0.5818392634391785, "log_attack_time": -1.34059476852417, "filesize": 14458, "single_event": false, "tonality": "D major", "tonality_confidence": 0.7570151090621948, "loop": false, "tempo": 0, "tempo_confidence": 0.0, "note_midi": 38, "note_name": "D2", "note_frequency": 73.42848205566406, "note_confidence": 0.9925869107246399, "hardness": 62.446113251643226, "depth": 62.123280878957566, "brightness": 53.284221499549005, "roughness": 56.19057316313567, "warmth": 50.710344300915764, "sharpness": 45.91698712109989, "boominess": 39.407250266706484, "reverb": false, "name": "AKWF_0527.wav", "SpectralCentroid": 0.6816255917733821, "SpectralSpread": 0.8229474203605335, "SpectralKurtosis": 0.47928571382458157, "ZeroCrossingRate": 0.2330271804613616, "SpectralComplexity": 1.0, "OddToEvenHarmonicEnergyRatio": 0.6739028087779816, "Dissonance": 0.962846980518969, "PitchSalience": 0.32909800351227836, "HNR": 0.7736232123890224}