{"duration": 0.08163265138864517, "lossless": 1.0, "codec": "pcm_f32le", "bitrate": 1411200.0, "samplerate": 44100.0, "channels": 1.0, "audio_md5": "8494cc005d04bca9da5bf6d5387851ee", "loudness": -12.158360481262207, "dynamic_range": 0.0, "temporal_centroid": 0.5791471004486084, "log_attack_time": -1.3962199687957764, "filesize": 14458, "single_event": false, "tonality": "D major", "tonality_confidence": 0.7256401181221008, "loop": false, "tempo": 0, "tempo_confidence": 0.0, "note_midi": 38, "note_name": "D2", "note_frequency": 73.43701171875, "note_confidence": 0.9647802710533142, "hardness": 36.26776723450347, "depth": 60.02257780857766, "brightness": 37.92634671743697, "roughness": 52.53657450800824, "warmth": 70.30432051584383, "sharpness": 9.900827607160899, "boominess": 43.605103053875865, "reverb": false, "name": "AKWF_fmsynth_0093.wav", "SpectralCentroid": 0.11143289332664894, "SpectralSpread": 0.028743036877422006, "SpectralKurtosis": 0.7896919558222405, "ZeroCrossingRate": 0.5688738575398764, "SpectralComplexity": 0.835820895522388, "OddToEvenHarmonicEnergyRatio": 0.8056341578247084, "Dissonance": 0.879499521828709, "PitchSalience": 0.6871726097584565, "HNR": 0.0}