{"duration": 0.08163265138864517, "lossless": 1.0, "codec": "pcm_f32le", "bitrate": 1411200.0, "samplerate": 44100.0, "channels": 1.0, "audio_md5": "6be0238e82b2abed5633af288538970b", "loudness": -14.576703071594238, "dynamic_range": 0.0, "temporal_centroid": 0.580214262008667, "log_attack_time": -1.305384874343872, "filesize": 14458, "single_event": false, "tonality": "D minor", "tonality_confidence": 0.8981183171272278, "loop": false, "tempo": 0, "tempo_confidence": 0.0, "note_midi": 38, "note_name": "D2", "note_frequency": 73.4367446899414, "note_confidence": 0.9258500337600708, "hardness": 54.09099569411819, "depth": 57.49502108715276, "brightness": 46.38817927324462, "roughness": 58.77493623458763, "warmth": 65.48765687268289, "sharpness": 27.481525344176383, "boominess": 40.423159599778046, "reverb": false, "name": "AKWF_1543.wav", "SpectralCentroid": 0.24691443074526678, "SpectralSpread": 0.10221319536875781, "SpectralKurtosis": 0.6831256896137237, "ZeroCrossingRate": 0.4252420033405892, "SpectralComplexity": 0.9402985074626866, "OddToEvenHarmonicEnergyRatio": 0.1989159241294649, "Dissonance": 0.9761285601005005, "PitchSalience": 0.42242642896791666, "HNR": 0.0}