{"duration": 0.08163265138864517, "lossless": 1.0, "codec": "pcm_f32le", "bitrate": 1411200.0, "samplerate": 44100.0, "channels": 1.0, "audio_md5": "a325853ee696f0d08a77f611b5454ff8", "loudness": -16.844846725463867, "dynamic_range": 0.0, "temporal_centroid": 0.5964807271957397, "log_attack_time": -1.2674968242645264, "filesize": 14458, "single_event": false, "tonality": "D major", "tonality_confidence": 0.6215370893478394, "loop": false, "tempo": 0, "tempo_confidence": 0.0, "note_midi": 38, "note_name": "D2", "note_frequency": 73.46393585205078, "note_confidence": 0.8905513882637024, "hardness": 35.230459287912296, "depth": 59.650251140107, "brightness": 27.83390829276253, "roughness": 48.93730350724598, "warmth": 70.73965551496431, "sharpness": 1.7788655534662894, "boominess": 47.93287129689147, "reverb": false, "name": "AKWF_aguitar_0010.wav", "SpectralCentroid": 0.07534541385722301, "SpectralSpread": 0.022495101409985, "SpectralKurtosis": 0.8225226193773746, "ZeroCrossingRate": 0.5688738575398764, "SpectralComplexity": 0.19402985074626866, "OddToEvenHarmonicEnergyRatio": 0.5556732801722127, "Dissonance": 0.7381748881592651, "PitchSalience": 0.6134507706265327, "HNR": 0.8090106047887429}