{"duration": 0.08163265138864517, "lossless": 1.0, "codec": "pcm_f32le", "bitrate": 1411200.0, "samplerate": 44100.0, "channels": 1.0, "audio_md5": "3b538c39549dbe14b93a2b27df8a386b", "loudness": -13.835290908813477, "dynamic_range": 0.0, "temporal_centroid": 0.587078869342804, "log_attack_time": -1.278950572013855, "filesize": 14458, "single_event": false, "tonality": "D major", "tonality_confidence": 0.8449929356575012, "loop": false, "tempo": 0, "tempo_confidence": 0.0, "note_midi": 38, "note_name": "D2", "note_frequency": 73.43881225585938, "note_confidence": 0.9250555038452148, "hardness": 56.13468736853636, "depth": 60.85255320283183, "brightness": 46.88826719000095, "roughness": 55.09828605764002, "warmth": 61.07567381828294, "sharpness": 34.65878122707952, "boominess": 39.60860137528298, "reverb": false, "name": "AKWF_blended_0006.wav", "SpectralCentroid": 0.2734715220099633, "SpectralSpread": 0.179117138126056, "SpectralKurtosis": 0.6420580130408747, "ZeroCrossingRate": 0.4252420033405892, "SpectralComplexity": 0.8805970149253731, "OddToEvenHarmonicEnergyRatio": 0.437009293653677, "Dissonance": 0.9799676424784152, "PitchSalience": 0.49189586385055817, "HNR": 0.0}