{"duration": 0.08163265138864517, "lossless": 1.0, "codec": "pcm_f32le", "bitrate": 1411200.0, "samplerate": 44100.0, "channels": 1.0, "audio_md5": "14e625ba33e92df738b486c24d85b4e9", "loudness": -14.28339958190918, "dynamic_range": 0.0, "temporal_centroid": 0.5838678479194641, "log_attack_time": -1.2909070253372192, "filesize": 14458, "single_event": false, "tonality": "D major", "tonality_confidence": 0.8573126196861267, "loop": false, "tempo": 0, "tempo_confidence": 0.0, "note_midi": 38, "note_name": "D2", "note_frequency": 73.46080017089844, "note_confidence": 0.931891918182373, "hardness": 40.46751965630601, "depth": 62.33315364114078, "brightness": 37.83584149897992, "roughness": 49.46468534379167, "warmth": 66.24665289628905, "sharpness": 17.592473232567478, "boominess": 45.669477191141794, "reverb": false, "name": "AKWF_1602.wav", "SpectralCentroid": 0.09972388978672536, "SpectralSpread": 0.034230851937522025, "SpectralKurtosis": 0.7533693569619413, "ZeroCrossingRate": 0.4252420033405892, "SpectralComplexity": 0.6865671641791045, "OddToEvenHarmonicEnergyRatio": 0.4359796280141217, "Dissonance": 0.8847026614798161, "PitchSalience": 0.3661840941007426, "HNR": 0.0}