{"duration": 0.08163265138864517, "lossless": 1.0, "codec": "pcm_f32le", "bitrate": 1411200.0, "samplerate": 44100.0, "channels": 1.0, "audio_md5": "024398222bbf023c88d6db496ef6a851", "loudness": -14.24917984008789, "dynamic_range": 0.0, "temporal_centroid": 0.5903279781341553, "log_attack_time": -1.3020159006118774, "filesize": 14458, "single_event": false, "tonality": "F# major", "tonality_confidence": 0.3546130657196045, "loop": false, "tempo": 0, "tempo_confidence": 0.0, "note_midi": 38, "note_name": "D2", "note_frequency": 73.46808624267578, "note_confidence": 0.9628998637199402, "hardness": 27.212306856808425, "depth": 63.447735830474436, "brightness": 28.32781922737795, "roughness": 39.30184365943086, "warmth": 65.60522028314188, "sharpness": 0.10889581188446584, "boominess": 56.186747467073076, "reverb": false, "name": "AKWF_1605.wav", "SpectralCentroid": 0.040434270219334045, "SpectralSpread": 0.02317119625208981, "SpectralKurtosis": 0.8032804311054541, "ZeroCrossingRate": 0.4252420033405892, "SpectralComplexity": 0.4626865671641791, "OddToEvenHarmonicEnergyRatio": 0.1404229609630621, "Dissonance": 0.5908263610960538, "PitchSalience": 0.10666190637568262, "HNR": 0.2767316090980124}