{"duration": 0.08163265138864517, "lossless": 1.0, "codec": "pcm_f32le", "bitrate": 1411200.0, "samplerate": 44100.0, "channels": 1.0, "audio_md5": "3e94dc2641163e7026c6873a89d790ef", "loudness": -14.268304824829102, "dynamic_range": 0.0, "temporal_centroid": 0.5853177309036255, "log_attack_time": -1.2761516571044922, "filesize": 14458, "single_event": false, "tonality": "G minor", "tonality_confidence": 0.6078022122383118, "loop": false, "tempo": 0, "tempo_confidence": 0.0, "note_midi": 50, "note_name": "D3", "note_frequency": 146.61033630371094, "note_confidence": 0.9307626485824585, "hardness": 50.20393978871479, "depth": 50.779676775300615, "brightness": 47.73280149080459, "roughness": 53.570077608445914, "warmth": 61.63710228820422, "sharpness": 34.39482660095217, "boominess": 32.2354408697357, "reverb": false, "name": "AKWF_hvoice_0042.wav", "SpectralCentroid": 0.34447807063831887, "SpectralSpread": 0.22344902745750805, "SpectralKurtosis": 0.6048916778830891, "ZeroCrossingRate": 0.6763055068286788, "SpectralComplexity": 1.0, "OddToEvenHarmonicEnergyRatio": 0.011939997872615791, "Dissonance": 0.8269753667390002, "PitchSalience": 0.6039372169203279, "HNR": 0.8356116836632962}