{
    "duration": 0.08163265138864517,
    "lossless": 1.0,
    "codec": "pcm_f32le",
    "bitrate": 1411200.0,
    "samplerate": 44100.0,
    "channels": 1.0,
    "audio_md5": "3af885d18c1b0303b7bd033f93488cb8",
    "loudness": -15.823034286499023,
    "dynamic_range": 0.0,
    "temporal_centroid": 0.5890535712242126,
    "log_attack_time": -1.275408387184143,
    "filesize": 14458,
    "single_event": false,
    "tonality": "C# minor",
    "tonality_confidence": 0.3874720335006714,
    "loop": false,
    "tempo": 0,
    "tempo_confidence": 0.0,
    "note_midi": 38,
    "note_name": "D2",
    "note_frequency": 73.42876434326172,
    "note_confidence": 0.9467272758483887,
    "hardness": 69.32909964398169,
    "depth": 36.785385439330284,
    "brightness": 60.94197125877044,
    "roughness": 70.52620964991827,
    "warmth": 41.250452831326555,
    "sharpness": 50.61473682601648,
    "boominess": 23.38309955992491,
    "reverb": false
}