{
    "duration": 0.08163265138864517,
    "lossless": 1.0,
    "codec": "pcm_f32le",
    "bitrate": 1411200.0,
    "samplerate": 44100.0,
    "channels": 1.0,
    "audio_md5": "0dea3147c2c28bcef1ebf0f20f68b3d6",
    "loudness": -15.351869583129883,
    "dynamic_range": 0.0,
    "temporal_centroid": 0.5902504324913025,
    "log_attack_time": -1.3000463247299194,
    "filesize": 14458,
    "single_event": false,
    "tonality": "D major",
    "tonality_confidence": 0.6113381385803223,
    "loop": false,
    "tempo": 0,
    "tempo_confidence": 0.0,
    "note_midi": 38,
    "note_name": "D2",
    "note_frequency": 73.42996978759766,
    "note_confidence": 0.9259723424911499,
    "hardness": 62.65457786071053,
    "depth": 51.21185570665749,
    "brightness": 51.16961652168768,
    "roughness": 61.56739162359908,
    "warmth": 59.79497776153224,
    "sharpness": 38.96237272069305,
    "boominess": 35.00244546061812,
    "reverb": false
}