{"duration": 0.08163265138864517, "lossless": 1.0, "codec": "pcm_f32le", "bitrate": 1411200.0, "samplerate": 44100.0, "channels": 1.0, "audio_md5": "ff6ed35004ec19758aeed74463cfa821", "loudness": -15.219743728637695, "dynamic_range": 0.0, "temporal_centroid": 0.5854222178459167, "log_attack_time": -1.361590027809143, "filesize": 14458, "single_event": false, "tonality": "D major", "tonality_confidence": 0.8817711472511292, "loop": false, "tempo": 0, "tempo_confidence": 0.0, "note_midi": 38, "note_name": "D2", "note_frequency": 73.42882537841797, "note_confidence": 0.9977362751960754, "hardness": 42.34684355650168, "depth": 60.733352946533216, "brightness": 43.38252790874267, "roughness": 54.345541446869326, "warmth": 64.39775395186062, "sharpness": 24.89336700932392, "boominess": 41.97937660237918, "reverb": false, "name": "AKWF_0113.wav", "SpectralCentroid": 0.20695146893501953, "SpectralSpread": 0.09777040440410868, "SpectralKurtosis": 0.6681240860077841, "ZeroCrossingRate": 0.2330271804613616, "SpectralComplexity": 1.0, "OddToEvenHarmonicEnergyRatio": 0.09400970763878298, "Dissonance": 0.9745093711653667, "PitchSalience": 0.49332102234227015, "HNR": 0.0}