{
    "duration": 0.08163265138864517,
    "lossless": 1.0,
    "codec": "pcm_f32le",
    "bitrate": 1411200.0,
    "samplerate": 44100.0,
    "channels": 1.0,
    "audio_md5": "77a307e02bed53c1bafb79164307029f",
    "loudness": -14.279233932495117,
    "dynamic_range": 0.0,
    "temporal_centroid": 0.5884471535682678,
    "log_attack_time": -1.290330171585083,
    "filesize": 14458,
    "single_event": false,
    "tonality": "D minor",
    "tonality_confidence": 0.6584954857826233,
    "loop": false,
    "tempo": 0,
    "tempo_confidence": 0.0,
    "note_midi": 38,
    "note_name": "D2",
    "note_frequency": 73.44243621826172,
    "note_confidence": 0.9237679243087769,
    "hardness": 29.291269030566696,
    "depth": 55.2620655089919,
    "brightness": 23.61858250176271,
    "roughness": 44.388719224061305,
    "warmth": 61.55418189814499,
    "sharpness": 4.097228945085998,
    "boominess": 39.311002199657004,
    "reverb": false
}