{"duration": 0.08163265138864517, "lossless": 1.0, "codec": "pcm_f32le", "bitrate": 1411200.0, "samplerate": 44100.0, "channels": 1.0, "audio_md5": "ec83fd29b5aa163d94aa12c7b7a416dc", "loudness": -12.185647010803223, "dynamic_range": 0.0, "temporal_centroid": 0.5527135133743286, "log_attack_time": -1.6815959215164185, "filesize": 14458, "single_event": false, "tonality": "D minor", "tonality_confidence": 0.5055720210075378, "loop": false, "tempo": 0, "tempo_confidence": 0.0, "note_midi": 38, "note_name": "D2", "note_frequency": 73.42350006103516, "note_confidence": 0.6517406702041626, "hardness": 81.29391703550272, "depth": 40.35689520543367, "brightness": 67.23938862892348, "roughness": 57.27539632504626, "warmth": 33.32264162255853, "sharpness": 55.97077199491734, "boominess": 23.187943191672506, "reverb": false, "name": "AKWF_c604_0017.wav", "SpectralCentroid": 0.7367666622021359, "SpectralSpread": 0.8092538728437472, "SpectralKurtosis": 0.46341350075876236, "ZeroCrossingRate": 0.2330271804613616, "SpectralComplexity": 1.0, "OddToEvenHarmonicEnergyRatio": 0.0107540810638544, "Dissonance": 0.9965108666541022, "PitchSalience": 0.13982888941594665, "HNR": 0.0}