{
    "duration": 0.08163265138864517,
    "lossless": 1.0,
    "codec": "pcm_f32le",
    "bitrate": 1411200.0,
    "samplerate": 44100.0,
    "channels": 1.0,
    "audio_md5": "a41be6232bba1e7a35b6ce8ca641ccfe",
    "loudness": -11.122871398925781,
    "dynamic_range": 0.0,
    "temporal_centroid": 0.5642472505569458,
    "log_attack_time": -1.4900145530700684,
    "filesize": 14458,
    "single_event": false,
    "tonality": "D major",
    "tonality_confidence": 0.4951038062572479,
    "loop": false,
    "tempo": 0,
    "tempo_confidence": 0.0,
    "note_midi": 38,
    "note_name": "D2",
    "note_frequency": 73.42839813232422,
    "note_confidence": 0.9831669330596924,
    "hardness": 61.7162145219514,
    "depth": 61.879230541727374,
    "brightness": 55.682361907002054,
    "roughness": 58.01247493628718,
    "warmth": 50.26368369014915,
    "sharpness": 47.664855921134,
    "boominess": 37.63229141799468,
    "reverb": false
}