{"duration": 0.08163265138864517, "lossless": 1.0, "codec": "pcm_f32le", "bitrate": 1411200.0, "samplerate": 44100.0, "channels": 1.0, "audio_md5": "315284062adc7c14dd35c3121d7c0c9f", "loudness": -16.113798141479492, "dynamic_range": 0.0, "temporal_centroid": 0.6053091287612915, "log_attack_time": -1.2687749862670898, "filesize": 14458, "single_event": false, "tonality": "D major", "tonality_confidence": 0.5605597496032715, "loop": false, "tempo": 0, "tempo_confidence": 0.0, "note_midi": 38, "note_name": "D2", "note_frequency": 73.42839813232422, "note_confidence": 0.9999954700469971, "hardness": 35.0073312133694, "depth": 54.228459719526924, "brightness": 37.080335646171825, "roughness": 48.014706737130496, "warmth": 65.79780839612185, "sharpness": 15.784420311917788, "boominess": 48.11699438510445, "reverb": false, "name": "AKWF_0996.wav", "SpectralCentroid": 0.15164261004494875, "SpectralSpread": 0.16396875061368985, "SpectralKurtosis": 0.6940368716003057, "ZeroCrossingRate": 0.2330271804613616, "SpectralComplexity": 0.835820895522388, "OddToEvenHarmonicEnergyRatio": 0.002887493257624767, "Dissonance": 0.8054372364441794, "PitchSalience": 0.466669036549716, "HNR": 0.0}