{
    "duration": 0.08163265138864517,
    "lossless": 1.0,
    "codec": "pcm_f32le",
    "bitrate": 1411200.0,
    "samplerate": 44100.0,
    "channels": 1.0,
    "audio_md5": "49585071ac98bfa1eecbc04c20f2c79f",
    "loudness": -16.104578018188477,
    "dynamic_range": 0.0,
    "temporal_centroid": 0.5976759195327759,
    "log_attack_time": -1.256692886352539,
    "filesize": 14458,
    "single_event": false,
    "tonality": "D major",
    "tonality_confidence": 0.789869487285614,
    "loop": false,
    "tempo": 0,
    "tempo_confidence": 0.0,
    "note_midi": 38,
    "note_name": "D2",
    "note_frequency": 73.4284439086914,
    "note_confidence": 0.9959929585456848,
    "hardness": 61.05206537073181,
    "depth": 53.688604989779826,
    "brightness": 53.42913742542281,
    "roughness": 62.06740532195884,
    "warmth": 54.79515150554333,
    "sharpness": 42.550354700237115,
    "boominess": 31.85695371722819,
    "reverb": false
}