{"duration": 0.08163265138864517, "lossless": 1.0, "codec": "pcm_f32le", "bitrate": 1411200.0, "samplerate": 44100.0, "channels": 1.0, "audio_md5": "aceecb0e0db6211d809aee527219ec6c", "loudness": -11.009389877319336, "dynamic_range": 0.0, "temporal_centroid": 0.5759698748588562, "log_attack_time": -1.4063924551010132, "filesize": 14458, "single_event": false, "tonality": "D major", "tonality_confidence": 0.8577301502227783, "loop": false, "tempo": 0, "tempo_confidence": 0.0, "note_midi": 38, "note_name": "D2", "note_frequency": 73.43848419189453, "note_confidence": 0.9481306076049805, "hardness": 45.1260183768558, "depth": 56.142701788476245, "brightness": 39.51384472040503, "roughness": 54.516925749041306, "warmth": 72.19800068823096, "sharpness": 19.72969397891338, "boominess": 43.49659161753594, "reverb": false, "name": "AKWF_distorted_0021.wav", "SpectralCentroid": 0.1507470014633672, "SpectralSpread": 0.040675563571565, "SpectralKurtosis": 0.7365617152389282, "ZeroCrossingRate": 0.4252420033405892, "SpectralComplexity": 0.9850746268656716, "OddToEvenHarmonicEnergyRatio": 0.13035195314427603, "Dissonance": 0.8532101660558483, "PitchSalience": 0.589250894783244, "HNR": 0.5287151463605806}