{
    "duration": 0.08163265138864517,
    "lossless": 1.0,
    "codec": "pcm_f32le",
    "bitrate": 1411200.0,
    "samplerate": 44100.0,
    "channels": 1.0,
    "audio_md5": "5392f4850406c87fc0300fd5c54695f6",
    "loudness": -14.23636531829834,
    "dynamic_range": 0.0,
    "temporal_centroid": 0.5796808004379272,
    "log_attack_time": -1.3611373901367188,
    "filesize": 14458,
    "single_event": false,
    "tonality": "D major",
    "tonality_confidence": 0.7938827276229858,
    "loop": false,
    "tempo": 0,
    "tempo_confidence": 0.0,
    "note_midi": 38,
    "note_name": "D2",
    "note_frequency": 73.47822570800781,
    "note_confidence": 0.9307003021240234,
    "hardness": 47.5594094028402,
    "depth": 61.402778663077434,
    "brightness": 42.29270952445353,
    "roughness": 50.21827069621103,
    "warmth": 57.615648451251644,
    "sharpness": 31.854494646999736,
    "boominess": 45.51413358360246,
    "reverb": false
}