{"duration": 0.08163265138864517, "lossless": 1.0, "codec": "pcm_f32le", "bitrate": 1411200.0, "samplerate": 44100.0, "channels": 1.0, "audio_md5": "a0ec010bd7bf4ca9e5764fdb07f6f943", "loudness": -13.026729583740234, "dynamic_range": 0.0, "temporal_centroid": 0.5776461362838745, "log_attack_time": -1.3822249174118042, "filesize": 14458, "single_event": false, "tonality": "C# minor", "tonality_confidence": 0.6122527122497559, "loop": false, "tempo": 0, "tempo_confidence": 0.0, "note_midi": 38, "note_name": "D2", "note_frequency": 73.4328842163086, "note_confidence": 0.9897617101669312, "hardness": 42.81814514103425, "depth": 62.4459704222302, "brightness": 43.25928430066709, "roughness": 37.479792442310945, "warmth": 60.69019888892642, "sharpness": 21.279223402613507, "boominess": 43.05473195881406, "reverb": false, "name": "AKWF_0259.wav", "SpectralCentroid": 0.12726705392906348, "SpectralSpread": 0.03430256448545033, "SpectralKurtosis": 0.70475939525592, "ZeroCrossingRate": 0.2330271804613616, "SpectralComplexity": 0.47761194029850745, "OddToEvenHarmonicEnergyRatio": 0.8581041278577957, "Dissonance": 0.8773706530612007, "PitchSalience": 0.2608449448411751, "HNR": 0.0}