{"duration": 0.08163265138864517, "lossless": 1.0, "codec": "pcm_f32le", "bitrate": 1411200.0, "samplerate": 44100.0, "channels": 1.0, "audio_md5": "6b889ff5194da85c6f9af803a0921f3b", "loudness": -15.139101028442383, "dynamic_range": 0.0, "temporal_centroid": 0.5850009322166443, "log_attack_time": -1.3006362915039062, "filesize": 14458, "single_event": false, "tonality": "D major", "tonality_confidence": 0.8847944736480713, "loop": false, "tempo": 0, "tempo_confidence": 0.0, "note_midi": 38, "note_name": "D2", "note_frequency": 74.15185546875, "note_confidence": 0.9513633251190186, "hardness": 65.32451599943414, "depth": 54.52054516984326, "brightness": 56.459856718925764, "roughness": 70.96989842449186, "warmth": 56.68453140361761, "sharpness": 51.367065405450774, "boominess": 34.411777167816304, "reverb": false, "name": "AKWF_snippet_0012.wav", "SpectralCentroid": 0.6854436401199749, "SpectralSpread": 0.6418075310169082, "SpectralKurtosis": 0.46523747040805835, "ZeroCrossingRate": 0.8961703981297011, "SpectralComplexity": 1.0, "OddToEvenHarmonicEnergyRatio": 0.14559952013919272, "Dissonance": 0.9355715970337626, "PitchSalience": 0.739436492955005, "HNR": 0.8606351520874415}