{"duration": 0.08163265138864517, "lossless": 1.0, "codec": "pcm_f32le", "bitrate": 1411200.0, "samplerate": 44100.0, "channels": 1.0, "audio_md5": "c110c7037ba5144fb5c4cae9627d8901", "loudness": -14.162359237670898, "dynamic_range": 0.0, "temporal_centroid": 0.58742755651474, "log_attack_time": -1.284224033355713, "filesize": 14458, "single_event": false, "tonality": "D major", "tonality_confidence": 0.6640678644180298, "loop": false, "tempo": 0, "tempo_confidence": 0.0, "note_midi": 38, "note_name": "D2", "note_frequency": 73.43026733398438, "note_confidence": 0.947920024394989, "hardness": 49.73754822741623, "depth": 44.15700230673086, "brightness": 46.90690569335156, "roughness": 57.36060359762221, "warmth": 66.45260961066913, "sharpness": 21.925237539340564, "boominess": 36.243260405213206, "reverb": false, "name": "AKWF_clavinet_0032.wav", "SpectralCentroid": 0.22253871473503098, "SpectralSpread": 0.017237132190810203, "SpectralKurtosis": 0.7465831425681123, "ZeroCrossingRate": 0.8622249050771842, "SpectralComplexity": 0.5522388059701493, "OddToEvenHarmonicEnergyRatio": 0.1430175769641359, "Dissonance": 0.9785776927695483, "PitchSalience": 0.5273992386270537, "HNR": 0.45142842342532885}