{"duration": 0.08163265138864517, "lossless": 1.0, "codec": "pcm_f32le", "bitrate": 1411200.0, "samplerate": 44100.0, "channels": 1.0, "audio_md5": "28ba1e1f0a2a13391d83cda2bcc96e17", "loudness": -11.27009391784668, "dynamic_range": 0.0, "temporal_centroid": 0.5626209378242493, "log_attack_time": -1.5042449235916138, "filesize": 14458, "single_event": false, "tonality": "D major", "tonality_confidence": 0.706952691078186, "loop": false, "tempo": 0, "tempo_confidence": 0.0, "note_midi": 38, "note_name": "D2", "note_frequency": 73.43206024169922, "note_confidence": 0.9758959412574768, "hardness": 54.52907426146709, "depth": 61.810569986661555, "brightness": 50.479095257002946, "roughness": 57.45429357745079, "warmth": 57.39878434249967, "sharpness": 39.73602007270979, "boominess": 39.170141555133014, "reverb": false, "name": "AKWF_0457.wav", "SpectralCentroid": 0.3978309106939176, "SpectralSpread": 0.3526336121342132, "SpectralKurtosis": 0.5903119640531853, "ZeroCrossingRate": 0.2330271804613616, "SpectralComplexity": 1.0, "OddToEvenHarmonicEnergyRatio": 0.03608574090215206, "Dissonance": 0.9948218046108666, "PitchSalience": 0.36937211349197496, "HNR": 0.0}