{"duration": 0.08163265138864517, "lossless": 1.0, "codec": "pcm_f32le", "bitrate": 1411200.0, "samplerate": 44100.0, "channels": 1.0, "audio_md5": "9172f46a632de7c413d8bb4e8557b0b5", "loudness": -9.74069595336914, "dynamic_range": 0.0, "temporal_centroid": 0.5528404712677002, "log_attack_time": -1.6801789999008179, "filesize": 14458, "single_event": false, "tonality": "D major", "tonality_confidence": 0.6133354306221008, "loop": false, "tempo": 0, "tempo_confidence": 0.0, "note_midi": 38, "note_name": "D2", "note_frequency": 73.42839813232422, "note_confidence": 0.9652100801467896, "hardness": 73.73196358729419, "depth": 60.674468668697244, "brightness": 57.61697159593711, "roughness": 61.555231702470415, "warmth": 49.81093884412884, "sharpness": 49.16478416776405, "boominess": 35.14158487267062, "reverb": false, "name": "AKWF_1453.wav", "SpectralCentroid": 0.7260673525797976, "SpectralSpread": 0.820865340038009, "SpectralKurtosis": 0.46570128061196725, "ZeroCrossingRate": 0.2330271804613616, "SpectralComplexity": 0.9850746268656716, "OddToEvenHarmonicEnergyRatio": 0.058082912533792184, "Dissonance": 0.9710699804705393, "PitchSalience": 0.45642443076101963, "HNR": 0.0}