{"duration": 0.08163265138864517, "lossless": 1.0, "codec": "pcm_f32le", "bitrate": 1411200.0, "samplerate": 44100.0, "channels": 1.0, "audio_md5": "7994bfc28da47b417f1d560d502ea80e", "loudness": -12.230668067932129, "dynamic_range": 0.0, "temporal_centroid": 0.5685199499130249, "log_attack_time": -1.4560726881027222, "filesize": 14458, "single_event": false, "tonality": "D major", "tonality_confidence": 0.4487256407737732, "loop": false, "tempo": 0, "tempo_confidence": 0.0, "note_midi": 38, "note_name": "D2", "note_frequency": 73.44625854492188, "note_confidence": 0.9758144617080688, "hardness": 39.65600330815285, "depth": 63.35575136166697, "brightness": 41.903466477557004, "roughness": 35.62009700045515, "warmth": 61.280743281358895, "sharpness": 28.400615580009404, "boominess": 46.35963694078146, "reverb": false, "name": "AKWF_tri_0025.wav", "SpectralCentroid": 0.15532978698728714, "SpectralSpread": 0.0781129863975929, "SpectralKurtosis": 0.637029247167329, "ZeroCrossingRate": 0.2330271804613616, "SpectralComplexity": 0.4925373134328358, "OddToEvenHarmonicEnergyRatio": 0.8196660820931924, "Dissonance": 0.837989060701205, "PitchSalience": 0.22124788422774253, "HNR": 0.22531069952790544}