{"duration": 0.08163265138864517, "lossless": 1.0, "codec": "pcm_f32le", "bitrate": 1411200.0, "samplerate": 44100.0, "channels": 1.0, "audio_md5": "bc19dbc825eba971f156a3475a875be5", "loudness": -12.841645240783691, "dynamic_range": 0.0, "temporal_centroid": 0.5781165361404419, "log_attack_time": -1.3903741836547852, "filesize": 14458, "single_event": false, "tonality": "A major", "tonality_confidence": 0.5334193706512451, "loop": false, "tempo": 0, "tempo_confidence": 0.0, "note_midi": 38, "note_name": "D2", "note_frequency": 73.43855285644531, "note_confidence": 0.9867430329322815, "hardness": 40.28732878946195, "depth": 63.54306123420548, "brightness": 41.698040241458536, "roughness": 47.31999839522475, "warmth": 56.451412437127416, "sharpness": 35.63098802470596, "boominess": 48.448355060677514, "reverb": false, "name": "AKWF_0195.wav", "SpectralCentroid": 0.31296642878122977, "SpectralSpread": 0.3504228764694643, "SpectralKurtosis": 0.5833046085934074, "ZeroCrossingRate": 0.2330271804613616, "SpectralComplexity": 0.9850746268656716, "OddToEvenHarmonicEnergyRatio": 0.9140375817410868, "Dissonance": 0.931195264849713, "PitchSalience": 0.09918069551104786, "HNR": 0.0}