{"duration": 0.08163265138864517, "lossless": 1.0, "codec": "pcm_f32le", "bitrate": 1411200.0, "samplerate": 44100.0, "channels": 1.0, "audio_md5": "d4584bf3e37aac83914155ce4184715c", "loudness": -14.972768783569336, "dynamic_range": 0.0, "temporal_centroid": 0.5872055888175964, "log_attack_time": -1.3232545852661133, "filesize": 14458, "single_event": false, "tonality": "B major", "tonality_confidence": 0.5816130638122559, "loop": false, "tempo": 0, "tempo_confidence": 0.0, "note_midi": 38, "note_name": "D2", "note_frequency": 73.42884826660156, "note_confidence": 0.9875228404998779, "hardness": 67.29288769122272, "depth": 54.10397005337688, "brightness": 61.06207350444583, "roughness": 46.509553271127785, "warmth": 43.7462791141142, "sharpness": 51.24719026804031, "boominess": 38.99756050698274, "reverb": false, "name": "AKWF_0182.wav", "SpectralCentroid": 0.750836043959814, "SpectralSpread": 0.8650147749141824, "SpectralKurtosis": 0.4430591687370876, "ZeroCrossingRate": 0.998340491227561, "SpectralComplexity": 1.0, "OddToEvenHarmonicEnergyRatio": 0.003675628080247929, "Dissonance": 0.9806282278020867, "PitchSalience": 0.12757266783509824, "HNR": 0.0}