{"duration": 0.08163265138864517, "lossless": 1.0, "codec": "pcm_f32le", "bitrate": 1411200.0, "samplerate": 44100.0, "channels": 1.0, "audio_md5": "75d6328fa22a14c2f487e2fb6e75e426", "loudness": -14.667238235473633, "dynamic_range": 0.0, "temporal_centroid": 0.5916317701339722, "log_attack_time": -1.2733707427978516, "filesize": 14458, "single_event": false, "tonality": "D minor", "tonality_confidence": 0.7453902959823608, "loop": false, "tempo": 0, "tempo_confidence": 0.0, "note_midi": 38, "note_name": "D2", "note_frequency": 73.4329833984375, "note_confidence": 0.9903631210327148, "hardness": 19.138276503229292, "depth": 53.87733075067466, "brightness": 15.371677022515783, "roughness": 44.740541806413155, "warmth": 67.58374092659372, "sharpness": 0.0, "boominess": 54.88746054541752, "reverb": false, "name": "AKWF_0743.wav", "SpectralCentroid": 0.03756598922018822, "SpectralSpread": 0.0018075990762220298, "SpectralKurtosis": 0.9519398021316517, "ZeroCrossingRate": 0.4252420033405892, "SpectralComplexity": 0.1044776119402985, "OddToEvenHarmonicEnergyRatio": 0.27940617769829074, "Dissonance": 0.4400994911370557, "PitchSalience": 0.3771940882159539, "HNR": 0.0}