{
    "duration": 0.08163265138864517,
    "lossless": 1.0,
    "codec": "pcm_f32le",
    "bitrate": 1411200.0,
    "samplerate": 44100.0,
    "channels": 1.0,
    "audio_md5": "038f1f69c97e35599d508cf1c98abb1a",
    "loudness": -12.03226089477539,
    "dynamic_range": 0.0,
    "temporal_centroid": 0.5712485909461975,
    "log_attack_time": -1.4021456241607666,
    "filesize": 14458,
    "single_event": false,
    "tonality": "D minor",
    "tonality_confidence": 0.506636381149292,
    "loop": false,
    "tempo": 0,
    "tempo_confidence": 0.0,
    "note_midi": 38,
    "note_name": "D2",
    "note_frequency": 73.44236755371094,
    "note_confidence": 0.9530149102210999,
    "hardness": 32.14251727354362,
    "depth": 59.55635974889073,
    "brightness": 35.59666846810909,
    "roughness": 44.79733732912509,
    "warmth": 68.72148042305469,
    "sharpness": 9.90732734623888,
    "boominess": 45.13391427255111,
    "reverb": false
}