{"duration": 0.08163265138864517, "lossless": 1.0, "codec": "pcm_f32le", "bitrate": 1411200.0, "samplerate": 44100.0, "channels": 1.0, "audio_md5": "14c3fa575cfb784da0873ff38628cf1c", "loudness": -16.296588897705078, "dynamic_range": 0.0, "temporal_centroid": 0.5872515439987183, "log_attack_time": -1.2695070505142212, "filesize": 14458, "single_event": false, "tonality": "D minor", "tonality_confidence": 0.7948704361915588, "loop": false, "tempo": 0, "tempo_confidence": 0.0, "note_midi": 38, "note_name": "D2", "note_frequency": 73.44659423828125, "note_confidence": 0.8736114501953125, "hardness": 42.710856651032316, "depth": 54.76927243877218, "brightness": 40.69923991958579, "roughness": 51.660007694087504, "warmth": 68.9065474852169, "sharpness": 19.263955040133805, "boominess": 40.27448284830514, "reverb": false, "name": "AKWF_1320.wav", "SpectralCentroid": 0.18467158592264338, "SpectralSpread": 0.12010070658557505, "SpectralKurtosis": 0.7066267990508532, "ZeroCrossingRate": 0.6763055068286788, "SpectralComplexity": 0.9402985074626866, "OddToEvenHarmonicEnergyRatio": 0.2533230179492302, "Dissonance": 0.779056126631661, "PitchSalience": 0.6219127929779164, "HNR": 0.6657384869908604}