{"duration": 0.08163265138864517, "lossless": 1.0, "codec": "pcm_f32le", "bitrate": 1411200.0, "samplerate": 44100.0, "channels": 1.0, "audio_md5": "dc4461c6e74875501b7742355484ad1c", "loudness": -13.914749145507812, "dynamic_range": 0.0, "temporal_centroid": 0.5895853638648987, "log_attack_time": -1.2682267427444458, "filesize": 14458, "single_event": false, "tonality": "D major", "tonality_confidence": 0.7919114828109741, "loop": false, "tempo": 0, "tempo_confidence": 0.0, "note_midi": 38, "note_name": "D2", "note_frequency": 73.42897033691406, "note_confidence": 0.9961460828781128, "hardness": 44.23106660309091, "depth": 52.16928876751745, "brightness": 36.242721932831316, "roughness": 52.85972713096027, "warmth": 70.6342797769967, "sharpness": 8.819102485733243, "boominess": 41.85367878956565, "reverb": false, "name": "AKWF_0167.wav", "SpectralCentroid": 0.12191750675014132, "SpectralSpread": 0.01126144374501277, "SpectralKurtosis": 0.8431988688231042, "ZeroCrossingRate": 0.5688738575398764, "SpectralComplexity": 0.44776119402985076, "OddToEvenHarmonicEnergyRatio": 0.04376943324172127, "Dissonance": 0.9752364745209681, "PitchSalience": 0.5903151037670701, "HNR": 0.3631487991076545}