{"duration": 0.08163265138864517, "lossless": 1.0, "codec": "pcm_f32le", "bitrate": 1411200.0, "samplerate": 44100.0, "channels": 1.0, "audio_md5": "57c0e06588368f544dc35d132241b964", "loudness": -12.368912696838379, "dynamic_range": 0.0, "temporal_centroid": 0.5677748322486877, "log_attack_time": -1.428008794784546, "filesize": 14458, "single_event": false, "tonality": "D major", "tonality_confidence": 0.36272457242012024, "loop": false, "tempo": 0, "tempo_confidence": 0.0, "note_midi": 38, "note_name": "D2", "note_frequency": 73.45734405517578, "note_confidence": 0.9654330015182495, "hardness": 33.35143408155844, "depth": 63.197368544359364, "brightness": 34.96023726394702, "roughness": 44.03084559430309, "warmth": 66.6074805963341, "sharpness": 11.373440035537197, "boominess": 50.49737241237014, "reverb": false, "name": "AKWF_1978.wav", "SpectralCentroid": 0.08174652418815664, "SpectralSpread": 0.054613761323453344, "SpectralKurtosis": 0.760371160704989, "ZeroCrossingRate": 0.2330271804613616, "SpectralComplexity": 0.746268656716418, "OddToEvenHarmonicEnergyRatio": 0.9305299317362319, "Dissonance": 0.7654199300860475, "PitchSalience": 0.4159209042284636, "HNR": 0.5799591244528307}