{
    "duration": 0.08163265138864517,
    "lossless": 1.0,
    "codec": "pcm_f32le",
    "bitrate": 1411200.0,
    "samplerate": 44100.0,
    "channels": 1.0,
    "audio_md5": "88b2a897447f02f2e6656bce606e7b29",
    "loudness": -14.388797760009766,
    "dynamic_range": 0.0,
    "temporal_centroid": 0.5792368650436401,
    "log_attack_time": -1.330782175064087,
    "filesize": 14458,
    "single_event": false,
    "tonality": "A major",
    "tonality_confidence": 0.4334869086742401,
    "loop": false,
    "tempo": 0,
    "tempo_confidence": 0.0,
    "note_midi": 38,
    "note_name": "D2",
    "note_frequency": 73.43074035644531,
    "note_confidence": 0.9234089851379395,
    "hardness": 65.65518973564934,
    "depth": 60.55673164659592,
    "brightness": 55.56095695860715,
    "roughness": 55.531679558443756,
    "warmth": 55.015537972302106,
    "sharpness": 45.71948282972542,
    "boominess": 35.632788953815734,
    "reverb": false
}