{"duration": 0.08163265138864517, "lossless": 1.0, "codec": "pcm_f32le", "bitrate": 1411200.0, "samplerate": 44100.0, "channels": 1.0, "audio_md5": "517ceadf6254330c98bfde84890d986d", "loudness": -17.325334548950195, "dynamic_range": 0.0, "temporal_centroid": 0.6053754091262817, "log_attack_time": -1.2599060535430908, "filesize": 14458, "single_event": false, "tonality": "D major", "tonality_confidence": 0.8255491256713867, "loop": false, "tempo": 0, "tempo_confidence": 0.0, "note_midi": 38, "note_name": "D2", "note_frequency": 73.42839813232422, "note_confidence": 0.9999697208404541, "hardness": 61.46124493393705, "depth": 55.33282214256536, "brightness": 57.51921896921238, "roughness": 68.14110155441759, "warmth": 53.00409648281471, "sharpness": 47.342144478220106, "boominess": 32.56688359492425, "reverb": false, "name": "AKWF_saw_0019.wav", "SpectralCentroid": 0.5362549312730529, "SpectralSpread": 0.3247238373579884, "SpectralKurtosis": 0.48218239303633853, "ZeroCrossingRate": 0.2330271804613616, "SpectralComplexity": 1.0, "OddToEvenHarmonicEnergyRatio": 0.31274723044520875, "Dissonance": 0.9808544766343743, "PitchSalience": 0.7399727956131612, "HNR": 0.0}