{"duration": 0.08163265138864517, "lossless": 1.0, "codec": "pcm_f32le", "bitrate": 1411200.0, "samplerate": 44100.0, "channels": 1.0, "audio_md5": "9e8fa2092d866e245289f9c019df07ce", "loudness": -14.437252044677734, "dynamic_range": 0.0, "temporal_centroid": 0.5838330388069153, "log_attack_time": -1.3255409002304077, "filesize": 14458, "single_event": false, "tonality": "D major", "tonality_confidence": 0.37130290269851685, "loop": false, "tempo": 0, "tempo_confidence": 0.0, "note_midi": 38, "note_name": "D2", "note_frequency": 73.4286117553711, "note_confidence": 0.995698869228363, "hardness": 55.79644693286849, "depth": 63.376377242342954, "brightness": 55.18262146506678, "roughness": 40.29064859029003, "warmth": 46.079023251815414, "sharpness": 46.908990300578594, "boominess": 43.32874001965945, "reverb": false, "name": "AKWF_0649.wav", "SpectralCentroid": 0.6328101811142908, "SpectralSpread": 0.7863752547874586, "SpectralKurtosis": 0.49375619359501216, "ZeroCrossingRate": 0.2330271804613616, "SpectralComplexity": 1.0, "OddToEvenHarmonicEnergyRatio": 0.978931464262357, "Dissonance": 0.9930369770238548, "PitchSalience": 0.07600906245311786, "HNR": 0.8698083741717014}