{"duration": 0.08163265138864517, "lossless": 1.0, "codec": "pcm_f32le", "bitrate": 1411200.0, "samplerate": 44100.0, "channels": 1.0, "audio_md5": "1e009c20ed4e3cad37e60598a15a89d9", "loudness": -14.982364654541016, "dynamic_range": 0.0, "temporal_centroid": 0.5934056639671326, "log_attack_time": -1.2778288125991821, "filesize": 14458, "single_event": false, "tonality": "D major", "tonality_confidence": 0.8433789610862732, "loop": false, "tempo": 0, "tempo_confidence": 0.0, "note_midi": 50, "note_name": "D3", "note_frequency": 146.85789489746094, "note_confidence": 0.9931998252868652, "hardness": 84.50909142383367, "depth": 40.02402493499871, "brightness": 64.58372257175326, "roughness": 68.79920951307456, "warmth": 37.168279229627316, "sharpness": 52.340074947547585, "boominess": 27.895234937818703, "reverb": false, "name": "AKWF_raw_0035.wav", "SpectralCentroid": 0.8704903292632706, "SpectralSpread": 0.927835957619323, "SpectralKurtosis": 0.38120920243772516, "ZeroCrossingRate": 0.8654393830797357, "SpectralComplexity": 0.9850746268656716, "OddToEvenHarmonicEnergyRatio": 0.47723186896557035, "Dissonance": 0.993005541418853, "PitchSalience": 0.6839801764775651, "HNR": 0.9264065324647538}