{"duration": 0.08163265138864517, "lossless": 1.0, "codec": "pcm_f32le", "bitrate": 1411200.0, "samplerate": 44100.0, "channels": 1.0, "audio_md5": "e0d9a5eb8ef0701ed4cff0f1094728c0", "loudness": -12.28458023071289, "dynamic_range": 0.0, "temporal_centroid": 0.5770110487937927, "log_attack_time": -1.3891661167144775, "filesize": 14458, "single_event": false, "tonality": "D major", "tonality_confidence": 0.6235080361366272, "loop": false, "tempo": 0, "tempo_confidence": 0.0, "note_midi": 38, "note_name": "D2", "note_frequency": 73.42839813232422, "note_confidence": 0.9892761707305908, "hardness": 62.049746483081606, "depth": 62.6189458275107, "brightness": 51.368591067533686, "roughness": 50.852315051960574, "warmth": 49.78621321775299, "sharpness": 44.83706061191482, "boominess": 41.333934363427346, "reverb": false, "name": "AKWF_1516.wav", "SpectralCentroid": 0.6410039174365006, "SpectralSpread": 0.7979558803944753, "SpectralKurtosis": 0.4940721221357334, "ZeroCrossingRate": 0.2330271804613616, "SpectralComplexity": 0.9701492537313433, "OddToEvenHarmonicEnergyRatio": 0.015998486712768743, "Dissonance": 0.9484474312078099, "PitchSalience": 0.25784397645856844, "HNR": 0.654866549287447}