{"duration": 0.08163265138864517, "lossless": 1.0, "codec": "pcm_f32le", "bitrate": 1411200.0, "samplerate": 44100.0, "channels": 1.0, "audio_md5": "9db8ec9a1dc7b81f00f91d62d84a53fa", "loudness": -14.244482040405273, "dynamic_range": 0.0, "temporal_centroid": 0.5828287601470947, "log_attack_time": -1.3363012075424194, "filesize": 14458, "single_event": false, "tonality": "D minor", "tonality_confidence": 0.6270649433135986, "loop": false, "tempo": 0, "tempo_confidence": 0.0, "note_midi": 38, "note_name": "D2", "note_frequency": 73.42876434326172, "note_confidence": 0.9757885336875916, "hardness": 68.36205110570867, "depth": 59.77586282884017, "brightness": 56.911095886784324, "roughness": 62.811200750760094, "warmth": 48.786911051909485, "sharpness": 48.96265332139052, "boominess": 34.495088884252446, "reverb": false, "name": "AKWF_blended_0017.wav", "SpectralCentroid": 0.7607599191348948, "SpectralSpread": 0.8491849559869998, "SpectralKurtosis": 0.44861405393418324, "ZeroCrossingRate": 0.2330271804613616, "SpectralComplexity": 1.0, "OddToEvenHarmonicEnergyRatio": 0.5468254024581101, "Dissonance": 0.9900689745311791, "PitchSalience": 0.49130319944408035, "HNR": 0.0}