{"duration": 0.08163265138864517, "lossless": 1.0, "codec": "pcm_f32le", "bitrate": 1411200.0, "samplerate": 44100.0, "channels": 1.0, "audio_md5": "13f119dcf440f2be2733b4c367d6c83f", "loudness": -15.722580909729004, "dynamic_range": 0.0, "temporal_centroid": 0.5904688239097595, "log_attack_time": -1.2733707427978516, "filesize": 14458, "single_event": false, "tonality": "A minor", "tonality_confidence": 0.5238836407661438, "loop": false, "tempo": 0, "tempo_confidence": 0.0, "note_midi": 38, "note_name": "D2", "note_frequency": 73.4530258178711, "note_confidence": 0.9124422669410706, "hardness": 31.074694518765526, "depth": 55.79622196232894, "brightness": 25.83706526288764, "roughness": 0, "warmth": 67.35995510464099, "sharpness": 2.1592822806944056, "boominess": 45.370933271267006, "reverb": false, "name": "AKWF_eorgan_0150.wav", "SpectralCentroid": 0.0610172394505561, "SpectralSpread": 0.004282699806323028, "SpectralKurtosis": 0.9015310708052976, "ZeroCrossingRate": 0.6763055068286788, "SpectralComplexity": 0.23880597014925373, "OddToEvenHarmonicEnergyRatio": 1.0, "Dissonance": 0.42682710154677767, "PitchSalience": 0.4371332791786833, "HNR": 0.0}