{"duration": 0.08163265138864517, "lossless": 1.0, "codec": "pcm_f32le", "bitrate": 1411200.0, "samplerate": 44100.0, "channels": 1.0, "audio_md5": "71470d38df2d2656b0ec0e35d1a86d97", "loudness": -17.3212890625, "dynamic_range": 0.0, "temporal_centroid": 0.6165933012962341, "log_attack_time": -1.2552725076675415, "filesize": 14458, "single_event": false, "tonality": "D major", "tonality_confidence": 0.6642265915870667, "loop": false, "tempo": 0, "tempo_confidence": 0.0, "note_midi": 38, "note_name": "D2", "note_frequency": 73.43978118896484, "note_confidence": 0.8976931571960449, "hardness": 42.29889440518414, "depth": 50.12668932320346, "brightness": 31.44287852082221, "roughness": 50.984723020835794, "warmth": 66.71237292494234, "sharpness": 14.53929853970422, "boominess": 40.22697974737768, "reverb": false, "name": "AKWF_0761.wav", "SpectralCentroid": 0.10744109283629517, "SpectralSpread": 0.0035420479672819147, "SpectralKurtosis": 0.8896025957717196, "ZeroCrossingRate": 0.4252420033405892, "SpectralComplexity": 0.34328358208955223, "OddToEvenHarmonicEnergyRatio": 0.3011787367396965, "Dissonance": 0.8103079318085145, "PitchSalience": 0.8086076230846713, "HNR": 0.0}