{"duration": 0.08163265138864517, "lossless": 1.0, "codec": "pcm_f32le", "bitrate": 1411200.0, "samplerate": 44100.0, "channels": 1.0, "audio_md5": "46c1f2cf5bc397a9cf23207739a3d183", "loudness": -14.260817527770996, "dynamic_range": 0.0, "temporal_centroid": 0.5812923312187195, "log_attack_time": -1.3242923021316528, "filesize": 14458, "single_event": false, "tonality": "D major", "tonality_confidence": 0.6565176844596863, "loop": false, "tempo": 0, "tempo_confidence": 0.0, "note_midi": 38, "note_name": "D2", "note_frequency": 73.43468475341797, "note_confidence": 0.9881503582000732, "hardness": 46.03130964182344, "depth": 63.59112543271155, "brightness": 45.647644703224, "roughness": 40.09899018213784, "warmth": 53.15267904066236, "sharpness": 39.396622607889675, "boominess": 48.71925045180326, "reverb": false, "name": "AKWF_1711.wav", "SpectralCentroid": 0.27267198185115915, "SpectralSpread": 0.26028322804151854, "SpectralKurtosis": 0.5852847587743769, "ZeroCrossingRate": 0.2330271804613616, "SpectralComplexity": 0.7761194029850746, "OddToEvenHarmonicEnergyRatio": 0.9581611641179844, "Dissonance": 0.960597985437219, "PitchSalience": 0.06524847230423333, "HNR": 0.3852889320588373}