{"duration": 0.08163265138864517, "lossless": 1.0, "codec": "pcm_f32le", "bitrate": 1411200.0, "samplerate": 44100.0, "channels": 1.0, "audio_md5": "52ab90c16519544a7b47da9c33634f41", "loudness": -13.028684616088867, "dynamic_range": 0.0, "temporal_centroid": 0.5852196216583252, "log_attack_time": -1.305384874343872, "filesize": 14458, "single_event": false, "tonality": "D major", "tonality_confidence": 0.8971359133720398, "loop": false, "tempo": 0, "tempo_confidence": 0.0, "note_midi": 50, "note_name": "D3", "note_frequency": 146.9187774658203, "note_confidence": 0.9608261585235596, "hardness": 41.478798954045146, "depth": 48.389244338059555, "brightness": 39.556050383874876, "roughness": 51.02002874432351, "warmth": 67.10773455736901, "sharpness": 13.580913469705425, "boominess": 35.29463563000445, "reverb": false, "name": "AKWF_1256.wav", "SpectralCentroid": 0.14288615053865697, "SpectralSpread": 0.01774505387702405, "SpectralKurtosis": 0.7411866581199265, "ZeroCrossingRate": 0.6763055068286788, "SpectralComplexity": 0.7611940298507462, "OddToEvenHarmonicEnergyRatio": 0.5917432013154216, "Dissonance": 0.9775553427108199, "PitchSalience": 0.5507009156778524, "HNR": 0.8846505344626784}