{
    "duration": 0.08163265138864517,
    "lossless": 1.0,
    "codec": "pcm_f32le",
    "bitrate": 1411200.0,
    "samplerate": 44100.0,
    "channels": 1.0,
    "audio_md5": "310fe50df55a442f4da32c5a1e970821",
    "loudness": -9.892678260803223,
    "dynamic_range": 0.0,
    "temporal_centroid": 0.5536414384841919,
    "log_attack_time": -1.6694666147232056,
    "filesize": 14458,
    "single_event": false,
    "tonality": "A major",
    "tonality_confidence": 0.31389227509498596,
    "loop": false,
    "tempo": 0,
    "tempo_confidence": 0.0,
    "note_midi": 38,
    "note_name": "D2",
    "note_frequency": 73.4313735961914,
    "note_confidence": 0.965657114982605,
    "hardness": 57.30047075805393,
    "depth": 61.21273059733715,
    "brightness": 51.00768844232846,
    "roughness": 49.300289330072204,
    "warmth": 58.12152573499124,
    "sharpness": 36.466133783938474,
    "boominess": 38.018134512636806,
    "reverb": false
}