{"duration": 0.08163265138864517, "lossless": 1.0, "codec": "pcm_f32le", "bitrate": 1411200.0, "samplerate": 44100.0, "channels": 1.0, "audio_md5": "d1805a1c631b62eb7e52f68229584e03", "loudness": -23.827211380004883, "dynamic_range": 0.0, "temporal_centroid": 0.6354421973228455, "log_attack_time": -1.263684868812561, "filesize": 14458, "single_event": false, "tonality": "D major", "tonality_confidence": 0.7973901629447937, "loop": false, "tempo": 0, "tempo_confidence": 0.0, "note_midi": 38, "note_name": "D2", "note_frequency": 73.42865753173828, "note_confidence": 0.7516335844993591, "hardness": 87.45546769961942, "depth": 35.21524549285946, "brightness": 72.11747028881359, "roughness": 82.59302026473296, "warmth": 28.29580817421005, "sharpness": 59.8452038851381, "boominess": 18.075982461893993, "reverb": false, "name": "AKWF_c604_0029.wav", "SpectralCentroid": 0.8670450137996537, "SpectralSpread": 0.8490427719197274, "SpectralKurtosis": 0.4084785656229542, "ZeroCrossingRate": 0.9998480128083884, "SpectralComplexity": 1.0, "OddToEvenHarmonicEnergyRatio": 0.30006339138703897, "Dissonance": 0.9999964261145126, "PitchSalience": 0.9545073204192756, "HNR": 0.0}