{"duration": 0.08163265138864517, "lossless": 1.0, "codec": "pcm_f32le", "bitrate": 1411200.0, "samplerate": 44100.0, "channels": 1.0, "audio_md5": "5f4bfe628251fc6f6012b82a8733447c", "loudness": -12.613484382629395, "dynamic_range": 0.0, "temporal_centroid": 0.5765992999076843, "log_attack_time": -1.3954849243164062, "filesize": 14458, "single_event": false, "tonality": "D# minor", "tonality_confidence": 0.5678918361663818, "loop": false, "tempo": 0, "tempo_confidence": 0.0, "note_midi": 38, "note_name": "D2", "note_frequency": 73.4495620727539, "note_confidence": 0.9877085089683533, "hardness": 21.76494936172415, "depth": 54.861342732525934, "brightness": 22.090701642949664, "roughness": 23.658159450283804, "warmth": 59.43841483267455, "sharpness": 0.0, "boominess": 57.951652411820774, "reverb": false, "name": "AKWF_rSymSqu_03.wav", "SpectralCentroid": 0.019586923829463178, "SpectralSpread": 0.004244020527773327, "SpectralKurtosis": 0.894614447302783, "ZeroCrossingRate": 0.2330271804613616, "SpectralComplexity": 0.19402985074626866, "OddToEvenHarmonicEnergyRatio": 0.9867562384167775, "Dissonance": 0.6523375253308251, "PitchSalience": 0.057989260472289215, "HNR": 0.0}