{
    "duration": 0.08163265138864517,
    "lossless": 1.0,
    "codec": "pcm_f32le",
    "bitrate": 1411200.0,
    "samplerate": 44100.0,
    "channels": 1.0,
    "audio_md5": "00ddcf71c9e8a72879e207632271bae5",
    "loudness": -12.945676803588867,
    "dynamic_range": 0.0,
    "temporal_centroid": 0.5893874168395996,
    "log_attack_time": -1.3488714694976807,
    "filesize": 14458,
    "single_event": false,
    "tonality": "D major",
    "tonality_confidence": 0.9134434461593628,
    "loop": false,
    "tempo": 0,
    "tempo_confidence": 0.0,
    "note_midi": 38,
    "note_name": "D2",
    "note_frequency": 73.43307495117188,
    "note_confidence": 0.9429020285606384,
    "hardness": 48.364958471711816,
    "depth": 52.74315350628495,
    "brightness": 43.02537999012672,
    "roughness": 55.25070855857116,
    "warmth": 65.76929376310768,
    "sharpness": 21.240829802643283,
    "boominess": 35.33442388834102,
    "reverb": false
}