{"duration": 0.08163265138864517, "lossless": 1.0, "codec": "pcm_f32le", "bitrate": 1411200.0, "samplerate": 44100.0, "channels": 1.0, "audio_md5": "f387011d14dba0db73789209a6291250", "loudness": -16.558021545410156, "dynamic_range": 0.0, "temporal_centroid": 0.6036908030509949, "log_attack_time": -1.26386559009552, "filesize": 14458, "single_event": false, "tonality": "D major", "tonality_confidence": 0.8229321241378784, "loop": false, "tempo": 0, "tempo_confidence": 0.0, "note_midi": 38, "note_name": "D2", "note_frequency": 73.42912292480469, "note_confidence": 0.9114307165145874, "hardness": 74.17131058466975, "depth": 52.42171407602922, "brightness": 55.536037227856376, "roughness": 68.6118182510313, "warmth": 50.04316892020548, "sharpness": 48.22397105077933, "boominess": 30.293089560924763, "reverb": false, "name": "AKWF_0581.wav", "SpectralCentroid": 0.7771592952879344, "SpectralSpread": 0.8615735827187784, "SpectralKurtosis": 0.44351587402408965, "ZeroCrossingRate": 0.6763055068286788, "SpectralComplexity": 1.0, "OddToEvenHarmonicEnergyRatio": 0.14017506617330977, "Dissonance": 0.9897616933156963, "PitchSalience": 0.7578038934147596, "HNR": 0.7190419331853176}