{
    "duration": 0.08163265138864517,
    "lossless": 1.0,
    "codec": "pcm_f32le",
    "bitrate": 1411200.0,
    "samplerate": 44100.0,
    "channels": 1.0,
    "audio_md5": "84419dceb20730aae27f88ae6c68d34c",
    "loudness": -13.365564346313477,
    "dynamic_range": 0.0,
    "temporal_centroid": 0.5783458352088928,
    "log_attack_time": -1.3831757307052612,
    "filesize": 14458,
    "single_event": false,
    "tonality": "E major",
    "tonality_confidence": 0.4387302100658417,
    "loop": false,
    "tempo": 0,
    "tempo_confidence": 0.0,
    "note_midi": 38,
    "note_name": "D2",
    "note_frequency": 73.45449829101562,
    "note_confidence": 0.9853817820549011,
    "hardness": 19.008539597337418,
    "depth": 63.68304253614147,
    "brightness": 11.681963155273948,
    "roughness": 0,
    "warmth": 55.52397226185563,
    "sharpness": 0.0,
    "boominess": 59.52306059513648,
    "reverb": false
}