{"duration": 0.08163265138864517, "lossless": 1.0, "codec": "pcm_f32le", "bitrate": 1411200.0, "samplerate": 44100.0, "channels": 1.0, "audio_md5": "9e13e39f0b6b3f2f72a485500dbc64d7", "loudness": -13.29892635345459, "dynamic_range": 0.0, "temporal_centroid": 0.5790210366249084, "log_attack_time": -1.3834137916564941, "filesize": 14458, "single_event": false, "tonality": "G minor", "tonality_confidence": 0.5709888935089111, "loop": false, "tempo": 0, "tempo_confidence": 0.0, "note_midi": 38, "note_name": "D2", "note_frequency": 73.44645690917969, "note_confidence": 0.9896627068519592, "hardness": 21.355541566798664, "depth": 54.88528826180273, "brightness": 16.196101587170723, "roughness": 39.828825951885534, "warmth": 56.08071357716583, "sharpness": 0.0, "boominess": 60.646617824539554, "reverb": false, "name": "AKWF_flute_0014.wav", "SpectralCentroid": 0.017769337706949984, "SpectralSpread": 0.01154657359440437, "SpectralKurtosis": 0.8707946934720476, "ZeroCrossingRate": 0.2330271804613616, "SpectralComplexity": 0.19402985074626866, "OddToEvenHarmonicEnergyRatio": 0.00035148091499072304, "Dissonance": 0.8235161373328953, "PitchSalience": 0.036380598767365345, "HNR": 0.09658782668184587}