{"duration": 0.08163265138864517, "lossless": 1.0, "codec": "pcm_f32le", "bitrate": 1411200.0, "samplerate": 44100.0, "channels": 1.0, "audio_md5": "7e8e0b2a0154f8d83bb63330879fc7dd", "loudness": -13.820368766784668, "dynamic_range": 0.0, "temporal_centroid": 0.5912600159645081, "log_attack_time": -1.280450701713562, "filesize": 14458, "single_event": false, "tonality": "D major", "tonality_confidence": 0.7277554273605347, "loop": false, "tempo": 0, "tempo_confidence": 0.0, "note_midi": 38, "note_name": "D2", "note_frequency": 73.45614624023438, "note_confidence": 0.9251928329467773, "hardness": 30.732911077907445, "depth": 55.102647284257586, "brightness": 31.19092343475618, "roughness": 42.19968032375484, "warmth": 66.92511480992616, "sharpness": 7.695935908201463, "boominess": 51.49567234720455, "reverb": false, "name": "AKWF_eorgan_0025.wav", "SpectralCentroid": 0.1170936386026734, "SpectralSpread": 0.10606819550583328, "SpectralKurtosis": 0.7199315920332074, "ZeroCrossingRate": 0.4252420033405892, "SpectralComplexity": 0.6567164179104478, "OddToEvenHarmonicEnergyRatio": 0.06711872699022516, "Dissonance": 0.612875702888458, "PitchSalience": 0.24786082689059172, "HNR": 0.6958352526631791}