{
    "duration": 0.08163265138864517,
    "lossless": 1.0,
    "codec": "pcm_f32le",
    "bitrate": 1411200.0,
    "samplerate": 44100.0,
    "channels": 1.0,
    "audio_md5": "952da3f3be9c86d461f657d4ccd63de6",
    "loudness": -15.772178649902344,
    "dynamic_range": 0.0,
    "temporal_centroid": 0.5836261510848999,
    "log_attack_time": -1.3150407075881958,
    "filesize": 14458,
    "single_event": false,
    "tonality": "D minor",
    "tonality_confidence": 0.6006330847740173,
    "loop": false,
    "tempo": 0,
    "tempo_confidence": 0.0,
    "note_midi": 38,
    "note_name": "D2",
    "note_frequency": 73.44825744628906,
    "note_confidence": 0.9192638397216797,
    "hardness": 36.97113577469382,
    "depth": 56.095449289763074,
    "brightness": 34.98397616063076,
    "roughness": 38.2388305428716,
    "warmth": 61.58424381574132,
    "sharpness": 7.007945112603419,
    "boominess": 41.87919758086882,
    "reverb": false
}