{
    "duration": 0.08163265138864517,
    "lossless": 1.0,
    "codec": "pcm_f32le",
    "bitrate": 1411200.0,
    "samplerate": 44100.0,
    "channels": 1.0,
    "audio_md5": "8fcb2856a687faf8293153cfb25c0fe8",
    "loudness": -21.43111801147461,
    "dynamic_range": 0.0,
    "temporal_centroid": 0.6129769682884216,
    "log_attack_time": -1.185951828956604,
    "filesize": 14458,
    "single_event": false,
    "tonality": "D major",
    "tonality_confidence": 0.8015540838241577,
    "loop": false,
    "tempo": 0,
    "tempo_confidence": 0.0,
    "note_midi": 38,
    "note_name": "D2",
    "note_frequency": 73.42929077148438,
    "note_confidence": 0.8819137811660767,
    "hardness": 69.82708443112475,
    "depth": 40.256499410721815,
    "brightness": 57.69595835854122,
    "roughness": 69.78496783227818,
    "warmth": 47.43114701977113,
    "sharpness": 51.43198981068444,
    "boominess": 22.037766435984928,
    "reverb": false
}