{
    "duration": 0.08163265138864517,
    "lossless": 1.0,
    "codec": "pcm_f32le",
    "bitrate": 1411200.0,
    "samplerate": 44100.0,
    "channels": 1.0,
    "audio_md5": "bd45bf04c97019e2e22ee0923beac5e8",
    "loudness": -13.957258224487305,
    "dynamic_range": 0.0,
    "temporal_centroid": 0.5862293243408203,
    "log_attack_time": -1.3638602495193481,
    "filesize": 14458,
    "single_event": false,
    "tonality": "D major",
    "tonality_confidence": 0.8798578381538391,
    "loop": false,
    "tempo": 0,
    "tempo_confidence": 0.0,
    "note_midi": 38,
    "note_name": "D2",
    "note_frequency": 73.42839813232422,
    "note_confidence": 0.9980206489562988,
    "hardness": 61.008925484869366,
    "depth": 59.217093509334376,
    "brightness": 53.745227013155926,
    "roughness": 60.999137346256425,
    "warmth": 54.65728211572449,
    "sharpness": 46.144156485348375,
    "boominess": 35.938081284605104,
    "reverb": false
}