{"duration": 0.08163265138864517, "lossless": 1.0, "codec": "pcm_f32le", "bitrate": 1411200.0, "samplerate": 44100.0, "channels": 1.0, "audio_md5": "75fbe1563b518e02fcda5218c91d94ed", "loudness": -18.18056297302246, "dynamic_range": 0.0, "temporal_centroid": 0.5931561589241028, "log_attack_time": -1.2795125246047974, "filesize": 14458, "single_event": false, "tonality": "D major", "tonality_confidence": 0.701630175113678, "loop": false, "tempo": 0, "tempo_confidence": 0.0, "note_midi": 38, "note_name": "D2", "note_frequency": 73.43380737304688, "note_confidence": 0.8627885580062866, "hardness": 51.03410711930391, "depth": 31.161441266174535, "brightness": 43.56462750538467, "roughness": 53.46146576527131, "warmth": 53.68839673370375, "sharpness": 25.58777553668415, "boominess": 25.3989435016148, "reverb": false, "name": "AKWF_0461.wav", "SpectralCentroid": 0.211827071726826, "SpectralSpread": 0.015071915121264472, "SpectralKurtosis": 0.8018169597870263, "ZeroCrossingRate": 0.8622249050771842, "SpectralComplexity": 0.7014925373134329, "OddToEvenHarmonicEnergyRatio": 0.16957909992071674, "Dissonance": 0.9849275391070597, "PitchSalience": 0.7605462498011826, "HNR": 0.7751925242320891}