{"duration": 0.08163265138864517, "lossless": 1.0, "codec": "pcm_f32le", "bitrate": 1411200.0, "samplerate": 44100.0, "channels": 1.0, "audio_md5": "cd509c6b5f6a80c9c0bd0a1e3e0cffe4", "loudness": -15.141578674316406, "dynamic_range": 0.0, "temporal_centroid": 0.5872778296470642, "log_attack_time": -1.271526575088501, "filesize": 14458, "single_event": false, "tonality": "D major", "tonality_confidence": 0.8444081544876099, "loop": false, "tempo": 0, "tempo_confidence": 0.0, "note_midi": 38, "note_name": "D2", "note_frequency": 73.42840576171875, "note_confidence": 0.9687892198562622, "hardness": 27.842617500538438, "depth": 57.82684152784431, "brightness": 29.26885446695379, "roughness": 46.52527928594188, "warmth": 69.48080318674279, "sharpness": 0.0, "boominess": 52.05352693082321, "reverb": false, "name": "AKWF_eorgan_0003.wav", "SpectralCentroid": 0.06623594529662127, "SpectralSpread": 0.027087539189631898, "SpectralKurtosis": 0.8064759967712682, "ZeroCrossingRate": 0.4252420033405892, "SpectralComplexity": 0.4925373134328358, "OddToEvenHarmonicEnergyRatio": 0.20339496179777006, "Dissonance": 0.8298695575558941, "PitchSalience": 0.19990388923439056, "HNR": 0.7126791021090448}