{"duration": 0.08163265138864517, "lossless": 1.0, "codec": "pcm_f32le", "bitrate": 1411200.0, "samplerate": 44100.0, "channels": 1.0, "audio_md5": "d941adac2944ce8eb427a2224013b443", "loudness": -15.05737018585205, "dynamic_range": 0.0, "temporal_centroid": 0.6011422872543335, "log_attack_time": -1.2930288314819336, "filesize": 14458, "single_event": false, "tonality": "D major", "tonality_confidence": 0.7785062193870544, "loop": false, "tempo": 0, "tempo_confidence": 0.0, "note_midi": 38, "note_name": "D2", "note_frequency": 73.4284439086914, "note_confidence": 0.9994377493858337, "hardness": 48.0945668664383, "depth": 58.37661008059395, "brightness": 41.92275701199603, "roughness": 53.28021656493096, "warmth": 63.77103118427776, "sharpness": 26.96092485928134, "boominess": 42.45008865186539, "reverb": false, "name": "AKWF_1029.wav", "SpectralCentroid": 0.2938450121521031, "SpectralSpread": 0.31900521031287965, "SpectralKurtosis": 0.6194541533411224, "ZeroCrossingRate": 0.5688738575398764, "SpectralComplexity": 1.0, "OddToEvenHarmonicEnergyRatio": 0.48918400549469043, "Dissonance": 0.8769477675906644, "PitchSalience": 0.5939498880594851, "HNR": 0.0}