{"duration": 0.08163265138864517, "lossless": 1.0, "codec": "pcm_f32le", "bitrate": 1411200.0, "samplerate": 44100.0, "channels": 1.0, "audio_md5": "822a21f11f346a5790dd945ebbf893b3", "loudness": -13.134246826171875, "dynamic_range": 0.0, "temporal_centroid": 0.5825289487838745, "log_attack_time": -1.3211865425109863, "filesize": 14458, "single_event": false, "tonality": "D major", "tonality_confidence": 0.8255248069763184, "loop": false, "tempo": 0, "tempo_confidence": 0.0, "note_midi": 50, "note_name": "D3", "note_frequency": 146.88937377929688, "note_confidence": 0.9059692025184631, "hardness": 68.421305862146, "depth": 46.376117568865524, "brightness": 54.60583060792769, "roughness": 63.912368999926954, "warmth": 53.21811919943556, "sharpness": 49.858890373617804, "boominess": 36.049334184838955, "reverb": false, "name": "AKWF_0613.wav", "SpectralCentroid": 0.7680187477997819, "SpectralSpread": 0.8450246818319689, "SpectralKurtosis": 0.4422671140191773, "ZeroCrossingRate": 0.7567375327336924, "SpectralComplexity": 1.0, "OddToEvenHarmonicEnergyRatio": 0.3442670373123034, "Dissonance": 0.9841515683376502, "PitchSalience": 0.6941328781145885, "HNR": 0.8465336342651459}