{
    "duration": 0.08163265138864517,
    "lossless": 1.0,
    "codec": "pcm_f32le",
    "bitrate": 1411200.0,
    "samplerate": 44100.0,
    "channels": 1.0,
    "audio_md5": "19703014e2c100c5e6fb0d3e8552c395",
    "loudness": -14.520096778869629,
    "dynamic_range": 0.0,
    "temporal_centroid": 0.5868282914161682,
    "log_attack_time": -1.3305714130401611,
    "filesize": 14458,
    "single_event": false,
    "tonality": "D major",
    "tonality_confidence": 0.8242777585983276,
    "loop": false,
    "tempo": 0,
    "tempo_confidence": 0.0,
    "note_midi": 38,
    "note_name": "D2",
    "note_frequency": 73.4338150024414,
    "note_confidence": 0.9960342049598694,
    "hardness": 18.338177475053882,
    "depth": 54.826944922173226,
    "brightness": 21.519311600641046,
    "roughness": 42.419476766573105,
    "warmth": 62.64746226242863,
    "sharpness": 0.0,
    "boominess": 60.81660481250487,
    "reverb": false
}