{"duration": 0.08163265138864517, "lossless": 1.0, "codec": "pcm_f32le", "bitrate": 1411200.0, "samplerate": 44100.0, "channels": 1.0, "audio_md5": "753d61dece76c7b33e0dad71e03a3cd0", "loudness": -16.55515480041504, "dynamic_range": 0.0, "temporal_centroid": 0.6029082536697388, "log_attack_time": -1.2618813514709473, "filesize": 14458, "single_event": false, "tonality": "D major", "tonality_confidence": 0.8008989691734314, "loop": false, "tempo": 0, "tempo_confidence": 0.0, "note_midi": 38, "note_name": "D2", "note_frequency": 73.42843627929688, "note_confidence": 0.9993940591812134, "hardness": 68.76918474185726, "depth": 56.24215517687711, "brightness": 52.88440845266791, "roughness": 63.277538137203436, "warmth": 55.44273156400916, "sharpness": 43.89027079222268, "boominess": 34.870096300696424, "reverb": false, "name": "AKWF_1384.wav", "SpectralCentroid": 0.6825408744438762, "SpectralSpread": 0.797570528671638, "SpectralKurtosis": 0.4858524357913544, "ZeroCrossingRate": 0.5688738575398764, "SpectralComplexity": 1.0, "OddToEvenHarmonicEnergyRatio": 0.42032431986219504, "Dissonance": 0.9991286283690071, "PitchSalience": 0.7599496662577988, "HNR": 0.0}