{
    "duration": 0.08163265138864517,
    "lossless": 1.0,
    "codec": "pcm_f32le",
    "bitrate": 1411200.0,
    "samplerate": 44100.0,
    "channels": 1.0,
    "audio_md5": "d11d1f2918c57c0bd5b4babf511f8446",
    "loudness": -16.578996658325195,
    "dynamic_range": 0.0,
    "temporal_centroid": 0.5993856191635132,
    "log_attack_time": -1.2425212860107422,
    "filesize": 14458,
    "single_event": false,
    "tonality": "D major",
    "tonality_confidence": 0.6702023148536682,
    "loop": false,
    "tempo": 0,
    "tempo_confidence": 0.0,
    "note_midi": 38,
    "note_name": "D2",
    "note_frequency": 73.428466796875,
    "note_confidence": 0.9713773727416992,
    "hardness": 73.01139618325865,
    "depth": 51.40986121965792,
    "brightness": 61.37555776793264,
    "roughness": 70.31170685228653,
    "warmth": 47.04055368021406,
    "sharpness": 53.53543174877632,
    "boominess": 34.46506902351058,
    "reverb": false
}