{
    "duration": 0.08163265138864517,
    "lossless": 1.0,
    "codec": "pcm_f32le",
    "bitrate": 1411200.0,
    "samplerate": 44100.0,
    "channels": 1.0,
    "audio_md5": "855ac41d40c04f8f1635b19c74ce3b4d",
    "loudness": -13.79002571105957,
    "dynamic_range": 0.0,
    "temporal_centroid": 0.5799770951271057,
    "log_attack_time": -1.3267930746078491,
    "filesize": 14458,
    "single_event": false,
    "tonality": "A major",
    "tonality_confidence": 0.5738393664360046,
    "loop": false,
    "tempo": 0,
    "tempo_confidence": 0.0,
    "note_midi": 38,
    "note_name": "D2",
    "note_frequency": 73.44896697998047,
    "note_confidence": 0.9876864552497864,
    "hardness": 23.640909422712355,
    "depth": 63.66186659742171,
    "brightness": 17.834657772153868,
    "roughness": 33.89721709975496,
    "warmth": 56.783377844155595,
    "sharpness": 0.0,
    "boominess": 56.462388094326236,
    "reverb": false
}