{
    "duration": 0.08163265138864517,
    "lossless": 1.0,
    "codec": "pcm_f32le",
    "bitrate": 1411200.0,
    "samplerate": 44100.0,
    "channels": 1.0,
    "audio_md5": "ccf4b61eb775dc650d18ab92dca6322b",
    "loudness": -15.311923027038574,
    "dynamic_range": 0.0,
    "temporal_centroid": 0.566219687461853,
    "log_attack_time": -1.4967622756958008,
    "filesize": 14458,
    "single_event": false,
    "tonality": "A major",
    "tonality_confidence": 0.5132705569267273,
    "loop": false,
    "tempo": 0,
    "tempo_confidence": 0.0,
    "note_midi": 38,
    "note_name": "D2",
    "note_frequency": 73.42140197753906,
    "note_confidence": 0.8623570799827576,
    "hardness": 71.99523850676692,
    "depth": 60.68917756857625,
    "brightness": 57.96164688700184,
    "roughness": 56.2217105087102,
    "warmth": 50.68467599467248,
    "sharpness": 49.51168011042453,
    "boominess": 35.25444058384618,
    "reverb": false
}