{"duration": 0.08163265138864517, "lossless": 1.0, "codec": "pcm_f32le", "bitrate": 1411200.0, "samplerate": 44100.0, "channels": 1.0, "audio_md5": "5b976b515fc715f88c18080c70215873", "loudness": -14.482016563415527, "dynamic_range": 0.0, "temporal_centroid": 0.6004284024238586, "log_attack_time": -1.2538567781448364, "filesize": 14458, "single_event": false, "tonality": "D major", "tonality_confidence": 0.6027927398681641, "loop": false, "tempo": 0, "tempo_confidence": 0.0, "note_midi": 38, "note_name": "D2", "note_frequency": 73.42839813232422, "note_confidence": 0.9839346408843994, "hardness": 72.92775325573035, "depth": 52.90311812604736, "brightness": 61.742565522608984, "roughness": 71.26652290017765, "warmth": 42.6600251700578, "sharpness": 52.34624260239694, "boominess": 28.929820759244684, "reverb": false, "name": "AKWF_0379.wav", "SpectralCentroid": 0.8369211960003086, "SpectralSpread": 0.9030129012906906, "SpectralKurtosis": 0.4005758273128912, "ZeroCrossingRate": 0.2330271804613616, "SpectralComplexity": 1.0, "OddToEvenHarmonicEnergyRatio": 0.5690243892240998, "Dissonance": 0.9989502987768267, "PitchSalience": 0.7617802052470157, "HNR": 0.0}