{"duration": 0.08163265138864517, "lossless": 1.0, "codec": "pcm_f32le", "bitrate": 1411200.0, "samplerate": 44100.0, "channels": 1.0, "audio_md5": "1e58e1d0bb184ce9fedee4403117f978", "loudness": -16.746809005737305, "dynamic_range": 0.0, "temporal_centroid": 0.5956195592880249, "log_attack_time": -1.2600852251052856, "filesize": 14458, "single_event": false, "tonality": "D minor", "tonality_confidence": 0.7315519452095032, "loop": false, "tempo": 0, "tempo_confidence": 0.0, "note_midi": 38, "note_name": "D2", "note_frequency": 73.42839813232422, "note_confidence": 0.8956838250160217, "hardness": 70.23418443216022, "depth": 58.00060569525347, "brightness": 52.78617398822871, "roughness": 65.2798917265868, "warmth": 55.93687312202012, "sharpness": 46.744018861535565, "boominess": 37.90988146774241, "reverb": false, "name": "AKWF_0729.wav", "SpectralCentroid": 0.7488710230983656, "SpectralSpread": 0.8546334714936057, "SpectralKurtosis": 0.45198877762906364, "ZeroCrossingRate": 0.8622249050771842, "SpectralComplexity": 0.9850746268656716, "OddToEvenHarmonicEnergyRatio": 0.2373754196821621, "Dissonance": 0.9612696570995454, "PitchSalience": 0.6072167449873626, "HNR": 0.0}