{"duration": 0.08163265138864517, "lossless": 1.0, "codec": "pcm_f32le", "bitrate": 1411200.0, "samplerate": 44100.0, "channels": 1.0, "audio_md5": "128a990e819a67d083c4da29775fea2f", "loudness": -14.698344230651855, "dynamic_range": 0.0, "temporal_centroid": 0.5858967304229736, "log_attack_time": -1.3640879392623901, "filesize": 14458, "single_event": false, "tonality": "D major", "tonality_confidence": 0.8802884817123413, "loop": false, "tempo": 0, "tempo_confidence": 0.0, "note_midi": 38, "note_name": "D2", "note_frequency": 73.42839813232422, "note_confidence": 0.9977482557296753, "hardness": 63.05942004021219, "depth": 58.76060119930022, "brightness": 57.45450415235044, "roughness": 65.8251620883281, "warmth": 51.017019694298114, "sharpness": 49.4515932162887, "boominess": 34.33182104920094, "reverb": false, "name": "AKWF_vgsaw_0013.wav", "SpectralCentroid": 0.645023350365719, "SpectralSpread": 0.5938837500521681, "SpectralKurtosis": 0.49099783826201554, "ZeroCrossingRate": 0.4252420033405892, "SpectralComplexity": 1.0, "OddToEvenHarmonicEnergyRatio": 0.12289928875789667, "Dissonance": 0.9745666992060431, "PitchSalience": 0.5584562868485325, "HNR": 0.0}