{
    "duration": 0.08163265138864517,
    "lossless": 1.0,
    "codec": "pcm_f32le",
    "bitrate": 1411200.0,
    "samplerate": 44100.0,
    "channels": 1.0,
    "audio_md5": "33e54024b4a216015800aa3d786c5512",
    "loudness": -8.987776756286621,
    "dynamic_range": 0.0,
    "temporal_centroid": 0.5559492111206055,
    "log_attack_time": -1.6518850326538086,
    "filesize": 14458,
    "single_event": false,
    "tonality": "D major",
    "tonality_confidence": 0.8263295292854309,
    "loop": false,
    "tempo": 0,
    "tempo_confidence": 0.0,
    "note_midi": 38,
    "note_name": "D2",
    "note_frequency": 73.42903137207031,
    "note_confidence": 0.9646661877632141,
    "hardness": 79.31977655539029,
    "depth": 58.01351603879192,
    "brightness": 55.43593576083416,
    "roughness": 64.22904871824902,
    "warmth": 51.085232818606826,
    "sharpness": 47.510087592329725,
    "boominess": 34.35320783649498,
    "reverb": false
}