{"duration": 0.08163265138864517, "lossless": 1.0, "codec": "pcm_f32le", "bitrate": 1411200.0, "samplerate": 44100.0, "channels": 1.0, "audio_md5": "f23fc5fed0a170fdb4f0239173735da1", "loudness": -13.28498649597168, "dynamic_range": 0.0, "temporal_centroid": 0.5794884562492371, "log_attack_time": -1.3867599964141846, "filesize": 14458, "single_event": false, "tonality": "D# minor", "tonality_confidence": 0.6004518866539001, "loop": false, "tempo": 0, "tempo_confidence": 0.0, "note_midi": 38, "note_name": "D2", "note_frequency": 73.46019744873047, "note_confidence": 0.9815854430198669, "hardness": 24.290979207773333, "depth": 54.85914278990982, "brightness": 20.990308789127354, "roughness": 37.75877328791796, "warmth": 58.863003582276484, "sharpness": 0.0, "boominess": 58.08419177727247, "reverb": false, "name": "AKWF_1593.wav", "SpectralCentroid": 0.020331357785626343, "SpectralSpread": 0.004560265890073357, "SpectralKurtosis": 0.9063706472221809, "ZeroCrossingRate": 0.2330271804613616, "SpectralComplexity": 0.22388059701492538, "OddToEvenHarmonicEnergyRatio": 6.703514653683597e-06, "Dissonance": 0.6846672581325588, "PitchSalience": 0.039746072241855876, "HNR": 0.0}