{"duration": 0.08163265138864517, "lossless": 1.0, "codec": "pcm_f32le", "bitrate": 1411200.0, "samplerate": 44100.0, "channels": 1.0, "audio_md5": "9623b70bb160b8882e7e64dd7b14356a", "loudness": -9.755756378173828, "dynamic_range": 0.0, "temporal_centroid": 0.5534982681274414, "log_attack_time": -1.6671723127365112, "filesize": 14458, "single_event": false, "tonality": "A major", "tonality_confidence": 0.5194973349571228, "loop": false, "tempo": 0, "tempo_confidence": 0.0, "note_midi": 38, "note_name": "D2", "note_frequency": 73.42839813232422, "note_confidence": 0.9653317928314209, "hardness": 69.30032340867126, "depth": 60.77143367140318, "brightness": 56.87895629514817, "roughness": 63.44733538806877, "warmth": 53.94480895011567, "sharpness": 48.246022453668246, "boominess": 35.32938879096371, "reverb": false, "name": "AKWF_vgsqu_0008.wav", "SpectralCentroid": 0.6395476695088806, "SpectralSpread": 0.6076930910607814, "SpectralKurtosis": 0.5016960548642763, "ZeroCrossingRate": 0.2330271804613616, "SpectralComplexity": 1.0, "OddToEvenHarmonicEnergyRatio": 0.8462731226483319, "Dissonance": 0.9452862200894959, "PitchSalience": 0.4897608463164926, "HNR": 0.7461212727893477}