{"duration": 0.08163265138864517, "lossless": 1.0, "codec": "pcm_f32le", "bitrate": 1411200.0, "samplerate": 44100.0, "channels": 1.0, "audio_md5": "cbe02f7ba8e609a3b9eb82a5469d4c5e", "loudness": -20.705448150634766, "dynamic_range": 0.0, "temporal_centroid": 0.6180997490882874, "log_attack_time": -1.1722674369812012, "filesize": 14458, "single_event": false, "tonality": "D major", "tonality_confidence": 0.7072702646255493, "loop": false, "tempo": 0, "tempo_confidence": 0.0, "note_midi": 38, "note_name": "D2", "note_frequency": 73.42839050292969, "note_confidence": 0.7289643287658691, "hardness": 84.20120321359553, "depth": 31.36533288687525, "brightness": 73.06473049178526, "roughness": 84.03707124421086, "warmth": 21.695400844521245, "sharpness": 61.67971616134585, "boominess": 12.988628106006635, "reverb": false, "name": "AKWF_1081.wav", "SpectralCentroid": 0.9132943935401977, "SpectralSpread": 0.9163676623825814, "SpectralKurtosis": 0.3379677723579746, "ZeroCrossingRate": 0.9234960830479284, "SpectralComplexity": 1.0, "OddToEvenHarmonicEnergyRatio": 0.28355429590092596, "Dissonance": 0.998107591166172, "PitchSalience": 0.9732944402206118, "HNR": 0.0}