{"duration": 0.08163265138864517, "lossless": 1.0, "codec": "pcm_f32le", "bitrate": 1411200.0, "samplerate": 44100.0, "channels": 1.0, "audio_md5": "b598cd73590ef6b38bd772d35039c2ea", "loudness": -13.176191329956055, "dynamic_range": 0.0, "temporal_centroid": 0.5767715573310852, "log_attack_time": -1.3855619430541992, "filesize": 14458, "single_event": false, "tonality": "D major", "tonality_confidence": 0.6025075316429138, "loop": false, "tempo": 0, "tempo_confidence": 0.0, "note_midi": 38, "note_name": "D2", "note_frequency": 73.45753479003906, "note_confidence": 0.9815951585769653, "hardness": 32.777940728457025, "depth": 63.682481637389856, "brightness": 33.020059116997615, "roughness": 0, "warmth": 57.53166702685454, "sharpness": 17.033496578277898, "boominess": 54.79210309069068, "reverb": false, "name": "AKWF_tannerin_0002.wav", "SpectralCentroid": 0.08488003622889771, "SpectralSpread": 0.033947910163304965, "SpectralKurtosis": 0.7554517557547085, "ZeroCrossingRate": 0.2330271804613616, "SpectralComplexity": 0.7761194029850746, "OddToEvenHarmonicEnergyRatio": 1.0, "Dissonance": 0.9939280414932481, "PitchSalience": 0.013561874088474613, "HNR": 0.23951416849340726}