{"duration": 0.08163265138864517, "lossless": 1.0, "codec": "pcm_f32le", "bitrate": 1411200.0, "samplerate": 44100.0, "channels": 1.0, "audio_md5": "6be2c9e084c9b1c7dba4816794ea6aef", "loudness": -21.38849449157715, "dynamic_range": 0.0, "temporal_centroid": 0.6314961910247803, "log_attack_time": -1.2595478296279907, "filesize": 14458, "single_event": false, "tonality": "D major", "tonality_confidence": 0.8289985656738281, "loop": false, "tempo": 0, "tempo_confidence": 0.0, "note_midi": 38, "note_name": "D2", "note_frequency": 73.42866516113281, "note_confidence": 0.8527528047561646, "hardness": 82.05526110429997, "depth": 30.404278999556475, "brightness": 65.83581563577293, "roughness": 80.43513405357275, "warmth": 30.815470186679327, "sharpness": 55.17727841492408, "boominess": 17.12781824683332, "reverb": false, "name": "AKWF_1000.wav", "SpectralCentroid": 0.855491916479445, "SpectralSpread": 0.889751140208933, "SpectralKurtosis": 0.4011815665237769, "ZeroCrossingRate": 0.2330271804613616, "SpectralComplexity": 1.0, "OddToEvenHarmonicEnergyRatio": 0.2678913002609836, "Dissonance": 0.9948724954356377, "PitchSalience": 0.9472813847668525, "HNR": 0.0}