{"duration": 0.08163265138864517, "lossless": 1.0, "codec": "pcm_f32le", "bitrate": 1411200.0, "samplerate": 44100.0, "channels": 1.0, "audio_md5": "26876130f25f4e215d2e2372194393cb", "loudness": -15.10062313079834, "dynamic_range": 0.0, "temporal_centroid": 0.5910828113555908, "log_attack_time": -1.2691408395767212, "filesize": 14458, "single_event": false, "tonality": "D major", "tonality_confidence": 0.7868118286132812, "loop": false, "tempo": 0, "tempo_confidence": 0.0, "note_midi": 38, "note_name": "D2", "note_frequency": 73.43671417236328, "note_confidence": 0.9862741827964783, "hardness": 28.77014634790129, "depth": 57.808468477026466, "brightness": 24.308397722875903, "roughness": 48.15081940075747, "warmth": 67.3199474047343, "sharpness": 0.0, "boominess": 53.32549202902101, "reverb": false, "name": "AKWF_1490.wav", "SpectralCentroid": 0.052777580732966796, "SpectralSpread": 0.005122453927024741, "SpectralKurtosis": 0.8946976327967834, "ZeroCrossingRate": 0.4252420033405892, "SpectralComplexity": 0.31343283582089554, "OddToEvenHarmonicEnergyRatio": 0.29511213372928113, "Dissonance": 0.7172174048514985, "PitchSalience": 0.29090973837751444, "HNR": 0.0}