{
    "duration": 0.08163265138864517,
    "lossless": 1.0,
    "codec": "pcm_f32le",
    "bitrate": 1411200.0,
    "samplerate": 44100.0,
    "channels": 1.0,
    "audio_md5": "e5a284f5c99ee3644ff39778e4021bc9",
    "loudness": -15.304082870483398,
    "dynamic_range": 0.0,
    "temporal_centroid": 0.588233470916748,
    "log_attack_time": -1.2733707427978516,
    "filesize": 14458,
    "single_event": false,
    "tonality": "D major",
    "tonality_confidence": 0.6948984861373901,
    "loop": false,
    "tempo": 0,
    "tempo_confidence": 0.0,
    "note_midi": 38,
    "note_name": "D2",
    "note_frequency": 73.42851257324219,
    "note_confidence": 0.9230822920799255,
    "hardness": 46.18287939634493,
    "depth": 49.47239040079408,
    "brightness": 44.64074467252158,
    "roughness": 55.418891544023445,
    "warmth": 63.121376076280754,
    "sharpness": 25.982252548624086,
    "boominess": 36.33905753378971,
    "reverb": false
}