{"duration": 0.08163265138864517, "lossless": 1.0, "codec": "pcm_f32le", "bitrate": 1411200.0, "samplerate": 44100.0, "channels": 1.0, "audio_md5": "e0373ed6245c0f78cd1492111c8bd464", "loudness": -12.557035446166992, "dynamic_range": 0.0, "temporal_centroid": 0.6224896907806396, "log_attack_time": -1.3672879934310913, "filesize": 14458, "single_event": false, "tonality": "D major", "tonality_confidence": 0.8941487669944763, "loop": false, "tempo": 0, "tempo_confidence": 0.0, "note_midi": 38, "note_name": "D2", "note_frequency": 73.42839813232422, "note_confidence": 0.9999768137931824, "hardness": 73.27804361792269, "depth": 57.6588242866418, "brightness": 54.43856243698812, "roughness": 66.13670717012897, "warmth": 54.725404196354376, "sharpness": 47.25503211024696, "boominess": 35.681450309096896, "reverb": false, "name": "AKWF_hdrawn_0010.wav", "SpectralCentroid": 0.7139635237458135, "SpectralSpread": 0.7995093105903732, "SpectralKurtosis": 0.47418802484527667, "ZeroCrossingRate": 0.5688738575398764, "SpectralComplexity": 1.0, "OddToEvenHarmonicEnergyRatio": 0.27629254703106326, "Dissonance": 0.9725230201987255, "PitchSalience": 0.6541762222224586, "HNR": 0.0}