{"duration": 0.08163265138864517, "lossless": 1.0, "codec": "pcm_f32le", "bitrate": 1411200.0, "samplerate": 44100.0, "channels": 1.0, "audio_md5": "489074fa3dc9019f195dc727b51b8481", "loudness": -13.7075777053833, "dynamic_range": 0.0, "temporal_centroid": 0.5526915788650513, "log_attack_time": -1.682543158531189, "filesize": 14458, "single_event": false, "tonality": "D major", "tonality_confidence": 0.6748921275138855, "loop": false, "tempo": 0, "tempo_confidence": 0.0, "note_midi": 38, "note_name": "D2", "note_frequency": 73.4246597290039, "note_confidence": 0.8496063947677612, "hardness": 82.15643098410712, "depth": 46.65014380959282, "brightness": 63.051944541530375, "roughness": 58.36307548409238, "warmth": 39.96422293934913, "sharpness": 52.97644769802206, "boominess": 26.85778227992812, "reverb": false, "name": "AKWF_distorted_0045.wav", "SpectralCentroid": 0.7601192115229136, "SpectralSpread": 0.8598812523714597, "SpectralKurtosis": 0.44509070345219137, "ZeroCrossingRate": 0.2330271804613616, "SpectralComplexity": 1.0, "OddToEvenHarmonicEnergyRatio": 0.03550020057778009, "Dissonance": 0.9942795221904738, "PitchSalience": 0.2986624511711263, "HNR": 0.0}