{"duration": 0.08163265138864517, "lossless": 1.0, "codec": "pcm_f32le", "bitrate": 1411200.0, "samplerate": 44100.0, "channels": 1.0, "audio_md5": "6fe525243fc8ecf5925829752740bda8", "loudness": -14.149715423583984, "dynamic_range": 0.0, "temporal_centroid": 0.5884506702423096, "log_attack_time": -1.2909070253372192, "filesize": 14458, "single_event": false, "tonality": "D major", "tonality_confidence": 0.6203036904335022, "loop": false, "tempo": 0, "tempo_confidence": 0.0, "note_midi": 38, "note_name": "D2", "note_frequency": 73.44261169433594, "note_confidence": 0.9325721859931946, "hardness": 33.08147884144378, "depth": 58.995548412628324, "brightness": 25.95166588997069, "roughness": 47.42118567892656, "warmth": 66.08192712970728, "sharpness": 4.806790829237688, "boominess": 43.96160451797365, "reverb": false, "name": "AKWF_1923.wav", "SpectralCentroid": 0.06318509671661947, "SpectralSpread": 0.012989072116536795, "SpectralKurtosis": 0.8645875911071736, "ZeroCrossingRate": 0.4252420033405892, "SpectralComplexity": 0.07462686567164178, "OddToEvenHarmonicEnergyRatio": 0.11756410772061708, "Dissonance": 0.9988602222752552, "PitchSalience": 0.5736745047855053, "HNR": 0.4077854501449829}