{
    "duration": 0.08163265138864517,
    "lossless": 1.0,
    "codec": "pcm_f32le",
    "bitrate": 1411200.0,
    "samplerate": 44100.0,
    "channels": 1.0,
    "audio_md5": "19308bb933efb2cefe06ef487b1a6a65",
    "loudness": -13.936850547790527,
    "dynamic_range": 0.0,
    "temporal_centroid": 0.5839431881904602,
    "log_attack_time": -1.3382281064987183,
    "filesize": 14458,
    "single_event": false,
    "tonality": "D minor",
    "tonality_confidence": 0.7328457236289978,
    "loop": false,
    "tempo": 0,
    "tempo_confidence": 0.0,
    "note_midi": 38,
    "note_name": "D2",
    "note_frequency": 73.42839813232422,
    "note_confidence": 0.9241167902946472,
    "hardness": 77.91109101991705,
    "depth": 51.578102848065996,
    "brightness": 58.376792454211675,
    "roughness": 68.9857215548642,
    "warmth": 50.30525386769273,
    "sharpness": 50.319566527559445,
    "boominess": 32.930104339792805,
    "reverb": false
}