{
    "duration": 0.08163265138864517,
    "lossless": 1.0,
    "codec": "pcm_f32le",
    "bitrate": 1411200.0,
    "samplerate": 44100.0,
    "channels": 1.0,
    "audio_md5": "59724c45b5028e7cc8d7e14e5cd193b2",
    "loudness": -14.868731498718262,
    "dynamic_range": 0.0,
    "temporal_centroid": 0.5936327576637268,
    "log_attack_time": -1.2761516571044922,
    "filesize": 14458,
    "single_event": false,
    "tonality": "D major",
    "tonality_confidence": 0.645497739315033,
    "loop": false,
    "tempo": 0,
    "tempo_confidence": 0.0,
    "note_midi": 38,
    "note_name": "D2",
    "note_frequency": 73.4286880493164,
    "note_confidence": 0.9270670413970947,
    "hardness": 76.62639235018048,
    "depth": 50.94439380785673,
    "brightness": 62.393764446620395,
    "roughness": 76.09103047303374,
    "warmth": 42.35532124199281,
    "sharpness": 53.0443197718468,
    "boominess": 27.971134960910703,
    "reverb": false
}