{
    "duration": 0.08163265138864517,
    "lossless": 1.0,
    "codec": "pcm_f32le",
    "bitrate": 1411200.0,
    "samplerate": 44100.0,
    "channels": 1.0,
    "audio_md5": "515096b5382f7ef54f4173025a9f67dc",
    "loudness": -12.993402481079102,
    "dynamic_range": 0.0,
    "temporal_centroid": 0.5782858729362488,
    "log_attack_time": -1.3848446607589722,
    "filesize": 14458,
    "single_event": false,
    "tonality": "G minor",
    "tonality_confidence": 0.5891543626785278,
    "loop": false,
    "tempo": 0,
    "tempo_confidence": 0.0,
    "note_midi": 38,
    "note_name": "D2",
    "note_frequency": 73.43003845214844,
    "note_confidence": 0.9868436455726624,
    "hardness": 54.38272306411221,
    "depth": 63.44551211157975,
    "brightness": 55.00303807716144,
    "roughness": 49.24818018633358,
    "warmth": 51.16525830600191,
    "sharpness": 48.13311248419604,
    "boominess": 43.815159809931956,
    "reverb": false
}