{"duration": 0.08163265138864517, "lossless": 1.0, "codec": "pcm_f32le", "bitrate": 1411200.0, "samplerate": 44100.0, "channels": 1.0, "audio_md5": "7b9213ba9b5c0a71be7bba986cb262f0", "loudness": -12.580628395080566, "dynamic_range": 0.0, "temporal_centroid": 0.5727447867393494, "log_attack_time": -1.394262671470642, "filesize": 14458, "single_event": false, "tonality": "D major", "tonality_confidence": 0.6702761054039001, "loop": false, "tempo": 0, "tempo_confidence": 0.0, "note_midi": 38, "note_name": "D2", "note_frequency": 73.42945098876953, "note_confidence": 0.9660067558288574, "hardness": 62.655733002804226, "depth": 60.89520792553083, "brightness": 50.734797014083775, "roughness": 51.5976242634757, "warmth": 53.831919029303265, "sharpness": 43.10113741747307, "boominess": 38.32995127163457, "reverb": false, "name": "AKWF_bitreduced_0010.wav", "SpectralCentroid": 0.6858211499244691, "SpectralSpread": 0.8351515547018439, "SpectralKurtosis": 0.47057566388497424, "ZeroCrossingRate": 0.2330271804613616, "SpectralComplexity": 1.0, "OddToEvenHarmonicEnergyRatio": 0.44026686629490824, "Dissonance": 0.9067139304513132, "PitchSalience": 0.46864485050192267, "HNR": 0.0}