{
    "duration": 0.08163265138864517,
    "lossless": 1.0,
    "codec": "pcm_f32le",
    "bitrate": 1411200.0,
    "samplerate": 44100.0,
    "channels": 1.0,
    "audio_md5": "ee42f3832937c9ee980a6bb60d4c37fa",
    "loudness": -14.95956039428711,
    "dynamic_range": 0.0,
    "temporal_centroid": 0.5859642028808594,
    "log_attack_time": -1.2846031188964844,
    "filesize": 14458,
    "single_event": false,
    "tonality": "D major",
    "tonality_confidence": 0.7838951349258423,
    "loop": false,
    "tempo": 0,
    "tempo_confidence": 0.0,
    "note_midi": 38,
    "note_name": "D2",
    "note_frequency": 73.42987823486328,
    "note_confidence": 0.9336538314819336,
    "hardness": 67.55660633269244,
    "depth": 53.25929838164795,
    "brightness": 51.785309112166885,
    "roughness": 59.64429989603348,
    "warmth": 54.410294829616234,
    "sharpness": 44.25554869935452,
    "boominess": 32.987428257643735,
    "reverb": false
}