{
    "duration": 0.08163265138864517,
    "lossless": 1.0,
    "codec": "pcm_f32le",
    "bitrate": 1411200.0,
    "samplerate": 44100.0,
    "channels": 1.0,
    "audio_md5": "02de52e6b3db6a130b76f3436fdec2a7",
    "loudness": -21.20411491394043,
    "dynamic_range": 0.0,
    "temporal_centroid": 0.605293333530426,
    "log_attack_time": -1.253503441810608,
    "filesize": 14458,
    "single_event": false,
    "tonality": "D major",
    "tonality_confidence": 0.8709880113601685,
    "loop": false,
    "tempo": 0,
    "tempo_confidence": 0.0,
    "note_midi": 38,
    "note_name": "D2",
    "note_frequency": 73.42839813232422,
    "note_confidence": 0.9990589618682861,
    "hardness": 76.7266135635789,
    "depth": 49.972698058743205,
    "brightness": 61.19016896008295,
    "roughness": 69.99864160094033,
    "warmth": 44.28810474841959,
    "sharpness": 49.906246636851954,
    "boominess": 28.298802914063078,
    "reverb": false
}