{"duration": 0.08163265138864517, "lossless": 1.0, "codec": "pcm_f32le", "bitrate": 1411200.0, "samplerate": 44100.0, "channels": 1.0, "audio_md5": "6b9a47b6c54a08a5b23c9e00e524ecf4", "loudness": -14.57054328918457, "dynamic_range": 0.0, "temporal_centroid": 0.5916813015937805, "log_attack_time": -1.2695070505142212, "filesize": 14458, "single_event": false, "tonality": "A minor", "tonality_confidence": 0.5992556810379028, "loop": false, "tempo": 0, "tempo_confidence": 0.0, "note_midi": 38, "note_name": "D2", "note_frequency": 73.43836975097656, "note_confidence": 0.9558317065238953, "hardness": 32.292768456873404, "depth": 59.85372855013224, "brightness": 37.911733320690246, "roughness": 49.958058673514046, "warmth": 74.73200873756919, "sharpness": 13.359668351128672, "boominess": 44.09265039483425, "reverb": false, "name": "AKWF_clarinett_0021.wav", "SpectralCentroid": 0.12580212152221068, "SpectralSpread": 0.04662583433490463, "SpectralKurtosis": 0.7486447862888582, "ZeroCrossingRate": 0.5688738575398764, "SpectralComplexity": 0.9552238805970149, "OddToEvenHarmonicEnergyRatio": 0.03749952583297183, "Dissonance": 0.7439736997037614, "PitchSalience": 0.7247345514121919, "HNR": 0.11221840422771602}