{
    "duration": 0.08163265138864517,
    "lossless": 1.0,
    "codec": "pcm_f32le",
    "bitrate": 1411200.0,
    "samplerate": 44100.0,
    "channels": 1.0,
    "audio_md5": "fc540b8384a2b1a0374573ea05e6fa98",
    "loudness": -18.666015625,
    "dynamic_range": 0.0,
    "temporal_centroid": 0.593244194984436,
    "log_attack_time": -1.2520934343338013,
    "filesize": 14458,
    "single_event": false,
    "tonality": "D major",
    "tonality_confidence": 0.87619948387146,
    "loop": false,
    "tempo": 0,
    "tempo_confidence": 0.0,
    "note_midi": 38,
    "note_name": "D2",
    "note_frequency": 73.42840576171875,
    "note_confidence": 0.9984394907951355,
    "hardness": 71.27651252020746,
    "depth": 56.014360539103095,
    "brightness": 61.99408738521205,
    "roughness": 72.44053292501363,
    "warmth": 44.33995570241738,
    "sharpness": 52.924960310595466,
    "boominess": 31.666587204619965,
    "reverb": false
}