{"duration": 0.08163265138864517, "lossless": 1.0, "codec": "pcm_f32le", "bitrate": 1411200.0, "samplerate": 44100.0, "channels": 1.0, "audio_md5": "6152821f91408645ce05165b8f55b9c1", "loudness": -18.654808044433594, "dynamic_range": 0.0, "temporal_centroid": 0.5995084643363953, "log_attack_time": -1.2558046579360962, "filesize": 14458, "single_event": false, "tonality": "D major", "tonality_confidence": 0.8681073784828186, "loop": false, "tempo": 0, "tempo_confidence": 0.0, "note_midi": 38, "note_name": "D2", "note_frequency": 73.42841339111328, "note_confidence": 0.9936167597770691, "hardness": 53.01695488322372, "depth": 54.67884717311828, "brightness": 48.57904525060256, "roughness": 59.66521446186897, "warmth": 62.24475147542201, "sharpness": 32.71436264565421, "boominess": 36.94166191427912, "reverb": false, "name": "AKWF_hvoice_0018.wav", "SpectralCentroid": 0.2715061793400372, "SpectralSpread": 0.10719180620203086, "SpectralKurtosis": 0.6320361389056051, "ZeroCrossingRate": 0.8622249050771842, "SpectralComplexity": 1.0, "OddToEvenHarmonicEnergyRatio": 0.20854823181837015, "Dissonance": 0.9712169473941561, "PitchSalience": 0.7299854003468961, "HNR": 0.8865904130840867}