{"duration": 0.08163265138864517, "lossless": 1.0, "codec": "pcm_f32le", "bitrate": 1411200.0, "samplerate": 44100.0, "channels": 1.0, "audio_md5": "e4c449a380e2dc229ceb0d40176e7643", "loudness": -13.350312232971191, "dynamic_range": 0.0, "temporal_centroid": 0.5769111514091492, "log_attack_time": -1.3947511911392212, "filesize": 14458, "single_event": false, "tonality": "D minor", "tonality_confidence": 0.6337802410125732, "loop": false, "tempo": 0, "tempo_confidence": 0.0, "note_midi": 38, "note_name": "D2", "note_frequency": 73.46891784667969, "note_confidence": 0.9571893215179443, "hardness": 29.784964601282127, "depth": 63.21385928005692, "brightness": 21.93220064749994, "roughness": 42.451587190638, "warmth": 63.21096361859809, "sharpness": 4.965733944502691, "boominess": 50.069443501666086, "reverb": false, "name": "AKWF_eorgan_0110.wav", "SpectralCentroid": 0.0380893221139008, "SpectralSpread": 0.00418888317946116, "SpectralKurtosis": 0.9108154083138685, "ZeroCrossingRate": 0.4252420033405892, "SpectralComplexity": 0.208955223880597, "OddToEvenHarmonicEnergyRatio": 0.6154657266301518, "Dissonance": 0.7996213577730696, "PitchSalience": 0.20101973159243897, "HNR": 0.6073718633303463}