{
    "duration": 0.08163265138864517,
    "lossless": 1.0,
    "codec": "pcm_f32le",
    "bitrate": 1411200.0,
    "samplerate": 44100.0,
    "channels": 1.0,
    "audio_md5": "c54094268275961ccdca3b796a0e2062",
    "loudness": -12.884969711303711,
    "dynamic_range": 0.0,
    "temporal_centroid": 0.5910988450050354,
    "log_attack_time": -1.330782175064087,
    "filesize": 14458,
    "single_event": false,
    "tonality": "D major",
    "tonality_confidence": 0.7342453598976135,
    "loop": false,
    "tempo": 0,
    "tempo_confidence": 0.0,
    "note_midi": 38,
    "note_name": "D2",
    "note_frequency": 73.42931365966797,
    "note_confidence": 0.9650254249572754,
    "hardness": 66.44485505043502,
    "depth": 49.96352285535579,
    "brightness": 52.02773400874702,
    "roughness": 62.36700259597392,
    "warmth": 56.86009974712309,
    "sharpness": 44.962653303878724,
    "boominess": 35.7574419741525,
    "reverb": false
}