{
    "duration": 0.08163265138864517,
    "lossless": 1.0,
    "codec": "pcm_f32le",
    "bitrate": 1411200.0,
    "samplerate": 44100.0,
    "channels": 1.0,
    "audio_md5": "dae0f3ff81276d256f7948e47d5753a6",
    "loudness": -25.500669479370117,
    "dynamic_range": 0.0,
    "temporal_centroid": 0.6245893239974976,
    "log_attack_time": -1.1864054203033447,
    "filesize": 14458,
    "single_event": false,
    "tonality": "D major",
    "tonality_confidence": 0.7798858284950256,
    "loop": false,
    "tempo": 0,
    "tempo_confidence": 0.0,
    "note_midi": 38,
    "note_name": "D2",
    "note_frequency": 73.42838287353516,
    "note_confidence": 0.7694867849349976,
    "hardness": 80.75586755024179,
    "depth": 42.55667348090806,
    "brightness": 76.38140963035208,
    "roughness": 84.34963220419422,
    "warmth": 30.352700527939653,
    "sharpness": 60.79566539339865,
    "boominess": 24.560129394653547,
    "reverb": false
}