{
    "duration": 0.08163265138864517,
    "lossless": 1.0,
    "codec": "pcm_f32le",
    "bitrate": 1411200.0,
    "samplerate": 44100.0,
    "channels": 1.0,
    "audio_md5": "f72bbda69692c34b93491e789bd36ef0",
    "loudness": -15.098711013793945,
    "dynamic_range": 0.0,
    "temporal_centroid": 0.5853806138038635,
    "log_attack_time": -1.3222193717956543,
    "filesize": 14458,
    "single_event": false,
    "tonality": "A major",
    "tonality_confidence": 0.4589703381061554,
    "loop": false,
    "tempo": 0,
    "tempo_confidence": 0.0,
    "note_midi": 38,
    "note_name": "D2",
    "note_frequency": 73.42927551269531,
    "note_confidence": 0.9912684559822083,
    "hardness": 52.39365449090715,
    "depth": 63.569580027169444,
    "brightness": 52.37946040413364,
    "roughness": 38.69131112937146,
    "warmth": 46.43509947438702,
    "sharpness": 48.37377723082107,
    "boominess": 48.181745193904014,
    "reverb": false
}