{"duration": 0.08163265138864517, "lossless": 1.0, "codec": "pcm_f32le", "bitrate": 1411200.0, "samplerate": 44100.0, "channels": 1.0, "audio_md5": "bfa6b927fb19d069e52c63c5806d7ce8", "loudness": -14.55416488647461, "dynamic_range": 0.0, "temporal_centroid": 0.5822103023529053, "log_attack_time": -1.314024806022644, "filesize": 14458, "single_event": false, "tonality": "D major", "tonality_confidence": 0.6390685439109802, "loop": false, "tempo": 0, "tempo_confidence": 0.0, "note_midi": 38, "note_name": "D2", "note_frequency": 73.42841339111328, "note_confidence": 0.9815653562545776, "hardness": 34.249829253623304, "depth": 63.42975293100569, "brightness": 35.28709809828999, "roughness": 44.9865029895525, "warmth": 60.336559022196944, "sharpness": 18.390722572901268, "boominess": 50.83352159180181, "reverb": false, "name": "AKWF_dbass_0060.wav", "SpectralCentroid": 0.13806566346217103, "SpectralSpread": 0.14087675138091862, "SpectralKurtosis": 0.6922986360830863, "ZeroCrossingRate": 0.2330271804613616, "SpectralComplexity": 0.7761194029850746, "OddToEvenHarmonicEnergyRatio": 0.7410312368750043, "Dissonance": 0.9123713911779585, "PitchSalience": 0.15691030284275964, "HNR": 0.0}