{
    "duration": 0.08163265138864517,
    "lossless": 1.0,
    "codec": "pcm_f32le",
    "bitrate": 1411200.0,
    "samplerate": 44100.0,
    "channels": 1.0,
    "audio_md5": "a5aa17ff1e34bffcef00e7395e48ccb1",
    "loudness": -17.921499252319336,
    "dynamic_range": 0.0,
    "temporal_centroid": 0.594523549079895,
    "log_attack_time": -1.270240306854248,
    "filesize": 14458,
    "single_event": false,
    "tonality": "D major",
    "tonality_confidence": 0.6222209930419922,
    "loop": false,
    "tempo": 0,
    "tempo_confidence": 0.0,
    "note_midi": 38,
    "note_name": "D2",
    "note_frequency": 73.42852020263672,
    "note_confidence": 0.9405961036682129,
    "hardness": 79.26806012267414,
    "depth": 22.95608474879426,
    "brightness": 67.95756636978683,
    "roughness": 74.21686808708293,
    "warmth": 30.487239881868305,
    "sharpness": 58.92835822210472,
    "boominess": 14.105705023699818,
    "reverb": false
}