{
    "duration": 0.08163265138864517,
    "lossless": 1.0,
    "codec": "pcm_f32le",
    "bitrate": 1411200.0,
    "samplerate": 44100.0,
    "channels": 1.0,
    "audio_md5": "adb93aca79e18b5001def09dd0a0b1ed",
    "loudness": -17.361419677734375,
    "dynamic_range": 0.0,
    "temporal_centroid": 0.5928695201873779,
    "log_attack_time": -1.257226824760437,
    "filesize": 14458,
    "single_event": false,
    "tonality": "D major",
    "tonality_confidence": 0.7514404058456421,
    "loop": false,
    "tempo": 0,
    "tempo_confidence": 0.0,
    "note_midi": 38,
    "note_name": "D2",
    "note_frequency": 73.42938995361328,
    "note_confidence": 0.9800401329994202,
    "hardness": 53.72872806893588,
    "depth": 50.642628113791716,
    "brightness": 50.59494294989348,
    "roughness": 61.53929344116392,
    "warmth": 57.87108629953167,
    "sharpness": 30.737552625675583,
    "boominess": 31.8873746522827,
    "reverb": false
}