{"duration": 0.08163265138864517, "lossless": 1.0, "codec": "pcm_f32le", "bitrate": 1411200.0, "samplerate": 44100.0, "channels": 1.0, "audio_md5": "499aab2c554f342d045bf96c8116df65", "loudness": -14.64876937866211, "dynamic_range": 0.0, "temporal_centroid": 0.5982431769371033, "log_attack_time": -1.2793251276016235, "filesize": 14458, "single_event": false, "tonality": "D minor", "tonality_confidence": 0.8152818083763123, "loop": false, "tempo": 0, "tempo_confidence": 0.0, "note_midi": 38, "note_name": "D2", "note_frequency": 73.4431381225586, "note_confidence": 0.9041430354118347, "hardness": 35.96653824845609, "depth": 56.633066128141266, "brightness": 28.877612335582974, "roughness": 40.39272890672337, "warmth": 64.67033324501152, "sharpness": 10.190991113008007, "boominess": 39.76737104190016, "reverb": false, "name": "AKWF_eorgan_0098.wav", "SpectralCentroid": 0.08193651351039957, "SpectralSpread": 0.008665725155499867, "SpectralKurtosis": 0.880276345048944, "ZeroCrossingRate": 0.6763055068286788, "SpectralComplexity": 0.16417910447761194, "OddToEvenHarmonicEnergyRatio": 0.39579734661268906, "Dissonance": 0.9225010955053066, "PitchSalience": 0.5145086465783267, "HNR": 0.6585671295086091}