{
    "duration": 0.08163265138864517,
    "lossless": 1.0,
    "codec": "pcm_f32le",
    "bitrate": 1411200.0,
    "samplerate": 44100.0,
    "channels": 1.0,
    "audio_md5": "8c94abd0a393d4f727523ad1a1b2431a",
    "loudness": -13.699764251708984,
    "dynamic_range": 0.0,
    "temporal_centroid": 0.5767949819564819,
    "log_attack_time": -1.3860408067703247,
    "filesize": 14458,
    "single_event": false,
    "tonality": "D minor",
    "tonality_confidence": 0.5945351123809814,
    "loop": false,
    "tempo": 0,
    "tempo_confidence": 0.0,
    "note_midi": 38,
    "note_name": "D2",
    "note_frequency": 73.44056701660156,
    "note_confidence": 0.9832957983016968,
    "hardness": 38.85436649030227,
    "depth": 63.67614144267331,
    "brightness": 41.96672557124371,
    "roughness": 39.165811441186364,
    "warmth": 51.59104462233158,
    "sharpness": 39.60940151661385,
    "boominess": 52.05087481818185,
    "reverb": false
}