{"duration": 0.08163265138864517, "lossless": 1.0, "codec": "pcm_f32le", "bitrate": 1411200.0, "samplerate": 44100.0, "channels": 1.0, "audio_md5": "1bf8cea6a8b1c291bf7758c62b7fa612", "loudness": -15.387231826782227, "dynamic_range": 0.0, "temporal_centroid": 0.5914772748947144, "log_attack_time": -1.2671324014663696, "filesize": 14458, "single_event": false, "tonality": "D major", "tonality_confidence": 0.4805516302585602, "loop": false, "tempo": 0, "tempo_confidence": 0.0, "note_midi": 38, "note_name": "D2", "note_frequency": 73.45350646972656, "note_confidence": 0.9053136110305786, "hardness": 37.96680891744286, "depth": 59.28720792211395, "brightness": 29.637889470965042, "roughness": 48.578330003736404, "warmth": 69.90758312128263, "sharpness": 9.984227807830006, "boominess": 45.62774244160114, "reverb": false, "name": "AKWF_aguitar_0011.wav", "SpectralCentroid": 0.08824010226568217, "SpectralSpread": 0.02422384127640119, "SpectralKurtosis": 0.8174432668367866, "ZeroCrossingRate": 0.4252420033405892, "SpectralComplexity": 0.23880597014925373, "OddToEvenHarmonicEnergyRatio": 0.11939301315593266, "Dissonance": 0.8100703778282563, "PitchSalience": 0.5655114336002764, "HNR": 0.2843931253698843}