{"duration": 0.08163265138864517, "lossless": 1.0, "codec": "pcm_f32le", "bitrate": 1411200.0, "samplerate": 44100.0, "channels": 1.0, "audio_md5": "3f62da1f0cf5c1f3c6350a23693d4840", "loudness": -13.938090324401855, "dynamic_range": 0.0, "temporal_centroid": 0.5866161584854126, "log_attack_time": -1.2980856895446777, "filesize": 14458, "single_event": false, "tonality": "D major", "tonality_confidence": 0.8368317484855652, "loop": false, "tempo": 0, "tempo_confidence": 0.0, "note_midi": 38, "note_name": "D2", "note_frequency": 73.44444274902344, "note_confidence": 0.9349844455718994, "hardness": 34.45872431305003, "depth": 58.2284804585734, "brightness": 27.712903292771447, "roughness": 49.211796438586205, "warmth": 69.6317484307341, "sharpness": 5.233272827970669, "boominess": 45.90197509026086, "reverb": false, "name": "AKWF_1925.wav", "SpectralCentroid": 0.07090299602969301, "SpectralSpread": 0.015444378406242961, "SpectralKurtosis": 0.8522971550327036, "ZeroCrossingRate": 0.4252420033405892, "SpectralComplexity": 0.23880597014925373, "OddToEvenHarmonicEnergyRatio": 0.0808648393815268, "Dissonance": 0.8576282908191696, "PitchSalience": 0.6042331245938509, "HNR": 0.604505639166726}