{
    "duration": 0.08163265138864517,
    "lossless": 1.0,
    "codec": "pcm_f32le",
    "bitrate": 1411200.0,
    "samplerate": 44100.0,
    "channels": 1.0,
    "audio_md5": "15387a4daeb0259185b3d84923efd0c9",
    "loudness": -21.193416595458984,
    "dynamic_range": 0.0,
    "temporal_centroid": 0.6096892356872559,
    "log_attack_time": -1.2103489637374878,
    "filesize": 14458,
    "single_event": false,
    "tonality": "D minor",
    "tonality_confidence": 0.8889939785003662,
    "loop": false,
    "tempo": 0,
    "tempo_confidence": 0.0,
    "note_midi": 38,
    "note_name": "D2",
    "note_frequency": 73.42892456054688,
    "note_confidence": 0.9293793439865112,
    "hardness": 72.41641767167997,
    "depth": 35.643496855981695,
    "brightness": 60.555970705623594,
    "roughness": 71.2269254441461,
    "warmth": 45.59053465643534,
    "sharpness": 48.0331016733883,
    "boominess": 24.606645575327544,
    "reverb": false
}