{"duration": 0.08163265138864517, "lossless": 1.0, "codec": "pcm_f32le", "bitrate": 1411200.0, "samplerate": 44100.0, "channels": 1.0, "audio_md5": "c452f349b6c47ccebd60ab8e6fc329f3", "loudness": -13.521860122680664, "dynamic_range": 0.0, "temporal_centroid": 0.5716709494590759, "log_attack_time": -1.4441354274749756, "filesize": 14458, "single_event": false, "tonality": "A minor", "tonality_confidence": 0.3783319592475891, "loop": false, "tempo": 0, "tempo_confidence": 0.0, "note_midi": 38, "note_name": "D2", "note_frequency": 73.44170379638672, "note_confidence": 0.9824928045272827, "hardness": 35.36292912289851, "depth": 54.75501684120448, "brightness": 39.23370740434163, "roughness": 28.675739332867597, "warmth": 55.07534683814734, "sharpness": 31.09227841484282, "boominess": 51.15748539575701, "reverb": false, "name": "AKWF_0019.wav", "SpectralCentroid": 0.3695855996058485, "SpectralSpread": 0.5394189744603198, "SpectralKurtosis": 0.5723917851733571, "ZeroCrossingRate": 0.25127414437444123, "SpectralComplexity": 0.9552238805970149, "OddToEvenHarmonicEnergyRatio": 0.8105372997122469, "Dissonance": 0.8309204257620837, "PitchSalience": 0.24474374890510148, "HNR": 0.0}