{"duration": 0.08163265138864517, "lossless": 1.0, "codec": "pcm_f32le", "bitrate": 1411200.0, "samplerate": 44100.0, "channels": 1.0, "audio_md5": "989c4187ba546dc71edef299a6a2c01e", "loudness": -10.484643936157227, "dynamic_range": 0.0, "temporal_centroid": 0.5671330094337463, "log_attack_time": -1.5124993324279785, "filesize": 14458, "single_event": false, "tonality": "A major", "tonality_confidence": 0.7738326787948608, "loop": false, "tempo": 0, "tempo_confidence": 0.0, "note_midi": 38, "note_name": "D2", "note_frequency": 73.42864990234375, "note_confidence": 0.9745990633964539, "hardness": 73.38971680264777, "depth": 57.034877578890075, "brightness": 59.26184592322953, "roughness": 60.851278808107814, "warmth": 48.23449303077925, "sharpness": 50.06673750142243, "boominess": 33.58803084676164, "reverb": false, "name": "AKWF_distorted_0015.wav", "SpectralCentroid": 0.7745536642965387, "SpectralSpread": 0.8700136600350751, "SpectralKurtosis": 0.4387341592175562, "ZeroCrossingRate": 0.5688738575398764, "SpectralComplexity": 1.0, "OddToEvenHarmonicEnergyRatio": 0.6733447072327844, "Dissonance": 0.9521736079788963, "PitchSalience": 0.538037870566148, "HNR": 0.0}