{"duration": 0.08163265138864517, "lossless": 1.0, "codec": "pcm_f32le", "bitrate": 1411200.0, "samplerate": 44100.0, "channels": 1.0, "audio_md5": "f8f47df30b2ffb7290ea6435f9037f2b", "loudness": -26.1409854888916, "dynamic_range": 0.0, "temporal_centroid": 0.6472897529602051, "log_attack_time": -1.2640464305877686, "filesize": 14458, "single_event": false, "tonality": "C minor", "tonality_confidence": 0.4859764277935028, "loop": false, "tempo": 0, "tempo_confidence": 0.0, "note_midi": 38, "note_name": "D2", "note_frequency": 73.4283676147461, "note_confidence": 0.8363231420516968, "hardness": 85.46704504041321, "depth": 5.907086735067388, "brightness": 84.1088258816182, "roughness": 80.90543810760818, "warmth": 19.982955068522244, "sharpness": 76.94808281313092, "boominess": 5.592292316140323, "reverb": false, "name": "AKWF_0387.wav", "SpectralCentroid": 0.9652197916603621, "SpectralSpread": 0.725984241185269, "SpectralKurtosis": 0.31002949279818093, "ZeroCrossingRate": 0.9999997250181691, "SpectralComplexity": 0.9402985074626866, "OddToEvenHarmonicEnergyRatio": 0.2734629165946649, "Dissonance": 0.9999876737418902, "PitchSalience": 0.9998894990669315, "HNR": 0.0}