{"duration": 0.08163265138864517, "lossless": 1.0, "codec": "pcm_f32le", "bitrate": 1411200.0, "samplerate": 44100.0, "channels": 1.0, "audio_md5": "17b9bc34ad0319b87c33c1189f99f47b", "loudness": -14.4694185256958, "dynamic_range": 0.0, "temporal_centroid": 0.582122802734375, "log_attack_time": -1.3575332164764404, "filesize": 14458, "single_event": false, "tonality": "D minor", "tonality_confidence": 0.44322696328163147, "loop": false, "tempo": 0, "tempo_confidence": 0.0, "note_midi": 38, "note_name": "D2", "note_frequency": 73.44233703613281, "note_confidence": 0.9756550788879395, "hardness": 36.381546802573155, "depth": 62.542212291568134, "brightness": 37.426549975972236, "roughness": 49.265100354177044, "warmth": 67.67262399042883, "sharpness": 16.36195868191282, "boominess": 47.525622870295976, "reverb": false, "name": "AKWF_linear_0083.wav", "SpectralCentroid": 0.13015403986774404, "SpectralSpread": 0.09539504502178266, "SpectralKurtosis": 0.7232041447106734, "ZeroCrossingRate": 0.4252420033405892, "SpectralComplexity": 0.8208955223880597, "OddToEvenHarmonicEnergyRatio": 0.5900413161618099, "Dissonance": 0.8179027302151158, "PitchSalience": 0.47296794197010406, "HNR": 0.0}