{"duration": 0.08163265138864517, "lossless": 1.0, "codec": "pcm_f32le", "bitrate": 1411200.0, "samplerate": 44100.0, "channels": 1.0, "audio_md5": "f16cbd6b79a2eaf6753e0ce923bd0e27", "loudness": -13.563138961791992, "dynamic_range": 0.0, "temporal_centroid": 0.5785390138626099, "log_attack_time": -1.3855619430541992, "filesize": 14458, "single_event": false, "tonality": "B major", "tonality_confidence": 0.6092502474784851, "loop": false, "tempo": 0, "tempo_confidence": 0.0, "note_midi": 38, "note_name": "D2", "note_frequency": 73.46923065185547, "note_confidence": 0.9759125709533691, "hardness": 26.347287895384923, "depth": 63.626182763680525, "brightness": 23.5444635488711, "roughness": 37.790688545672936, "warmth": 61.007544926230715, "sharpness": 0.0, "boominess": 55.71551105674946, "reverb": false, "name": "AKWF_0776.wav", "SpectralCentroid": 0.027126245317940716, "SpectralSpread": 0.005966077313800029, "SpectralKurtosis": 0.888641211323729, "ZeroCrossingRate": 0.2330271804613616, "SpectralComplexity": 0.26865671641791045, "OddToEvenHarmonicEnergyRatio": 0.837740983082208, "Dissonance": 0.9770156130657752, "PitchSalience": 0.07977709103616158, "HNR": 0.0}