{
    "duration": 0.08163265138864517,
    "lossless": 1.0,
    "codec": "pcm_f32le",
    "bitrate": 1411200.0,
    "samplerate": 44100.0,
    "channels": 1.0,
    "audio_md5": "fb36d185a1477669f9277c3611191322",
    "loudness": -12.102582931518555,
    "dynamic_range": 0.0,
    "temporal_centroid": 0.5707889795303345,
    "log_attack_time": -1.4493695497512817,
    "filesize": 14458,
    "single_event": false,
    "tonality": "C# minor",
    "tonality_confidence": 0.6166602969169617,
    "loop": false,
    "tempo": 0,
    "tempo_confidence": 0.0,
    "note_midi": 38,
    "note_name": "D2",
    "note_frequency": 73.43598937988281,
    "note_confidence": 0.9821121096611023,
    "hardness": 41.111572623958864,
    "depth": 63.453638766845245,
    "brightness": 42.61028772841222,
    "roughness": 35.311399520966006,
    "warmth": 54.880629842446105,
    "sharpness": 33.53037965728178,
    "boominess": 46.94000353825531,
    "reverb": false
}