{"duration": 0.08163265138864517, "lossless": 1.0, "codec": "pcm_f32le", "bitrate": 1411200.0, "samplerate": 44100.0, "channels": 1.0, "audio_md5": "9420e04395bbd1a6bae532c8147875a4", "loudness": -16.717111587524414, "dynamic_range": 0.0, "temporal_centroid": 0.591343879699707, "log_attack_time": -1.2656774520874023, "filesize": 14458, "single_event": false, "tonality": "D major", "tonality_confidence": 0.8393617272377014, "loop": false, "tempo": 0, "tempo_confidence": 0.0, "note_midi": 50, "note_name": "D3", "note_frequency": 147.30239868164062, "note_confidence": 0.8535172939300537, "hardness": 63.11201172345304, "depth": 46.21725163368586, "brightness": 55.13137523198725, "roughness": 64.71068662581763, "warmth": 53.314885491022196, "sharpness": 42.14171075068602, "boominess": 27.61960022954993, "reverb": false, "name": "AKWF_hvoice_0045.wav", "SpectralCentroid": 0.5152587238838146, "SpectralSpread": 0.4094991380001037, "SpectralKurtosis": 0.5516145886571334, "ZeroCrossingRate": 0.6763055068286788, "SpectralComplexity": 0.9850746268656716, "OddToEvenHarmonicEnergyRatio": 0.7513798359042484, "Dissonance": 0.9410464978547934, "PitchSalience": 0.7572648332321966, "HNR": 0.7961261602905045}