{"duration": 0.08163265138864517, "lossless": 1.0, "codec": "pcm_f32le", "bitrate": 1411200.0, "samplerate": 44100.0, "channels": 1.0, "audio_md5": "fb65f699e2563407b26823762e86eb79", "loudness": -15.415574073791504, "dynamic_range": 0.0, "temporal_centroid": 0.589022696018219, "log_attack_time": -1.2674968242645264, "filesize": 14458, "single_event": false, "tonality": "A major", "tonality_confidence": 0.5682463645935059, "loop": false, "tempo": 0, "tempo_confidence": 0.0, "note_midi": 38, "note_name": "D2", "note_frequency": 73.43324279785156, "note_confidence": 0.976550281047821, "hardness": 38.89106857938478, "depth": 56.91746388079699, "brightness": 40.19295621895537, "roughness": 50.72069059155167, "warmth": 69.82610341259605, "sharpness": 17.09902260595949, "boominess": 41.21078129752256, "reverb": false, "name": "AKWF_clarinett_0020.wav", "SpectralCentroid": 0.14529313109810485, "SpectralSpread": 0.04933727299972682, "SpectralKurtosis": 0.7350683059997823, "ZeroCrossingRate": 0.5688738575398764, "SpectralComplexity": 0.9701492537313433, "OddToEvenHarmonicEnergyRatio": 0.028499982371739375, "Dissonance": 0.7984536453923717, "PitchSalience": 0.71095932158924, "HNR": 0.0}