{"duration": 0.08163265138864517, "lossless": 1.0, "codec": "pcm_f32le", "bitrate": 1411200.0, "samplerate": 44100.0, "channels": 1.0, "audio_md5": "c5467796c6f75c6502c6d71f0370a29f", "loudness": -16.787334442138672, "dynamic_range": 0.0, "temporal_centroid": 0.591347336769104, "log_attack_time": -1.2526216506958008, "filesize": 14458, "single_event": false, "tonality": "D major", "tonality_confidence": 0.875325620174408, "loop": false, "tempo": 0, "tempo_confidence": 0.0, "note_midi": 38, "note_name": "D2", "note_frequency": 73.42839813232422, "note_confidence": 0.9971142411231995, "hardness": 40.68123705169536, "depth": 59.620674165681756, "brightness": 42.87793458226648, "roughness": 53.60556969806994, "warmth": 66.70817435676103, "sharpness": 21.239060080717678, "boominess": 41.52926731797572, "reverb": false, "name": "AKWF_1884.wav", "SpectralCentroid": 0.167084748518296, "SpectralSpread": 0.04305586645254264, "SpectralKurtosis": 0.6898237921962402, "ZeroCrossingRate": 0.2330271804613616, "SpectralComplexity": 1.0, "OddToEvenHarmonicEnergyRatio": 0.4817294558326771, "Dissonance": 0.9177724073867691, "PitchSalience": 0.5951756935264697, "HNR": 0.0}