{
    "duration": 0.08163265138864517,
    "lossless": 1.0,
    "codec": "pcm_f32le",
    "bitrate": 1411200.0,
    "samplerate": 44100.0,
    "channels": 1.0,
    "audio_md5": "5cb01a70cf9bd95bebf606cab3c00321",
    "loudness": -13.361855506896973,
    "dynamic_range": 0.0,
    "temporal_centroid": 0.5749447345733643,
    "log_attack_time": -1.3862804174423218,
    "filesize": 14458,
    "single_event": false,
    "tonality": "D major",
    "tonality_confidence": 0.726554811000824,
    "loop": false,
    "tempo": 0,
    "tempo_confidence": 0.0,
    "note_midi": 38,
    "note_name": "D2",
    "note_frequency": 73.45539093017578,
    "note_confidence": 0.9719438552856445,
    "hardness": 34.84296779193433,
    "depth": 63.32937890970952,
    "brightness": 37.554749850318316,
    "roughness": 40.44823574894029,
    "warmth": 59.9427919847259,
    "sharpness": 18.36347894195189,
    "boominess": 47.94401606560723,
    "reverb": false
}