{"duration": 0.08163265138864517, "lossless": 1.0, "codec": "pcm_f32le", "bitrate": 1411200.0, "samplerate": 44100.0, "channels": 1.0, "audio_md5": "64f0682bfd4ff8395f152743ef50bab0", "loudness": -14.841876029968262, "dynamic_range": 0.0, "temporal_centroid": 0.5942056179046631, "log_attack_time": -1.2797000408172607, "filesize": 14458, "single_event": false, "tonality": "D major", "tonality_confidence": 0.8870342373847961, "loop": false, "tempo": 0, "tempo_confidence": 0.0, "note_midi": 38, "note_name": "D2", "note_frequency": 73.42993927001953, "note_confidence": 0.9025205969810486, "hardness": 75.3196415080331, "depth": 57.6567089634952, "brightness": 56.24392157499453, "roughness": 65.53734760806203, "warmth": 48.782657481275365, "sharpness": 45.77516545377934, "boominess": 34.83961760186109, "reverb": false, "name": "AKWF_gapsaw_0009.wav", "SpectralCentroid": 0.732791084580268, "SpectralSpread": 0.8607102053144773, "SpectralKurtosis": 0.4764817691378569, "ZeroCrossingRate": 0.2330271804613616, "SpectralComplexity": 1.0, "OddToEvenHarmonicEnergyRatio": 0.21732328570410106, "Dissonance": 0.9773461610051458, "PitchSalience": 0.6120508458102023, "HNR": 0.0}