{"duration": 0.08163265138864517, "lossless": 1.0, "codec": "pcm_f32le", "bitrate": 1411200.0, "samplerate": 44100.0, "channels": 1.0, "audio_md5": "6c62c51f429b51e206f16eae3fd4dbda", "loudness": -14.692989349365234, "dynamic_range": 0.0, "temporal_centroid": 0.5895647406578064, "log_attack_time": -1.2629624605178833, "filesize": 14458, "single_event": false, "tonality": "D major", "tonality_confidence": 0.8725259900093079, "loop": false, "tempo": 0, "tempo_confidence": 0.0, "note_midi": 38, "note_name": "D2", "note_frequency": 73.42839813232422, "note_confidence": 0.9896472692489624, "hardness": 74.416890667453, "depth": 49.464718483578224, "brightness": 60.13553997203837, "roughness": 75.87047444453219, "warmth": 46.1797727429816, "sharpness": 51.68433468167643, "boominess": 28.217244312379467, "reverb": false, "name": "AKWF_granular_0017.wav", "SpectralCentroid": 0.8136806423128669, "SpectralSpread": 0.8751499535499324, "SpectralKurtosis": 0.4237428491160099, "ZeroCrossingRate": 0.5688738575398764, "SpectralComplexity": 1.0, "OddToEvenHarmonicEnergyRatio": 0.15827789880362672, "Dissonance": 0.9999986871441067, "PitchSalience": 0.8194319721558203, "HNR": 0.404554626007663}