{"duration": 0.08163265138864517, "lossless": 1.0, "codec": "pcm_f32le", "bitrate": 1411200.0, "samplerate": 44100.0, "channels": 1.0, "audio_md5": "4df50746b44371ca08da9de10279f7b8", "loudness": -14.271215438842773, "dynamic_range": 0.0, "temporal_centroid": 0.5839104056358337, "log_attack_time": -1.2857425212860107, "filesize": 14458, "single_event": false, "tonality": "D major", "tonality_confidence": 0.8490428328514099, "loop": false, "tempo": 0, "tempo_confidence": 0.0, "note_midi": 38, "note_name": "D2", "note_frequency": 73.43750762939453, "note_confidence": 0.9159756898880005, "hardness": 56.41875530796756, "depth": 60.37545863234209, "brightness": 48.409878189148664, "roughness": 56.97942286223547, "warmth": 60.581014060949535, "sharpness": 35.61357900345469, "boominess": 38.688382219383, "reverb": false, "name": "AKWF_R_asym_saw_19.wav", "SpectralCentroid": 0.3085947106873627, "SpectralSpread": 0.16114915252726222, "SpectralKurtosis": 0.5985714367170789, "ZeroCrossingRate": 0.2330271804613616, "SpectralComplexity": 1.0, "OddToEvenHarmonicEnergyRatio": 0.4741660311459598, "Dissonance": 0.9566268151691454, "PitchSalience": 0.5140051220431961, "HNR": 0.0}