{"duration": 0.08163265138864517, "lossless": 1.0, "codec": "pcm_f32le", "bitrate": 1411200.0, "samplerate": 44100.0, "channels": 1.0, "audio_md5": "13983b2d33320233329f21dc8bafb45a", "loudness": -13.660551071166992, "dynamic_range": 0.0, "temporal_centroid": 0.5793958306312561, "log_attack_time": -1.3341702222824097, "filesize": 14458, "single_event": false, "tonality": "D major", "tonality_confidence": 0.44853413105010986, "loop": false, "tempo": 0, "tempo_confidence": 0.0, "note_midi": 38, "note_name": "D2", "note_frequency": 73.44975280761719, "note_confidence": 0.9881238341331482, "hardness": 20.573149726636146, "depth": 54.88721388390564, "brightness": 23.972972073330247, "roughness": 44.98808710640786, "warmth": 58.34697704977669, "sharpness": 0.0, "boominess": 61.052687150776265, "reverb": false, "name": "AKWF_pluckalgo_0006.wav", "SpectralCentroid": 0.015948299541391223, "SpectralSpread": 0.007209542438414876, "SpectralKurtosis": 0.8684766933264172, "ZeroCrossingRate": 0.2330271804613616, "SpectralComplexity": 0.6119402985074627, "OddToEvenHarmonicEnergyRatio": 0.00113417469413055, "Dissonance": 0.9999983953983526, "PitchSalience": 0.026568374736506088, "HNR": 0.6638548335991145}