{"duration": 0.08163265138864517, "lossless": 1.0, "codec": "pcm_f32le", "bitrate": 1411200.0, "samplerate": 44100.0, "channels": 1.0, "audio_md5": "e4093be479b27aa7ba13ab0ebde1f3d0", "loudness": -11.66903018951416, "dynamic_range": 0.0, "temporal_centroid": 0.5661367177963257, "log_attack_time": -1.460599660873413, "filesize": 14458, "single_event": false, "tonality": "B major", "tonality_confidence": 0.335278183221817, "loop": false, "tempo": 0, "tempo_confidence": 0.0, "note_midi": 38, "note_name": "D2", "note_frequency": 73.43029022216797, "note_confidence": 0.976178765296936, "hardness": 58.597684597131035, "depth": 62.70279410597667, "brightness": 54.13451998858847, "roughness": 49.32919462230651, "warmth": 51.05804474867075, "sharpness": 46.361162565938685, "boominess": 39.317063379637005, "reverb": false, "name": "AKWF_blended_0038.wav", "SpectralCentroid": 0.55331247826984, "SpectralSpread": 0.5805948266885352, "SpectralKurtosis": 0.513454236270944, "ZeroCrossingRate": 0.25127414437444123, "SpectralComplexity": 0.4925373134328358, "OddToEvenHarmonicEnergyRatio": 0.008984840231882164, "Dissonance": 0.998271844025718, "PitchSalience": 0.28423570118597885, "HNR": 0.0}